ggml_cuda_init: found 1 CUDA devices (Total VRAM: 8187 MiB):
  Device 0: NVIDIA GeForce RTX 4060 Laptop GPU, compute capability 8.9, VMM: yes, VRAM: 8187 MiB
llama_model_loader: loaded meta data with 52 key-value pairs and 658 tensors from models/gemma-4-26B_q4_0-it.gguf (version GGUF V3 (latest))
llama_model_loader: Dumping metadata keys/values. Note: KV overrides do not apply in this output.
llama_model_loader: - kv   0:                       general.architecture str              = gemma4
llama_model_loader: - kv   1:                               general.type str              = model
llama_model_loader: - kv   2:                     general.sampling.top_k i32              = 64
llama_model_loader: - kv   3:                     general.sampling.top_p f32              = 0.950000
llama_model_loader: - kv   4:                      general.sampling.temp f32              = 1.000000
llama_model_loader: - kv   5:                               general.name str              = Hf
llama_model_loader: - kv   6:                         general.size_label str              = 128x2.6B
llama_model_loader: - kv   7:                            general.license str              = apache-2.0
llama_model_loader: - kv   8:                       general.license.link str              = https://ai.google.dev/gemma/docs/gemm...
llama_model_loader: - kv   9:                   general.base_model.count u32              = 1
llama_model_loader: - kv  10:                  general.base_model.0.name str              = Gemma 4 26B A4B It
llama_model_loader: - kv  11:          general.base_model.0.organization str              = Google
llama_model_loader: - kv  12:              general.base_model.0.repo_url str              = https://huggingface.co/google/gemma-4...
llama_model_loader: - kv  13:                               general.tags arr[str,1]       = ["image-text-to-text"]
llama_model_loader: - kv  14:                         gemma4.block_count u32              = 30
llama_model_loader: - kv  15:                      gemma4.context_length u32              = 262144
llama_model_loader: - kv  16:                    gemma4.embedding_length u32              = 2816
llama_model_loader: - kv  17:                 gemma4.feed_forward_length u32              = 2112
llama_model_loader: - kv  18:                gemma4.attention.head_count u32              = 16
llama_model_loader: - kv  19:             gemma4.attention.head_count_kv arr[i32,30]      = [8, 8, 8, 8, 8, 2, 8, 8, 8, 8, 8, 2, ...
llama_model_loader: - kv  20:                      gemma4.rope.freq_base f32              = 1000000.000000
llama_model_loader: - kv  21:                  gemma4.rope.freq_base_swa f32              = 10000.000000
llama_model_loader: - kv  22:    gemma4.attention.layer_norm_rms_epsilon f32              = 0.000001
llama_model_loader: - kv  23:                        gemma4.expert_count u32              = 128
llama_model_loader: - kv  24:                   gemma4.expert_used_count u32              = 8
llama_model_loader: - kv  25:                gemma4.attention.key_length u32              = 512
llama_model_loader: - kv  26:              gemma4.attention.value_length u32              = 512
llama_model_loader: - kv  27:             gemma4.final_logit_softcapping f32              = 30.000000
llama_model_loader: - kv  28:            gemma4.attention.sliding_window u32              = 1024
llama_model_loader: - kv  29:          gemma4.attention.shared_kv_layers u32              = 0
llama_model_loader: - kv  30:    gemma4.embedding_length_per_layer_input u32              = 0
llama_model_loader: - kv  31:    gemma4.attention.sliding_window_pattern arr[bool,30]     = [true, true, true, true, true, false,...
llama_model_loader: - kv  32:            gemma4.attention.key_length_swa u32              = 256
llama_model_loader: - kv  33:          gemma4.attention.value_length_swa u32              = 256
llama_model_loader: - kv  34:          gemma4.expert_feed_forward_length u32              = 704
llama_model_loader: - kv  35:                gemma4.rope.dimension_count u32              = 512
llama_model_loader: - kv  36:            gemma4.rope.dimension_count_swa u32              = 256
llama_model_loader: - kv  37:                       tokenizer.ggml.model str              = gemma4
llama_model_loader: - kv  38:                      tokenizer.ggml.tokens arr[str,262144]  = ["<pad>", "<eos>", "<bos>", "<unk>", ...
llama_model_loader: - kv  39:                      tokenizer.ggml.scores arr[f32,262144]  = [-1000.000000, -1000.000000, -1000.00...
llama_model_loader: - kv  40:                  tokenizer.ggml.token_type arr[i32,262144]  = [3, 3, 3, 3, 3, 1, 1, 1, 1, 1, 1, 1, ...
llama_model_loader: - kv  41:                      tokenizer.ggml.merges arr[str,514906]  = ["\n\n\n\n\n\n\n\n\n\n\n\n\n\n\n\n\n\n\n\n\n\n\n\n\n\n\n\n\n\n \n", ...
llama_model_loader: - kv  42:                tokenizer.ggml.bos_token_id u32              = 2
llama_model_loader: - kv  43:                tokenizer.ggml.eos_token_id u32              = 1
llama_model_loader: - kv  44:            tokenizer.ggml.unknown_token_id u32              = 3
llama_model_loader: - kv  45:            tokenizer.ggml.padding_token_id u32              = 0
llama_model_loader: - kv  46:               tokenizer.ggml.mask_token_id u32              = 4
llama_model_loader: - kv  47:                    tokenizer.chat_template str              = {#\n  Template: Google Gemma 4 Canonic...
llama_model_loader: - kv  48:            tokenizer.ggml.add_space_prefix bool             = false
llama_model_loader: - kv  49:               tokenizer.ggml.add_bos_token bool             = true
llama_model_loader: - kv  50:               general.quantization_version u32              = 2
llama_model_loader: - kv  51:                          general.file_type u32              = 2
llama_model_loader: - type  f32:  392 tensors
llama_model_loader: - type q4_0:  265 tensors
llama_model_loader: - type q6_K:    1 tensors
print_info: file format = GGUF V3 (latest)
print_info: file type   = Q4_0
print_info: file size   = 13.43 GiB (4.57 BPW) 
llama_prepare_model_devices: using device CUDA0 (NVIDIA GeForce RTX 4060 Laptop GPU) (0000:01:00.0) - 7106 MiB free
init_tokenizer: initializing tokenizer for type 2
load: 0 unused tokens
load: control token:      0 '<pad>' is not marked as EOG
load: control token:      3 '<unk>' is not marked as EOG
load: control token:      2 '<bos>' is not marked as EOG
load: control token:      4 '<mask>' is not marked as EOG
load: control token:     47 '<tool|>' is not marked as EOG
load: control token:     98 '<|think|>' is not marked as EOG
load: control token:     46 '<|tool>' is not marked as EOG
load: control-looking token:     50 '<|tool_response>' was not control-type; this is probably a bug in the model. its type will be overridden
load: control token:    105 '<|turn>' is not marked as EOG
load: control-looking token:    212 '</s>' was not control-type; this is probably a bug in the model. its type will be overridden
load: control token: 258880 '<|image|>' is not marked as EOG
load: control token: 258882 '<image|>' is not marked as EOG
load: control token: 256000 '<|audio>' is not marked as EOG
load: control token: 258883 '<audio|>' is not marked as EOG
load: control token: 258884 '<|video|>' is not marked as EOG
load: control token: 255999 '<|image>' is not marked as EOG
load: control token: 258881 '<|audio|>' is not marked as EOG
load: printing all EOG tokens:
load:   - 1 ('<eos>')
load:   - 50 ('<|tool_response>')
load:   - 106 ('<turn|>')
load:   - 212 ('</s>')
load: special_eog_ids contains '<|tool_response>', removing '</s>' token from EOG list
load: special tokens cache size = 24
load: token to piece cache size = 1.9445 MB
print_info: arch                  = gemma4
print_info: vocab_only            = 0
print_info: no_alloc              = 0
print_info: n_ctx_train           = 262144
print_info: n_embd_inp            = 2816
print_info: n_embd                = 2816
print_info: n_embd_out            = 2816
print_info: n_layer               = 30
print_info: n_layer_all           = 30
print_info: n_head                = 16
print_info: n_head_kv             = [8, 8, 8, 8, 8, 2, 8, 8, 8, 8, 8, 2, 8, 8, 8, 8, 8, 2, 8, 8, 8, 8, 8, 2, 8, 8, 8, 8, 8, 2]
print_info: n_rot                 = 512
print_info: n_swa                 = 1024
print_info: is_swa_any            = 1
print_info: n_embd_head_k         = 512
print_info: n_embd_head_v         = 512
print_info: n_gqa                 = [2, 2, 2, 2, 2, 8, 2, 2, 2, 2, 2, 8, 2, 2, 2, 2, 2, 8, 2, 2, 2, 2, 2, 8, 2, 2, 2, 2, 2, 8]
print_info: n_embd_k_gqa          = [2048, 2048, 2048, 2048, 2048, 1024, 2048, 2048, 2048, 2048, 2048, 1024, 2048, 2048, 2048, 2048, 2048, 1024, 2048, 2048, 2048, 2048, 2048, 1024, 2048, 2048, 2048, 2048, 2048, 1024]
print_info: n_embd_v_gqa          = [2048, 2048, 2048, 2048, 2048, 1024, 2048, 2048, 2048, 2048, 2048, 1024, 2048, 2048, 2048, 2048, 2048, 1024, 2048, 2048, 2048, 2048, 2048, 1024, 2048, 2048, 2048, 2048, 2048, 1024]
print_info: f_norm_eps            = 0.0e+00
print_info: f_norm_rms_eps        = 1.0e-06
print_info: f_clamp_kqv           = 0.0e+00
print_info: f_max_alibi_bias      = 0.0e+00
print_info: f_logit_scale         = 0.0e+00
print_info: f_attn_scale          = 1.0e+00
print_info: f_attn_value_scale    = 0.0000
print_info: n_ff                  = 2112
print_info: n_expert              = 128
print_info: n_expert_used         = 8
print_info: n_expert_groups       = 0
print_info: n_group_used          = 0
print_info: causal attn           = 1
print_info: pooling type          = -1
print_info: rope type             = 2
print_info: rope scaling          = linear
print_info: freq_base_train       = 1000000.0
print_info: freq_scale_train      = 1
print_info: freq_base_swa         = 10000.0
print_info: freq_scale_swa        = 1
print_info: n_embd_head_k_swa     = 256
print_info: n_embd_head_v_swa     = 256
print_info: n_rot_swa             = 256
print_info: n_ctx_orig_yarn       = 262144
print_info: rope_yarn_log_mul     = 0.0000
print_info: rope_finetuned        = unknown
print_info: model type            = 26B.A4B
print_info: model params          = 25.23 B
print_info: general.name          = Hf
print_info: vocab type            = BPE
print_info: n_vocab               = 262144
print_info: n_merges              = 514906
print_info: BOS token             = 2 '<bos>'
print_info: EOS token             = 1 '<eos>'
print_info: UNK token             = 3 '<unk>'
print_info: PAD token             = 0 '<pad>'
print_info: MASK token            = 4 '<mask>'
print_info: LF token              = 107 '
'
print_info: EOG token             = 1 '<eos>'
print_info: EOG token             = 50 '<|tool_response>'
print_info: EOG token             = 106 '<turn|>'
print_info: max token length      = 93
load_tensors: loading model tensors, this can take a while... (load_mode = mmap)
load_tensors: layer   0 assigned to device CPU, is_swa = 1
load_tensors: layer   1 assigned to device CPU, is_swa = 1
load_tensors: layer   2 assigned to device CPU, is_swa = 1
load_tensors: layer   3 assigned to device CPU, is_swa = 1
load_tensors: layer   4 assigned to device CPU, is_swa = 1
load_tensors: layer   5 assigned to device CPU, is_swa = 0
load_tensors: layer   6 assigned to device CPU, is_swa = 1
load_tensors: layer   7 assigned to device CPU, is_swa = 1
load_tensors: layer   8 assigned to device CPU, is_swa = 1
load_tensors: layer   9 assigned to device CPU, is_swa = 1
load_tensors: layer  10 assigned to device CPU, is_swa = 1
load_tensors: layer  11 assigned to device CPU, is_swa = 0
load_tensors: layer  12 assigned to device CPU, is_swa = 1
load_tensors: layer  13 assigned to device CPU, is_swa = 1
load_tensors: layer  14 assigned to device CPU, is_swa = 1
load_tensors: layer  15 assigned to device CPU, is_swa = 1
load_tensors: layer  16 assigned to device CPU, is_swa = 1
load_tensors: layer  17 assigned to device CPU, is_swa = 0
load_tensors: layer  18 assigned to device CPU, is_swa = 1
load_tensors: layer  19 assigned to device CPU, is_swa = 1
load_tensors: layer  20 assigned to device CPU, is_swa = 1
load_tensors: layer  21 assigned to device CPU, is_swa = 1
load_tensors: layer  22 assigned to device CPU, is_swa = 1
load_tensors: layer  23 assigned to device CPU, is_swa = 0
load_tensors: layer  24 assigned to device CPU, is_swa = 1
load_tensors: layer  25 assigned to device CPU, is_swa = 1
load_tensors: layer  26 assigned to device CPU, is_swa = 1
load_tensors: layer  27 assigned to device CPU, is_swa = 1
load_tensors: layer  28 assigned to device CPU, is_swa = 1
load_tensors: layer  29 assigned to device CPU, is_swa = 0
load_tensors: layer  30 assigned to device CPU, is_swa = 0
create_tensor: loading tensor output.weight
create_tensor: loading tensor token_embd.weight
create_tensor: loading tensor token_embd.weight
create_tensor: loading tensor output_norm.weight
create_tensor: loading tensor blk.0.attn_norm.weight
create_tensor: loading tensor blk.0.attn_q.weight
create_tensor: loading tensor blk.0.attn_k.weight
create_tensor: loading tensor blk.0.attn_v.weight
create_tensor: loading tensor blk.0.attn_output.weight
create_tensor: loading tensor blk.0.attn_q_norm.weight
create_tensor: loading tensor blk.0.attn_k_norm.weight
create_tensor: loading tensor blk.0.post_attention_norm.weight
create_tensor: loading tensor blk.0.layer_output_scale.weight
create_tensor: loading tensor blk.0.ffn_norm.weight
create_tensor: loading tensor blk.0.ffn_gate.weight
create_tensor: loading tensor blk.0.ffn_up.weight
create_tensor: loading tensor blk.0.ffn_down.weight
create_tensor: loading tensor blk.0.post_ffw_norm.weight
create_tensor: loading tensor blk.0.ffn_gate_inp.weight
create_tensor: loading tensor blk.0.ffn_gate_inp.scale
create_tensor: loading tensor blk.0.pre_ffw_norm_2.weight
create_tensor: loading tensor blk.0.post_ffw_norm_1.weight
create_tensor: loading tensor blk.0.post_ffw_norm_2.weight
create_tensor: loading tensor blk.0.ffn_gate_up_exps.weight
create_tensor: loading tensor blk.0.ffn_down_exps.weight
create_tensor: loading tensor blk.1.attn_norm.weight
create_tensor: loading tensor blk.1.attn_q.weight
create_tensor: loading tensor blk.1.attn_k.weight
create_tensor: loading tensor blk.1.attn_v.weight
create_tensor: loading tensor blk.1.attn_output.weight
create_tensor: loading tensor blk.1.attn_q_norm.weight
create_tensor: loading tensor blk.1.attn_k_norm.weight
create_tensor: loading tensor blk.1.post_attention_norm.weight
create_tensor: loading tensor blk.1.layer_output_scale.weight
create_tensor: loading tensor blk.1.ffn_norm.weight
create_tensor: loading tensor blk.1.ffn_gate.weight
create_tensor: loading tensor blk.1.ffn_up.weight
create_tensor: loading tensor blk.1.ffn_down.weight
create_tensor: loading tensor blk.1.post_ffw_norm.weight
create_tensor: loading tensor blk.1.ffn_gate_inp.weight
create_tensor: loading tensor blk.1.ffn_gate_inp.scale
create_tensor: loading tensor blk.1.pre_ffw_norm_2.weight
create_tensor: loading tensor blk.1.post_ffw_norm_1.weight
create_tensor: loading tensor blk.1.post_ffw_norm_2.weight
create_tensor: loading tensor blk.1.ffn_gate_up_exps.weight
create_tensor: loading tensor blk.1.ffn_down_exps.weight
create_tensor: loading tensor blk.2.attn_norm.weight
create_tensor: loading tensor blk.2.attn_q.weight
create_tensor: loading tensor blk.2.attn_k.weight
create_tensor: loading tensor blk.2.attn_v.weight
create_tensor: loading tensor blk.2.attn_output.weight
create_tensor: loading tensor blk.2.attn_q_norm.weight
create_tensor: loading tensor blk.2.attn_k_norm.weight
create_tensor: loading tensor blk.2.post_attention_norm.weight
create_tensor: loading tensor blk.2.layer_output_scale.weight
create_tensor: loading tensor blk.2.ffn_norm.weight
create_tensor: loading tensor blk.2.ffn_gate.weight
create_tensor: loading tensor blk.2.ffn_up.weight
create_tensor: loading tensor blk.2.ffn_down.weight
create_tensor: loading tensor blk.2.post_ffw_norm.weight
create_tensor: loading tensor blk.2.ffn_gate_inp.weight
create_tensor: loading tensor blk.2.ffn_gate_inp.scale
create_tensor: loading tensor blk.2.pre_ffw_norm_2.weight
create_tensor: loading tensor blk.2.post_ffw_norm_1.weight
create_tensor: loading tensor blk.2.post_ffw_norm_2.weight
create_tensor: loading tensor blk.2.ffn_gate_up_exps.weight
create_tensor: loading tensor blk.2.ffn_down_exps.weight
create_tensor: loading tensor blk.3.attn_norm.weight
create_tensor: loading tensor blk.3.attn_q.weight
create_tensor: loading tensor blk.3.attn_k.weight
create_tensor: loading tensor blk.3.attn_v.weight
create_tensor: loading tensor blk.3.attn_output.weight
create_tensor: loading tensor blk.3.attn_q_norm.weight
create_tensor: loading tensor blk.3.attn_k_norm.weight
create_tensor: loading tensor blk.3.post_attention_norm.weight
create_tensor: loading tensor blk.3.layer_output_scale.weight
create_tensor: loading tensor blk.3.ffn_norm.weight
create_tensor: loading tensor blk.3.ffn_gate.weight
create_tensor: loading tensor blk.3.ffn_up.weight
create_tensor: loading tensor blk.3.ffn_down.weight
create_tensor: loading tensor blk.3.post_ffw_norm.weight
create_tensor: loading tensor blk.3.ffn_gate_inp.weight
create_tensor: loading tensor blk.3.ffn_gate_inp.scale
create_tensor: loading tensor blk.3.pre_ffw_norm_2.weight
create_tensor: loading tensor blk.3.post_ffw_norm_1.weight
create_tensor: loading tensor blk.3.post_ffw_norm_2.weight
create_tensor: loading tensor blk.3.ffn_gate_up_exps.weight
create_tensor: loading tensor blk.3.ffn_down_exps.weight
create_tensor: loading tensor blk.4.attn_norm.weight
create_tensor: loading tensor blk.4.attn_q.weight
create_tensor: loading tensor blk.4.attn_k.weight
create_tensor: loading tensor blk.4.attn_v.weight
create_tensor: loading tensor blk.4.attn_output.weight
create_tensor: loading tensor blk.4.attn_q_norm.weight
create_tensor: loading tensor blk.4.attn_k_norm.weight
create_tensor: loading tensor blk.4.post_attention_norm.weight
create_tensor: loading tensor blk.4.layer_output_scale.weight
create_tensor: loading tensor blk.4.ffn_norm.weight
create_tensor: loading tensor blk.4.ffn_gate.weight
create_tensor: loading tensor blk.4.ffn_up.weight
create_tensor: loading tensor blk.4.ffn_down.weight
create_tensor: loading tensor blk.4.post_ffw_norm.weight
create_tensor: loading tensor blk.4.ffn_gate_inp.weight
create_tensor: loading tensor blk.4.ffn_gate_inp.scale
create_tensor: loading tensor blk.4.pre_ffw_norm_2.weight
create_tensor: loading tensor blk.4.post_ffw_norm_1.weight
create_tensor: loading tensor blk.4.post_ffw_norm_2.weight
create_tensor: loading tensor blk.4.ffn_gate_up_exps.weight
create_tensor: loading tensor blk.4.ffn_down_exps.weight
create_tensor: loading tensor blk.5.attn_norm.weight
create_tensor: loading tensor blk.5.attn_q.weight
create_tensor: loading tensor blk.5.attn_k.weight
create_tensor: loading tensor blk.5.attn_v.weight
create_tensor: loading tensor blk.5.attn_output.weight
create_tensor: loading tensor blk.5.attn_q_norm.weight
create_tensor: loading tensor blk.5.attn_k_norm.weight
create_tensor: loading tensor blk.5.post_attention_norm.weight
create_tensor: loading tensor blk.5.layer_output_scale.weight
create_tensor: loading tensor rope_freqs.weight
create_tensor: loading tensor blk.5.ffn_norm.weight
create_tensor: loading tensor blk.5.ffn_gate.weight
create_tensor: loading tensor blk.5.ffn_up.weight
create_tensor: loading tensor blk.5.ffn_down.weight
create_tensor: loading tensor blk.5.post_ffw_norm.weight
create_tensor: loading tensor blk.5.ffn_gate_inp.weight
create_tensor: loading tensor blk.5.ffn_gate_inp.scale
create_tensor: loading tensor blk.5.pre_ffw_norm_2.weight
create_tensor: loading tensor blk.5.post_ffw_norm_1.weight
create_tensor: loading tensor blk.5.post_ffw_norm_2.weight
create_tensor: loading tensor blk.5.ffn_gate_up_exps.weight
create_tensor: loading tensor blk.5.ffn_down_exps.weight
create_tensor: loading tensor blk.6.attn_norm.weight
create_tensor: loading tensor blk.6.attn_q.weight
create_tensor: loading tensor blk.6.attn_k.weight
create_tensor: loading tensor blk.6.attn_v.weight
create_tensor: loading tensor blk.6.attn_output.weight
create_tensor: loading tensor blk.6.attn_q_norm.weight
create_tensor: loading tensor blk.6.attn_k_norm.weight
create_tensor: loading tensor blk.6.post_attention_norm.weight
create_tensor: loading tensor blk.6.layer_output_scale.weight
create_tensor: loading tensor blk.6.ffn_norm.weight
create_tensor: loading tensor blk.6.ffn_gate.weight
create_tensor: loading tensor blk.6.ffn_up.weight
create_tensor: loading tensor blk.6.ffn_down.weight
create_tensor: loading tensor blk.6.post_ffw_norm.weight
create_tensor: loading tensor blk.6.ffn_gate_inp.weight
create_tensor: loading tensor blk.6.ffn_gate_inp.scale
create_tensor: loading tensor blk.6.pre_ffw_norm_2.weight
create_tensor: loading tensor blk.6.post_ffw_norm_1.weight
create_tensor: loading tensor blk.6.post_ffw_norm_2.weight
create_tensor: loading tensor blk.6.ffn_gate_up_exps.weight
create_tensor: loading tensor blk.6.ffn_down_exps.weight
create_tensor: loading tensor blk.7.attn_norm.weight
create_tensor: loading tensor blk.7.attn_q.weight
create_tensor: loading tensor blk.7.attn_k.weight
create_tensor: loading tensor blk.7.attn_v.weight
create_tensor: loading tensor blk.7.attn_output.weight
create_tensor: loading tensor blk.7.attn_q_norm.weight
create_tensor: loading tensor blk.7.attn_k_norm.weight
create_tensor: loading tensor blk.7.post_attention_norm.weight
create_tensor: loading tensor blk.7.layer_output_scale.weight
create_tensor: loading tensor blk.7.ffn_norm.weight
create_tensor: loading tensor blk.7.ffn_gate.weight
create_tensor: loading tensor blk.7.ffn_up.weight
create_tensor: loading tensor blk.7.ffn_down.weight
create_tensor: loading tensor blk.7.post_ffw_norm.weight
create_tensor: loading tensor blk.7.ffn_gate_inp.weight
create_tensor: loading tensor blk.7.ffn_gate_inp.scale
create_tensor: loading tensor blk.7.pre_ffw_norm_2.weight
create_tensor: loading tensor blk.7.post_ffw_norm_1.weight
create_tensor: loading tensor blk.7.post_ffw_norm_2.weight
create_tensor: loading tensor blk.7.ffn_gate_up_exps.weight
create_tensor: loading tensor blk.7.ffn_down_exps.weight
create_tensor: loading tensor blk.8.attn_norm.weight
create_tensor: loading tensor blk.8.attn_q.weight
create_tensor: loading tensor blk.8.attn_k.weight
create_tensor: loading tensor blk.8.attn_v.weight
create_tensor: loading tensor blk.8.attn_output.weight
create_tensor: loading tensor blk.8.attn_q_norm.weight
create_tensor: loading tensor blk.8.attn_k_norm.weight
create_tensor: loading tensor blk.8.post_attention_norm.weight
create_tensor: loading tensor blk.8.layer_output_scale.weight
create_tensor: loading tensor blk.8.ffn_norm.weight
create_tensor: loading tensor blk.8.ffn_gate.weight
create_tensor: loading tensor blk.8.ffn_up.weight
create_tensor: loading tensor blk.8.ffn_down.weight
create_tensor: loading tensor blk.8.post_ffw_norm.weight
create_tensor: loading tensor blk.8.ffn_gate_inp.weight
create_tensor: loading tensor blk.8.ffn_gate_inp.scale
create_tensor: loading tensor blk.8.pre_ffw_norm_2.weight
create_tensor: loading tensor blk.8.post_ffw_norm_1.weight
create_tensor: loading tensor blk.8.post_ffw_norm_2.weight
create_tensor: loading tensor blk.8.ffn_gate_up_exps.weight
create_tensor: loading tensor blk.8.ffn_down_exps.weight
create_tensor: loading tensor blk.9.attn_norm.weight
create_tensor: loading tensor blk.9.attn_q.weight
create_tensor: loading tensor blk.9.attn_k.weight
create_tensor: loading tensor blk.9.attn_v.weight
create_tensor: loading tensor blk.9.attn_output.weight
create_tensor: loading tensor blk.9.attn_q_norm.weight
create_tensor: loading tensor blk.9.attn_k_norm.weight
create_tensor: loading tensor blk.9.post_attention_norm.weight
create_tensor: loading tensor blk.9.layer_output_scale.weight
create_tensor: loading tensor blk.9.ffn_norm.weight
create_tensor: loading tensor blk.9.ffn_gate.weight
create_tensor: loading tensor blk.9.ffn_up.weight
create_tensor: loading tensor blk.9.ffn_down.weight
create_tensor: loading tensor blk.9.post_ffw_norm.weight
create_tensor: loading tensor blk.9.ffn_gate_inp.weight
create_tensor: loading tensor blk.9.ffn_gate_inp.scale
create_tensor: loading tensor blk.9.pre_ffw_norm_2.weight
create_tensor: loading tensor blk.9.post_ffw_norm_1.weight
create_tensor: loading tensor blk.9.post_ffw_norm_2.weight
create_tensor: loading tensor blk.9.ffn_gate_up_exps.weight
create_tensor: loading tensor blk.9.ffn_down_exps.weight
create_tensor: loading tensor blk.10.attn_norm.weight
create_tensor: loading tensor blk.10.attn_q.weight
create_tensor: loading tensor blk.10.attn_k.weight
create_tensor: loading tensor blk.10.attn_v.weight
create_tensor: loading tensor blk.10.attn_output.weight
create_tensor: loading tensor blk.10.attn_q_norm.weight
create_tensor: loading tensor blk.10.attn_k_norm.weight
create_tensor: loading tensor blk.10.post_attention_norm.weight
create_tensor: loading tensor blk.10.layer_output_scale.weight
create_tensor: loading tensor blk.10.ffn_norm.weight
create_tensor: loading tensor blk.10.ffn_gate.weight
create_tensor: loading tensor blk.10.ffn_up.weight
create_tensor: loading tensor blk.10.ffn_down.weight
create_tensor: loading tensor blk.10.post_ffw_norm.weight
create_tensor: loading tensor blk.10.ffn_gate_inp.weight
create_tensor: loading tensor blk.10.ffn_gate_inp.scale
create_tensor: loading tensor blk.10.pre_ffw_norm_2.weight
create_tensor: loading tensor blk.10.post_ffw_norm_1.weight
create_tensor: loading tensor blk.10.post_ffw_norm_2.weight
create_tensor: loading tensor blk.10.ffn_gate_up_exps.weight
create_tensor: loading tensor blk.10.ffn_down_exps.weight
create_tensor: loading tensor blk.11.attn_norm.weight
create_tensor: loading tensor blk.11.attn_q.weight
create_tensor: loading tensor blk.11.attn_k.weight
create_tensor: loading tensor blk.11.attn_v.weight
create_tensor: loading tensor blk.11.attn_output.weight
create_tensor: loading tensor blk.11.attn_q_norm.weight
create_tensor: loading tensor blk.11.attn_k_norm.weight
create_tensor: loading tensor blk.11.post_attention_norm.weight
create_tensor: loading tensor blk.11.layer_output_scale.weight
create_tensor: loading tensor rope_freqs.weight
create_tensor: loading tensor blk.11.ffn_norm.weight
create_tensor: loading tensor blk.11.ffn_gate.weight
create_tensor: loading tensor blk.11.ffn_up.weight
create_tensor: loading tensor blk.11.ffn_down.weight
create_tensor: loading tensor blk.11.post_ffw_norm.weight
create_tensor: loading tensor blk.11.ffn_gate_inp.weight
create_tensor: loading tensor blk.11.ffn_gate_inp.scale
create_tensor: loading tensor blk.11.pre_ffw_norm_2.weight
create_tensor: loading tensor blk.11.post_ffw_norm_1.weight
create_tensor: loading tensor blk.11.post_ffw_norm_2.weight
create_tensor: loading tensor blk.11.ffn_gate_up_exps.weight
create_tensor: loading tensor blk.11.ffn_down_exps.weight
create_tensor: loading tensor blk.12.attn_norm.weight
create_tensor: loading tensor blk.12.attn_q.weight
create_tensor: loading tensor blk.12.attn_k.weight
create_tensor: loading tensor blk.12.attn_v.weight
create_tensor: loading tensor blk.12.attn_output.weight
create_tensor: loading tensor blk.12.attn_q_norm.weight
create_tensor: loading tensor blk.12.attn_k_norm.weight
create_tensor: loading tensor blk.12.post_attention_norm.weight
create_tensor: loading tensor blk.12.layer_output_scale.weight
create_tensor: loading tensor blk.12.ffn_norm.weight
create_tensor: loading tensor blk.12.ffn_gate.weight
create_tensor: loading tensor blk.12.ffn_up.weight
create_tensor: loading tensor blk.12.ffn_down.weight
create_tensor: loading tensor blk.12.post_ffw_norm.weight
create_tensor: loading tensor blk.12.ffn_gate_inp.weight
create_tensor: loading tensor blk.12.ffn_gate_inp.scale
create_tensor: loading tensor blk.12.pre_ffw_norm_2.weight
create_tensor: loading tensor blk.12.post_ffw_norm_1.weight
create_tensor: loading tensor blk.12.post_ffw_norm_2.weight
create_tensor: loading tensor blk.12.ffn_gate_up_exps.weight
create_tensor: loading tensor blk.12.ffn_down_exps.weight
create_tensor: loading tensor blk.13.attn_norm.weight
create_tensor: loading tensor blk.13.attn_q.weight
create_tensor: loading tensor blk.13.attn_k.weight
create_tensor: loading tensor blk.13.attn_v.weight
create_tensor: loading tensor blk.13.attn_output.weight
create_tensor: loading tensor blk.13.attn_q_norm.weight
create_tensor: loading tensor blk.13.attn_k_norm.weight
create_tensor: loading tensor blk.13.post_attention_norm.weight
create_tensor: loading tensor blk.13.layer_output_scale.weight
create_tensor: loading tensor blk.13.ffn_norm.weight
create_tensor: loading tensor blk.13.ffn_gate.weight
create_tensor: loading tensor blk.13.ffn_up.weight
create_tensor: loading tensor blk.13.ffn_down.weight
create_tensor: loading tensor blk.13.post_ffw_norm.weight
create_tensor: loading tensor blk.13.ffn_gate_inp.weight
create_tensor: loading tensor blk.13.ffn_gate_inp.scale
create_tensor: loading tensor blk.13.pre_ffw_norm_2.weight
create_tensor: loading tensor blk.13.post_ffw_norm_1.weight
create_tensor: loading tensor blk.13.post_ffw_norm_2.weight
create_tensor: loading tensor blk.13.ffn_gate_up_exps.weight
create_tensor: loading tensor blk.13.ffn_down_exps.weight
create_tensor: loading tensor blk.14.attn_norm.weight
create_tensor: loading tensor blk.14.attn_q.weight
create_tensor: loading tensor blk.14.attn_k.weight
create_tensor: loading tensor blk.14.attn_v.weight
create_tensor: loading tensor blk.14.attn_output.weight
create_tensor: loading tensor blk.14.attn_q_norm.weight
create_tensor: loading tensor blk.14.attn_k_norm.weight
create_tensor: loading tensor blk.14.post_attention_norm.weight
create_tensor: loading tensor blk.14.layer_output_scale.weight
create_tensor: loading tensor blk.14.ffn_norm.weight
create_tensor: loading tensor blk.14.ffn_gate.weight
create_tensor: loading tensor blk.14.ffn_up.weight
create_tensor: loading tensor blk.14.ffn_down.weight
create_tensor: loading tensor blk.14.post_ffw_norm.weight
create_tensor: loading tensor blk.14.ffn_gate_inp.weight
create_tensor: loading tensor blk.14.ffn_gate_inp.scale
create_tensor: loading tensor blk.14.pre_ffw_norm_2.weight
create_tensor: loading tensor blk.14.post_ffw_norm_1.weight
create_tensor: loading tensor blk.14.post_ffw_norm_2.weight
create_tensor: loading tensor blk.14.ffn_gate_up_exps.weight
create_tensor: loading tensor blk.14.ffn_down_exps.weight
create_tensor: loading tensor blk.15.attn_norm.weight
create_tensor: loading tensor blk.15.attn_q.weight
create_tensor: loading tensor blk.15.attn_k.weight
create_tensor: loading tensor blk.15.attn_v.weight
create_tensor: loading tensor blk.15.attn_output.weight
create_tensor: loading tensor blk.15.attn_q_norm.weight
create_tensor: loading tensor blk.15.attn_k_norm.weight
create_tensor: loading tensor blk.15.post_attention_norm.weight
create_tensor: loading tensor blk.15.layer_output_scale.weight
create_tensor: loading tensor blk.15.ffn_norm.weight
create_tensor: loading tensor blk.15.ffn_gate.weight
create_tensor: loading tensor blk.15.ffn_up.weight
create_tensor: loading tensor blk.15.ffn_down.weight
create_tensor: loading tensor blk.15.post_ffw_norm.weight
create_tensor: loading tensor blk.15.ffn_gate_inp.weight
create_tensor: loading tensor blk.15.ffn_gate_inp.scale
create_tensor: loading tensor blk.15.pre_ffw_norm_2.weight
create_tensor: loading tensor blk.15.post_ffw_norm_1.weight
create_tensor: loading tensor blk.15.post_ffw_norm_2.weight
create_tensor: loading tensor blk.15.ffn_gate_up_exps.weight
create_tensor: loading tensor blk.15.ffn_down_exps.weight
create_tensor: loading tensor blk.16.attn_norm.weight
create_tensor: loading tensor blk.16.attn_q.weight
create_tensor: loading tensor blk.16.attn_k.weight
create_tensor: loading tensor blk.16.attn_v.weight
create_tensor: loading tensor blk.16.attn_output.weight
create_tensor: loading tensor blk.16.attn_q_norm.weight
create_tensor: loading tensor blk.16.attn_k_norm.weight
create_tensor: loading tensor blk.16.post_attention_norm.weight
create_tensor: loading tensor blk.16.layer_output_scale.weight
create_tensor: loading tensor blk.16.ffn_norm.weight
create_tensor: loading tensor blk.16.ffn_gate.weight
create_tensor: loading tensor blk.16.ffn_up.weight
create_tensor: loading tensor blk.16.ffn_down.weight
create_tensor: loading tensor blk.16.post_ffw_norm.weight
create_tensor: loading tensor blk.16.ffn_gate_inp.weight
create_tensor: loading tensor blk.16.ffn_gate_inp.scale
create_tensor: loading tensor blk.16.pre_ffw_norm_2.weight
create_tensor: loading tensor blk.16.post_ffw_norm_1.weight
create_tensor: loading tensor blk.16.post_ffw_norm_2.weight
create_tensor: loading tensor blk.16.ffn_gate_up_exps.weight
create_tensor: loading tensor blk.16.ffn_down_exps.weight
create_tensor: loading tensor blk.17.attn_norm.weight
create_tensor: loading tensor blk.17.attn_q.weight
create_tensor: loading tensor blk.17.attn_k.weight
create_tensor: loading tensor blk.17.attn_v.weight
create_tensor: loading tensor blk.17.attn_output.weight
create_tensor: loading tensor blk.17.attn_q_norm.weight
create_tensor: loading tensor blk.17.attn_k_norm.weight
create_tensor: loading tensor blk.17.post_attention_norm.weight
create_tensor: loading tensor blk.17.layer_output_scale.weight
create_tensor: loading tensor rope_freqs.weight
create_tensor: loading tensor blk.17.ffn_norm.weight
create_tensor: loading tensor blk.17.ffn_gate.weight
create_tensor: loading tensor blk.17.ffn_up.weight
create_tensor: loading tensor blk.17.ffn_down.weight
create_tensor: loading tensor blk.17.post_ffw_norm.weight
create_tensor: loading tensor blk.17.ffn_gate_inp.weight
create_tensor: loading tensor blk.17.ffn_gate_inp.scale
create_tensor: loading tensor blk.17.pre_ffw_norm_2.weight
create_tensor: loading tensor blk.17.post_ffw_norm_1.weight
create_tensor: loading tensor blk.17.post_ffw_norm_2.weight
create_tensor: loading tensor blk.17.ffn_gate_up_exps.weight
create_tensor: loading tensor blk.17.ffn_down_exps.weight
create_tensor: loading tensor blk.18.attn_norm.weight
create_tensor: loading tensor blk.18.attn_q.weight
create_tensor: loading tensor blk.18.attn_k.weight
create_tensor: loading tensor blk.18.attn_v.weight
create_tensor: loading tensor blk.18.attn_output.weight
create_tensor: loading tensor blk.18.attn_q_norm.weight
create_tensor: loading tensor blk.18.attn_k_norm.weight
create_tensor: loading tensor blk.18.post_attention_norm.weight
create_tensor: loading tensor blk.18.layer_output_scale.weight
create_tensor: loading tensor blk.18.ffn_norm.weight
create_tensor: loading tensor blk.18.ffn_gate.weight
create_tensor: loading tensor blk.18.ffn_up.weight
create_tensor: loading tensor blk.18.ffn_down.weight
create_tensor: loading tensor blk.18.post_ffw_norm.weight
create_tensor: loading tensor blk.18.ffn_gate_inp.weight
create_tensor: loading tensor blk.18.ffn_gate_inp.scale
create_tensor: loading tensor blk.18.pre_ffw_norm_2.weight
create_tensor: loading tensor blk.18.post_ffw_norm_1.weight
create_tensor: loading tensor blk.18.post_ffw_norm_2.weight
create_tensor: loading tensor blk.18.ffn_gate_up_exps.weight
create_tensor: loading tensor blk.18.ffn_down_exps.weight
create_tensor: loading tensor blk.19.attn_norm.weight
create_tensor: loading tensor blk.19.attn_q.weight
create_tensor: loading tensor blk.19.attn_k.weight
create_tensor: loading tensor blk.19.attn_v.weight
create_tensor: loading tensor blk.19.attn_output.weight
create_tensor: loading tensor blk.19.attn_q_norm.weight
create_tensor: loading tensor blk.19.attn_k_norm.weight
create_tensor: loading tensor blk.19.post_attention_norm.weight
create_tensor: loading tensor blk.19.layer_output_scale.weight
create_tensor: loading tensor blk.19.ffn_norm.weight
create_tensor: loading tensor blk.19.ffn_gate.weight
create_tensor: loading tensor blk.19.ffn_up.weight
create_tensor: loading tensor blk.19.ffn_down.weight
create_tensor: loading tensor blk.19.post_ffw_norm.weight
create_tensor: loading tensor blk.19.ffn_gate_inp.weight
create_tensor: loading tensor blk.19.ffn_gate_inp.scale
create_tensor: loading tensor blk.19.pre_ffw_norm_2.weight
create_tensor: loading tensor blk.19.post_ffw_norm_1.weight
create_tensor: loading tensor blk.19.post_ffw_norm_2.weight
create_tensor: loading tensor blk.19.ffn_gate_up_exps.weight
create_tensor: loading tensor blk.19.ffn_down_exps.weight
create_tensor: loading tensor blk.20.attn_norm.weight
create_tensor: loading tensor blk.20.attn_q.weight
create_tensor: loading tensor blk.20.attn_k.weight
create_tensor: loading tensor blk.20.attn_v.weight
create_tensor: loading tensor blk.20.attn_output.weight
create_tensor: loading tensor blk.20.attn_q_norm.weight
create_tensor: loading tensor blk.20.attn_k_norm.weight
create_tensor: loading tensor blk.20.post_attention_norm.weight
create_tensor: loading tensor blk.20.layer_output_scale.weight
create_tensor: loading tensor blk.20.ffn_norm.weight
create_tensor: loading tensor blk.20.ffn_gate.weight
create_tensor: loading tensor blk.20.ffn_up.weight
create_tensor: loading tensor blk.20.ffn_down.weight
create_tensor: loading tensor blk.20.post_ffw_norm.weight
create_tensor: loading tensor blk.20.ffn_gate_inp.weight
create_tensor: loading tensor blk.20.ffn_gate_inp.scale
create_tensor: loading tensor blk.20.pre_ffw_norm_2.weight
create_tensor: loading tensor blk.20.post_ffw_norm_1.weight
create_tensor: loading tensor blk.20.post_ffw_norm_2.weight
create_tensor: loading tensor blk.20.ffn_gate_up_exps.weight
create_tensor: loading tensor blk.20.ffn_down_exps.weight
create_tensor: loading tensor blk.21.attn_norm.weight
create_tensor: loading tensor blk.21.attn_q.weight
create_tensor: loading tensor blk.21.attn_k.weight
create_tensor: loading tensor blk.21.attn_v.weight
create_tensor: loading tensor blk.21.attn_output.weight
create_tensor: loading tensor blk.21.attn_q_norm.weight
create_tensor: loading tensor blk.21.attn_k_norm.weight
create_tensor: loading tensor blk.21.post_attention_norm.weight
create_tensor: loading tensor blk.21.layer_output_scale.weight
create_tensor: loading tensor blk.21.ffn_norm.weight
create_tensor: loading tensor blk.21.ffn_gate.weight
create_tensor: loading tensor blk.21.ffn_up.weight
create_tensor: loading tensor blk.21.ffn_down.weight
create_tensor: loading tensor blk.21.post_ffw_norm.weight
create_tensor: loading tensor blk.21.ffn_gate_inp.weight
create_tensor: loading tensor blk.21.ffn_gate_inp.scale
create_tensor: loading tensor blk.21.pre_ffw_norm_2.weight
create_tensor: loading tensor blk.21.post_ffw_norm_1.weight
create_tensor: loading tensor blk.21.post_ffw_norm_2.weight
create_tensor: loading tensor blk.21.ffn_gate_up_exps.weight
create_tensor: loading tensor blk.21.ffn_down_exps.weight
create_tensor: loading tensor blk.22.attn_norm.weight
create_tensor: loading tensor blk.22.attn_q.weight
create_tensor: loading tensor blk.22.attn_k.weight
create_tensor: loading tensor blk.22.attn_v.weight
create_tensor: loading tensor blk.22.attn_output.weight
create_tensor: loading tensor blk.22.attn_q_norm.weight
create_tensor: loading tensor blk.22.attn_k_norm.weight
create_tensor: loading tensor blk.22.post_attention_norm.weight
create_tensor: loading tensor blk.22.layer_output_scale.weight
create_tensor: loading tensor blk.22.ffn_norm.weight
create_tensor: loading tensor blk.22.ffn_gate.weight
create_tensor: loading tensor blk.22.ffn_up.weight
create_tensor: loading tensor blk.22.ffn_down.weight
create_tensor: loading tensor blk.22.post_ffw_norm.weight
create_tensor: loading tensor blk.22.ffn_gate_inp.weight
create_tensor: loading tensor blk.22.ffn_gate_inp.scale
create_tensor: loading tensor blk.22.pre_ffw_norm_2.weight
create_tensor: loading tensor blk.22.post_ffw_norm_1.weight
create_tensor: loading tensor blk.22.post_ffw_norm_2.weight
create_tensor: loading tensor blk.22.ffn_gate_up_exps.weight
create_tensor: loading tensor blk.22.ffn_down_exps.weight
create_tensor: loading tensor blk.23.attn_norm.weight
create_tensor: loading tensor blk.23.attn_q.weight
create_tensor: loading tensor blk.23.attn_k.weight
create_tensor: loading tensor blk.23.attn_v.weight
create_tensor: loading tensor blk.23.attn_output.weight
create_tensor: loading tensor blk.23.attn_q_norm.weight
create_tensor: loading tensor blk.23.attn_k_norm.weight
create_tensor: loading tensor blk.23.post_attention_norm.weight
create_tensor: loading tensor blk.23.layer_output_scale.weight
create_tensor: loading tensor rope_freqs.weight
create_tensor: loading tensor blk.23.ffn_norm.weight
create_tensor: loading tensor blk.23.ffn_gate.weight
create_tensor: loading tensor blk.23.ffn_up.weight
create_tensor: loading tensor blk.23.ffn_down.weight
create_tensor: loading tensor blk.23.post_ffw_norm.weight
create_tensor: loading tensor blk.23.ffn_gate_inp.weight
create_tensor: loading tensor blk.23.ffn_gate_inp.scale
create_tensor: loading tensor blk.23.pre_ffw_norm_2.weight
create_tensor: loading tensor blk.23.post_ffw_norm_1.weight
create_tensor: loading tensor blk.23.post_ffw_norm_2.weight
create_tensor: loading tensor blk.23.ffn_gate_up_exps.weight
create_tensor: loading tensor blk.23.ffn_down_exps.weight
create_tensor: loading tensor blk.24.attn_norm.weight
create_tensor: loading tensor blk.24.attn_q.weight
create_tensor: loading tensor blk.24.attn_k.weight
create_tensor: loading tensor blk.24.attn_v.weight
create_tensor: loading tensor blk.24.attn_output.weight
create_tensor: loading tensor blk.24.attn_q_norm.weight
create_tensor: loading tensor blk.24.attn_k_norm.weight
create_tensor: loading tensor blk.24.post_attention_norm.weight
create_tensor: loading tensor blk.24.layer_output_scale.weight
create_tensor: loading tensor blk.24.ffn_norm.weight
create_tensor: loading tensor blk.24.ffn_gate.weight
create_tensor: loading tensor blk.24.ffn_up.weight
create_tensor: loading tensor blk.24.ffn_down.weight
create_tensor: loading tensor blk.24.post_ffw_norm.weight
create_tensor: loading tensor blk.24.ffn_gate_inp.weight
create_tensor: loading tensor blk.24.ffn_gate_inp.scale
create_tensor: loading tensor blk.24.pre_ffw_norm_2.weight
create_tensor: loading tensor blk.24.post_ffw_norm_1.weight
create_tensor: loading tensor blk.24.post_ffw_norm_2.weight
create_tensor: loading tensor blk.24.ffn_gate_up_exps.weight
create_tensor: loading tensor blk.24.ffn_down_exps.weight
create_tensor: loading tensor blk.25.attn_norm.weight
create_tensor: loading tensor blk.25.attn_q.weight
create_tensor: loading tensor blk.25.attn_k.weight
create_tensor: loading tensor blk.25.attn_v.weight
create_tensor: loading tensor blk.25.attn_output.weight
create_tensor: loading tensor blk.25.attn_q_norm.weight
create_tensor: loading tensor blk.25.attn_k_norm.weight
create_tensor: loading tensor blk.25.post_attention_norm.weight
create_tensor: loading tensor blk.25.layer_output_scale.weight
create_tensor: loading tensor blk.25.ffn_norm.weight
create_tensor: loading tensor blk.25.ffn_gate.weight
create_tensor: loading tensor blk.25.ffn_up.weight
create_tensor: loading tensor blk.25.ffn_down.weight
create_tensor: loading tensor blk.25.post_ffw_norm.weight
create_tensor: loading tensor blk.25.ffn_gate_inp.weight
create_tensor: loading tensor blk.25.ffn_gate_inp.scale
create_tensor: loading tensor blk.25.pre_ffw_norm_2.weight
create_tensor: loading tensor blk.25.post_ffw_norm_1.weight
create_tensor: loading tensor blk.25.post_ffw_norm_2.weight
create_tensor: loading tensor blk.25.ffn_gate_up_exps.weight
create_tensor: loading tensor blk.25.ffn_down_exps.weight
create_tensor: loading tensor blk.26.attn_norm.weight
create_tensor: loading tensor blk.26.attn_q.weight
create_tensor: loading tensor blk.26.attn_k.weight
create_tensor: loading tensor blk.26.attn_v.weight
create_tensor: loading tensor blk.26.attn_output.weight
create_tensor: loading tensor blk.26.attn_q_norm.weight
create_tensor: loading tensor blk.26.attn_k_norm.weight
create_tensor: loading tensor blk.26.post_attention_norm.weight
create_tensor: loading tensor blk.26.layer_output_scale.weight
create_tensor: loading tensor blk.26.ffn_norm.weight
create_tensor: loading tensor blk.26.ffn_gate.weight
create_tensor: loading tensor blk.26.ffn_up.weight
create_tensor: loading tensor blk.26.ffn_down.weight
create_tensor: loading tensor blk.26.post_ffw_norm.weight
create_tensor: loading tensor blk.26.ffn_gate_inp.weight
create_tensor: loading tensor blk.26.ffn_gate_inp.scale
create_tensor: loading tensor blk.26.pre_ffw_norm_2.weight
create_tensor: loading tensor blk.26.post_ffw_norm_1.weight
create_tensor: loading tensor blk.26.post_ffw_norm_2.weight
create_tensor: loading tensor blk.26.ffn_gate_up_exps.weight
create_tensor: loading tensor blk.26.ffn_down_exps.weight
create_tensor: loading tensor blk.27.attn_norm.weight
create_tensor: loading tensor blk.27.attn_q.weight
create_tensor: loading tensor blk.27.attn_k.weight
create_tensor: loading tensor blk.27.attn_v.weight
create_tensor: loading tensor blk.27.attn_output.weight
create_tensor: loading tensor blk.27.attn_q_norm.weight
create_tensor: loading tensor blk.27.attn_k_norm.weight
create_tensor: loading tensor blk.27.post_attention_norm.weight
create_tensor: loading tensor blk.27.layer_output_scale.weight
create_tensor: loading tensor blk.27.ffn_norm.weight
create_tensor: loading tensor blk.27.ffn_gate.weight
create_tensor: loading tensor blk.27.ffn_up.weight
create_tensor: loading tensor blk.27.ffn_down.weight
create_tensor: loading tensor blk.27.post_ffw_norm.weight
create_tensor: loading tensor blk.27.ffn_gate_inp.weight
create_tensor: loading tensor blk.27.ffn_gate_inp.scale
create_tensor: loading tensor blk.27.pre_ffw_norm_2.weight
create_tensor: loading tensor blk.27.post_ffw_norm_1.weight
create_tensor: loading tensor blk.27.post_ffw_norm_2.weight
create_tensor: loading tensor blk.27.ffn_gate_up_exps.weight
create_tensor: loading tensor blk.27.ffn_down_exps.weight
create_tensor: loading tensor blk.28.attn_norm.weight
create_tensor: loading tensor blk.28.attn_q.weight
create_tensor: loading tensor blk.28.attn_k.weight
create_tensor: loading tensor blk.28.attn_v.weight
create_tensor: loading tensor blk.28.attn_output.weight
create_tensor: loading tensor blk.28.attn_q_norm.weight
create_tensor: loading tensor blk.28.attn_k_norm.weight
create_tensor: loading tensor blk.28.post_attention_norm.weight
create_tensor: loading tensor blk.28.layer_output_scale.weight
create_tensor: loading tensor blk.28.ffn_norm.weight
create_tensor: loading tensor blk.28.ffn_gate.weight
create_tensor: loading tensor blk.28.ffn_up.weight
create_tensor: loading tensor blk.28.ffn_down.weight
create_tensor: loading tensor blk.28.post_ffw_norm.weight
create_tensor: loading tensor blk.28.ffn_gate_inp.weight
create_tensor: loading tensor blk.28.ffn_gate_inp.scale
create_tensor: loading tensor blk.28.pre_ffw_norm_2.weight
create_tensor: loading tensor blk.28.post_ffw_norm_1.weight
create_tensor: loading tensor blk.28.post_ffw_norm_2.weight
create_tensor: loading tensor blk.28.ffn_gate_up_exps.weight
create_tensor: loading tensor blk.28.ffn_down_exps.weight
create_tensor: loading tensor blk.29.attn_norm.weight
create_tensor: loading tensor blk.29.attn_q.weight
create_tensor: loading tensor blk.29.attn_k.weight
create_tensor: loading tensor blk.29.attn_v.weight
create_tensor: loading tensor blk.29.attn_output.weight
create_tensor: loading tensor blk.29.attn_q_norm.weight
create_tensor: loading tensor blk.29.attn_k_norm.weight
create_tensor: loading tensor blk.29.post_attention_norm.weight
create_tensor: loading tensor blk.29.layer_output_scale.weight
create_tensor: loading tensor rope_freqs.weight
create_tensor: loading tensor blk.29.ffn_norm.weight
create_tensor: loading tensor blk.29.ffn_gate.weight
create_tensor: loading tensor blk.29.ffn_up.weight
create_tensor: loading tensor blk.29.ffn_down.weight
create_tensor: loading tensor blk.29.post_ffw_norm.weight
create_tensor: loading tensor blk.29.ffn_gate_inp.weight
create_tensor: loading tensor blk.29.ffn_gate_inp.scale
create_tensor: loading tensor blk.29.pre_ffw_norm_2.weight
create_tensor: loading tensor blk.29.post_ffw_norm_1.weight
create_tensor: loading tensor blk.29.post_ffw_norm_2.weight
create_tensor: loading tensor blk.29.ffn_gate_up_exps.weight
create_tensor: loading tensor blk.29.ffn_down_exps.weight
create_tensor: loading tensor blk.0.attn_q.scale
create_tensor: loading tensor blk.0.attn_k.scale
create_tensor: loading tensor blk.0.attn_v.scale
create_tensor: loading tensor blk.0.attn_output.scale
create_tensor: loading tensor blk.0.ffn_gate.scale
create_tensor: loading tensor blk.0.ffn_down.scale
create_tensor: loading tensor blk.0.ffn_up.scale
create_tensor: loading tensor blk.0.ffn_down_exps.scale
create_tensor: loading tensor blk.0.attn_q.input_scale
create_tensor: loading tensor blk.0.attn_k.input_scale
create_tensor: loading tensor blk.0.attn_v.input_scale
create_tensor: loading tensor blk.0.attn_output.input_scale
create_tensor: loading tensor blk.0.ffn_gate.input_scale
create_tensor: loading tensor blk.0.ffn_down.input_scale
create_tensor: loading tensor blk.0.ffn_up.input_scale
create_tensor: loading tensor blk.0.ffn_down_exps.input_scale
create_tensor: loading tensor blk.1.attn_q.scale
create_tensor: loading tensor blk.1.attn_k.scale
create_tensor: loading tensor blk.1.attn_v.scale
create_tensor: loading tensor blk.1.attn_output.scale
create_tensor: loading tensor blk.1.ffn_gate.scale
create_tensor: loading tensor blk.1.ffn_down.scale
create_tensor: loading tensor blk.1.ffn_up.scale
create_tensor: loading tensor blk.1.ffn_down_exps.scale
create_tensor: loading tensor blk.1.attn_q.input_scale
create_tensor: loading tensor blk.1.attn_k.input_scale
create_tensor: loading tensor blk.1.attn_v.input_scale
create_tensor: loading tensor blk.1.attn_output.input_scale
create_tensor: loading tensor blk.1.ffn_gate.input_scale
create_tensor: loading tensor blk.1.ffn_down.input_scale
create_tensor: loading tensor blk.1.ffn_up.input_scale
create_tensor: loading tensor blk.1.ffn_down_exps.input_scale
create_tensor: loading tensor blk.2.attn_q.scale
create_tensor: loading tensor blk.2.attn_k.scale
create_tensor: loading tensor blk.2.attn_v.scale
create_tensor: loading tensor blk.2.attn_output.scale
create_tensor: loading tensor blk.2.ffn_gate.scale
create_tensor: loading tensor blk.2.ffn_down.scale
create_tensor: loading tensor blk.2.ffn_up.scale
create_tensor: loading tensor blk.2.ffn_down_exps.scale
create_tensor: loading tensor blk.2.attn_q.input_scale
create_tensor: loading tensor blk.2.attn_k.input_scale
create_tensor: loading tensor blk.2.attn_v.input_scale
create_tensor: loading tensor blk.2.attn_output.input_scale
create_tensor: loading tensor blk.2.ffn_gate.input_scale
create_tensor: loading tensor blk.2.ffn_down.input_scale
create_tensor: loading tensor blk.2.ffn_up.input_scale
create_tensor: loading tensor blk.2.ffn_down_exps.input_scale
create_tensor: loading tensor blk.3.attn_q.scale
create_tensor: loading tensor blk.3.attn_k.scale
create_tensor: loading tensor blk.3.attn_v.scale
create_tensor: loading tensor blk.3.attn_output.scale
create_tensor: loading tensor blk.3.ffn_gate.scale
create_tensor: loading tensor blk.3.ffn_down.scale
create_tensor: loading tensor blk.3.ffn_up.scale
create_tensor: loading tensor blk.3.ffn_down_exps.scale
create_tensor: loading tensor blk.3.attn_q.input_scale
create_tensor: loading tensor blk.3.attn_k.input_scale
create_tensor: loading tensor blk.3.attn_v.input_scale
create_tensor: loading tensor blk.3.attn_output.input_scale
create_tensor: loading tensor blk.3.ffn_gate.input_scale
create_tensor: loading tensor blk.3.ffn_down.input_scale
create_tensor: loading tensor blk.3.ffn_up.input_scale
create_tensor: loading tensor blk.3.ffn_down_exps.input_scale
create_tensor: loading tensor blk.4.attn_q.scale
create_tensor: loading tensor blk.4.attn_k.scale
create_tensor: loading tensor blk.4.attn_v.scale
create_tensor: loading tensor blk.4.attn_output.scale
create_tensor: loading tensor blk.4.ffn_gate.scale
create_tensor: loading tensor blk.4.ffn_down.scale
create_tensor: loading tensor blk.4.ffn_up.scale
create_tensor: loading tensor blk.4.ffn_down_exps.scale
create_tensor: loading tensor blk.4.attn_q.input_scale
create_tensor: loading tensor blk.4.attn_k.input_scale
create_tensor: loading tensor blk.4.attn_v.input_scale
create_tensor: loading tensor blk.4.attn_output.input_scale
create_tensor: loading tensor blk.4.ffn_gate.input_scale
create_tensor: loading tensor blk.4.ffn_down.input_scale
create_tensor: loading tensor blk.4.ffn_up.input_scale
create_tensor: loading tensor blk.4.ffn_down_exps.input_scale
create_tensor: loading tensor blk.5.attn_q.scale
create_tensor: loading tensor blk.5.attn_k.scale
create_tensor: loading tensor blk.5.attn_output.scale
create_tensor: loading tensor blk.5.ffn_gate.scale
create_tensor: loading tensor blk.5.ffn_down.scale
create_tensor: loading tensor blk.5.ffn_up.scale
create_tensor: loading tensor blk.5.ffn_down_exps.scale
create_tensor: loading tensor blk.5.attn_q.input_scale
create_tensor: loading tensor blk.5.attn_k.input_scale
create_tensor: loading tensor blk.5.attn_output.input_scale
create_tensor: loading tensor blk.5.ffn_gate.input_scale
create_tensor: loading tensor blk.5.ffn_down.input_scale
create_tensor: loading tensor blk.5.ffn_up.input_scale
create_tensor: loading tensor blk.5.ffn_down_exps.input_scale
create_tensor: loading tensor blk.6.attn_q.scale
create_tensor: loading tensor blk.6.attn_k.scale
create_tensor: loading tensor blk.6.attn_v.scale
create_tensor: loading tensor blk.6.attn_output.scale
create_tensor: loading tensor blk.6.ffn_gate.scale
create_tensor: loading tensor blk.6.ffn_down.scale
create_tensor: loading tensor blk.6.ffn_up.scale
create_tensor: loading tensor blk.6.ffn_down_exps.scale
create_tensor: loading tensor blk.6.attn_q.input_scale
create_tensor: loading tensor blk.6.attn_k.input_scale
create_tensor: loading tensor blk.6.attn_v.input_scale
create_tensor: loading tensor blk.6.attn_output.input_scale
create_tensor: loading tensor blk.6.ffn_gate.input_scale
create_tensor: loading tensor blk.6.ffn_down.input_scale
create_tensor: loading tensor blk.6.ffn_up.input_scale
create_tensor: loading tensor blk.6.ffn_down_exps.input_scale
create_tensor: loading tensor blk.7.attn_q.scale
create_tensor: loading tensor blk.7.attn_k.scale
create_tensor: loading tensor blk.7.attn_v.scale
create_tensor: loading tensor blk.7.attn_output.scale
create_tensor: loading tensor blk.7.ffn_gate.scale
create_tensor: loading tensor blk.7.ffn_down.scale
create_tensor: loading tensor blk.7.ffn_up.scale
create_tensor: loading tensor blk.7.ffn_down_exps.scale
create_tensor: loading tensor blk.7.attn_q.input_scale
create_tensor: loading tensor blk.7.attn_k.input_scale
create_tensor: loading tensor blk.7.attn_v.input_scale
create_tensor: loading tensor blk.7.attn_output.input_scale
create_tensor: loading tensor blk.7.ffn_gate.input_scale
create_tensor: loading tensor blk.7.ffn_down.input_scale
create_tensor: loading tensor blk.7.ffn_up.input_scale
create_tensor: loading tensor blk.7.ffn_down_exps.input_scale
create_tensor: loading tensor blk.8.attn_q.scale
create_tensor: loading tensor blk.8.attn_k.scale
create_tensor: loading tensor blk.8.attn_v.scale
create_tensor: loading tensor blk.8.attn_output.scale
create_tensor: loading tensor blk.8.ffn_gate.scale
create_tensor: loading tensor blk.8.ffn_down.scale
create_tensor: loading tensor blk.8.ffn_up.scale
create_tensor: loading tensor blk.8.ffn_down_exps.scale
create_tensor: loading tensor blk.8.attn_q.input_scale
create_tensor: loading tensor blk.8.attn_k.input_scale
create_tensor: loading tensor blk.8.attn_v.input_scale
create_tensor: loading tensor blk.8.attn_output.input_scale
create_tensor: loading tensor blk.8.ffn_gate.input_scale
create_tensor: loading tensor blk.8.ffn_down.input_scale
create_tensor: loading tensor blk.8.ffn_up.input_scale
create_tensor: loading tensor blk.8.ffn_down_exps.input_scale
create_tensor: loading tensor blk.9.attn_q.scale
create_tensor: loading tensor blk.9.attn_k.scale
create_tensor: loading tensor blk.9.attn_v.scale
create_tensor: loading tensor blk.9.attn_output.scale
create_tensor: loading tensor blk.9.ffn_gate.scale
create_tensor: loading tensor blk.9.ffn_down.scale
create_tensor: loading tensor blk.9.ffn_up.scale
create_tensor: loading tensor blk.9.ffn_down_exps.scale
create_tensor: loading tensor blk.9.attn_q.input_scale
create_tensor: loading tensor blk.9.attn_k.input_scale
create_tensor: loading tensor blk.9.attn_v.input_scale
create_tensor: loading tensor blk.9.attn_output.input_scale
create_tensor: loading tensor blk.9.ffn_gate.input_scale
create_tensor: loading tensor blk.9.ffn_down.input_scale
create_tensor: loading tensor blk.9.ffn_up.input_scale
create_tensor: loading tensor blk.9.ffn_down_exps.input_scale
create_tensor: loading tensor blk.10.attn_q.scale
create_tensor: loading tensor blk.10.attn_k.scale
create_tensor: loading tensor blk.10.attn_v.scale
create_tensor: loading tensor blk.10.attn_output.scale
create_tensor: loading tensor blk.10.ffn_gate.scale
create_tensor: loading tensor blk.10.ffn_down.scale
create_tensor: loading tensor blk.10.ffn_up.scale
create_tensor: loading tensor blk.10.ffn_down_exps.scale
create_tensor: loading tensor blk.10.attn_q.input_scale
create_tensor: loading tensor blk.10.attn_k.input_scale
create_tensor: loading tensor blk.10.attn_v.input_scale
create_tensor: loading tensor blk.10.attn_output.input_scale
create_tensor: loading tensor blk.10.ffn_gate.input_scale
create_tensor: loading tensor blk.10.ffn_down.input_scale
create_tensor: loading tensor blk.10.ffn_up.input_scale
create_tensor: loading tensor blk.10.ffn_down_exps.input_scale
create_tensor: loading tensor blk.11.attn_q.scale
create_tensor: loading tensor blk.11.attn_k.scale
create_tensor: loading tensor blk.11.attn_output.scale
create_tensor: loading tensor blk.11.ffn_gate.scale
create_tensor: loading tensor blk.11.ffn_down.scale
create_tensor: loading tensor blk.11.ffn_up.scale
create_tensor: loading tensor blk.11.ffn_down_exps.scale
create_tensor: loading tensor blk.11.attn_q.input_scale
create_tensor: loading tensor blk.11.attn_k.input_scale
create_tensor: loading tensor blk.11.attn_output.input_scale
create_tensor: loading tensor blk.11.ffn_gate.input_scale
create_tensor: loading tensor blk.11.ffn_down.input_scale
create_tensor: loading tensor blk.11.ffn_up.input_scale
create_tensor: loading tensor blk.11.ffn_down_exps.input_scale
create_tensor: loading tensor blk.12.attn_q.scale
create_tensor: loading tensor blk.12.attn_k.scale
create_tensor: loading tensor blk.12.attn_v.scale
create_tensor: loading tensor blk.12.attn_output.scale
create_tensor: loading tensor blk.12.ffn_gate.scale
create_tensor: loading tensor blk.12.ffn_down.scale
create_tensor: loading tensor blk.12.ffn_up.scale
create_tensor: loading tensor blk.12.ffn_down_exps.scale
create_tensor: loading tensor blk.12.attn_q.input_scale
create_tensor: loading tensor blk.12.attn_k.input_scale
create_tensor: loading tensor blk.12.attn_v.input_scale
create_tensor: loading tensor blk.12.attn_output.input_scale
create_tensor: loading tensor blk.12.ffn_gate.input_scale
create_tensor: loading tensor blk.12.ffn_down.input_scale
create_tensor: loading tensor blk.12.ffn_up.input_scale
create_tensor: loading tensor blk.12.ffn_down_exps.input_scale
create_tensor: loading tensor blk.13.attn_q.scale
create_tensor: loading tensor blk.13.attn_k.scale
create_tensor: loading tensor blk.13.attn_v.scale
create_tensor: loading tensor blk.13.attn_output.scale
create_tensor: loading tensor blk.13.ffn_gate.scale
create_tensor: loading tensor blk.13.ffn_down.scale
create_tensor: loading tensor blk.13.ffn_up.scale
create_tensor: loading tensor blk.13.ffn_down_exps.scale
create_tensor: loading tensor blk.13.attn_q.input_scale
create_tensor: loading tensor blk.13.attn_k.input_scale
create_tensor: loading tensor blk.13.attn_v.input_scale
create_tensor: loading tensor blk.13.attn_output.input_scale
create_tensor: loading tensor blk.13.ffn_gate.input_scale
create_tensor: loading tensor blk.13.ffn_down.input_scale
create_tensor: loading tensor blk.13.ffn_up.input_scale
create_tensor: loading tensor blk.13.ffn_down_exps.input_scale
create_tensor: loading tensor blk.14.attn_q.scale
create_tensor: loading tensor blk.14.attn_k.scale
create_tensor: loading tensor blk.14.attn_v.scale
create_tensor: loading tensor blk.14.attn_output.scale
create_tensor: loading tensor blk.14.ffn_gate.scale
create_tensor: loading tensor blk.14.ffn_down.scale
create_tensor: loading tensor blk.14.ffn_up.scale
create_tensor: loading tensor blk.14.ffn_down_exps.scale
create_tensor: loading tensor blk.14.attn_q.input_scale
create_tensor: loading tensor blk.14.attn_k.input_scale
create_tensor: loading tensor blk.14.attn_v.input_scale
create_tensor: loading tensor blk.14.attn_output.input_scale
create_tensor: loading tensor blk.14.ffn_gate.input_scale
create_tensor: loading tensor blk.14.ffn_down.input_scale
create_tensor: loading tensor blk.14.ffn_up.input_scale
create_tensor: loading tensor blk.14.ffn_down_exps.input_scale
create_tensor: loading tensor blk.15.attn_q.scale
create_tensor: loading tensor blk.15.attn_k.scale
create_tensor: loading tensor blk.15.attn_v.scale
create_tensor: loading tensor blk.15.attn_output.scale
create_tensor: loading tensor blk.15.ffn_gate.scale
create_tensor: loading tensor blk.15.ffn_down.scale
create_tensor: loading tensor blk.15.ffn_up.scale
create_tensor: loading tensor blk.15.ffn_down_exps.scale
create_tensor: loading tensor blk.15.attn_q.input_scale
create_tensor: loading tensor blk.15.attn_k.input_scale
create_tensor: loading tensor blk.15.attn_v.input_scale
create_tensor: loading tensor blk.15.attn_output.input_scale
create_tensor: loading tensor blk.15.ffn_gate.input_scale
create_tensor: loading tensor blk.15.ffn_down.input_scale
create_tensor: loading tensor blk.15.ffn_up.input_scale
create_tensor: loading tensor blk.15.ffn_down_exps.input_scale
create_tensor: loading tensor blk.16.attn_q.scale
create_tensor: loading tensor blk.16.attn_k.scale
create_tensor: loading tensor blk.16.attn_v.scale
create_tensor: loading tensor blk.16.attn_output.scale
create_tensor: loading tensor blk.16.ffn_gate.scale
create_tensor: loading tensor blk.16.ffn_down.scale
create_tensor: loading tensor blk.16.ffn_up.scale
create_tensor: loading tensor blk.16.ffn_down_exps.scale
create_tensor: loading tensor blk.16.attn_q.input_scale
create_tensor: loading tensor blk.16.attn_k.input_scale
create_tensor: loading tensor blk.16.attn_v.input_scale
create_tensor: loading tensor blk.16.attn_output.input_scale
create_tensor: loading tensor blk.16.ffn_gate.input_scale
create_tensor: loading tensor blk.16.ffn_down.input_scale
create_tensor: loading tensor blk.16.ffn_up.input_scale
create_tensor: loading tensor blk.16.ffn_down_exps.input_scale
create_tensor: loading tensor blk.17.attn_q.scale
create_tensor: loading tensor blk.17.attn_k.scale
create_tensor: loading tensor blk.17.attn_output.scale
create_tensor: loading tensor blk.17.ffn_gate.scale
create_tensor: loading tensor blk.17.ffn_down.scale
create_tensor: loading tensor blk.17.ffn_up.scale
create_tensor: loading tensor blk.17.ffn_down_exps.scale
create_tensor: loading tensor blk.17.attn_q.input_scale
create_tensor: loading tensor blk.17.attn_k.input_scale
create_tensor: loading tensor blk.17.attn_output.input_scale
create_tensor: loading tensor blk.17.ffn_gate.input_scale
create_tensor: loading tensor blk.17.ffn_down.input_scale
create_tensor: loading tensor blk.17.ffn_up.input_scale
create_tensor: loading tensor blk.17.ffn_down_exps.input_scale
create_tensor: loading tensor blk.18.attn_q.scale
create_tensor: loading tensor blk.18.attn_k.scale
create_tensor: loading tensor blk.18.attn_v.scale
create_tensor: loading tensor blk.18.attn_output.scale
create_tensor: loading tensor blk.18.ffn_gate.scale
create_tensor: loading tensor blk.18.ffn_down.scale
create_tensor: loading tensor blk.18.ffn_up.scale
create_tensor: loading tensor blk.18.ffn_down_exps.scale
create_tensor: loading tensor blk.18.attn_q.input_scale
create_tensor: loading tensor blk.18.attn_k.input_scale
create_tensor: loading tensor blk.18.attn_v.input_scale
create_tensor: loading tensor blk.18.attn_output.input_scale
create_tensor: loading tensor blk.18.ffn_gate.input_scale
create_tensor: loading tensor blk.18.ffn_down.input_scale
create_tensor: loading tensor blk.18.ffn_up.input_scale
create_tensor: loading tensor blk.18.ffn_down_exps.input_scale
create_tensor: loading tensor blk.19.attn_q.scale
create_tensor: loading tensor blk.19.attn_k.scale
create_tensor: loading tensor blk.19.attn_v.scale
create_tensor: loading tensor blk.19.attn_output.scale
create_tensor: loading tensor blk.19.ffn_gate.scale
create_tensor: loading tensor blk.19.ffn_down.scale
create_tensor: loading tensor blk.19.ffn_up.scale
create_tensor: loading tensor blk.19.ffn_down_exps.scale
create_tensor: loading tensor blk.19.attn_q.input_scale
create_tensor: loading tensor blk.19.attn_k.input_scale
create_tensor: loading tensor blk.19.attn_v.input_scale
create_tensor: loading tensor blk.19.attn_output.input_scale
create_tensor: loading tensor blk.19.ffn_gate.input_scale
create_tensor: loading tensor blk.19.ffn_down.input_scale
create_tensor: loading tensor blk.19.ffn_up.input_scale
create_tensor: loading tensor blk.19.ffn_down_exps.input_scale
create_tensor: loading tensor blk.20.attn_q.scale
create_tensor: loading tensor blk.20.attn_k.scale
create_tensor: loading tensor blk.20.attn_v.scale
create_tensor: loading tensor blk.20.attn_output.scale
create_tensor: loading tensor blk.20.ffn_gate.scale
create_tensor: loading tensor blk.20.ffn_down.scale
create_tensor: loading tensor blk.20.ffn_up.scale
create_tensor: loading tensor blk.20.ffn_down_exps.scale
create_tensor: loading tensor blk.20.attn_q.input_scale
create_tensor: loading tensor blk.20.attn_k.input_scale
create_tensor: loading tensor blk.20.attn_v.input_scale
create_tensor: loading tensor blk.20.attn_output.input_scale
create_tensor: loading tensor blk.20.ffn_gate.input_scale
create_tensor: loading tensor blk.20.ffn_down.input_scale
create_tensor: loading tensor blk.20.ffn_up.input_scale
create_tensor: loading tensor blk.20.ffn_down_exps.input_scale
create_tensor: loading tensor blk.21.attn_q.scale
create_tensor: loading tensor blk.21.attn_k.scale
create_tensor: loading tensor blk.21.attn_v.scale
create_tensor: loading tensor blk.21.attn_output.scale
create_tensor: loading tensor blk.21.ffn_gate.scale
create_tensor: loading tensor blk.21.ffn_down.scale
create_tensor: loading tensor blk.21.ffn_up.scale
create_tensor: loading tensor blk.21.ffn_down_exps.scale
create_tensor: loading tensor blk.21.attn_q.input_scale
create_tensor: loading tensor blk.21.attn_k.input_scale
create_tensor: loading tensor blk.21.attn_v.input_scale
create_tensor: loading tensor blk.21.attn_output.input_scale
create_tensor: loading tensor blk.21.ffn_gate.input_scale
create_tensor: loading tensor blk.21.ffn_down.input_scale
create_tensor: loading tensor blk.21.ffn_up.input_scale
create_tensor: loading tensor blk.21.ffn_down_exps.input_scale
create_tensor: loading tensor blk.22.attn_q.scale
create_tensor: loading tensor blk.22.attn_k.scale
create_tensor: loading tensor blk.22.attn_v.scale
create_tensor: loading tensor blk.22.attn_output.scale
create_tensor: loading tensor blk.22.ffn_gate.scale
create_tensor: loading tensor blk.22.ffn_down.scale
create_tensor: loading tensor blk.22.ffn_up.scale
create_tensor: loading tensor blk.22.ffn_down_exps.scale
create_tensor: loading tensor blk.22.attn_q.input_scale
create_tensor: loading tensor blk.22.attn_k.input_scale
create_tensor: loading tensor blk.22.attn_v.input_scale
create_tensor: loading tensor blk.22.attn_output.input_scale
create_tensor: loading tensor blk.22.ffn_gate.input_scale
create_tensor: loading tensor blk.22.ffn_down.input_scale
create_tensor: loading tensor blk.22.ffn_up.input_scale
create_tensor: loading tensor blk.22.ffn_down_exps.input_scale
create_tensor: loading tensor blk.23.attn_q.scale
create_tensor: loading tensor blk.23.attn_k.scale
create_tensor: loading tensor blk.23.attn_output.scale
create_tensor: loading tensor blk.23.ffn_gate.scale
create_tensor: loading tensor blk.23.ffn_down.scale
create_tensor: loading tensor blk.23.ffn_up.scale
create_tensor: loading tensor blk.23.ffn_down_exps.scale
create_tensor: loading tensor blk.23.attn_q.input_scale
create_tensor: loading tensor blk.23.attn_k.input_scale
create_tensor: loading tensor blk.23.attn_output.input_scale
create_tensor: loading tensor blk.23.ffn_gate.input_scale
create_tensor: loading tensor blk.23.ffn_down.input_scale
create_tensor: loading tensor blk.23.ffn_up.input_scale
create_tensor: loading tensor blk.23.ffn_down_exps.input_scale
create_tensor: loading tensor blk.24.attn_q.scale
create_tensor: loading tensor blk.24.attn_k.scale
create_tensor: loading tensor blk.24.attn_v.scale
create_tensor: loading tensor blk.24.attn_output.scale
create_tensor: loading tensor blk.24.ffn_gate.scale
create_tensor: loading tensor blk.24.ffn_down.scale
create_tensor: loading tensor blk.24.ffn_up.scale
create_tensor: loading tensor blk.24.ffn_down_exps.scale
create_tensor: loading tensor blk.24.attn_q.input_scale
create_tensor: loading tensor blk.24.attn_k.input_scale
create_tensor: loading tensor blk.24.attn_v.input_scale
create_tensor: loading tensor blk.24.attn_output.input_scale
create_tensor: loading tensor blk.24.ffn_gate.input_scale
create_tensor: loading tensor blk.24.ffn_down.input_scale
create_tensor: loading tensor blk.24.ffn_up.input_scale
create_tensor: loading tensor blk.24.ffn_down_exps.input_scale
create_tensor: loading tensor blk.25.attn_q.scale
create_tensor: loading tensor blk.25.attn_k.scale
create_tensor: loading tensor blk.25.attn_v.scale
create_tensor: loading tensor blk.25.attn_output.scale
create_tensor: loading tensor blk.25.ffn_gate.scale
create_tensor: loading tensor blk.25.ffn_down.scale
create_tensor: loading tensor blk.25.ffn_up.scale
create_tensor: loading tensor blk.25.ffn_down_exps.scale
create_tensor: loading tensor blk.25.attn_q.input_scale
create_tensor: loading tensor blk.25.attn_k.input_scale
create_tensor: loading tensor blk.25.attn_v.input_scale
create_tensor: loading tensor blk.25.attn_output.input_scale
create_tensor: loading tensor blk.25.ffn_gate.input_scale
create_tensor: loading tensor blk.25.ffn_down.input_scale
create_tensor: loading tensor blk.25.ffn_up.input_scale
create_tensor: loading tensor blk.25.ffn_down_exps.input_scale
create_tensor: loading tensor blk.26.attn_q.scale
create_tensor: loading tensor blk.26.attn_k.scale
create_tensor: loading tensor blk.26.attn_v.scale
create_tensor: loading tensor blk.26.attn_output.scale
create_tensor: loading tensor blk.26.ffn_gate.scale
create_tensor: loading tensor blk.26.ffn_down.scale
create_tensor: loading tensor blk.26.ffn_up.scale
create_tensor: loading tensor blk.26.ffn_down_exps.scale
create_tensor: loading tensor blk.26.attn_q.input_scale
create_tensor: loading tensor blk.26.attn_k.input_scale
create_tensor: loading tensor blk.26.attn_v.input_scale
create_tensor: loading tensor blk.26.attn_output.input_scale
create_tensor: loading tensor blk.26.ffn_gate.input_scale
create_tensor: loading tensor blk.26.ffn_down.input_scale
create_tensor: loading tensor blk.26.ffn_up.input_scale
create_tensor: loading tensor blk.26.ffn_down_exps.input_scale
create_tensor: loading tensor blk.27.attn_q.scale
create_tensor: loading tensor blk.27.attn_k.scale
create_tensor: loading tensor blk.27.attn_v.scale
create_tensor: loading tensor blk.27.attn_output.scale
create_tensor: loading tensor blk.27.ffn_gate.scale
create_tensor: loading tensor blk.27.ffn_down.scale
create_tensor: loading tensor blk.27.ffn_up.scale
create_tensor: loading tensor blk.27.ffn_down_exps.scale
create_tensor: loading tensor blk.27.attn_q.input_scale
create_tensor: loading tensor blk.27.attn_k.input_scale
create_tensor: loading tensor blk.27.attn_v.input_scale
create_tensor: loading tensor blk.27.attn_output.input_scale
create_tensor: loading tensor blk.27.ffn_gate.input_scale
create_tensor: loading tensor blk.27.ffn_down.input_scale
create_tensor: loading tensor blk.27.ffn_up.input_scale
create_tensor: loading tensor blk.27.ffn_down_exps.input_scale
create_tensor: loading tensor blk.28.attn_q.scale
create_tensor: loading tensor blk.28.attn_k.scale
create_tensor: loading tensor blk.28.attn_v.scale
create_tensor: loading tensor blk.28.attn_output.scale
create_tensor: loading tensor blk.28.ffn_gate.scale
create_tensor: loading tensor blk.28.ffn_down.scale
create_tensor: loading tensor blk.28.ffn_up.scale
create_tensor: loading tensor blk.28.ffn_down_exps.scale
create_tensor: loading tensor blk.28.attn_q.input_scale
create_tensor: loading tensor blk.28.attn_k.input_scale
create_tensor: loading tensor blk.28.attn_v.input_scale
create_tensor: loading tensor blk.28.attn_output.input_scale
create_tensor: loading tensor blk.28.ffn_gate.input_scale
create_tensor: loading tensor blk.28.ffn_down.input_scale
create_tensor: loading tensor blk.28.ffn_up.input_scale
create_tensor: loading tensor blk.28.ffn_down_exps.input_scale
create_tensor: loading tensor blk.29.attn_q.scale
create_tensor: loading tensor blk.29.attn_k.scale
create_tensor: loading tensor blk.29.attn_output.scale
create_tensor: loading tensor blk.29.ffn_gate.scale
create_tensor: loading tensor blk.29.ffn_down.scale
create_tensor: loading tensor blk.29.ffn_up.scale
create_tensor: loading tensor blk.29.ffn_down_exps.scale
create_tensor: loading tensor blk.29.attn_q.input_scale
create_tensor: loading tensor blk.29.attn_k.input_scale
create_tensor: loading tensor blk.29.attn_output.input_scale
create_tensor: loading tensor blk.29.ffn_gate.input_scale
create_tensor: loading tensor blk.29.ffn_down.input_scale
create_tensor: loading tensor blk.29.ffn_up.input_scale
create_tensor: loading tensor blk.29.ffn_down_exps.input_scale
done_getting_tensors: tensor 'token_embd.weight' (q6_K) (and 662 others) cannot be used with preferred buffer type CUDA_Host, using CPU instead
load_tensors: offloading 0 repeating layers to GPU
load_tensors: offloaded 0/31 layers to GPU
load_tensors:   CPU_Mapped model buffer size = 13755.36 MiB
...................................................................
llama_model_loader: loaded meta data with 52 key-value pairs and 658 tensors from models/gemma-4-26B_q4_0-it.gguf (version GGUF V3 (latest))
llama_model_loader: Dumping metadata keys/values. Note: KV overrides do not apply in this output.
llama_model_loader: - kv   0:                       general.architecture str              = gemma4
llama_model_loader: - kv   1:                               general.type str              = model
llama_model_loader: - kv   2:                     general.sampling.top_k i32              = 64
llama_model_loader: - kv   3:                     general.sampling.top_p f32              = 0.950000
llama_model_loader: - kv   4:                      general.sampling.temp f32              = 1.000000
llama_model_loader: - kv   5:                               general.name str              = Hf
llama_model_loader: - kv   6:                         general.size_label str              = 128x2.6B
llama_model_loader: - kv   7:                            general.license str              = apache-2.0
llama_model_loader: - kv   8:                       general.license.link str              = https://ai.google.dev/gemma/docs/gemm...
llama_model_loader: - kv   9:                   general.base_model.count u32              = 1
llama_model_loader: - kv  10:                  general.base_model.0.name str              = Gemma 4 26B A4B It
llama_model_loader: - kv  11:          general.base_model.0.organization str              = Google
llama_model_loader: - kv  12:              general.base_model.0.repo_url str              = https://huggingface.co/google/gemma-4...
llama_model_loader: - kv  13:                               general.tags arr[str,1]       = ["image-text-to-text"]
llama_model_loader: - kv  14:                         gemma4.block_count u32              = 30
llama_model_loader: - kv  15:                      gemma4.context_length u32              = 262144
llama_model_loader: - kv  16:                    gemma4.embedding_length u32              = 2816
llama_model_loader: - kv  17:                 gemma4.feed_forward_length u32              = 2112
llama_model_loader: - kv  18:                gemma4.attention.head_count u32              = 16
llama_model_loader: - kv  19:             gemma4.attention.head_count_kv arr[i32,30]      = [8, 8, 8, 8, 8, 2, 8, 8, 8, 8, 8, 2, ...
llama_model_loader: - kv  20:                      gemma4.rope.freq_base f32              = 1000000.000000
llama_model_loader: - kv  21:                  gemma4.rope.freq_base_swa f32              = 10000.000000
llama_model_loader: - kv  22:    gemma4.attention.layer_norm_rms_epsilon f32              = 0.000001
llama_model_loader: - kv  23:                        gemma4.expert_count u32              = 128
llama_model_loader: - kv  24:                   gemma4.expert_used_count u32              = 8
llama_model_loader: - kv  25:                gemma4.attention.key_length u32              = 512
llama_model_loader: - kv  26:              gemma4.attention.value_length u32              = 512
llama_model_loader: - kv  27:             gemma4.final_logit_softcapping f32              = 30.000000
llama_model_loader: - kv  28:            gemma4.attention.sliding_window u32              = 1024
llama_model_loader: - kv  29:          gemma4.attention.shared_kv_layers u32              = 0
llama_model_loader: - kv  30:    gemma4.embedding_length_per_layer_input u32              = 0
llama_model_loader: - kv  31:    gemma4.attention.sliding_window_pattern arr[bool,30]     = [true, true, true, true, true, false,...
llama_model_loader: - kv  32:            gemma4.attention.key_length_swa u32              = 256
llama_model_loader: - kv  33:          gemma4.attention.value_length_swa u32              = 256
llama_model_loader: - kv  34:          gemma4.expert_feed_forward_length u32              = 704
llama_model_loader: - kv  35:                gemma4.rope.dimension_count u32              = 512
llama_model_loader: - kv  36:            gemma4.rope.dimension_count_swa u32              = 256
llama_model_loader: - kv  37:                       tokenizer.ggml.model str              = gemma4
llama_model_loader: - kv  38:                      tokenizer.ggml.tokens arr[str,262144]  = ["<pad>", "<eos>", "<bos>", "<unk>", ...
llama_model_loader: - kv  39:                      tokenizer.ggml.scores arr[f32,262144]  = [-1000.000000, -1000.000000, -1000.00...
llama_model_loader: - kv  40:                  tokenizer.ggml.token_type arr[i32,262144]  = [3, 3, 3, 3, 3, 1, 1, 1, 1, 1, 1, 1, ...
llama_model_loader: - kv  41:                      tokenizer.ggml.merges arr[str,514906]  = ["\n\n\n\n\n\n\n\n\n\n\n\n\n\n\n\n\n\n\n\n\n\n\n\n\n\n\n\n\n\n \n", ...
llama_model_loader: - kv  42:                tokenizer.ggml.bos_token_id u32              = 2
llama_model_loader: - kv  43:                tokenizer.ggml.eos_token_id u32              = 1
llama_model_loader: - kv  44:            tokenizer.ggml.unknown_token_id u32              = 3
llama_model_loader: - kv  45:            tokenizer.ggml.padding_token_id u32              = 0
llama_model_loader: - kv  46:               tokenizer.ggml.mask_token_id u32              = 4
llama_model_loader: - kv  47:                    tokenizer.chat_template str              = {#\n  Template: Google Gemma 4 Canonic...
llama_model_loader: - kv  48:            tokenizer.ggml.add_space_prefix bool             = false
llama_model_loader: - kv  49:               tokenizer.ggml.add_bos_token bool             = true
llama_model_loader: - kv  50:               general.quantization_version u32              = 2
llama_model_loader: - kv  51:                          general.file_type u32              = 2
llama_model_loader: - type  f32:  392 tensors
llama_model_loader: - type q4_0:  265 tensors
llama_model_loader: - type q6_K:    1 tensors
print_info: file format = GGUF V3 (latest)
print_info: file type   = Q4_0
print_info: file size   = 13.43 GiB (4.57 BPW) 
llama_prepare_model_devices: using device CUDA0 (NVIDIA GeForce RTX 4060 Laptop GPU) (0000:01:00.0) - 7106 MiB free
init_tokenizer: initializing tokenizer for type 2
load: 0 unused tokens
load: control token:      0 '<pad>' is not marked as EOG
load: control token:      3 '<unk>' is not marked as EOG
load: control token:      2 '<bos>' is not marked as EOG
load: control token:      4 '<mask>' is not marked as EOG
load: control token:     47 '<tool|>' is not marked as EOG
load: control token:     98 '<|think|>' is not marked as EOG
load: control token:     46 '<|tool>' is not marked as EOG
load: control-looking token:     50 '<|tool_response>' was not control-type; this is probably a bug in the model. its type will be overridden
load: control token:    105 '<|turn>' is not marked as EOG
load: control-looking token:    212 '</s>' was not control-type; this is probably a bug in the model. its type will be overridden
load: control token: 258880 '<|image|>' is not marked as EOG
load: control token: 258882 '<image|>' is not marked as EOG
load: control token: 256000 '<|audio>' is not marked as EOG
load: control token: 258883 '<audio|>' is not marked as EOG
load: control token: 258884 '<|video|>' is not marked as EOG
load: control token: 255999 '<|image>' is not marked as EOG
load: control token: 258881 '<|audio|>' is not marked as EOG
load: printing all EOG tokens:
load:   - 1 ('<eos>')
load:   - 50 ('<|tool_response>')
load:   - 106 ('<turn|>')
load:   - 212 ('</s>')
load: special_eog_ids contains '<|tool_response>', removing '</s>' token from EOG list
load: special tokens cache size = 24
load: token to piece cache size = 1.9445 MB
print_info: arch                  = gemma4
print_info: vocab_only            = 0
print_info: no_alloc              = 0
print_info: n_ctx_train           = 262144
print_info: n_embd_inp            = 2816
print_info: n_embd                = 2816
print_info: n_embd_out            = 2816
print_info: n_layer               = 30
print_info: n_layer_all           = 30
print_info: n_head                = 16
print_info: n_head_kv             = [8, 8, 8, 8, 8, 2, 8, 8, 8, 8, 8, 2, 8, 8, 8, 8, 8, 2, 8, 8, 8, 8, 8, 2, 8, 8, 8, 8, 8, 2]
print_info: n_rot                 = 512
print_info: n_swa                 = 1024
print_info: is_swa_any            = 1
print_info: n_embd_head_k         = 512
print_info: n_embd_head_v         = 512
print_info: n_gqa                 = [2, 2, 2, 2, 2, 8, 2, 2, 2, 2, 2, 8, 2, 2, 2, 2, 2, 8, 2, 2, 2, 2, 2, 8, 2, 2, 2, 2, 2, 8]
print_info: n_embd_k_gqa          = [2048, 2048, 2048, 2048, 2048, 1024, 2048, 2048, 2048, 2048, 2048, 1024, 2048, 2048, 2048, 2048, 2048, 1024, 2048, 2048, 2048, 2048, 2048, 1024, 2048, 2048, 2048, 2048, 2048, 1024]
print_info: n_embd_v_gqa          = [2048, 2048, 2048, 2048, 2048, 1024, 2048, 2048, 2048, 2048, 2048, 1024, 2048, 2048, 2048, 2048, 2048, 1024, 2048, 2048, 2048, 2048, 2048, 1024, 2048, 2048, 2048, 2048, 2048, 1024]
print_info: f_norm_eps            = 0.0e+00
print_info: f_norm_rms_eps        = 1.0e-06
print_info: f_clamp_kqv           = 0.0e+00
print_info: f_max_alibi_bias      = 0.0e+00
print_info: f_logit_scale         = 0.0e+00
print_info: f_attn_scale          = 1.0e+00
print_info: f_attn_value_scale    = 0.0000
print_info: n_ff                  = 2112
print_info: n_expert              = 128
print_info: n_expert_used         = 8
print_info: n_expert_groups       = 0
print_info: n_group_used          = 0
print_info: causal attn           = 1
print_info: pooling type          = -1
print_info: rope type             = 2
print_info: rope scaling          = linear
print_info: freq_base_train       = 1000000.0
print_info: freq_scale_train      = 1
print_info: freq_base_swa         = 10000.0
print_info: freq_scale_swa        = 1
print_info: n_embd_head_k_swa     = 256
print_info: n_embd_head_v_swa     = 256
print_info: n_rot_swa             = 256
print_info: n_ctx_orig_yarn       = 262144
print_info: rope_yarn_log_mul     = 0.0000
print_info: rope_finetuned        = unknown
print_info: model type            = 26B.A4B
print_info: model params          = 25.23 B
print_info: general.name          = Hf
print_info: vocab type            = BPE
print_info: n_vocab               = 262144
print_info: n_merges              = 514906
print_info: BOS token             = 2 '<bos>'
print_info: EOS token             = 1 '<eos>'
print_info: UNK token             = 3 '<unk>'
print_info: PAD token             = 0 '<pad>'
print_info: MASK token            = 4 '<mask>'
print_info: LF token              = 107 '
'
print_info: EOG token             = 1 '<eos>'
print_info: EOG token             = 50 '<|tool_response>'
print_info: EOG token             = 106 '<turn|>'
print_info: max token length      = 93
load_tensors: loading model tensors, this can take a while... (load_mode = mmap)
load_tensors: layer   0 assigned to device CPU, is_swa = 1
load_tensors: layer   1 assigned to device CPU, is_swa = 1
load_tensors: layer   2 assigned to device CPU, is_swa = 1
load_tensors: layer   3 assigned to device CPU, is_swa = 1
load_tensors: layer   4 assigned to device CPU, is_swa = 1
load_tensors: layer   5 assigned to device CPU, is_swa = 0
load_tensors: layer   6 assigned to device CPU, is_swa = 1
load_tensors: layer   7 assigned to device CPU, is_swa = 1
load_tensors: layer   8 assigned to device CPU, is_swa = 1
load_tensors: layer   9 assigned to device CPU, is_swa = 1
load_tensors: layer  10 assigned to device CPU, is_swa = 1
load_tensors: layer  11 assigned to device CPU, is_swa = 0
load_tensors: layer  12 assigned to device CPU, is_swa = 1
load_tensors: layer  13 assigned to device CPU, is_swa = 1
load_tensors: layer  14 assigned to device CPU, is_swa = 1
load_tensors: layer  15 assigned to device CPU, is_swa = 1
load_tensors: layer  16 assigned to device CPU, is_swa = 1
load_tensors: layer  17 assigned to device CPU, is_swa = 0
load_tensors: layer  18 assigned to device CPU, is_swa = 1
load_tensors: layer  19 assigned to device CPU, is_swa = 1
load_tensors: layer  20 assigned to device CPU, is_swa = 1
load_tensors: layer  21 assigned to device CPU, is_swa = 1
load_tensors: layer  22 assigned to device CPU, is_swa = 1
load_tensors: layer  23 assigned to device CPU, is_swa = 0
load_tensors: layer  24 assigned to device CPU, is_swa = 1
load_tensors: layer  25 assigned to device CPU, is_swa = 1
load_tensors: layer  26 assigned to device CPU, is_swa = 1
load_tensors: layer  27 assigned to device CPU, is_swa = 1
load_tensors: layer  28 assigned to device CPU, is_swa = 1
load_tensors: layer  29 assigned to device CPU, is_swa = 0
load_tensors: layer  30 assigned to device CPU, is_swa = 0
create_tensor: loading tensor output.weight
create_tensor: loading tensor token_embd.weight
create_tensor: loading tensor token_embd.weight
create_tensor: loading tensor output_norm.weight
create_tensor: loading tensor blk.0.attn_norm.weight
create_tensor: loading tensor blk.0.attn_q.weight
create_tensor: loading tensor blk.0.attn_k.weight
create_tensor: loading tensor blk.0.attn_v.weight
create_tensor: loading tensor blk.0.attn_output.weight
create_tensor: loading tensor blk.0.attn_q_norm.weight
create_tensor: loading tensor blk.0.attn_k_norm.weight
create_tensor: loading tensor blk.0.post_attention_norm.weight
create_tensor: loading tensor blk.0.layer_output_scale.weight
create_tensor: loading tensor blk.0.ffn_norm.weight
create_tensor: loading tensor blk.0.ffn_gate.weight
create_tensor: loading tensor blk.0.ffn_up.weight
create_tensor: loading tensor blk.0.ffn_down.weight
create_tensor: loading tensor blk.0.post_ffw_norm.weight
create_tensor: loading tensor blk.0.ffn_gate_inp.weight
create_tensor: loading tensor blk.0.ffn_gate_inp.scale
create_tensor: loading tensor blk.0.pre_ffw_norm_2.weight
create_tensor: loading tensor blk.0.post_ffw_norm_1.weight
create_tensor: loading tensor blk.0.post_ffw_norm_2.weight
create_tensor: loading tensor blk.0.ffn_gate_up_exps.weight
create_tensor: loading tensor blk.0.ffn_down_exps.weight
create_tensor: loading tensor blk.1.attn_norm.weight
create_tensor: loading tensor blk.1.attn_q.weight
create_tensor: loading tensor blk.1.attn_k.weight
create_tensor: loading tensor blk.1.attn_v.weight
create_tensor: loading tensor blk.1.attn_output.weight
create_tensor: loading tensor blk.1.attn_q_norm.weight
create_tensor: loading tensor blk.1.attn_k_norm.weight
create_tensor: loading tensor blk.1.post_attention_norm.weight
create_tensor: loading tensor blk.1.layer_output_scale.weight
create_tensor: loading tensor blk.1.ffn_norm.weight
create_tensor: loading tensor blk.1.ffn_gate.weight
create_tensor: loading tensor blk.1.ffn_up.weight
create_tensor: loading tensor blk.1.ffn_down.weight
create_tensor: loading tensor blk.1.post_ffw_norm.weight
create_tensor: loading tensor blk.1.ffn_gate_inp.weight
create_tensor: loading tensor blk.1.ffn_gate_inp.scale
create_tensor: loading tensor blk.1.pre_ffw_norm_2.weight
create_tensor: loading tensor blk.1.post_ffw_norm_1.weight
create_tensor: loading tensor blk.1.post_ffw_norm_2.weight
create_tensor: loading tensor blk.1.ffn_gate_up_exps.weight
create_tensor: loading tensor blk.1.ffn_down_exps.weight
create_tensor: loading tensor blk.2.attn_norm.weight
create_tensor: loading tensor blk.2.attn_q.weight
create_tensor: loading tensor blk.2.attn_k.weight
create_tensor: loading tensor blk.2.attn_v.weight
create_tensor: loading tensor blk.2.attn_output.weight
create_tensor: loading tensor blk.2.attn_q_norm.weight
create_tensor: loading tensor blk.2.attn_k_norm.weight
create_tensor: loading tensor blk.2.post_attention_norm.weight
create_tensor: loading tensor blk.2.layer_output_scale.weight
create_tensor: loading tensor blk.2.ffn_norm.weight
create_tensor: loading tensor blk.2.ffn_gate.weight
create_tensor: loading tensor blk.2.ffn_up.weight
create_tensor: loading tensor blk.2.ffn_down.weight
create_tensor: loading tensor blk.2.post_ffw_norm.weight
create_tensor: loading tensor blk.2.ffn_gate_inp.weight
create_tensor: loading tensor blk.2.ffn_gate_inp.scale
create_tensor: loading tensor blk.2.pre_ffw_norm_2.weight
create_tensor: loading tensor blk.2.post_ffw_norm_1.weight
create_tensor: loading tensor blk.2.post_ffw_norm_2.weight
create_tensor: loading tensor blk.2.ffn_gate_up_exps.weight
create_tensor: loading tensor blk.2.ffn_down_exps.weight
create_tensor: loading tensor blk.3.attn_norm.weight
create_tensor: loading tensor blk.3.attn_q.weight
create_tensor: loading tensor blk.3.attn_k.weight
create_tensor: loading tensor blk.3.attn_v.weight
create_tensor: loading tensor blk.3.attn_output.weight
create_tensor: loading tensor blk.3.attn_q_norm.weight
create_tensor: loading tensor blk.3.attn_k_norm.weight
create_tensor: loading tensor blk.3.post_attention_norm.weight
create_tensor: loading tensor blk.3.layer_output_scale.weight
create_tensor: loading tensor blk.3.ffn_norm.weight
create_tensor: loading tensor blk.3.ffn_gate.weight
create_tensor: loading tensor blk.3.ffn_up.weight
create_tensor: loading tensor blk.3.ffn_down.weight
create_tensor: loading tensor blk.3.post_ffw_norm.weight
create_tensor: loading tensor blk.3.ffn_gate_inp.weight
create_tensor: loading tensor blk.3.ffn_gate_inp.scale
create_tensor: loading tensor blk.3.pre_ffw_norm_2.weight
create_tensor: loading tensor blk.3.post_ffw_norm_1.weight
create_tensor: loading tensor blk.3.post_ffw_norm_2.weight
create_tensor: loading tensor blk.3.ffn_gate_up_exps.weight
create_tensor: loading tensor blk.3.ffn_down_exps.weight
create_tensor: loading tensor blk.4.attn_norm.weight
create_tensor: loading tensor blk.4.attn_q.weight
create_tensor: loading tensor blk.4.attn_k.weight
create_tensor: loading tensor blk.4.attn_v.weight
create_tensor: loading tensor blk.4.attn_output.weight
create_tensor: loading tensor blk.4.attn_q_norm.weight
create_tensor: loading tensor blk.4.attn_k_norm.weight
create_tensor: loading tensor blk.4.post_attention_norm.weight
create_tensor: loading tensor blk.4.layer_output_scale.weight
create_tensor: loading tensor blk.4.ffn_norm.weight
create_tensor: loading tensor blk.4.ffn_gate.weight
create_tensor: loading tensor blk.4.ffn_up.weight
create_tensor: loading tensor blk.4.ffn_down.weight
create_tensor: loading tensor blk.4.post_ffw_norm.weight
create_tensor: loading tensor blk.4.ffn_gate_inp.weight
create_tensor: loading tensor blk.4.ffn_gate_inp.scale
create_tensor: loading tensor blk.4.pre_ffw_norm_2.weight
create_tensor: loading tensor blk.4.post_ffw_norm_1.weight
create_tensor: loading tensor blk.4.post_ffw_norm_2.weight
create_tensor: loading tensor blk.4.ffn_gate_up_exps.weight
create_tensor: loading tensor blk.4.ffn_down_exps.weight
create_tensor: loading tensor blk.5.attn_norm.weight
create_tensor: loading tensor blk.5.attn_q.weight
create_tensor: loading tensor blk.5.attn_k.weight
create_tensor: loading tensor blk.5.attn_v.weight
create_tensor: loading tensor blk.5.attn_output.weight
create_tensor: loading tensor blk.5.attn_q_norm.weight
create_tensor: loading tensor blk.5.attn_k_norm.weight
create_tensor: loading tensor blk.5.post_attention_norm.weight
create_tensor: loading tensor blk.5.layer_output_scale.weight
create_tensor: loading tensor rope_freqs.weight
create_tensor: loading tensor blk.5.ffn_norm.weight
create_tensor: loading tensor blk.5.ffn_gate.weight
create_tensor: loading tensor blk.5.ffn_up.weight
create_tensor: loading tensor blk.5.ffn_down.weight
create_tensor: loading tensor blk.5.post_ffw_norm.weight
create_tensor: loading tensor blk.5.ffn_gate_inp.weight
create_tensor: loading tensor blk.5.ffn_gate_inp.scale
create_tensor: loading tensor blk.5.pre_ffw_norm_2.weight
create_tensor: loading tensor blk.5.post_ffw_norm_1.weight
create_tensor: loading tensor blk.5.post_ffw_norm_2.weight
create_tensor: loading tensor blk.5.ffn_gate_up_exps.weight
create_tensor: loading tensor blk.5.ffn_down_exps.weight
create_tensor: loading tensor blk.6.attn_norm.weight
create_tensor: loading tensor blk.6.attn_q.weight
create_tensor: loading tensor blk.6.attn_k.weight
create_tensor: loading tensor blk.6.attn_v.weight
create_tensor: loading tensor blk.6.attn_output.weight
create_tensor: loading tensor blk.6.attn_q_norm.weight
create_tensor: loading tensor blk.6.attn_k_norm.weight
create_tensor: loading tensor blk.6.post_attention_norm.weight
create_tensor: loading tensor blk.6.layer_output_scale.weight
create_tensor: loading tensor blk.6.ffn_norm.weight
create_tensor: loading tensor blk.6.ffn_gate.weight
create_tensor: loading tensor blk.6.ffn_up.weight
create_tensor: loading tensor blk.6.ffn_down.weight
create_tensor: loading tensor blk.6.post_ffw_norm.weight
create_tensor: loading tensor blk.6.ffn_gate_inp.weight
create_tensor: loading tensor blk.6.ffn_gate_inp.scale
create_tensor: loading tensor blk.6.pre_ffw_norm_2.weight
create_tensor: loading tensor blk.6.post_ffw_norm_1.weight
create_tensor: loading tensor blk.6.post_ffw_norm_2.weight
create_tensor: loading tensor blk.6.ffn_gate_up_exps.weight
create_tensor: loading tensor blk.6.ffn_down_exps.weight
create_tensor: loading tensor blk.7.attn_norm.weight
create_tensor: loading tensor blk.7.attn_q.weight
create_tensor: loading tensor blk.7.attn_k.weight
create_tensor: loading tensor blk.7.attn_v.weight
create_tensor: loading tensor blk.7.attn_output.weight
create_tensor: loading tensor blk.7.attn_q_norm.weight
create_tensor: loading tensor blk.7.attn_k_norm.weight
create_tensor: loading tensor blk.7.post_attention_norm.weight
create_tensor: loading tensor blk.7.layer_output_scale.weight
create_tensor: loading tensor blk.7.ffn_norm.weight
create_tensor: loading tensor blk.7.ffn_gate.weight
create_tensor: loading tensor blk.7.ffn_up.weight
create_tensor: loading tensor blk.7.ffn_down.weight
create_tensor: loading tensor blk.7.post_ffw_norm.weight
create_tensor: loading tensor blk.7.ffn_gate_inp.weight
create_tensor: loading tensor blk.7.ffn_gate_inp.scale
create_tensor: loading tensor blk.7.pre_ffw_norm_2.weight
create_tensor: loading tensor blk.7.post_ffw_norm_1.weight
create_tensor: loading tensor blk.7.post_ffw_norm_2.weight
create_tensor: loading tensor blk.7.ffn_gate_up_exps.weight
create_tensor: loading tensor blk.7.ffn_down_exps.weight
create_tensor: loading tensor blk.8.attn_norm.weight
create_tensor: loading tensor blk.8.attn_q.weight
create_tensor: loading tensor blk.8.attn_k.weight
create_tensor: loading tensor blk.8.attn_v.weight
create_tensor: loading tensor blk.8.attn_output.weight
create_tensor: loading tensor blk.8.attn_q_norm.weight
create_tensor: loading tensor blk.8.attn_k_norm.weight
create_tensor: loading tensor blk.8.post_attention_norm.weight
create_tensor: loading tensor blk.8.layer_output_scale.weight
create_tensor: loading tensor blk.8.ffn_norm.weight
create_tensor: loading tensor blk.8.ffn_gate.weight
create_tensor: loading tensor blk.8.ffn_up.weight
create_tensor: loading tensor blk.8.ffn_down.weight
create_tensor: loading tensor blk.8.post_ffw_norm.weight
create_tensor: loading tensor blk.8.ffn_gate_inp.weight
create_tensor: loading tensor blk.8.ffn_gate_inp.scale
create_tensor: loading tensor blk.8.pre_ffw_norm_2.weight
create_tensor: loading tensor blk.8.post_ffw_norm_1.weight
create_tensor: loading tensor blk.8.post_ffw_norm_2.weight
create_tensor: loading tensor blk.8.ffn_gate_up_exps.weight
create_tensor: loading tensor blk.8.ffn_down_exps.weight
create_tensor: loading tensor blk.9.attn_norm.weight
create_tensor: loading tensor blk.9.attn_q.weight
create_tensor: loading tensor blk.9.attn_k.weight
create_tensor: loading tensor blk.9.attn_v.weight
create_tensor: loading tensor blk.9.attn_output.weight
create_tensor: loading tensor blk.9.attn_q_norm.weight
create_tensor: loading tensor blk.9.attn_k_norm.weight
create_tensor: loading tensor blk.9.post_attention_norm.weight
create_tensor: loading tensor blk.9.layer_output_scale.weight
create_tensor: loading tensor blk.9.ffn_norm.weight
create_tensor: loading tensor blk.9.ffn_gate.weight
create_tensor: loading tensor blk.9.ffn_up.weight
create_tensor: loading tensor blk.9.ffn_down.weight
create_tensor: loading tensor blk.9.post_ffw_norm.weight
create_tensor: loading tensor blk.9.ffn_gate_inp.weight
create_tensor: loading tensor blk.9.ffn_gate_inp.scale
create_tensor: loading tensor blk.9.pre_ffw_norm_2.weight
create_tensor: loading tensor blk.9.post_ffw_norm_1.weight
create_tensor: loading tensor blk.9.post_ffw_norm_2.weight
create_tensor: loading tensor blk.9.ffn_gate_up_exps.weight
create_tensor: loading tensor blk.9.ffn_down_exps.weight
create_tensor: loading tensor blk.10.attn_norm.weight
create_tensor: loading tensor blk.10.attn_q.weight
create_tensor: loading tensor blk.10.attn_k.weight
create_tensor: loading tensor blk.10.attn_v.weight
create_tensor: loading tensor blk.10.attn_output.weight
create_tensor: loading tensor blk.10.attn_q_norm.weight
create_tensor: loading tensor blk.10.attn_k_norm.weight
create_tensor: loading tensor blk.10.post_attention_norm.weight
create_tensor: loading tensor blk.10.layer_output_scale.weight
create_tensor: loading tensor blk.10.ffn_norm.weight
create_tensor: loading tensor blk.10.ffn_gate.weight
create_tensor: loading tensor blk.10.ffn_up.weight
create_tensor: loading tensor blk.10.ffn_down.weight
create_tensor: loading tensor blk.10.post_ffw_norm.weight
create_tensor: loading tensor blk.10.ffn_gate_inp.weight
create_tensor: loading tensor blk.10.ffn_gate_inp.scale
create_tensor: loading tensor blk.10.pre_ffw_norm_2.weight
create_tensor: loading tensor blk.10.post_ffw_norm_1.weight
create_tensor: loading tensor blk.10.post_ffw_norm_2.weight
create_tensor: loading tensor blk.10.ffn_gate_up_exps.weight
create_tensor: loading tensor blk.10.ffn_down_exps.weight
create_tensor: loading tensor blk.11.attn_norm.weight
create_tensor: loading tensor blk.11.attn_q.weight
create_tensor: loading tensor blk.11.attn_k.weight
create_tensor: loading tensor blk.11.attn_v.weight
create_tensor: loading tensor blk.11.attn_output.weight
create_tensor: loading tensor blk.11.attn_q_norm.weight
create_tensor: loading tensor blk.11.attn_k_norm.weight
create_tensor: loading tensor blk.11.post_attention_norm.weight
create_tensor: loading tensor blk.11.layer_output_scale.weight
create_tensor: loading tensor rope_freqs.weight
create_tensor: loading tensor blk.11.ffn_norm.weight
create_tensor: loading tensor blk.11.ffn_gate.weight
create_tensor: loading tensor blk.11.ffn_up.weight
create_tensor: loading tensor blk.11.ffn_down.weight
create_tensor: loading tensor blk.11.post_ffw_norm.weight
create_tensor: loading tensor blk.11.ffn_gate_inp.weight
create_tensor: loading tensor blk.11.ffn_gate_inp.scale
create_tensor: loading tensor blk.11.pre_ffw_norm_2.weight
create_tensor: loading tensor blk.11.post_ffw_norm_1.weight
create_tensor: loading tensor blk.11.post_ffw_norm_2.weight
create_tensor: loading tensor blk.11.ffn_gate_up_exps.weight
create_tensor: loading tensor blk.11.ffn_down_exps.weight
create_tensor: loading tensor blk.12.attn_norm.weight
create_tensor: loading tensor blk.12.attn_q.weight
create_tensor: loading tensor blk.12.attn_k.weight
create_tensor: loading tensor blk.12.attn_v.weight
create_tensor: loading tensor blk.12.attn_output.weight
create_tensor: loading tensor blk.12.attn_q_norm.weight
create_tensor: loading tensor blk.12.attn_k_norm.weight
create_tensor: loading tensor blk.12.post_attention_norm.weight
create_tensor: loading tensor blk.12.layer_output_scale.weight
create_tensor: loading tensor blk.12.ffn_norm.weight
create_tensor: loading tensor blk.12.ffn_gate.weight
create_tensor: loading tensor blk.12.ffn_up.weight
create_tensor: loading tensor blk.12.ffn_down.weight
create_tensor: loading tensor blk.12.post_ffw_norm.weight
create_tensor: loading tensor blk.12.ffn_gate_inp.weight
create_tensor: loading tensor blk.12.ffn_gate_inp.scale
create_tensor: loading tensor blk.12.pre_ffw_norm_2.weight
create_tensor: loading tensor blk.12.post_ffw_norm_1.weight
create_tensor: loading tensor blk.12.post_ffw_norm_2.weight
create_tensor: loading tensor blk.12.ffn_gate_up_exps.weight
create_tensor: loading tensor blk.12.ffn_down_exps.weight
create_tensor: loading tensor blk.13.attn_norm.weight
create_tensor: loading tensor blk.13.attn_q.weight
create_tensor: loading tensor blk.13.attn_k.weight
create_tensor: loading tensor blk.13.attn_v.weight
create_tensor: loading tensor blk.13.attn_output.weight
create_tensor: loading tensor blk.13.attn_q_norm.weight
create_tensor: loading tensor blk.13.attn_k_norm.weight
create_tensor: loading tensor blk.13.post_attention_norm.weight
create_tensor: loading tensor blk.13.layer_output_scale.weight
create_tensor: loading tensor blk.13.ffn_norm.weight
create_tensor: loading tensor blk.13.ffn_gate.weight
create_tensor: loading tensor blk.13.ffn_up.weight
create_tensor: loading tensor blk.13.ffn_down.weight
create_tensor: loading tensor blk.13.post_ffw_norm.weight
create_tensor: loading tensor blk.13.ffn_gate_inp.weight
create_tensor: loading tensor blk.13.ffn_gate_inp.scale
create_tensor: loading tensor blk.13.pre_ffw_norm_2.weight
create_tensor: loading tensor blk.13.post_ffw_norm_1.weight
create_tensor: loading tensor blk.13.post_ffw_norm_2.weight
create_tensor: loading tensor blk.13.ffn_gate_up_exps.weight
create_tensor: loading tensor blk.13.ffn_down_exps.weight
create_tensor: loading tensor blk.14.attn_norm.weight
create_tensor: loading tensor blk.14.attn_q.weight
create_tensor: loading tensor blk.14.attn_k.weight
create_tensor: loading tensor blk.14.attn_v.weight
create_tensor: loading tensor blk.14.attn_output.weight
create_tensor: loading tensor blk.14.attn_q_norm.weight
create_tensor: loading tensor blk.14.attn_k_norm.weight
create_tensor: loading tensor blk.14.post_attention_norm.weight
create_tensor: loading tensor blk.14.layer_output_scale.weight
create_tensor: loading tensor blk.14.ffn_norm.weight
create_tensor: loading tensor blk.14.ffn_gate.weight
create_tensor: loading tensor blk.14.ffn_up.weight
create_tensor: loading tensor blk.14.ffn_down.weight
create_tensor: loading tensor blk.14.post_ffw_norm.weight
create_tensor: loading tensor blk.14.ffn_gate_inp.weight
create_tensor: loading tensor blk.14.ffn_gate_inp.scale
create_tensor: loading tensor blk.14.pre_ffw_norm_2.weight
create_tensor: loading tensor blk.14.post_ffw_norm_1.weight
create_tensor: loading tensor blk.14.post_ffw_norm_2.weight
create_tensor: loading tensor blk.14.ffn_gate_up_exps.weight
create_tensor: loading tensor blk.14.ffn_down_exps.weight
create_tensor: loading tensor blk.15.attn_norm.weight
create_tensor: loading tensor blk.15.attn_q.weight
create_tensor: loading tensor blk.15.attn_k.weight
create_tensor: loading tensor blk.15.attn_v.weight
create_tensor: loading tensor blk.15.attn_output.weight
create_tensor: loading tensor blk.15.attn_q_norm.weight
create_tensor: loading tensor blk.15.attn_k_norm.weight
create_tensor: loading tensor blk.15.post_attention_norm.weight
create_tensor: loading tensor blk.15.layer_output_scale.weight
create_tensor: loading tensor blk.15.ffn_norm.weight
create_tensor: loading tensor blk.15.ffn_gate.weight
create_tensor: loading tensor blk.15.ffn_up.weight
create_tensor: loading tensor blk.15.ffn_down.weight
create_tensor: loading tensor blk.15.post_ffw_norm.weight
create_tensor: loading tensor blk.15.ffn_gate_inp.weight
create_tensor: loading tensor blk.15.ffn_gate_inp.scale
create_tensor: loading tensor blk.15.pre_ffw_norm_2.weight
create_tensor: loading tensor blk.15.post_ffw_norm_1.weight
create_tensor: loading tensor blk.15.post_ffw_norm_2.weight
create_tensor: loading tensor blk.15.ffn_gate_up_exps.weight
create_tensor: loading tensor blk.15.ffn_down_exps.weight
create_tensor: loading tensor blk.16.attn_norm.weight
create_tensor: loading tensor blk.16.attn_q.weight
create_tensor: loading tensor blk.16.attn_k.weight
create_tensor: loading tensor blk.16.attn_v.weight
create_tensor: loading tensor blk.16.attn_output.weight
create_tensor: loading tensor blk.16.attn_q_norm.weight
create_tensor: loading tensor blk.16.attn_k_norm.weight
create_tensor: loading tensor blk.16.post_attention_norm.weight
create_tensor: loading tensor blk.16.layer_output_scale.weight
create_tensor: loading tensor blk.16.ffn_norm.weight
create_tensor: loading tensor blk.16.ffn_gate.weight
create_tensor: loading tensor blk.16.ffn_up.weight
create_tensor: loading tensor blk.16.ffn_down.weight
create_tensor: loading tensor blk.16.post_ffw_norm.weight
create_tensor: loading tensor blk.16.ffn_gate_inp.weight
create_tensor: loading tensor blk.16.ffn_gate_inp.scale
create_tensor: loading tensor blk.16.pre_ffw_norm_2.weight
create_tensor: loading tensor blk.16.post_ffw_norm_1.weight
create_tensor: loading tensor blk.16.post_ffw_norm_2.weight
create_tensor: loading tensor blk.16.ffn_gate_up_exps.weight
create_tensor: loading tensor blk.16.ffn_down_exps.weight
create_tensor: loading tensor blk.17.attn_norm.weight
create_tensor: loading tensor blk.17.attn_q.weight
create_tensor: loading tensor blk.17.attn_k.weight
create_tensor: loading tensor blk.17.attn_v.weight
create_tensor: loading tensor blk.17.attn_output.weight
create_tensor: loading tensor blk.17.attn_q_norm.weight
create_tensor: loading tensor blk.17.attn_k_norm.weight
create_tensor: loading tensor blk.17.post_attention_norm.weight
create_tensor: loading tensor blk.17.layer_output_scale.weight
create_tensor: loading tensor rope_freqs.weight
create_tensor: loading tensor blk.17.ffn_norm.weight
create_tensor: loading tensor blk.17.ffn_gate.weight
create_tensor: loading tensor blk.17.ffn_up.weight
create_tensor: loading tensor blk.17.ffn_down.weight
create_tensor: loading tensor blk.17.post_ffw_norm.weight
create_tensor: loading tensor blk.17.ffn_gate_inp.weight
create_tensor: loading tensor blk.17.ffn_gate_inp.scale
create_tensor: loading tensor blk.17.pre_ffw_norm_2.weight
create_tensor: loading tensor blk.17.post_ffw_norm_1.weight
create_tensor: loading tensor blk.17.post_ffw_norm_2.weight
create_tensor: loading tensor blk.17.ffn_gate_up_exps.weight
create_tensor: loading tensor blk.17.ffn_down_exps.weight
create_tensor: loading tensor blk.18.attn_norm.weight
create_tensor: loading tensor blk.18.attn_q.weight
create_tensor: loading tensor blk.18.attn_k.weight
create_tensor: loading tensor blk.18.attn_v.weight
create_tensor: loading tensor blk.18.attn_output.weight
create_tensor: loading tensor blk.18.attn_q_norm.weight
create_tensor: loading tensor blk.18.attn_k_norm.weight
create_tensor: loading tensor blk.18.post_attention_norm.weight
create_tensor: loading tensor blk.18.layer_output_scale.weight
create_tensor: loading tensor blk.18.ffn_norm.weight
create_tensor: loading tensor blk.18.ffn_gate.weight
create_tensor: loading tensor blk.18.ffn_up.weight
create_tensor: loading tensor blk.18.ffn_down.weight
create_tensor: loading tensor blk.18.post_ffw_norm.weight
create_tensor: loading tensor blk.18.ffn_gate_inp.weight
create_tensor: loading tensor blk.18.ffn_gate_inp.scale
create_tensor: loading tensor blk.18.pre_ffw_norm_2.weight
create_tensor: loading tensor blk.18.post_ffw_norm_1.weight
create_tensor: loading tensor blk.18.post_ffw_norm_2.weight
create_tensor: loading tensor blk.18.ffn_gate_up_exps.weight
create_tensor: loading tensor blk.18.ffn_down_exps.weight
create_tensor: loading tensor blk.19.attn_norm.weight
create_tensor: loading tensor blk.19.attn_q.weight
create_tensor: loading tensor blk.19.attn_k.weight
create_tensor: loading tensor blk.19.attn_v.weight
create_tensor: loading tensor blk.19.attn_output.weight
create_tensor: loading tensor blk.19.attn_q_norm.weight
create_tensor: loading tensor blk.19.attn_k_norm.weight
create_tensor: loading tensor blk.19.post_attention_norm.weight
create_tensor: loading tensor blk.19.layer_output_scale.weight
create_tensor: loading tensor blk.19.ffn_norm.weight
create_tensor: loading tensor blk.19.ffn_gate.weight
create_tensor: loading tensor blk.19.ffn_up.weight
create_tensor: loading tensor blk.19.ffn_down.weight
create_tensor: loading tensor blk.19.post_ffw_norm.weight
create_tensor: loading tensor blk.19.ffn_gate_inp.weight
create_tensor: loading tensor blk.19.ffn_gate_inp.scale
create_tensor: loading tensor blk.19.pre_ffw_norm_2.weight
create_tensor: loading tensor blk.19.post_ffw_norm_1.weight
create_tensor: loading tensor blk.19.post_ffw_norm_2.weight
create_tensor: loading tensor blk.19.ffn_gate_up_exps.weight
create_tensor: loading tensor blk.19.ffn_down_exps.weight
create_tensor: loading tensor blk.20.attn_norm.weight
create_tensor: loading tensor blk.20.attn_q.weight
create_tensor: loading tensor blk.20.attn_k.weight
create_tensor: loading tensor blk.20.attn_v.weight
create_tensor: loading tensor blk.20.attn_output.weight
create_tensor: loading tensor blk.20.attn_q_norm.weight
create_tensor: loading tensor blk.20.attn_k_norm.weight
create_tensor: loading tensor blk.20.post_attention_norm.weight
create_tensor: loading tensor blk.20.layer_output_scale.weight
create_tensor: loading tensor blk.20.ffn_norm.weight
create_tensor: loading tensor blk.20.ffn_gate.weight
create_tensor: loading tensor blk.20.ffn_up.weight
create_tensor: loading tensor blk.20.ffn_down.weight
create_tensor: loading tensor blk.20.post_ffw_norm.weight
create_tensor: loading tensor blk.20.ffn_gate_inp.weight
create_tensor: loading tensor blk.20.ffn_gate_inp.scale
create_tensor: loading tensor blk.20.pre_ffw_norm_2.weight
create_tensor: loading tensor blk.20.post_ffw_norm_1.weight
create_tensor: loading tensor blk.20.post_ffw_norm_2.weight
create_tensor: loading tensor blk.20.ffn_gate_up_exps.weight
create_tensor: loading tensor blk.20.ffn_down_exps.weight
create_tensor: loading tensor blk.21.attn_norm.weight
create_tensor: loading tensor blk.21.attn_q.weight
create_tensor: loading tensor blk.21.attn_k.weight
create_tensor: loading tensor blk.21.attn_v.weight
create_tensor: loading tensor blk.21.attn_output.weight
create_tensor: loading tensor blk.21.attn_q_norm.weight
create_tensor: loading tensor blk.21.attn_k_norm.weight
create_tensor: loading tensor blk.21.post_attention_norm.weight
create_tensor: loading tensor blk.21.layer_output_scale.weight
create_tensor: loading tensor blk.21.ffn_norm.weight
create_tensor: loading tensor blk.21.ffn_gate.weight
create_tensor: loading tensor blk.21.ffn_up.weight
create_tensor: loading tensor blk.21.ffn_down.weight
create_tensor: loading tensor blk.21.post_ffw_norm.weight
create_tensor: loading tensor blk.21.ffn_gate_inp.weight
create_tensor: loading tensor blk.21.ffn_gate_inp.scale
create_tensor: loading tensor blk.21.pre_ffw_norm_2.weight
create_tensor: loading tensor blk.21.post_ffw_norm_1.weight
create_tensor: loading tensor blk.21.post_ffw_norm_2.weight
create_tensor: loading tensor blk.21.ffn_gate_up_exps.weight
create_tensor: loading tensor blk.21.ffn_down_exps.weight
create_tensor: loading tensor blk.22.attn_norm.weight
create_tensor: loading tensor blk.22.attn_q.weight
create_tensor: loading tensor blk.22.attn_k.weight
create_tensor: loading tensor blk.22.attn_v.weight
create_tensor: loading tensor blk.22.attn_output.weight
create_tensor: loading tensor blk.22.attn_q_norm.weight
create_tensor: loading tensor blk.22.attn_k_norm.weight
create_tensor: loading tensor blk.22.post_attention_norm.weight
create_tensor: loading tensor blk.22.layer_output_scale.weight
create_tensor: loading tensor blk.22.ffn_norm.weight
create_tensor: loading tensor blk.22.ffn_gate.weight
create_tensor: loading tensor blk.22.ffn_up.weight
create_tensor: loading tensor blk.22.ffn_down.weight
create_tensor: loading tensor blk.22.post_ffw_norm.weight
create_tensor: loading tensor blk.22.ffn_gate_inp.weight
create_tensor: loading tensor blk.22.ffn_gate_inp.scale
create_tensor: loading tensor blk.22.pre_ffw_norm_2.weight
create_tensor: loading tensor blk.22.post_ffw_norm_1.weight
create_tensor: loading tensor blk.22.post_ffw_norm_2.weight
create_tensor: loading tensor blk.22.ffn_gate_up_exps.weight
create_tensor: loading tensor blk.22.ffn_down_exps.weight
create_tensor: loading tensor blk.23.attn_norm.weight
create_tensor: loading tensor blk.23.attn_q.weight
create_tensor: loading tensor blk.23.attn_k.weight
create_tensor: loading tensor blk.23.attn_v.weight
create_tensor: loading tensor blk.23.attn_output.weight
create_tensor: loading tensor blk.23.attn_q_norm.weight
create_tensor: loading tensor blk.23.attn_k_norm.weight
create_tensor: loading tensor blk.23.post_attention_norm.weight
create_tensor: loading tensor blk.23.layer_output_scale.weight
create_tensor: loading tensor rope_freqs.weight
create_tensor: loading tensor blk.23.ffn_norm.weight
create_tensor: loading tensor blk.23.ffn_gate.weight
create_tensor: loading tensor blk.23.ffn_up.weight
create_tensor: loading tensor blk.23.ffn_down.weight
create_tensor: loading tensor blk.23.post_ffw_norm.weight
create_tensor: loading tensor blk.23.ffn_gate_inp.weight
create_tensor: loading tensor blk.23.ffn_gate_inp.scale
create_tensor: loading tensor blk.23.pre_ffw_norm_2.weight
create_tensor: loading tensor blk.23.post_ffw_norm_1.weight
create_tensor: loading tensor blk.23.post_ffw_norm_2.weight
create_tensor: loading tensor blk.23.ffn_gate_up_exps.weight
create_tensor: loading tensor blk.23.ffn_down_exps.weight
create_tensor: loading tensor blk.24.attn_norm.weight
create_tensor: loading tensor blk.24.attn_q.weight
create_tensor: loading tensor blk.24.attn_k.weight
create_tensor: loading tensor blk.24.attn_v.weight
create_tensor: loading tensor blk.24.attn_output.weight
create_tensor: loading tensor blk.24.attn_q_norm.weight
create_tensor: loading tensor blk.24.attn_k_norm.weight
create_tensor: loading tensor blk.24.post_attention_norm.weight
create_tensor: loading tensor blk.24.layer_output_scale.weight
create_tensor: loading tensor blk.24.ffn_norm.weight
create_tensor: loading tensor blk.24.ffn_gate.weight
create_tensor: loading tensor blk.24.ffn_up.weight
create_tensor: loading tensor blk.24.ffn_down.weight
create_tensor: loading tensor blk.24.post_ffw_norm.weight
create_tensor: loading tensor blk.24.ffn_gate_inp.weight
create_tensor: loading tensor blk.24.ffn_gate_inp.scale
create_tensor: loading tensor blk.24.pre_ffw_norm_2.weight
create_tensor: loading tensor blk.24.post_ffw_norm_1.weight
create_tensor: loading tensor blk.24.post_ffw_norm_2.weight
create_tensor: loading tensor blk.24.ffn_gate_up_exps.weight
create_tensor: loading tensor blk.24.ffn_down_exps.weight
create_tensor: loading tensor blk.25.attn_norm.weight
create_tensor: loading tensor blk.25.attn_q.weight
create_tensor: loading tensor blk.25.attn_k.weight
create_tensor: loading tensor blk.25.attn_v.weight
create_tensor: loading tensor blk.25.attn_output.weight
create_tensor: loading tensor blk.25.attn_q_norm.weight
create_tensor: loading tensor blk.25.attn_k_norm.weight
create_tensor: loading tensor blk.25.post_attention_norm.weight
create_tensor: loading tensor blk.25.layer_output_scale.weight
create_tensor: loading tensor blk.25.ffn_norm.weight
create_tensor: loading tensor blk.25.ffn_gate.weight
create_tensor: loading tensor blk.25.ffn_up.weight
create_tensor: loading tensor blk.25.ffn_down.weight
create_tensor: loading tensor blk.25.post_ffw_norm.weight
create_tensor: loading tensor blk.25.ffn_gate_inp.weight
create_tensor: loading tensor blk.25.ffn_gate_inp.scale
create_tensor: loading tensor blk.25.pre_ffw_norm_2.weight
create_tensor: loading tensor blk.25.post_ffw_norm_1.weight
create_tensor: loading tensor blk.25.post_ffw_norm_2.weight
create_tensor: loading tensor blk.25.ffn_gate_up_exps.weight
create_tensor: loading tensor blk.25.ffn_down_exps.weight
create_tensor: loading tensor blk.26.attn_norm.weight
create_tensor: loading tensor blk.26.attn_q.weight
create_tensor: loading tensor blk.26.attn_k.weight
create_tensor: loading tensor blk.26.attn_v.weight
create_tensor: loading tensor blk.26.attn_output.weight
create_tensor: loading tensor blk.26.attn_q_norm.weight
create_tensor: loading tensor blk.26.attn_k_norm.weight
create_tensor: loading tensor blk.26.post_attention_norm.weight
create_tensor: loading tensor blk.26.layer_output_scale.weight
create_tensor: loading tensor blk.26.ffn_norm.weight
create_tensor: loading tensor blk.26.ffn_gate.weight
create_tensor: loading tensor blk.26.ffn_up.weight
create_tensor: loading tensor blk.26.ffn_down.weight
create_tensor: loading tensor blk.26.post_ffw_norm.weight
create_tensor: loading tensor blk.26.ffn_gate_inp.weight
create_tensor: loading tensor blk.26.ffn_gate_inp.scale
create_tensor: loading tensor blk.26.pre_ffw_norm_2.weight
create_tensor: loading tensor blk.26.post_ffw_norm_1.weight
create_tensor: loading tensor blk.26.post_ffw_norm_2.weight
create_tensor: loading tensor blk.26.ffn_gate_up_exps.weight
create_tensor: loading tensor blk.26.ffn_down_exps.weight
create_tensor: loading tensor blk.27.attn_norm.weight
create_tensor: loading tensor blk.27.attn_q.weight
create_tensor: loading tensor blk.27.attn_k.weight
create_tensor: loading tensor blk.27.attn_v.weight
create_tensor: loading tensor blk.27.attn_output.weight
create_tensor: loading tensor blk.27.attn_q_norm.weight
create_tensor: loading tensor blk.27.attn_k_norm.weight
create_tensor: loading tensor blk.27.post_attention_norm.weight
create_tensor: loading tensor blk.27.layer_output_scale.weight
create_tensor: loading tensor blk.27.ffn_norm.weight
create_tensor: loading tensor blk.27.ffn_gate.weight
create_tensor: loading tensor blk.27.ffn_up.weight
create_tensor: loading tensor blk.27.ffn_down.weight
create_tensor: loading tensor blk.27.post_ffw_norm.weight
create_tensor: loading tensor blk.27.ffn_gate_inp.weight
create_tensor: loading tensor blk.27.ffn_gate_inp.scale
create_tensor: loading tensor blk.27.pre_ffw_norm_2.weight
create_tensor: loading tensor blk.27.post_ffw_norm_1.weight
create_tensor: loading tensor blk.27.post_ffw_norm_2.weight
create_tensor: loading tensor blk.27.ffn_gate_up_exps.weight
create_tensor: loading tensor blk.27.ffn_down_exps.weight
create_tensor: loading tensor blk.28.attn_norm.weight
create_tensor: loading tensor blk.28.attn_q.weight
create_tensor: loading tensor blk.28.attn_k.weight
create_tensor: loading tensor blk.28.attn_v.weight
create_tensor: loading tensor blk.28.attn_output.weight
create_tensor: loading tensor blk.28.attn_q_norm.weight
create_tensor: loading tensor blk.28.attn_k_norm.weight
create_tensor: loading tensor blk.28.post_attention_norm.weight
create_tensor: loading tensor blk.28.layer_output_scale.weight
create_tensor: loading tensor blk.28.ffn_norm.weight
create_tensor: loading tensor blk.28.ffn_gate.weight
create_tensor: loading tensor blk.28.ffn_up.weight
create_tensor: loading tensor blk.28.ffn_down.weight
create_tensor: loading tensor blk.28.post_ffw_norm.weight
create_tensor: loading tensor blk.28.ffn_gate_inp.weight
create_tensor: loading tensor blk.28.ffn_gate_inp.scale
create_tensor: loading tensor blk.28.pre_ffw_norm_2.weight
create_tensor: loading tensor blk.28.post_ffw_norm_1.weight
create_tensor: loading tensor blk.28.post_ffw_norm_2.weight
create_tensor: loading tensor blk.28.ffn_gate_up_exps.weight
create_tensor: loading tensor blk.28.ffn_down_exps.weight
create_tensor: loading tensor blk.29.attn_norm.weight
create_tensor: loading tensor blk.29.attn_q.weight
create_tensor: loading tensor blk.29.attn_k.weight
create_tensor: loading tensor blk.29.attn_v.weight
create_tensor: loading tensor blk.29.attn_output.weight
create_tensor: loading tensor blk.29.attn_q_norm.weight
create_tensor: loading tensor blk.29.attn_k_norm.weight
create_tensor: loading tensor blk.29.post_attention_norm.weight
create_tensor: loading tensor blk.29.layer_output_scale.weight
create_tensor: loading tensor rope_freqs.weight
create_tensor: loading tensor blk.29.ffn_norm.weight
create_tensor: loading tensor blk.29.ffn_gate.weight
create_tensor: loading tensor blk.29.ffn_up.weight
create_tensor: loading tensor blk.29.ffn_down.weight
create_tensor: loading tensor blk.29.post_ffw_norm.weight
create_tensor: loading tensor blk.29.ffn_gate_inp.weight
create_tensor: loading tensor blk.29.ffn_gate_inp.scale
create_tensor: loading tensor blk.29.pre_ffw_norm_2.weight
create_tensor: loading tensor blk.29.post_ffw_norm_1.weight
create_tensor: loading tensor blk.29.post_ffw_norm_2.weight
create_tensor: loading tensor blk.29.ffn_gate_up_exps.weight
create_tensor: loading tensor blk.29.ffn_down_exps.weight
create_tensor: loading tensor blk.0.attn_q.scale
create_tensor: loading tensor blk.0.attn_k.scale
create_tensor: loading tensor blk.0.attn_v.scale
create_tensor: loading tensor blk.0.attn_output.scale
create_tensor: loading tensor blk.0.ffn_gate.scale
create_tensor: loading tensor blk.0.ffn_down.scale
create_tensor: loading tensor blk.0.ffn_up.scale
create_tensor: loading tensor blk.0.ffn_down_exps.scale
create_tensor: loading tensor blk.0.attn_q.input_scale
create_tensor: loading tensor blk.0.attn_k.input_scale
create_tensor: loading tensor blk.0.attn_v.input_scale
create_tensor: loading tensor blk.0.attn_output.input_scale
create_tensor: loading tensor blk.0.ffn_gate.input_scale
create_tensor: loading tensor blk.0.ffn_down.input_scale
create_tensor: loading tensor blk.0.ffn_up.input_scale
create_tensor: loading tensor blk.0.ffn_down_exps.input_scale
create_tensor: loading tensor blk.1.attn_q.scale
create_tensor: loading tensor blk.1.attn_k.scale
create_tensor: loading tensor blk.1.attn_v.scale
create_tensor: loading tensor blk.1.attn_output.scale
create_tensor: loading tensor blk.1.ffn_gate.scale
create_tensor: loading tensor blk.1.ffn_down.scale
create_tensor: loading tensor blk.1.ffn_up.scale
create_tensor: loading tensor blk.1.ffn_down_exps.scale
create_tensor: loading tensor blk.1.attn_q.input_scale
create_tensor: loading tensor blk.1.attn_k.input_scale
create_tensor: loading tensor blk.1.attn_v.input_scale
create_tensor: loading tensor blk.1.attn_output.input_scale
create_tensor: loading tensor blk.1.ffn_gate.input_scale
create_tensor: loading tensor blk.1.ffn_down.input_scale
create_tensor: loading tensor blk.1.ffn_up.input_scale
create_tensor: loading tensor blk.1.ffn_down_exps.input_scale
create_tensor: loading tensor blk.2.attn_q.scale
create_tensor: loading tensor blk.2.attn_k.scale
create_tensor: loading tensor blk.2.attn_v.scale
create_tensor: loading tensor blk.2.attn_output.scale
create_tensor: loading tensor blk.2.ffn_gate.scale
create_tensor: loading tensor blk.2.ffn_down.scale
create_tensor: loading tensor blk.2.ffn_up.scale
create_tensor: loading tensor blk.2.ffn_down_exps.scale
create_tensor: loading tensor blk.2.attn_q.input_scale
create_tensor: loading tensor blk.2.attn_k.input_scale
create_tensor: loading tensor blk.2.attn_v.input_scale
create_tensor: loading tensor blk.2.attn_output.input_scale
create_tensor: loading tensor blk.2.ffn_gate.input_scale
create_tensor: loading tensor blk.2.ffn_down.input_scale
create_tensor: loading tensor blk.2.ffn_up.input_scale
create_tensor: loading tensor blk.2.ffn_down_exps.input_scale
create_tensor: loading tensor blk.3.attn_q.scale
create_tensor: loading tensor blk.3.attn_k.scale
create_tensor: loading tensor blk.3.attn_v.scale
create_tensor: loading tensor blk.3.attn_output.scale
create_tensor: loading tensor blk.3.ffn_gate.scale
create_tensor: loading tensor blk.3.ffn_down.scale
create_tensor: loading tensor blk.3.ffn_up.scale
create_tensor: loading tensor blk.3.ffn_down_exps.scale
create_tensor: loading tensor blk.3.attn_q.input_scale
create_tensor: loading tensor blk.3.attn_k.input_scale
create_tensor: loading tensor blk.3.attn_v.input_scale
create_tensor: loading tensor blk.3.attn_output.input_scale
create_tensor: loading tensor blk.3.ffn_gate.input_scale
create_tensor: loading tensor blk.3.ffn_down.input_scale
create_tensor: loading tensor blk.3.ffn_up.input_scale
create_tensor: loading tensor blk.3.ffn_down_exps.input_scale
create_tensor: loading tensor blk.4.attn_q.scale
create_tensor: loading tensor blk.4.attn_k.scale
create_tensor: loading tensor blk.4.attn_v.scale
create_tensor: loading tensor blk.4.attn_output.scale
create_tensor: loading tensor blk.4.ffn_gate.scale
create_tensor: loading tensor blk.4.ffn_down.scale
create_tensor: loading tensor blk.4.ffn_up.scale
create_tensor: loading tensor blk.4.ffn_down_exps.scale
create_tensor: loading tensor blk.4.attn_q.input_scale
create_tensor: loading tensor blk.4.attn_k.input_scale
create_tensor: loading tensor blk.4.attn_v.input_scale
create_tensor: loading tensor blk.4.attn_output.input_scale
create_tensor: loading tensor blk.4.ffn_gate.input_scale
create_tensor: loading tensor blk.4.ffn_down.input_scale
create_tensor: loading tensor blk.4.ffn_up.input_scale
create_tensor: loading tensor blk.4.ffn_down_exps.input_scale
create_tensor: loading tensor blk.5.attn_q.scale
create_tensor: loading tensor blk.5.attn_k.scale
create_tensor: loading tensor blk.5.attn_output.scale
create_tensor: loading tensor blk.5.ffn_gate.scale
create_tensor: loading tensor blk.5.ffn_down.scale
create_tensor: loading tensor blk.5.ffn_up.scale
create_tensor: loading tensor blk.5.ffn_down_exps.scale
create_tensor: loading tensor blk.5.attn_q.input_scale
create_tensor: loading tensor blk.5.attn_k.input_scale
create_tensor: loading tensor blk.5.attn_output.input_scale
create_tensor: loading tensor blk.5.ffn_gate.input_scale
create_tensor: loading tensor blk.5.ffn_down.input_scale
create_tensor: loading tensor blk.5.ffn_up.input_scale
create_tensor: loading tensor blk.5.ffn_down_exps.input_scale
create_tensor: loading tensor blk.6.attn_q.scale
create_tensor: loading tensor blk.6.attn_k.scale
create_tensor: loading tensor blk.6.attn_v.scale
create_tensor: loading tensor blk.6.attn_output.scale
create_tensor: loading tensor blk.6.ffn_gate.scale
create_tensor: loading tensor blk.6.ffn_down.scale
create_tensor: loading tensor blk.6.ffn_up.scale
create_tensor: loading tensor blk.6.ffn_down_exps.scale
create_tensor: loading tensor blk.6.attn_q.input_scale
create_tensor: loading tensor blk.6.attn_k.input_scale
create_tensor: loading tensor blk.6.attn_v.input_scale
create_tensor: loading tensor blk.6.attn_output.input_scale
create_tensor: loading tensor blk.6.ffn_gate.input_scale
create_tensor: loading tensor blk.6.ffn_down.input_scale
create_tensor: loading tensor blk.6.ffn_up.input_scale
create_tensor: loading tensor blk.6.ffn_down_exps.input_scale
create_tensor: loading tensor blk.7.attn_q.scale
create_tensor: loading tensor blk.7.attn_k.scale
create_tensor: loading tensor blk.7.attn_v.scale
create_tensor: loading tensor blk.7.attn_output.scale
create_tensor: loading tensor blk.7.ffn_gate.scale
create_tensor: loading tensor blk.7.ffn_down.scale
create_tensor: loading tensor blk.7.ffn_up.scale
create_tensor: loading tensor blk.7.ffn_down_exps.scale
create_tensor: loading tensor blk.7.attn_q.input_scale
create_tensor: loading tensor blk.7.attn_k.input_scale
create_tensor: loading tensor blk.7.attn_v.input_scale
create_tensor: loading tensor blk.7.attn_output.input_scale
create_tensor: loading tensor blk.7.ffn_gate.input_scale
create_tensor: loading tensor blk.7.ffn_down.input_scale
create_tensor: loading tensor blk.7.ffn_up.input_scale
create_tensor: loading tensor blk.7.ffn_down_exps.input_scale
create_tensor: loading tensor blk.8.attn_q.scale
create_tensor: loading tensor blk.8.attn_k.scale
create_tensor: loading tensor blk.8.attn_v.scale
create_tensor: loading tensor blk.8.attn_output.scale
create_tensor: loading tensor blk.8.ffn_gate.scale
create_tensor: loading tensor blk.8.ffn_down.scale
create_tensor: loading tensor blk.8.ffn_up.scale
create_tensor: loading tensor blk.8.ffn_down_exps.scale
create_tensor: loading tensor blk.8.attn_q.input_scale
create_tensor: loading tensor blk.8.attn_k.input_scale
create_tensor: loading tensor blk.8.attn_v.input_scale
create_tensor: loading tensor blk.8.attn_output.input_scale
create_tensor: loading tensor blk.8.ffn_gate.input_scale
create_tensor: loading tensor blk.8.ffn_down.input_scale
create_tensor: loading tensor blk.8.ffn_up.input_scale
create_tensor: loading tensor blk.8.ffn_down_exps.input_scale
create_tensor: loading tensor blk.9.attn_q.scale
create_tensor: loading tensor blk.9.attn_k.scale
create_tensor: loading tensor blk.9.attn_v.scale
create_tensor: loading tensor blk.9.attn_output.scale
create_tensor: loading tensor blk.9.ffn_gate.scale
create_tensor: loading tensor blk.9.ffn_down.scale
create_tensor: loading tensor blk.9.ffn_up.scale
create_tensor: loading tensor blk.9.ffn_down_exps.scale
create_tensor: loading tensor blk.9.attn_q.input_scale
create_tensor: loading tensor blk.9.attn_k.input_scale
create_tensor: loading tensor blk.9.attn_v.input_scale
create_tensor: loading tensor blk.9.attn_output.input_scale
create_tensor: loading tensor blk.9.ffn_gate.input_scale
create_tensor: loading tensor blk.9.ffn_down.input_scale
create_tensor: loading tensor blk.9.ffn_up.input_scale
create_tensor: loading tensor blk.9.ffn_down_exps.input_scale
create_tensor: loading tensor blk.10.attn_q.scale
create_tensor: loading tensor blk.10.attn_k.scale
create_tensor: loading tensor blk.10.attn_v.scale
create_tensor: loading tensor blk.10.attn_output.scale
create_tensor: loading tensor blk.10.ffn_gate.scale
create_tensor: loading tensor blk.10.ffn_down.scale
create_tensor: loading tensor blk.10.ffn_up.scale
create_tensor: loading tensor blk.10.ffn_down_exps.scale
create_tensor: loading tensor blk.10.attn_q.input_scale
create_tensor: loading tensor blk.10.attn_k.input_scale
create_tensor: loading tensor blk.10.attn_v.input_scale
create_tensor: loading tensor blk.10.attn_output.input_scale
create_tensor: loading tensor blk.10.ffn_gate.input_scale
create_tensor: loading tensor blk.10.ffn_down.input_scale
create_tensor: loading tensor blk.10.ffn_up.input_scale
create_tensor: loading tensor blk.10.ffn_down_exps.input_scale
create_tensor: loading tensor blk.11.attn_q.scale
create_tensor: loading tensor blk.11.attn_k.scale
create_tensor: loading tensor blk.11.attn_output.scale
create_tensor: loading tensor blk.11.ffn_gate.scale
create_tensor: loading tensor blk.11.ffn_down.scale
create_tensor: loading tensor blk.11.ffn_up.scale
create_tensor: loading tensor blk.11.ffn_down_exps.scale
create_tensor: loading tensor blk.11.attn_q.input_scale
create_tensor: loading tensor blk.11.attn_k.input_scale
create_tensor: loading tensor blk.11.attn_output.input_scale
create_tensor: loading tensor blk.11.ffn_gate.input_scale
create_tensor: loading tensor blk.11.ffn_down.input_scale
create_tensor: loading tensor blk.11.ffn_up.input_scale
create_tensor: loading tensor blk.11.ffn_down_exps.input_scale
create_tensor: loading tensor blk.12.attn_q.scale
create_tensor: loading tensor blk.12.attn_k.scale
create_tensor: loading tensor blk.12.attn_v.scale
create_tensor: loading tensor blk.12.attn_output.scale
create_tensor: loading tensor blk.12.ffn_gate.scale
create_tensor: loading tensor blk.12.ffn_down.scale
create_tensor: loading tensor blk.12.ffn_up.scale
create_tensor: loading tensor blk.12.ffn_down_exps.scale
create_tensor: loading tensor blk.12.attn_q.input_scale
create_tensor: loading tensor blk.12.attn_k.input_scale
create_tensor: loading tensor blk.12.attn_v.input_scale
create_tensor: loading tensor blk.12.attn_output.input_scale
create_tensor: loading tensor blk.12.ffn_gate.input_scale
create_tensor: loading tensor blk.12.ffn_down.input_scale
create_tensor: loading tensor blk.12.ffn_up.input_scale
create_tensor: loading tensor blk.12.ffn_down_exps.input_scale
create_tensor: loading tensor blk.13.attn_q.scale
create_tensor: loading tensor blk.13.attn_k.scale
create_tensor: loading tensor blk.13.attn_v.scale
create_tensor: loading tensor blk.13.attn_output.scale
create_tensor: loading tensor blk.13.ffn_gate.scale
create_tensor: loading tensor blk.13.ffn_down.scale
create_tensor: loading tensor blk.13.ffn_up.scale
create_tensor: loading tensor blk.13.ffn_down_exps.scale
create_tensor: loading tensor blk.13.attn_q.input_scale
create_tensor: loading tensor blk.13.attn_k.input_scale
create_tensor: loading tensor blk.13.attn_v.input_scale
create_tensor: loading tensor blk.13.attn_output.input_scale
create_tensor: loading tensor blk.13.ffn_gate.input_scale
create_tensor: loading tensor blk.13.ffn_down.input_scale
create_tensor: loading tensor blk.13.ffn_up.input_scale
create_tensor: loading tensor blk.13.ffn_down_exps.input_scale
create_tensor: loading tensor blk.14.attn_q.scale
create_tensor: loading tensor blk.14.attn_k.scale
create_tensor: loading tensor blk.14.attn_v.scale
create_tensor: loading tensor blk.14.attn_output.scale
create_tensor: loading tensor blk.14.ffn_gate.scale
create_tensor: loading tensor blk.14.ffn_down.scale
create_tensor: loading tensor blk.14.ffn_up.scale
create_tensor: loading tensor blk.14.ffn_down_exps.scale
create_tensor: loading tensor blk.14.attn_q.input_scale
create_tensor: loading tensor blk.14.attn_k.input_scale
create_tensor: loading tensor blk.14.attn_v.input_scale
create_tensor: loading tensor blk.14.attn_output.input_scale
create_tensor: loading tensor blk.14.ffn_gate.input_scale
create_tensor: loading tensor blk.14.ffn_down.input_scale
create_tensor: loading tensor blk.14.ffn_up.input_scale
create_tensor: loading tensor blk.14.ffn_down_exps.input_scale
create_tensor: loading tensor blk.15.attn_q.scale
create_tensor: loading tensor blk.15.attn_k.scale
create_tensor: loading tensor blk.15.attn_v.scale
create_tensor: loading tensor blk.15.attn_output.scale
create_tensor: loading tensor blk.15.ffn_gate.scale
create_tensor: loading tensor blk.15.ffn_down.scale
create_tensor: loading tensor blk.15.ffn_up.scale
create_tensor: loading tensor blk.15.ffn_down_exps.scale
create_tensor: loading tensor blk.15.attn_q.input_scale
create_tensor: loading tensor blk.15.attn_k.input_scale
create_tensor: loading tensor blk.15.attn_v.input_scale
create_tensor: loading tensor blk.15.attn_output.input_scale
create_tensor: loading tensor blk.15.ffn_gate.input_scale
create_tensor: loading tensor blk.15.ffn_down.input_scale
create_tensor: loading tensor blk.15.ffn_up.input_scale
create_tensor: loading tensor blk.15.ffn_down_exps.input_scale
create_tensor: loading tensor blk.16.attn_q.scale
create_tensor: loading tensor blk.16.attn_k.scale
create_tensor: loading tensor blk.16.attn_v.scale
create_tensor: loading tensor blk.16.attn_output.scale
create_tensor: loading tensor blk.16.ffn_gate.scale
create_tensor: loading tensor blk.16.ffn_down.scale
create_tensor: loading tensor blk.16.ffn_up.scale
create_tensor: loading tensor blk.16.ffn_down_exps.scale
create_tensor: loading tensor blk.16.attn_q.input_scale
create_tensor: loading tensor blk.16.attn_k.input_scale
create_tensor: loading tensor blk.16.attn_v.input_scale
create_tensor: loading tensor blk.16.attn_output.input_scale
create_tensor: loading tensor blk.16.ffn_gate.input_scale
create_tensor: loading tensor blk.16.ffn_down.input_scale
create_tensor: loading tensor blk.16.ffn_up.input_scale
create_tensor: loading tensor blk.16.ffn_down_exps.input_scale
create_tensor: loading tensor blk.17.attn_q.scale
create_tensor: loading tensor blk.17.attn_k.scale
create_tensor: loading tensor blk.17.attn_output.scale
create_tensor: loading tensor blk.17.ffn_gate.scale
create_tensor: loading tensor blk.17.ffn_down.scale
create_tensor: loading tensor blk.17.ffn_up.scale
create_tensor: loading tensor blk.17.ffn_down_exps.scale
create_tensor: loading tensor blk.17.attn_q.input_scale
create_tensor: loading tensor blk.17.attn_k.input_scale
create_tensor: loading tensor blk.17.attn_output.input_scale
create_tensor: loading tensor blk.17.ffn_gate.input_scale
create_tensor: loading tensor blk.17.ffn_down.input_scale
create_tensor: loading tensor blk.17.ffn_up.input_scale
create_tensor: loading tensor blk.17.ffn_down_exps.input_scale
create_tensor: loading tensor blk.18.attn_q.scale
create_tensor: loading tensor blk.18.attn_k.scale
create_tensor: loading tensor blk.18.attn_v.scale
create_tensor: loading tensor blk.18.attn_output.scale
create_tensor: loading tensor blk.18.ffn_gate.scale
create_tensor: loading tensor blk.18.ffn_down.scale
create_tensor: loading tensor blk.18.ffn_up.scale
create_tensor: loading tensor blk.18.ffn_down_exps.scale
create_tensor: loading tensor blk.18.attn_q.input_scale
create_tensor: loading tensor blk.18.attn_k.input_scale
create_tensor: loading tensor blk.18.attn_v.input_scale
create_tensor: loading tensor blk.18.attn_output.input_scale
create_tensor: loading tensor blk.18.ffn_gate.input_scale
create_tensor: loading tensor blk.18.ffn_down.input_scale
create_tensor: loading tensor blk.18.ffn_up.input_scale
create_tensor: loading tensor blk.18.ffn_down_exps.input_scale
create_tensor: loading tensor blk.19.attn_q.scale
create_tensor: loading tensor blk.19.attn_k.scale
create_tensor: loading tensor blk.19.attn_v.scale
create_tensor: loading tensor blk.19.attn_output.scale
create_tensor: loading tensor blk.19.ffn_gate.scale
create_tensor: loading tensor blk.19.ffn_down.scale
create_tensor: loading tensor blk.19.ffn_up.scale
create_tensor: loading tensor blk.19.ffn_down_exps.scale
create_tensor: loading tensor blk.19.attn_q.input_scale
create_tensor: loading tensor blk.19.attn_k.input_scale
create_tensor: loading tensor blk.19.attn_v.input_scale
create_tensor: loading tensor blk.19.attn_output.input_scale
create_tensor: loading tensor blk.19.ffn_gate.input_scale
create_tensor: loading tensor blk.19.ffn_down.input_scale
create_tensor: loading tensor blk.19.ffn_up.input_scale
create_tensor: loading tensor blk.19.ffn_down_exps.input_scale
create_tensor: loading tensor blk.20.attn_q.scale
create_tensor: loading tensor blk.20.attn_k.scale
create_tensor: loading tensor blk.20.attn_v.scale
create_tensor: loading tensor blk.20.attn_output.scale
create_tensor: loading tensor blk.20.ffn_gate.scale
create_tensor: loading tensor blk.20.ffn_down.scale
create_tensor: loading tensor blk.20.ffn_up.scale
create_tensor: loading tensor blk.20.ffn_down_exps.scale
create_tensor: loading tensor blk.20.attn_q.input_scale
create_tensor: loading tensor blk.20.attn_k.input_scale
create_tensor: loading tensor blk.20.attn_v.input_scale
create_tensor: loading tensor blk.20.attn_output.input_scale
create_tensor: loading tensor blk.20.ffn_gate.input_scale
create_tensor: loading tensor blk.20.ffn_down.input_scale
create_tensor: loading tensor blk.20.ffn_up.input_scale
create_tensor: loading tensor blk.20.ffn_down_exps.input_scale
create_tensor: loading tensor blk.21.attn_q.scale
create_tensor: loading tensor blk.21.attn_k.scale
create_tensor: loading tensor blk.21.attn_v.scale
create_tensor: loading tensor blk.21.attn_output.scale
create_tensor: loading tensor blk.21.ffn_gate.scale
create_tensor: loading tensor blk.21.ffn_down.scale
create_tensor: loading tensor blk.21.ffn_up.scale
create_tensor: loading tensor blk.21.ffn_down_exps.scale
create_tensor: loading tensor blk.21.attn_q.input_scale
create_tensor: loading tensor blk.21.attn_k.input_scale
create_tensor: loading tensor blk.21.attn_v.input_scale
create_tensor: loading tensor blk.21.attn_output.input_scale
create_tensor: loading tensor blk.21.ffn_gate.input_scale
create_tensor: loading tensor blk.21.ffn_down.input_scale
create_tensor: loading tensor blk.21.ffn_up.input_scale
create_tensor: loading tensor blk.21.ffn_down_exps.input_scale
create_tensor: loading tensor blk.22.attn_q.scale
create_tensor: loading tensor blk.22.attn_k.scale
create_tensor: loading tensor blk.22.attn_v.scale
create_tensor: loading tensor blk.22.attn_output.scale
create_tensor: loading tensor blk.22.ffn_gate.scale
create_tensor: loading tensor blk.22.ffn_down.scale
create_tensor: loading tensor blk.22.ffn_up.scale
create_tensor: loading tensor blk.22.ffn_down_exps.scale
create_tensor: loading tensor blk.22.attn_q.input_scale
create_tensor: loading tensor blk.22.attn_k.input_scale
create_tensor: loading tensor blk.22.attn_v.input_scale
create_tensor: loading tensor blk.22.attn_output.input_scale
create_tensor: loading tensor blk.22.ffn_gate.input_scale
create_tensor: loading tensor blk.22.ffn_down.input_scale
create_tensor: loading tensor blk.22.ffn_up.input_scale
create_tensor: loading tensor blk.22.ffn_down_exps.input_scale
create_tensor: loading tensor blk.23.attn_q.scale
create_tensor: loading tensor blk.23.attn_k.scale
create_tensor: loading tensor blk.23.attn_output.scale
create_tensor: loading tensor blk.23.ffn_gate.scale
create_tensor: loading tensor blk.23.ffn_down.scale
create_tensor: loading tensor blk.23.ffn_up.scale
create_tensor: loading tensor blk.23.ffn_down_exps.scale
create_tensor: loading tensor blk.23.attn_q.input_scale
create_tensor: loading tensor blk.23.attn_k.input_scale
create_tensor: loading tensor blk.23.attn_output.input_scale
create_tensor: loading tensor blk.23.ffn_gate.input_scale
create_tensor: loading tensor blk.23.ffn_down.input_scale
create_tensor: loading tensor blk.23.ffn_up.input_scale
create_tensor: loading tensor blk.23.ffn_down_exps.input_scale
create_tensor: loading tensor blk.24.attn_q.scale
create_tensor: loading tensor blk.24.attn_k.scale
create_tensor: loading tensor blk.24.attn_v.scale
create_tensor: loading tensor blk.24.attn_output.scale
create_tensor: loading tensor blk.24.ffn_gate.scale
create_tensor: loading tensor blk.24.ffn_down.scale
create_tensor: loading tensor blk.24.ffn_up.scale
create_tensor: loading tensor blk.24.ffn_down_exps.scale
create_tensor: loading tensor blk.24.attn_q.input_scale
create_tensor: loading tensor blk.24.attn_k.input_scale
create_tensor: loading tensor blk.24.attn_v.input_scale
create_tensor: loading tensor blk.24.attn_output.input_scale
create_tensor: loading tensor blk.24.ffn_gate.input_scale
create_tensor: loading tensor blk.24.ffn_down.input_scale
create_tensor: loading tensor blk.24.ffn_up.input_scale
create_tensor: loading tensor blk.24.ffn_down_exps.input_scale
create_tensor: loading tensor blk.25.attn_q.scale
create_tensor: loading tensor blk.25.attn_k.scale
create_tensor: loading tensor blk.25.attn_v.scale
create_tensor: loading tensor blk.25.attn_output.scale
create_tensor: loading tensor blk.25.ffn_gate.scale
create_tensor: loading tensor blk.25.ffn_down.scale
create_tensor: loading tensor blk.25.ffn_up.scale
create_tensor: loading tensor blk.25.ffn_down_exps.scale
create_tensor: loading tensor blk.25.attn_q.input_scale
create_tensor: loading tensor blk.25.attn_k.input_scale
create_tensor: loading tensor blk.25.attn_v.input_scale
create_tensor: loading tensor blk.25.attn_output.input_scale
create_tensor: loading tensor blk.25.ffn_gate.input_scale
create_tensor: loading tensor blk.25.ffn_down.input_scale
create_tensor: loading tensor blk.25.ffn_up.input_scale
create_tensor: loading tensor blk.25.ffn_down_exps.input_scale
create_tensor: loading tensor blk.26.attn_q.scale
create_tensor: loading tensor blk.26.attn_k.scale
create_tensor: loading tensor blk.26.attn_v.scale
create_tensor: loading tensor blk.26.attn_output.scale
create_tensor: loading tensor blk.26.ffn_gate.scale
create_tensor: loading tensor blk.26.ffn_down.scale
create_tensor: loading tensor blk.26.ffn_up.scale
create_tensor: loading tensor blk.26.ffn_down_exps.scale
create_tensor: loading tensor blk.26.attn_q.input_scale
create_tensor: loading tensor blk.26.attn_k.input_scale
create_tensor: loading tensor blk.26.attn_v.input_scale
create_tensor: loading tensor blk.26.attn_output.input_scale
create_tensor: loading tensor blk.26.ffn_gate.input_scale
create_tensor: loading tensor blk.26.ffn_down.input_scale
create_tensor: loading tensor blk.26.ffn_up.input_scale
create_tensor: loading tensor blk.26.ffn_down_exps.input_scale
create_tensor: loading tensor blk.27.attn_q.scale
create_tensor: loading tensor blk.27.attn_k.scale
create_tensor: loading tensor blk.27.attn_v.scale
create_tensor: loading tensor blk.27.attn_output.scale
create_tensor: loading tensor blk.27.ffn_gate.scale
create_tensor: loading tensor blk.27.ffn_down.scale
create_tensor: loading tensor blk.27.ffn_up.scale
create_tensor: loading tensor blk.27.ffn_down_exps.scale
create_tensor: loading tensor blk.27.attn_q.input_scale
create_tensor: loading tensor blk.27.attn_k.input_scale
create_tensor: loading tensor blk.27.attn_v.input_scale
create_tensor: loading tensor blk.27.attn_output.input_scale
create_tensor: loading tensor blk.27.ffn_gate.input_scale
create_tensor: loading tensor blk.27.ffn_down.input_scale
create_tensor: loading tensor blk.27.ffn_up.input_scale
create_tensor: loading tensor blk.27.ffn_down_exps.input_scale
create_tensor: loading tensor blk.28.attn_q.scale
create_tensor: loading tensor blk.28.attn_k.scale
create_tensor: loading tensor blk.28.attn_v.scale
create_tensor: loading tensor blk.28.attn_output.scale
create_tensor: loading tensor blk.28.ffn_gate.scale
create_tensor: loading tensor blk.28.ffn_down.scale
create_tensor: loading tensor blk.28.ffn_up.scale
create_tensor: loading tensor blk.28.ffn_down_exps.scale
create_tensor: loading tensor blk.28.attn_q.input_scale
create_tensor: loading tensor blk.28.attn_k.input_scale
create_tensor: loading tensor blk.28.attn_v.input_scale
create_tensor: loading tensor blk.28.attn_output.input_scale
create_tensor: loading tensor blk.28.ffn_gate.input_scale
create_tensor: loading tensor blk.28.ffn_down.input_scale
create_tensor: loading tensor blk.28.ffn_up.input_scale
create_tensor: loading tensor blk.28.ffn_down_exps.input_scale
create_tensor: loading tensor blk.29.attn_q.scale
create_tensor: loading tensor blk.29.attn_k.scale
create_tensor: loading tensor blk.29.attn_output.scale
create_tensor: loading tensor blk.29.ffn_gate.scale
create_tensor: loading tensor blk.29.ffn_down.scale
create_tensor: loading tensor blk.29.ffn_up.scale
create_tensor: loading tensor blk.29.ffn_down_exps.scale
create_tensor: loading tensor blk.29.attn_q.input_scale
create_tensor: loading tensor blk.29.attn_k.input_scale
create_tensor: loading tensor blk.29.attn_output.input_scale
create_tensor: loading tensor blk.29.ffn_gate.input_scale
create_tensor: loading tensor blk.29.ffn_down.input_scale
create_tensor: loading tensor blk.29.ffn_up.input_scale
create_tensor: loading tensor blk.29.ffn_down_exps.input_scale
load_tensors: offloading 0 repeating layers to GPU
load_tensors: offloaded 0/31 layers to GPU
load_tensors:   CPU_Mapped model buffer size = 13755.36 MiB
...................................................................
load_tensors: experimental host-bank MoE enabled, tile weights <= 67108864 bytes; this is not a total memory limit
llama_context: constructing llama_context
llama_context: n_seq_max             = 1
llama_context: n_ctx                 = 256
llama_context: n_ctx_seq             = 256
llama_context: n_batch               = 128
llama_context: n_ubatch              = 8
llama_context: causal_attn           = 1
llama_context: flash_attn            = disabled
llama_context: kv_unified            = false
llama_context: freq_base             = 1000000.0
llama_context: freq_scale            = 1
llama_context: n_rs_seq              = 0
llama_context: n_outputs_max         = 128
llama_context: n_outputs_max_per_seq = 1
llama_context: n_ctx_seq (256) < n_ctx_train (262144) -- the full capacity of the model will not be utilized
set_abort_callback: call
llama_context:        CPU  output buffer size =     1.00 MiB
llama_kv_cache_iswa: using full-size SWA cache (ref: https://github.com/ggml-org/llama.cpp/pull/13194#issuecomment-2868343055)
llama_kv_cache_iswa: creating non-SWA KV cache, size = 256 cells
llama_kv_cache: the V embeddings have different sizes across layers and FA is not enabled - padding V cache to 2048
llama_kv_cache: layer   0: filtered
llama_kv_cache: layer   1: filtered
llama_kv_cache: layer   2: filtered
llama_kv_cache: layer   3: filtered
llama_kv_cache: layer   4: filtered
llama_kv_cache: layer   5: dev = CPU
llama_kv_cache: layer   6: filtered
llama_kv_cache: layer   7: filtered
llama_kv_cache: layer   8: filtered
llama_kv_cache: layer   9: filtered
llama_kv_cache: layer  10: filtered
llama_kv_cache: layer  11: dev = CPU
llama_kv_cache: layer  12: filtered
llama_kv_cache: layer  13: filtered
llama_kv_cache: layer  14: filtered
llama_kv_cache: layer  15: filtered
llama_kv_cache: layer  16: filtered
llama_kv_cache: layer  17: dev = CPU
llama_kv_cache: layer  18: filtered
llama_kv_cache: layer  19: filtered
llama_kv_cache: layer  20: filtered
llama_kv_cache: layer  21: filtered
llama_kv_cache: layer  22: filtered
llama_kv_cache: layer  23: dev = CPU
llama_kv_cache: layer  24: filtered
llama_kv_cache: layer  25: filtered
llama_kv_cache: layer  26: filtered
llama_kv_cache: layer  27: filtered
llama_kv_cache: layer  28: filtered
llama_kv_cache: layer  29: dev = CPU
llama_kv_cache: reusing layers:
llama_kv_cache: - layer   0: no reuse
llama_kv_cache: - layer   1: no reuse
llama_kv_cache: - layer   2: no reuse
llama_kv_cache: - layer   3: no reuse
llama_kv_cache: - layer   4: no reuse
llama_kv_cache: - layer   5: no reuse
llama_kv_cache: - layer   6: no reuse
llama_kv_cache: - layer   7: no reuse
llama_kv_cache: - layer   8: no reuse
llama_kv_cache: - layer   9: no reuse
llama_kv_cache: - layer  10: no reuse
llama_kv_cache: - layer  11: no reuse
llama_kv_cache: - layer  12: no reuse
llama_kv_cache: - layer  13: no reuse
llama_kv_cache: - layer  14: no reuse
llama_kv_cache: - layer  15: no reuse
llama_kv_cache: - layer  16: no reuse
llama_kv_cache: - layer  17: no reuse
llama_kv_cache: - layer  18: no reuse
llama_kv_cache: - layer  19: no reuse
llama_kv_cache: - layer  20: no reuse
llama_kv_cache: - layer  21: no reuse
llama_kv_cache: - layer  22: no reuse
llama_kv_cache: - layer  23: no reuse
llama_kv_cache: - layer  24: no reuse
llama_kv_cache: - layer  25: no reuse
llama_kv_cache: - layer  26: no reuse
llama_kv_cache: - layer  27: no reuse
llama_kv_cache: - layer  28: no reuse
llama_kv_cache: - layer  29: no reuse
llama_kv_cache:        CPU KV buffer size =     7.50 MiB
llama_kv_cache: size =    7.50 MiB (   256 cells,   5 layers,  1/1 seqs), K (f16):    2.50 MiB, V (f16):    5.00 MiB
llama_kv_cache: attn_rot_k = 0, n_embd_head_k_all = 512
llama_kv_cache: attn_rot_v = 0, n_embd_head_k_all = 512
llama_kv_cache_iswa: creating     SWA KV cache, size = 256 cells
llama_kv_cache: the V embeddings have different sizes across layers and FA is not enabled - padding V cache to 2048
llama_kv_cache: layer   0: dev = CPU
llama_kv_cache: layer   1: dev = CPU
llama_kv_cache: layer   2: dev = CPU
llama_kv_cache: layer   3: dev = CPU
llama_kv_cache: layer   4: dev = CPU
llama_kv_cache: layer   5: filtered
llama_kv_cache: layer   6: dev = CPU
llama_kv_cache: layer   7: dev = CPU
llama_kv_cache: layer   8: dev = CPU
llama_kv_cache: layer   9: dev = CPU
llama_kv_cache: layer  10: dev = CPU
llama_kv_cache: layer  11: filtered
llama_kv_cache: layer  12: dev = CPU
llama_kv_cache: layer  13: dev = CPU
llama_kv_cache: layer  14: dev = CPU
llama_kv_cache: layer  15: dev = CPU
llama_kv_cache: layer  16: dev = CPU
llama_kv_cache: layer  17: filtered
llama_kv_cache: layer  18: dev = CPU
llama_kv_cache: layer  19: dev = CPU
llama_kv_cache: layer  20: dev = CPU
llama_kv_cache: layer  21: dev = CPU
llama_kv_cache: layer  22: dev = CPU
llama_kv_cache: layer  23: filtered
llama_kv_cache: layer  24: dev = CPU
llama_kv_cache: layer  25: dev = CPU
llama_kv_cache: layer  26: dev = CPU
llama_kv_cache: layer  27: dev = CPU
llama_kv_cache: layer  28: dev = CPU
llama_kv_cache: layer  29: filtered
llama_kv_cache: reusing layers:
llama_kv_cache: - layer   0: no reuse
llama_kv_cache: - layer   1: no reuse
llama_kv_cache: - layer   2: no reuse
llama_kv_cache: - layer   3: no reuse
llama_kv_cache: - layer   4: no reuse
llama_kv_cache: - layer   5: no reuse
llama_kv_cache: - layer   6: no reuse
llama_kv_cache: - layer   7: no reuse
llama_kv_cache: - layer   8: no reuse
llama_kv_cache: - layer   9: no reuse
llama_kv_cache: - layer  10: no reuse
llama_kv_cache: - layer  11: no reuse
llama_kv_cache: - layer  12: no reuse
llama_kv_cache: - layer  13: no reuse
llama_kv_cache: - layer  14: no reuse
llama_kv_cache: - layer  15: no reuse
llama_kv_cache: - layer  16: no reuse
llama_kv_cache: - layer  17: no reuse
llama_kv_cache: - layer  18: no reuse
llama_kv_cache: - layer  19: no reuse
llama_kv_cache: - layer  20: no reuse
llama_kv_cache: - layer  21: no reuse
llama_kv_cache: - layer  22: no reuse
llama_kv_cache: - layer  23: no reuse
llama_kv_cache: - layer  24: no reuse
llama_kv_cache: - layer  25: no reuse
llama_kv_cache: - layer  26: no reuse
llama_kv_cache: - layer  27: no reuse
llama_kv_cache: - layer  28: no reuse
llama_kv_cache: - layer  29: no reuse
llama_kv_cache:        CPU KV buffer size =    50.00 MiB
llama_kv_cache: size =   50.00 MiB (   256 cells,  25 layers,  1/1 seqs), K (f16):   25.00 MiB, V (f16):   25.00 MiB
llama_kv_cache: attn_rot_k = 0, n_embd_head_k_all = 256
llama_kv_cache: attn_rot_v = 0, n_embd_head_k_all = 256
llama_context: enumerating backends
llama_context: backend_ptrs.size() = 2
sched_reserve: reserving ...
sched_reserve: max_nodes = 5272
sched_reserve: decode graph slots = 4 (n_tokens <= 4)
sched_reserve: reserving full memory module
sched_reserve: worst-case: n_tokens = 8, n_seqs = 1, n_outputs = 1
resolve_fused_ops: resolving fused Gated Delta Net support:
graph_reserve: reserving a graph for ubatch with n_tokens =    1, n_seqs =  1, n_outputs =    1
resolve_fused_ops: fused Gated Delta Net (autoregressive) enabled
graph_reserve: reserving a graph for ubatch with n_tokens =   16, n_seqs =  1, n_outputs =   16
resolve_fused_ops: fused Gated Delta Net (chunked) enabled
resolve_fused_ops: resolving fused Lightning Indexer support:
graph_reserve: reserving a graph for ubatch with n_tokens =    1, n_seqs =  1, n_outputs =    1
resolve_fused_ops: Lightning Indexer enabled
resolve_fused_ops: resolving fused DeepSeek V4 HC support:
graph_reserve: reserving a graph for ubatch with n_tokens =    1, n_seqs =  1, n_outputs =    1
resolve_fused_ops: fused DeepSeek V4 HC pre enabled
graph_reserve: reserving a graph for ubatch with n_tokens =    1, n_seqs =  1, n_outputs =    1
resolve_fused_ops: fused DeepSeek V4 HC comb enabled
graph_reserve: reserving a graph for ubatch with n_tokens =    1, n_seqs =  1, n_outputs =    1
resolve_fused_ops: fused DeepSeek V4 HC post enabled
graph_reserve: reserving a graph for ubatch with n_tokens =    8, n_seqs =  1, n_outputs =    8
graph_reserve: reserving a graph for ubatch with n_tokens =    1, n_seqs =  1, n_outputs =    1
graph_reserve: reserving a graph for ubatch with n_tokens =    8, n_seqs =  1, n_outputs =    8
sched_reserve:  CUDA_Host compute buffer size =     8.32 MiB
sched_reserve: graph nodes  = 2799
sched_reserve: graph splits = 1
sched_reserve: reserve took 14.31 ms, sched copies = 1
llama_context: constructing llama_context
llama_context: MoE device=CUDA0 cache=67108864 staging=1048576 compute-limit=67108864 bytes
llama_context: n_seq_max             = 1
llama_context: n_ctx                 = 256
llama_context: n_ctx_seq             = 256
llama_context: n_batch               = 128
llama_context: n_ubatch              = 8
llama_context: causal_attn           = 1
llama_context: flash_attn            = disabled
llama_context: kv_unified            = false
llama_context: freq_base             = 1000000.0
llama_context: freq_scale            = 1
llama_context: n_rs_seq              = 0
llama_context: n_outputs_max         = 128
llama_context: n_outputs_max_per_seq = 1
llama_context: n_ctx_seq (256) < n_ctx_train (262144) -- the full capacity of the model will not be utilized
set_abort_callback: call
llama_context:        CPU  output buffer size =     1.00 MiB
llama_kv_cache_iswa: using full-size SWA cache (ref: https://github.com/ggml-org/llama.cpp/pull/13194#issuecomment-2868343055)
llama_kv_cache_iswa: creating non-SWA KV cache, size = 256 cells
llama_kv_cache: the V embeddings have different sizes across layers and FA is not enabled - padding V cache to 2048
llama_kv_cache: layer   0: filtered
llama_kv_cache: layer   1: filtered
llama_kv_cache: layer   2: filtered
llama_kv_cache: layer   3: filtered
llama_kv_cache: layer   4: filtered
llama_kv_cache: layer   5: dev = CPU
llama_kv_cache: layer   6: filtered
llama_kv_cache: layer   7: filtered
llama_kv_cache: layer   8: filtered
llama_kv_cache: layer   9: filtered
llama_kv_cache: layer  10: filtered
llama_kv_cache: layer  11: dev = CPU
llama_kv_cache: layer  12: filtered
llama_kv_cache: layer  13: filtered
llama_kv_cache: layer  14: filtered
llama_kv_cache: layer  15: filtered
llama_kv_cache: layer  16: filtered
llama_kv_cache: layer  17: dev = CPU
llama_kv_cache: layer  18: filtered
llama_kv_cache: layer  19: filtered
llama_kv_cache: layer  20: filtered
llama_kv_cache: layer  21: filtered
llama_kv_cache: layer  22: filtered
llama_kv_cache: layer  23: dev = CPU
llama_kv_cache: layer  24: filtered
llama_kv_cache: layer  25: filtered
llama_kv_cache: layer  26: filtered
llama_kv_cache: layer  27: filtered
llama_kv_cache: layer  28: filtered
llama_kv_cache: layer  29: dev = CPU
llama_kv_cache: reusing layers:
llama_kv_cache: - layer   0: no reuse
llama_kv_cache: - layer   1: no reuse
llama_kv_cache: - layer   2: no reuse
llama_kv_cache: - layer   3: no reuse
llama_kv_cache: - layer   4: no reuse
llama_kv_cache: - layer   5: no reuse
llama_kv_cache: - layer   6: no reuse
llama_kv_cache: - layer   7: no reuse
llama_kv_cache: - layer   8: no reuse
llama_kv_cache: - layer   9: no reuse
llama_kv_cache: - layer  10: no reuse
llama_kv_cache: - layer  11: no reuse
llama_kv_cache: - layer  12: no reuse
llama_kv_cache: - layer  13: no reuse
llama_kv_cache: - layer  14: no reuse
llama_kv_cache: - layer  15: no reuse
llama_kv_cache: - layer  16: no reuse
llama_kv_cache: - layer  17: no reuse
llama_kv_cache: - layer  18: no reuse
llama_kv_cache: - layer  19: no reuse
llama_kv_cache: - layer  20: no reuse
llama_kv_cache: - layer  21: no reuse
llama_kv_cache: - layer  22: no reuse
llama_kv_cache: - layer  23: no reuse
llama_kv_cache: - layer  24: no reuse
llama_kv_cache: - layer  25: no reuse
llama_kv_cache: - layer  26: no reuse
llama_kv_cache: - layer  27: no reuse
llama_kv_cache: - layer  28: no reuse
llama_kv_cache: - layer  29: no reuse
llama_kv_cache:        CPU KV buffer size =     7.50 MiB
llama_kv_cache: size =    7.50 MiB (   256 cells,   5 layers,  1/1 seqs), K (f16):    2.50 MiB, V (f16):    5.00 MiB
llama_kv_cache: attn_rot_k = 0, n_embd_head_k_all = 512
llama_kv_cache: attn_rot_v = 0, n_embd_head_k_all = 512
llama_kv_cache_iswa: creating     SWA KV cache, size = 256 cells
llama_kv_cache: the V embeddings have different sizes across layers and FA is not enabled - padding V cache to 2048
llama_kv_cache: layer   0: dev = CPU
llama_kv_cache: layer   1: dev = CPU
llama_kv_cache: layer   2: dev = CPU
llama_kv_cache: layer   3: dev = CPU
llama_kv_cache: layer   4: dev = CPU
llama_kv_cache: layer   5: filtered
llama_kv_cache: layer   6: dev = CPU
llama_kv_cache: layer   7: dev = CPU
llama_kv_cache: layer   8: dev = CPU
llama_kv_cache: layer   9: dev = CPU
llama_kv_cache: layer  10: dev = CPU
llama_kv_cache: layer  11: filtered
llama_kv_cache: layer  12: dev = CPU
llama_kv_cache: layer  13: dev = CPU
llama_kv_cache: layer  14: dev = CPU
llama_kv_cache: layer  15: dev = CPU
llama_kv_cache: layer  16: dev = CPU
llama_kv_cache: layer  17: filtered
llama_kv_cache: layer  18: dev = CPU
llama_kv_cache: layer  19: dev = CPU
llama_kv_cache: layer  20: dev = CPU
llama_kv_cache: layer  21: dev = CPU
llama_kv_cache: layer  22: dev = CPU
llama_kv_cache: layer  23: filtered
llama_kv_cache: layer  24: dev = CPU
llama_kv_cache: layer  25: dev = CPU
llama_kv_cache: layer  26: dev = CPU
llama_kv_cache: layer  27: dev = CPU
llama_kv_cache: layer  28: dev = CPU
llama_kv_cache: layer  29: filtered
llama_kv_cache: reusing layers:
llama_kv_cache: - layer   0: no reuse
llama_kv_cache: - layer   1: no reuse
llama_kv_cache: - layer   2: no reuse
llama_kv_cache: - layer   3: no reuse
llama_kv_cache: - layer   4: no reuse
llama_kv_cache: - layer   5: no reuse
llama_kv_cache: - layer   6: no reuse
llama_kv_cache: - layer   7: no reuse
llama_kv_cache: - layer   8: no reuse
llama_kv_cache: - layer   9: no reuse
llama_kv_cache: - layer  10: no reuse
llama_kv_cache: - layer  11: no reuse
llama_kv_cache: - layer  12: no reuse
llama_kv_cache: - layer  13: no reuse
llama_kv_cache: - layer  14: no reuse
llama_kv_cache: - layer  15: no reuse
llama_kv_cache: - layer  16: no reuse
llama_kv_cache: - layer  17: no reuse
llama_kv_cache: - layer  18: no reuse
llama_kv_cache: - layer  19: no reuse
llama_kv_cache: - layer  20: no reuse
llama_kv_cache: - layer  21: no reuse
llama_kv_cache: - layer  22: no reuse
llama_kv_cache: - layer  23: no reuse
llama_kv_cache: - layer  24: no reuse
llama_kv_cache: - layer  25: no reuse
llama_kv_cache: - layer  26: no reuse
llama_kv_cache: - layer  27: no reuse
llama_kv_cache: - layer  28: no reuse
llama_kv_cache: - layer  29: no reuse
llama_kv_cache:        CPU KV buffer size =    50.00 MiB
llama_kv_cache: size =   50.00 MiB (   256 cells,  25 layers,  1/1 seqs), K (f16):   25.00 MiB, V (f16):   25.00 MiB
llama_kv_cache: attn_rot_k = 0, n_embd_head_k_all = 256
llama_kv_cache: attn_rot_v = 0, n_embd_head_k_all = 256
llama_context: enumerating backends
llama_context: backend_ptrs.size() = 2
sched_reserve: reserving ...
sched_reserve: max_nodes = 5272
sched_reserve: decode graph slots = 4 (n_tokens <= 4)
sched_reserve: reserving full memory module
sched_reserve: worst-case: n_tokens = 8, n_seqs = 1, n_outputs = 1
resolve_fused_ops: resolving fused Gated Delta Net support:
graph_reserve: reserving a graph for ubatch with n_tokens =    1, n_seqs =  1, n_outputs =    1
resolve_fused_ops: fused Gated Delta Net (autoregressive) enabled
graph_reserve: reserving a graph for ubatch with n_tokens =   16, n_seqs =  1, n_outputs =   16
resolve_fused_ops: fused Gated Delta Net (chunked) enabled
resolve_fused_ops: resolving fused Lightning Indexer support:
graph_reserve: reserving a graph for ubatch with n_tokens =    1, n_seqs =  1, n_outputs =    1
resolve_fused_ops: Lightning Indexer enabled
resolve_fused_ops: resolving fused DeepSeek V4 HC support:
graph_reserve: reserving a graph for ubatch with n_tokens =    1, n_seqs =  1, n_outputs =    1
resolve_fused_ops: fused DeepSeek V4 HC pre enabled
graph_reserve: reserving a graph for ubatch with n_tokens =    1, n_seqs =  1, n_outputs =    1
resolve_fused_ops: fused DeepSeek V4 HC comb enabled
graph_reserve: reserving a graph for ubatch with n_tokens =    1, n_seqs =  1, n_outputs =    1
resolve_fused_ops: fused DeepSeek V4 HC post enabled
graph_reserve: reserving a graph for ubatch with n_tokens =    8, n_seqs =  1, n_outputs =    8
graph_reserve: reserving a graph for ubatch with n_tokens =    1, n_seqs =  1, n_outputs =    1
graph_reserve: reserving a graph for ubatch with n_tokens =    8, n_seqs =  1, n_outputs =    8
sched_reserve:  CUDA_Host compute buffer size =     8.32 MiB
sched_reserve: graph nodes  = 2139
sched_reserve: graph splits = 1
sched_reserve: reserve took 11.51 ms, sched copies = 1
FT_COMPARE layer=0 relative=0.000654333 first=0.202596/0.202445
FT_COMPARE layer=1 relative=0.000105825 first=-0.0598094/-0.0596919
FT_COMPARE layer=2 relative=0.00032975 first=-0.274296/-0.274445
FT_COMPARE layer=3 relative=0.000206954 first=-0.368793/-0.368751
FT_COMPARE layer=4 relative=0.000147233 first=-0.484918/-0.484855
FT_COMPARE layer=5 relative=0.000157347 first=-0.050229/-0.0502403
FT_COMPARE layer=6 relative=0.000372313 first=-0.169223/-0.169176
FT_COMPARE layer=7 relative=0.000372823 first=0.00756398/0.00759556
FT_COMPARE layer=8 relative=0.000447439 first=0.139769/0.139763
FT_COMPARE layer=9 relative=0.000269833 first=0.0282763/0.0282741
FT_COMPARE layer=10 relative=7.17692e-05 first=-0.0244939/-0.0245079
FT_COMPARE layer=11 relative=0.000573516 first=-0.399797/-0.399577
FT_COMPARE layer=12 relative=0.000200357 first=-0.179991/-0.179993
FT_COMPARE layer=13 relative=0.000662849 first=0.147362/0.147366
FT_COMPARE layer=14 relative=0.000246576 first=-0.757261/-0.75727
FT_COMPARE layer=15 relative=0.000344082 first=-0.166292/-0.166309
FT_COMPARE layer=16 relative=0.000236233 first=-0.659617/-0.6596
FT_COMPARE layer=17 relative=0.000346635 first=0.403007/0.403054
FT_COMPARE layer=18 relative=0.00113836 first=0.273687/0.274373
FT_COMPARE layer=19 relative=0.000565359 first=0.496889/0.496881
FT_COMPARE layer=20 relative=0.000314912 first=0.165785/0.165795
FT_COMPARE layer=21 relative=0.000248372 first=0.0956038/0.0956101
FT_COMPARE layer=22 relative=0.000473708 first=0.0425252/0.0425465
FT_COMPARE layer=23 relative=0.000404935 first=0.764451/0.764454
FT_COMPARE layer=24 relative=0.000578477 first=0.0196947/0.0196351
FT_COMPARE layer=25 relative=0.000382007 first=0.121624/0.121581
FT_COMPARE layer=26 relative=0.000563884 first=-0.0530765/-0.053104
FT_COMPARE layer=27 relative=0.000613318 first=-0.101191/-0.10115
FT_COMPARE layer=28 relative=0.00123443 first=-0.00572155/-0.00576175
FT_COMPARE layer=29 relative=0.00172555 first=-0.0123071/-0.012308
GPU logits position=0 max_abs=0.68545 rmse=0.214527 KL=0.00237734 TV=0.0258022
GPU logits position=1 max_abs=3.14645 rmse=0.658337 KL=0.184691 TV=0.241918
GPU logits position=2 max_abs=1.10157 rmse=0.233104 KL=0.00267677 TV=0.0181098
GPU logits position=3 max_abs=1.67898 rmse=0.385604 KL=0.0378527 TV=0.103094
GPU logits position=4 max_abs=1.26851 rmse=0.267327 KL=0.00873324 TV=0.0588575
GPU logits position=5 max_abs=1.26071 rmse=0.305688 KL=0.0297694 TV=0.111803
state_write_data: writing state
state_write_data: - writing model info
state_write_data: - writing memory module
state_write_data: writing state
state_write_data: - writing model info
state_write_data: - writing memory module
state_write_data: writing state
state_write_data: - writing model info
state_write_data: - writing memory module
state_write_data: writing state
state_write_data: - writing model info
state_write_data: - writing memory module
FT_COMPARE layer=0 relative=0.00113634 first=-0.156664/-0.156545
FT_COMPARE layer=1 relative=0.000736611 first=-0.000598988/-0.000603229
FT_COMPARE layer=2 relative=0.00139531 first=0.100173/0.0999843
FT_COMPARE layer=3 relative=0.00139743 first=0.0653556/0.0652468
FT_COMPARE layer=4 relative=0.000845079 first=0.120025/0.119939
FT_COMPARE layer=5 relative=0.000601573 first=0.091857/0.0919141
FT_COMPARE layer=6 relative=0.000883515 first=0.0581391/0.0580255
FT_COMPARE layer=7 relative=0.00236296 first=0.00335352/0.00299424
FT_COMPARE layer=8 relative=0.00125402 first=0.0356354/0.0356328
FT_COMPARE layer=9 relative=0.000801456 first=0.0583185/0.058187
FT_COMPARE layer=10 relative=0.00124232 first=0.0205396/0.0205591
FT_COMPARE layer=11 relative=0.00212726 first=0.0424271/0.0422631
FT_COMPARE layer=12 relative=0.00168413 first=0.00285748/0.0029042
FT_COMPARE layer=13 relative=0.00166641 first=0.0167187/0.0166525
FT_COMPARE layer=14 relative=0.00118054 first=0.0187515/0.0186754
FT_COMPARE layer=15 relative=0.00150836 first=-0.00928654/-0.00933607
FT_COMPARE layer=16 relative=0.00156901 first=-0.0554905/-0.0555383
FT_COMPARE layer=17 relative=0.00182489 first=0.0124909/0.0124709
FT_COMPARE layer=18 relative=0.00146493 first=0.0500627/0.0500997
FT_COMPARE layer=19 relative=0.00119137 first=0.0133427/0.0132702
FT_COMPARE layer=20 relative=0.00145959 first=-0.00385642/-0.00383625
FT_COMPARE layer=21 relative=0.00135401 first=0.00419993/0.00418799
FT_COMPARE layer=22 relative=0.00169785 first=0.0824246/0.0824435
FT_COMPARE layer=23 relative=0.000789693 first=0.0139222/0.0138521
FT_COMPARE layer=24 relative=0.00180961 first=0.00493395/0.00483931
FT_COMPARE layer=25 relative=0.000990711 first=-0.0088516/-0.00879215
FT_COMPARE layer=26 relative=0.00355868 first=0.0376084/0.0374616
FT_COMPARE layer=27 relative=0.00111997 first=0.00683208/0.00684698
FT_COMPARE layer=28 relative=0.00137483 first=0.00450947/0.00447661
FT_COMPARE layer=29 relative=0.00203604 first=0.0107593/0.0107672
GPU logits position=6 max_abs=2.13586 rmse=0.480377 KL=0.00022931 TV=0.00277534
FT_COMPARE layer=0 relative=0.00156808 first=0.0527997/0.0526978
FT_COMPARE layer=1 relative=0.00107581 first=0.00961012/0.00958402
FT_COMPARE layer=2 relative=0.00101085 first=-0.0425852/-0.0425379
FT_COMPARE layer=3 relative=0.00145209 first=0.0146128/0.0145163
FT_COMPARE layer=4 relative=0.00242756 first=-0.00137375/-0.00138188
FT_COMPARE layer=5 relative=0.00141791 first=0.0495423/0.0494809
FT_COMPARE layer=6 relative=0.00166964 first=0.0100235/0.010035
FT_COMPARE layer=7 relative=0.00127687 first=-0.0136956/-0.0137133
FT_COMPARE layer=8 relative=0.00200244 first=0.014436/0.0143901
FT_COMPARE layer=9 relative=0.000969256 first=0.00404077/0.00403746
FT_COMPARE layer=10 relative=0.00179087 first=0.00650477/0.00659163
FT_COMPARE layer=11 relative=0.00166606 first=-0.0118795/-0.0117947
FT_COMPARE layer=12 relative=0.0016487 first=-0.0249553/-0.0250478
FT_COMPARE layer=13 relative=0.00184359 first=0.011048/0.0109556
FT_COMPARE layer=14 relative=0.00168707 first=0.01039/0.0103895
FT_COMPARE layer=15 relative=0.0015566 first=0.00623566/0.00622621
FT_COMPARE layer=16 relative=0.00159787 first=-0.0306499/-0.0306252
FT_COMPARE layer=17 relative=0.00109191 first=-0.000689233/-0.000698997
FT_COMPARE layer=18 relative=0.00134159 first=-0.0178203/-0.0177879
FT_COMPARE layer=19 relative=0.00151233 first=0.022613/0.0225956
FT_COMPARE layer=20 relative=0.00135945 first=0.0191516/0.0192448
FT_COMPARE layer=21 relative=0.00138396 first=-0.0127185/-0.0127172
FT_COMPARE layer=22 relative=0.00130477 first=0.0452135/0.045224
FT_COMPARE layer=23 relative=0.00100895 first=0.0410455/0.0411016
FT_COMPARE layer=24 relative=0.00112875 first=0.00961328/0.00959649
FT_COMPARE layer=25 relative=0.00117814 first=0.0159172/0.0158783
FT_COMPARE layer=26 relative=0.00101995 first=0.0191773/0.019173
FT_COMPARE layer=27 relative=0.00109068 first=-0.00759136/-0.00757896
FT_COMPARE layer=28 relative=0.00121597 first=-0.00185687/-0.00185399
FT_COMPARE layer=29 relative=0.00137501 first=0.00864383/0.008634
GPU logits position=7 max_abs=7.4808 rmse=1.83249 KL=0.62975 TV=0.401382
FT_COMPARE layer=0 relative=0.000534422 first=-0.0111061/-0.0110558
FT_COMPARE layer=1 relative=0.00088748 first=-0.11356/-0.113587
FT_COMPARE layer=2 relative=0.00176795 first=0.0418865/0.0417788
FT_COMPARE layer=3 relative=0.00191636 first=0.00450275/0.004386
FT_COMPARE layer=4 relative=0.00230988 first=0.00319459/0.00322346
FT_COMPARE layer=5 relative=0.00111539 first=-0.00908858/-0.00901239
FT_COMPARE layer=6 relative=0.00162685 first=-0.00555756/-0.00557599
FT_COMPARE layer=7 relative=0.0017147 first=-0.0355562/-0.0354572
FT_COMPARE layer=8 relative=0.00185564 first=0.033503/0.0335432
FT_COMPARE layer=9 relative=0.00110169 first=-0.0322824/-0.0322323
FT_COMPARE layer=10 relative=0.00173369 first=0.0359709/0.0360254
FT_COMPARE layer=11 relative=0.00215386 first=-0.065166/-0.065197
FT_COMPARE layer=12 relative=0.00158286 first=-0.0558236/-0.0558293
FT_COMPARE layer=13 relative=0.0017393 first=-0.00608762/-0.00609289
FT_COMPARE layer=14 relative=0.00139936 first=-0.00455276/-0.00452311
FT_COMPARE layer=15 relative=0.00190293 first=0.0324112/0.0323939
FT_COMPARE layer=16 relative=0.0018203 first=-0.0192333/-0.0192824
FT_COMPARE layer=17 relative=0.0012122 first=0.0108324/0.0107035
FT_COMPARE layer=18 relative=0.00116646 first=0.00132853/0.00127013
FT_COMPARE layer=19 relative=0.00117128 first=0.0297077/0.0297331
FT_COMPARE layer=20 relative=0.00200285 first=0.0430868/0.0430829
FT_COMPARE layer=21 relative=0.00125457 first=0.0107564/0.0107005
FT_COMPARE layer=22 relative=0.00151902 first=0.0723668/0.0723163
FT_COMPARE layer=23 relative=0.00123774 first=-0.0235572/-0.0236006
FT_COMPARE layer=24 relative=0.00118985 first=0.00232499/0.00229463
FT_COMPARE layer=25 relative=0.000911282 first=0.0365459/0.0365245
FT_COMPARE layer=26 relative=0.000976174 first=0.0145721/0.0145874
FT_COMPARE layer=27 relative=0.000740114 first=-0.0110592/-0.0110758
FT_COMPARE layer=28 relative=0.000920308 first=-0.00657853/-0.00657423
FT_COMPARE layer=29 relative=0.00190601 first=-0.00306484/-0.0030947
GPU logits position=8 max_abs=10.5324 rmse=2.8533 KL=0.729892 TV=0.474902
greedy mismatch position=8 CPU=818 GPU=100
FT_COMPARE layer=0 relative=0.000733189 first=0.0632668/0.063272
FT_COMPARE layer=1 relative=0.000876533 first=-0.0028005/-0.00280034
FT_COMPARE layer=2 relative=0.00172109 first=-0.00116058/-0.00105234
FT_COMPARE layer=3 relative=0.00108477 first=-0.0224106/-0.0224311
FT_COMPARE layer=4 relative=0.00284533 first=0.0111319/0.0111522
FT_COMPARE layer=5 relative=0.00104513 first=0.00702588/0.00699855
FT_COMPARE layer=6 relative=0.00150702 first=-0.0370195/-0.0371346
FT_COMPARE layer=7 relative=0.00164459 first=-0.0403591/-0.0401294
FT_COMPARE layer=8 relative=0.00140922 first=-0.0292124/-0.029232
FT_COMPARE layer=9 relative=0.00155523 first=-0.00402666/-0.00418898
FT_COMPARE layer=10 relative=0.000874486 first=0.00667222/0.00666266
FT_COMPARE layer=11 relative=0.00113989 first=-0.0231048/-0.0231008
FT_COMPARE layer=12 relative=0.00126452 first=-0.00988086/-0.0098806
FT_COMPARE layer=13 relative=0.00157756 first=-0.00583153/-0.00582357
FT_COMPARE layer=14 relative=0.00215492 first=-0.0109717/-0.0110215
FT_COMPARE layer=15 relative=0.00225388 first=-0.00983817/-0.00979026
FT_COMPARE layer=16 relative=0.00178532 first=-0.0110311/-0.0110549
FT_COMPARE layer=17 relative=0.00147509 first=-0.0186099/-0.0185744
FT_COMPARE layer=18 relative=0.00152468 first=-0.0224366/-0.0224731
FT_COMPARE layer=19 relative=0.0029152 first=0.0199447/0.0198914
FT_COMPARE layer=20 relative=0.00177818 first=0.00595763/0.00602678
FT_COMPARE layer=21 relative=0.00129466 first=0.0173221/0.0173123
FT_COMPARE layer=22 relative=0.0012172 first=0.0445795/0.0445743
FT_COMPARE layer=23 relative=0.000902076 first=0.0318196/0.0318552
FT_COMPARE layer=24 relative=0.000882165 first=0.0410169/0.0409526
FT_COMPARE layer=25 relative=0.000707238 first=0.00871725/0.00874745
FT_COMPARE layer=26 relative=0.00076022 first=0.00668457/0.00675149
FT_COMPARE layer=27 relative=0.000985779 first=-0.00229563/-0.00230663
FT_COMPARE layer=28 relative=0.00117831 first=-0.0136591/-0.0136587
FT_COMPARE layer=29 relative=0.00161686 first=0.0112884/0.0113001
GPU logits position=9 max_abs=4.81891 rmse=1.01089 KL=0.0341466 TV=0.0634408
FT_COMPARE layer=0 relative=0.00128169 first=-0.160249/-0.160272
FT_COMPARE layer=1 relative=0.00165171 first=-0.0513035/-0.0513265
FT_COMPARE layer=2 relative=0.00174671 first=-0.0129807/-0.0129673
FT_COMPARE layer=3 relative=0.00134481 first=-0.0186827/-0.0186017
FT_COMPARE layer=4 relative=0.000769763 first=0.0740053/0.0741345
FT_COMPARE layer=5 relative=0.00123602 first=-0.00806002/-0.00809479
FT_COMPARE layer=6 relative=0.000805292 first=0.137357/0.137273
FT_COMPARE layer=7 relative=0.00320241 first=0.0055236/0.00550406
FT_COMPARE layer=8 relative=0.000995467 first=0.034936/0.0349869
FT_COMPARE layer=9 relative=0.00118595 first=-0.0265498/-0.0265727
FT_COMPARE layer=10 relative=0.00132242 first=0.000879392/0.000806
FT_COMPARE layer=11 relative=0.00109478 first=-0.0716491/-0.0715919
FT_COMPARE layer=12 relative=0.00167231 first=-0.011354/-0.0113104
FT_COMPARE layer=13 relative=0.00136465 first=0.0554671/0.0554993
FT_COMPARE layer=14 relative=0.00143159 first=-0.0325046/-0.0324875
FT_COMPARE layer=15 relative=0.00141675 first=-0.00573592/-0.00569202
FT_COMPARE layer=16 relative=0.00164801 first=0.0154597/0.0154311
FT_COMPARE layer=17 relative=0.00115892 first=0.039535/0.0394214
FT_COMPARE layer=18 relative=0.000933976 first=0.035438/0.0354106
FT_COMPARE layer=19 relative=0.00131259 first=0.00760753/0.00758543
FT_COMPARE layer=20 relative=0.00145324 first=0.00745145/0.00744359
FT_COMPARE layer=21 relative=0.000872127 first=0.0403503/0.0403321
FT_COMPARE layer=22 relative=0.00134326 first=0.0547674/0.0548904
FT_COMPARE layer=23 relative=0.0012713 first=0.0344093/0.0343951
FT_COMPARE layer=24 relative=0.00118292 first=0.0185596/0.0186141
FT_COMPARE layer=25 relative=0.00103686 first=0.0353563/0.0353306
FT_COMPARE layer=26 relative=0.000836017 first=0.0146104/0.0145541
FT_COMPARE layer=27 relative=0.00106035 first=0.00693045/0.00692034
FT_COMPARE layer=28 relative=0.00110138 first=-0.0068918/-0.00689224
FT_COMPARE layer=29 relative=0.00183261 first=0.00286397/0.00286992
GPU logits position=10 max_abs=1.49976 rmse=0.324337 KL=8.0541e-05 TV=0.000352277
FT_COMPARE layer=0 relative=0.000905016 first=0.0132902/0.0131915
FT_COMPARE layer=1 relative=0.0024469 first=-0.00896585/-0.0088881
FT_COMPARE layer=2 relative=0.000720937 first=-0.0915903/-0.091662
FT_COMPARE layer=3 relative=0.00349604 first=-0.013602/-0.013752
FT_COMPARE layer=4 relative=0.00177311 first=-0.00446852/-0.0044829
FT_COMPARE layer=5 relative=0.00287317 first=-0.00854689/-0.00849148
FT_COMPARE layer=6 relative=0.00105133 first=0.162499/0.162425
FT_COMPARE layer=7 relative=0.00315733 first=-0.100323/-0.100378
FT_COMPARE layer=8 relative=0.00175726 first=-0.110899/-0.111001
FT_COMPARE layer=9 relative=0.00127244 first=0.0217496/0.021724
FT_COMPARE layer=10 relative=0.00126724 first=-0.0380758/-0.0380628
FT_COMPARE layer=11 relative=0.00136915 first=-0.0373505/-0.0373181
FT_COMPARE layer=12 relative=0.0016932 first=0.0188724/0.018833
FT_COMPARE layer=13 relative=0.00159029 first=0.0107522/0.010733
FT_COMPARE layer=14 relative=0.00143365 first=-0.0320363/-0.032003
FT_COMPARE layer=15 relative=0.00170249 first=0.00852146/0.00845688
FT_COMPARE layer=16 relative=0.00159966 first=0.0384401/0.0383597
FT_COMPARE layer=17 relative=0.00212798 first=-0.0263204/-0.0263278
FT_COMPARE layer=18 relative=0.00197746 first=-0.0544335/-0.0544541
FT_COMPARE layer=19 relative=0.00133469 first=-0.00826463/-0.00831842
FT_COMPARE layer=20 relative=0.0018728 first=0.0400957/0.0400902
FT_COMPARE layer=21 relative=0.00135171 first=0.0548928/0.0548827
FT_COMPARE layer=22 relative=0.00154302 first=0.0458688/0.0459715
FT_COMPARE layer=23 relative=0.00100187 first=-0.0313885/-0.0313554
FT_COMPARE layer=24 relative=0.000985203 first=-0.031367/-0.0313675
FT_COMPARE layer=25 relative=0.000704365 first=0.0382714/0.0382296
FT_COMPARE layer=26 relative=0.00118202 first=-0.047923/-0.0479178
FT_COMPARE layer=27 relative=0.00083743 first=0.00150853/0.00149723
FT_COMPARE layer=28 relative=0.000906258 first=-0.00440689/-0.00441702
FT_COMPARE layer=29 relative=0.00126995 first=-0.0130275/-0.0130177
GPU logits position=11 max_abs=1.3737 rmse=0.292325 KL=0.0191499 TV=0.0786867
FT_COMPARE layer=0 relative=0.000770379 first=-0.0417858/-0.0418407
FT_COMPARE layer=1 relative=0.00102975 first=-0.0167392/-0.0167693
FT_COMPARE layer=2 relative=0.000977939 first=-0.0204335/-0.0204625
FT_COMPARE layer=3 relative=0.00125269 first=0.0398076/0.0396951
FT_COMPARE layer=4 relative=0.000952549 first=0.0432364/0.0437058
FT_COMPARE layer=5 relative=0.000801797 first=0.0273423/0.027379
FT_COMPARE layer=6 relative=0.00106478 first=0.0587311/0.0587166
FT_COMPARE layer=7 relative=0.000959733 first=-0.0460196/-0.0460182
FT_COMPARE layer=8 relative=0.00133662 first=0.00566371/0.00565064
FT_COMPARE layer=9 relative=0.00141973 first=-0.016449/-0.0163596
FT_COMPARE layer=10 relative=0.00244311 first=-0.0388931/-0.0389272
FT_COMPARE layer=11 relative=0.00114863 first=-0.029989/-0.0299919
FT_COMPARE layer=12 relative=0.00176664 first=-0.0395153/-0.039545
FT_COMPARE layer=13 relative=0.001452 first=-0.0103592/-0.0103632
FT_COMPARE layer=14 relative=0.00138918 first=0.0150066/0.0150013
FT_COMPARE layer=15 relative=0.00153197 first=0.0101158/0.0100812
FT_COMPARE layer=16 relative=0.00103914 first=-0.0151595/-0.0151415
FT_COMPARE layer=17 relative=0.00110141 first=-0.00507876/-0.00506585
FT_COMPARE layer=18 relative=0.00121558 first=0.0111576/0.0111574
FT_COMPARE layer=19 relative=0.00081201 first=0.00306045/0.00305081
FT_COMPARE layer=20 relative=0.00147964 first=-0.00204625/-0.00205942
FT_COMPARE layer=21 relative=0.00132003 first=0.0835231/0.0835355
FT_COMPARE layer=22 relative=0.00107998 first=0.0228042/0.0228762
FT_COMPARE layer=23 relative=0.000770272 first=0.107564/0.107665
FT_COMPARE layer=24 relative=0.00114169 first=0.00473906/0.00471245
FT_COMPARE layer=25 relative=0.00101865 first=0.0126268/0.0126334
FT_COMPARE layer=26 relative=0.000964107 first=-0.00203293/-0.00203076
FT_COMPARE layer=27 relative=0.000866032 first=0.00336651/0.00337196
FT_COMPARE layer=28 relative=0.00184009 first=-0.00849708/-0.00849749
FT_COMPARE layer=29 relative=0.00134881 first=0.0166765/0.0166812
GPU logits position=12 max_abs=1.60247 rmse=0.370551 KL=0.0800264 TV=0.16833
FT_COMPARE layer=0 relative=0.000870677 first=-0.133399/-0.133314
FT_COMPARE layer=1 relative=0.00138682 first=-0.000203987/-0.000221106
FT_COMPARE layer=2 relative=0.00109651 first=-0.0388653/-0.0387243
FT_COMPARE layer=3 relative=0.000887776 first=0.0162113/0.0162121
FT_COMPARE layer=4 relative=0.000958787 first=-0.110411/-0.110287
FT_COMPARE layer=5 relative=0.000893957 first=0.0129891/0.0128997
FT_COMPARE layer=6 relative=0.00115594 first=0.0794877/0.0796738
FT_COMPARE layer=7 relative=0.00185752 first=0.00261581/0.00251643
FT_COMPARE layer=8 relative=0.00152205 first=0.036345/0.0362338
FT_COMPARE layer=9 relative=0.00142675 first=0.0720638/0.0719555
FT_COMPARE layer=10 relative=0.000925451 first=-0.0204724/-0.0204635
FT_COMPARE layer=11 relative=0.00118261 first=0.0217369/0.0217733
FT_COMPARE layer=12 relative=0.00146602 first=0.0367626/0.0366931
FT_COMPARE layer=13 relative=0.00120375 first=0.0169579/0.0169486
FT_COMPARE layer=14 relative=0.00179793 first=-0.0112725/-0.0111828
FT_COMPARE layer=15 relative=0.00184865 first=-0.0119563/-0.0119685
FT_COMPARE layer=16 relative=0.00204968 first=-0.011271/-0.0112046
FT_COMPARE layer=17 relative=0.00150327 first=-0.039819/-0.0397803
FT_COMPARE layer=18 relative=0.00109165 first=0.0131036/0.013067
FT_COMPARE layer=19 relative=0.00102434 first=-0.000238725/-0.000213614
FT_COMPARE layer=20 relative=0.00120465 first=0.0373099/0.037308
FT_COMPARE layer=21 relative=0.00128372 first=0.0362505/0.0363836
FT_COMPARE layer=22 relative=0.000901518 first=-0.0424073/-0.0425345
FT_COMPARE layer=23 relative=0.00166906 first=0.0894085/0.0893278
FT_COMPARE layer=24 relative=0.000860016 first=0.0290947/0.0290333
FT_COMPARE layer=25 relative=0.00100289 first=0.0434351/0.0434958
FT_COMPARE layer=26 relative=0.00116458 first=0.00247563/0.00242652
FT_COMPARE layer=27 relative=0.0010839 first=-0.0243543/-0.0243521
FT_COMPARE layer=28 relative=0.00157545 first=-0.000117579/-9.99741e-05
FT_COMPARE layer=29 relative=0.00200111 first=-0.00978075/-0.00976991
GPU logits position=13 max_abs=1.43942 rmse=0.294377 KL=0.0010165 TV=0.0151062
FT_COMPARE layer=0 relative=0.000899483 first=0.20909/0.20932
FT_COMPARE layer=1 relative=0.000725684 first=0.0365684/0.0365466
FT_COMPARE layer=2 relative=0.0008034 first=0.0335591/0.0336347
FT_COMPARE layer=3 relative=0.00170048 first=0.105053/0.104859
FT_COMPARE layer=4 relative=0.00228561 first=0.0693943/0.0694881
FT_COMPARE layer=5 relative=0.00141671 first=0.0179378/0.0179567
FT_COMPARE layer=6 relative=0.00133588 first=-0.0335149/-0.0334904
FT_COMPARE layer=7 relative=0.0012547 first=-0.0294002/-0.0293229
FT_COMPARE layer=8 relative=0.00048071 first=0.0198531/0.0199377
FT_COMPARE layer=9 relative=0.00137688 first=-0.0104613/-0.0104223
FT_COMPARE layer=10 relative=0.00130142 first=0.0946604/0.0947058
FT_COMPARE layer=11 relative=0.00141347 first=-0.00295887/-0.00306866
FT_COMPARE layer=12 relative=0.0018398 first=0.00773378/0.00763141
FT_COMPARE layer=13 relative=0.00191144 first=-0.00214961/-0.0022641
FT_COMPARE layer=14 relative=0.00191576 first=0.0217067/0.0218281
FT_COMPARE layer=15 relative=0.00147408 first=-0.0190222/-0.019053
FT_COMPARE layer=16 relative=0.00136374 first=0.00480846/0.0047764
FT_COMPARE layer=17 relative=0.0014666 first=0.041733/0.0417281
FT_COMPARE layer=18 relative=0.0014427 first=-0.00862558/-0.00883118
FT_COMPARE layer=19 relative=0.00133882 first=0.0515719/0.0515328
FT_COMPARE layer=20 relative=0.00117039 first=0.0574584/0.0574301
FT_COMPARE layer=21 relative=0.0010226 first=0.0448424/0.0449235
FT_COMPARE layer=22 relative=0.00110937 first=0.0814046/0.0812356
FT_COMPARE layer=23 relative=0.00106464 first=0.0139479/0.014
FT_COMPARE layer=24 relative=0.000540218 first=-0.091723/-0.0917506
FT_COMPARE layer=25 relative=0.00101914 first=0.0853758/0.0854226
FT_COMPARE layer=26 relative=0.000965789 first=0.0138055/0.0138175
FT_COMPARE layer=27 relative=0.0014142 first=0.0143925/0.0143757
FT_COMPARE layer=28 relative=0.00151859 first=0.00591349/0.00594944
FT_COMPARE layer=29 relative=0.00164799 first=0.00702959/0.00703045
GPU logits position=14 max_abs=1.3209 rmse=0.292281 KL=0.00191289 TV=0.0113985
FT_COMPARE layer=0 relative=0.0012826 first=0.0433684/0.0435354
FT_COMPARE layer=1 relative=0.00176161 first=-0.0206642/-0.0206519
FT_COMPARE layer=2 relative=0.00132307 first=8.9867e-05/7.65729e-05
FT_COMPARE layer=3 relative=0.00156916 first=-0.0191603/-0.0191473
FT_COMPARE layer=4 relative=0.00236357 first=0.0152637/0.0152626
FT_COMPARE layer=5 relative=0.00127753 first=0.0077009/0.00774343
FT_COMPARE layer=6 relative=0.0013953 first=0.00233308/0.00235189
FT_COMPARE layer=7 relative=0.00153685 first=-0.011769/-0.0117866
FT_COMPARE layer=8 relative=0.00156531 first=0.0250201/0.025051
FT_COMPARE layer=9 relative=0.00138662 first=0.0287234/0.0287491
FT_COMPARE layer=10 relative=0.00102146 first=0.0369245/0.0368433
FT_COMPARE layer=11 relative=0.00119878 first=-0.021572/-0.021612
FT_COMPARE layer=12 relative=0.00145193 first=0.00813527/0.00813219
FT_COMPARE layer=13 relative=0.00142353 first=-0.027423/-0.0273614
FT_COMPARE layer=14 relative=0.00127168 first=0.0200151/0.0200422
FT_COMPARE layer=15 relative=0.00188347 first=0.0161131/0.0160781
FT_COMPARE layer=16 relative=0.0011568 first=-0.0335544/-0.0335385
FT_COMPARE layer=17 relative=0.00101955 first=-0.0308789/-0.0308972
FT_COMPARE layer=18 relative=0.00254099 first=0.00189464/0.00186922
FT_COMPARE layer=19 relative=0.00114497 first=0.0116045/0.0115897
FT_COMPARE layer=20 relative=0.00194445 first=0.04339/0.0435109
FT_COMPARE layer=21 relative=0.00142537 first=0.0531414/0.0531665
FT_COMPARE layer=22 relative=0.00129264 first=0.0289134/0.0289179
FT_COMPARE layer=23 relative=0.00103062 first=0.0139916/0.0139345
FT_COMPARE layer=24 relative=0.00110936 first=0.00113851/0.0011622
FT_COMPARE layer=25 relative=0.000947112 first=0.0389694/0.0389505
FT_COMPARE layer=26 relative=0.0010373 first=0.0482247/0.0481866
FT_COMPARE layer=27 relative=0.00293497 first=0.00906653/0.009123
FT_COMPARE layer=28 relative=0.00117906 first=-0.00723196/-0.00722192
FT_COMPARE layer=29 relative=0.00273373 first=0.00438627/0.00432193
GPU logits position=15 max_abs=1.75163 rmse=0.40676 KL=0.0450699 TV=0.121691
greedy mismatch position=15 CPU=45518 GPU=759
FT_COMPARE layer=0 relative=0.00123528 first=-0.0914297/-0.091263
FT_COMPARE layer=1 relative=0.00111371 first=-0.0469861/-0.0469234
FT_COMPARE layer=2 relative=0.00123974 first=0.0925428/0.0925401
FT_COMPARE layer=3 relative=0.000652338 first=-0.0459859/-0.0459759
FT_COMPARE layer=4 relative=0.00217435 first=0.00744268/0.007457
FT_COMPARE layer=5 relative=0.00121469 first=-0.0305965/-0.0303791
FT_COMPARE layer=6 relative=0.00111938 first=0.00856119/0.00866971
FT_COMPARE layer=7 relative=0.00201847 first=0.107334/0.107342
FT_COMPARE layer=8 relative=0.00176271 first=-0.0444978/-0.0445964
FT_COMPARE layer=9 relative=0.00126567 first=0.0013585/0.00141527
FT_COMPARE layer=10 relative=0.00177729 first=0.0266402/0.0265666
FT_COMPARE layer=11 relative=0.00198522 first=-0.0307092/-0.0306856
FT_COMPARE layer=12 relative=0.00164462 first=0.0257633/0.0256952
FT_COMPARE layer=13 relative=0.0027264 first=-0.0314945/-0.0315552
FT_COMPARE layer=14 relative=0.000983014 first=0.0258102/0.0258487
FT_COMPARE layer=15 relative=0.00163802 first=0.031019/0.0309928
FT_COMPARE layer=16 relative=0.00167049 first=0.001017/0.00107258
FT_COMPARE layer=17 relative=0.00144287 first=0.0373528/0.0372749
FT_COMPARE layer=18 relative=0.00159934 first=-0.00040378/-0.000404406
FT_COMPARE layer=19 relative=0.00145517 first=-0.0312834/-0.0313278
FT_COMPARE layer=20 relative=0.00107653 first=0.0298216/0.0298498
FT_COMPARE layer=21 relative=0.00122514 first=-0.0198732/-0.0198811
FT_COMPARE layer=22 relative=0.00088899 first=0.0573904/0.0574139
FT_COMPARE layer=23 relative=0.00112964 first=0.0369811/0.0369988
FT_COMPARE layer=24 relative=0.000903105 first=0.0705308/0.0706147
FT_COMPARE layer=25 relative=0.00136391 first=-0.0116633/-0.0116855
FT_COMPARE layer=26 relative=0.00130918 first=0.0158946/0.0158936
FT_COMPARE layer=27 relative=0.00167967 first=0.0193534/0.0193699
FT_COMPARE layer=28 relative=0.00110622 first=0.018003/0.0180026
FT_COMPARE layer=29 relative=0.00185246 first=-0.00892636/-0.00889253
GPU logits position=16 max_abs=1.98818 rmse=0.429435 KL=0.00202675 TV=0.00512145
FT_COMPARE layer=0 relative=0.00147512 first=-0.035145/-0.0349764
FT_COMPARE layer=1 relative=0.00179547 first=-0.0319277/-0.0319742
FT_COMPARE layer=2 relative=0.00160357 first=-0.0140978/-0.0141756
FT_COMPARE layer=3 relative=0.00279124 first=-0.0116612/-0.0116793
FT_COMPARE layer=4 relative=0.00224214 first=0.00223457/0.00222602
FT_COMPARE layer=5 relative=0.00242187 first=-0.00403106/-0.00402602
FT_COMPARE layer=6 relative=0.00109647 first=-0.0516932/-0.0516601
FT_COMPARE layer=7 relative=0.00203166 first=0.00954112/0.00933454
FT_COMPARE layer=8 relative=0.00124879 first=0.0505337/0.0505688
FT_COMPARE layer=9 relative=0.00228046 first=-0.0282127/-0.0282607
FT_COMPARE layer=10 relative=0.00106858 first=0.00490128/0.00493289
FT_COMPARE layer=11 relative=0.00119162 first=-0.0429003/-0.0428456
FT_COMPARE layer=12 relative=0.0013893 first=-0.0137561/-0.0137519
FT_COMPARE layer=13 relative=0.00125046 first=0.0156909/0.0157046
FT_COMPARE layer=14 relative=0.00163881 first=0.015685/0.0157424
FT_COMPARE layer=15 relative=0.00166101 first=0.0162609/0.0163271
FT_COMPARE layer=16 relative=0.00132371 first=0.0311835/0.0312017
FT_COMPARE layer=17 relative=0.00103628 first=0.036505/0.0365005
FT_COMPARE layer=18 relative=0.00137077 first=-0.0357603/-0.0358126
FT_COMPARE layer=19 relative=0.00106547 first=0.015011/0.0149767
FT_COMPARE layer=20 relative=0.00223655 first=-0.028067/-0.0280638
FT_COMPARE layer=21 relative=0.0010195 first=0.0125349/0.0125866
FT_COMPARE layer=22 relative=0.000882182 first=0.0547452/0.0547444
FT_COMPARE layer=23 relative=0.000914233 first=0.00854725/0.00851655
FT_COMPARE layer=24 relative=0.00111641 first=0.0195827/0.0195753
FT_COMPARE layer=25 relative=0.00108122 first=-0.00236024/-0.00238356
FT_COMPARE layer=26 relative=0.0015666 first=0.00331641/0.00331227
FT_COMPARE layer=27 relative=0.0022191 first=0.00999574/0.0100018
FT_COMPARE layer=28 relative=0.00119086 first=0.0155214/0.0155423
FT_COMPARE layer=29 relative=0.00133995 first=-0.00856174/-0.0085619
GPU logits position=17 max_abs=1.96535 rmse=0.406131 KL=0.0144036 TV=0.0418932
FT_COMPARE layer=0 relative=0.00192373 first=-0.0373748/-0.0374678
FT_COMPARE layer=1 relative=0.00178317 first=0.0391211/0.0390479
FT_COMPARE layer=2 relative=0.000953776 first=-0.0144735/-0.0144493
FT_COMPARE layer=3 relative=0.00075804 first=-0.068436/-0.0684041
FT_COMPARE layer=4 relative=0.00115944 first=-0.0156263/-0.0157236
FT_COMPARE layer=5 relative=0.00120341 first=0.164773/0.164673
FT_COMPARE layer=6 relative=0.00154856 first=-0.0116943/-0.0116728
FT_COMPARE layer=7 relative=0.00110197 first=-0.0222518/-0.0221594
FT_COMPARE layer=8 relative=0.00103993 first=-0.0764492/-0.0765749
FT_COMPARE layer=9 relative=0.00168339 first=-0.04633/-0.0463479
FT_COMPARE layer=10 relative=0.00117484 first=0.0180213/0.0181069
FT_COMPARE layer=11 relative=0.00109253 first=-0.0950915/-0.0949517
FT_COMPARE layer=12 relative=0.00165202 first=0.0307232/0.0307682
FT_COMPARE layer=13 relative=0.00168081 first=0.0174386/0.0174524
FT_COMPARE layer=14 relative=0.00239789 first=-0.0135075/-0.013388
FT_COMPARE layer=15 relative=0.00123025 first=0.0317199/0.0316797
FT_COMPARE layer=16 relative=0.00120335 first=0.00763103/0.00765699
FT_COMPARE layer=17 relative=0.00241844 first=0.0169854/0.0169668
FT_COMPARE layer=18 relative=0.00162708 first=-0.00715326/-0.00722518
FT_COMPARE layer=19 relative=0.00182555 first=-0.00109254/-0.00108261
FT_COMPARE layer=20 relative=0.00168229 first=-0.0303664/-0.0303953
FT_COMPARE layer=21 relative=0.00132765 first=0.0062936/0.00629354
FT_COMPARE layer=22 relative=0.0011581 first=0.0401135/0.0402283
FT_COMPARE layer=23 relative=0.00117548 first=0.0562847/0.0563047
FT_COMPARE layer=24 relative=0.00193558 first=0.0815104/0.0815777
FT_COMPARE layer=25 relative=0.00135458 first=0.00920503/0.00918067
FT_COMPARE layer=26 relative=0.0016716 first=0.0468125/0.0468303
FT_COMPARE layer=27 relative=0.000798302 first=0.0169153/0.0169175
FT_COMPARE layer=28 relative=0.000867992 first=0.0239085/0.0239137
FT_COMPARE layer=29 relative=0.00130357 first=0.00308437/0.00307612
GPU logits position=18 max_abs=1.32222 rmse=0.245349 KL=0.000315726 TV=0.00173972
FT_COMPARE layer=0 relative=0.00102574 first=0.0433503/0.043518
FT_COMPARE layer=1 relative=0.00209819 first=-0.00980204/-0.009834
FT_COMPARE layer=2 relative=0.00130459 first=-0.00498215/-0.00504944
FT_COMPARE layer=3 relative=0.00232831 first=0.000808049/0.000870535
FT_COMPARE layer=4 relative=0.00209414 first=0.00528264/0.00531997
FT_COMPARE layer=5 relative=0.00158743 first=0.0379862/0.0379391
FT_COMPARE layer=6 relative=0.00111898 first=-0.0246041/-0.0245713
FT_COMPARE layer=7 relative=0.000983431 first=-0.0148082/-0.0148849
FT_COMPARE layer=8 relative=0.0020451 first=0.0384119/0.0383652
FT_COMPARE layer=9 relative=0.0014494 first=-0.0681719/-0.0681255
FT_COMPARE layer=10 relative=0.00158627 first=0.0298985/0.0299506
FT_COMPARE layer=11 relative=0.00135673 first=-0.0182946/-0.0182185
FT_COMPARE layer=12 relative=0.00147546 first=0.0297547/0.02975
FT_COMPARE layer=13 relative=0.0020478 first=-0.00374901/-0.00371564
FT_COMPARE layer=14 relative=0.00171032 first=0.0248929/0.0249604
FT_COMPARE layer=15 relative=0.00190459 first=0.0202416/0.0202905
FT_COMPARE layer=16 relative=0.001234 first=-0.0043763/-0.00433269
FT_COMPARE layer=17 relative=0.00145321 first=0.0526685/0.0525716
FT_COMPARE layer=18 relative=0.00110107 first=-0.00120975/-0.00123217
FT_COMPARE layer=19 relative=0.00140329 first=-0.000798973/-0.000667094
FT_COMPARE layer=20 relative=0.000965836 first=-0.0507357/-0.050728
FT_COMPARE layer=21 relative=0.000912021 first=0.0159388/0.0159436
FT_COMPARE layer=22 relative=0.0010569 first=-0.00754153/-0.00748253
FT_COMPARE layer=23 relative=0.0010993 first=0.0280194/0.0279606
FT_COMPARE layer=24 relative=0.00127457 first=0.0197336/0.0196884
FT_COMPARE layer=25 relative=0.000967663 first=0.0186816/0.0187363
FT_COMPARE layer=26 relative=0.000833031 first=0.0401163/0.0400974
FT_COMPARE layer=27 relative=0.00138756 first=0.00132186/0.00131736
FT_COMPARE layer=28 relative=0.000812991 first=0.000645411/0.000650549
FT_COMPARE layer=29 relative=0.0011541 first=-0.00229645/-0.00228482
GPU logits position=19 max_abs=1.09621 rmse=0.263343 KL=0.000561989 TV=0.00287537
FT_COMPARE layer=0 relative=0.00207368 first=-0.00473189/-0.00438372
FT_COMPARE layer=1 relative=0.001533 first=0.00408224/0.00402161
FT_COMPARE layer=2 relative=0.000749691 first=-0.0477727/-0.0479472
FT_COMPARE layer=3 relative=0.000749949 first=-0.0699016/-0.0698935
FT_COMPARE layer=4 relative=0.00421711 first=-0.0478671/-0.0476216
FT_COMPARE layer=5 relative=0.0011843 first=0.120714/0.120633
FT_COMPARE layer=6 relative=0.000959892 first=-0.119512/-0.119619
FT_COMPARE layer=7 relative=0.00161603 first=-0.0576285/-0.0574191
FT_COMPARE layer=8 relative=0.00118138 first=-0.0655197/-0.0655966
FT_COMPARE layer=9 relative=0.00115752 first=0.00618128/0.00601204
FT_COMPARE layer=10 relative=0.00114705 first=-0.021858/-0.021872
FT_COMPARE layer=11 relative=0.00163234 first=-0.0189672/-0.0188531
FT_COMPARE layer=12 relative=0.00130358 first=0.0371214/0.0370979
FT_COMPARE layer=13 relative=0.00143181 first=-0.00968838/-0.00970185
FT_COMPARE layer=14 relative=0.00130062 first=0.0615905/0.0615733
FT_COMPARE layer=15 relative=0.00157208 first=0.0190839/0.0192123
FT_COMPARE layer=16 relative=0.0021414 first=0.000183999/0.000150739
FT_COMPARE layer=17 relative=0.00152893 first=0.0880423/0.0878296
FT_COMPARE layer=18 relative=0.00159498 first=0.0250449/0.0250498
FT_COMPARE layer=19 relative=0.00168064 first=0.000591256/0.000688282
FT_COMPARE layer=20 relative=0.00119816 first=-0.0430198/-0.0429904
FT_COMPARE layer=21 relative=0.00127242 first=0.0165934/0.016548
FT_COMPARE layer=22 relative=0.00149254 first=0.0276846/0.0277614
FT_COMPARE layer=23 relative=0.000932073 first=-0.00474535/-0.00474716
FT_COMPARE layer=24 relative=0.00313037 first=0.0662959/0.0661702
FT_COMPARE layer=25 relative=0.00110729 first=0.00532758/0.00519329
FT_COMPARE layer=26 relative=0.00122422 first=0.0538172/0.0537941
FT_COMPARE layer=27 relative=0.00107913 first=0.0154696/0.0154526
FT_COMPARE layer=28 relative=0.000683084 first=0.0269464/0.0269504
FT_COMPARE layer=29 relative=0.00102429 first=0.00831831/0.00830329
GPU logits position=20 max_abs=1.50758 rmse=0.378595 KL=0.000152208 TV=0.000470914
FT_COMPARE layer=0 relative=0.00126627 first=0.0931232/0.0929839
FT_COMPARE layer=1 relative=0.00134507 first=0.00159461/0.00157627
FT_COMPARE layer=2 relative=0.00123328 first=-0.00527077/-0.00522691
FT_COMPARE layer=3 relative=0.00226107 first=0.000118703/8.05391e-05
FT_COMPARE layer=4 relative=0.00202862 first=0.000132289/0.000174841
FT_COMPARE layer=5 relative=0.00157231 first=0.0102107/0.0101801
FT_COMPARE layer=6 relative=0.00105749 first=-0.0184526/-0.0184524
FT_COMPARE layer=7 relative=0.00116921 first=-0.0569968/-0.0570623
FT_COMPARE layer=8 relative=0.000891904 first=0.044946/0.0449278
FT_COMPARE layer=9 relative=0.00169575 first=-0.0474262/-0.0473402
FT_COMPARE layer=10 relative=0.00121452 first=-0.0500794/-0.0500083
FT_COMPARE layer=11 relative=0.000810577 first=-0.0458686/-0.0459214
FT_COMPARE layer=12 relative=0.00168473 first=-0.029865/-0.0298559
FT_COMPARE layer=13 relative=0.00187805 first=-0.00354195/-0.00359025
FT_COMPARE layer=14 relative=0.00162032 first=-0.0253042/-0.0252798
FT_COMPARE layer=15 relative=0.00205643 first=0.00672674/0.00677235
FT_COMPARE layer=16 relative=0.0014915 first=-0.0298267/-0.0297979
FT_COMPARE layer=17 relative=0.00151314 first=0.0444884/0.0444083
FT_COMPARE layer=18 relative=0.00117143 first=0.0089147/0.00891076
FT_COMPARE layer=19 relative=0.00212716 first=0.0100741/0.0100976
FT_COMPARE layer=20 relative=0.00127957 first=0.000227509/0.000264036
FT_COMPARE layer=21 relative=0.000815975 first=-0.00509406/-0.0050951
FT_COMPARE layer=22 relative=0.000928717 first=0.0419698/0.0418893
FT_COMPARE layer=23 relative=0.00125646 first=0.00402251/0.00398941
FT_COMPARE layer=24 relative=0.000940739 first=-0.0136954/-0.0136889
FT_COMPARE layer=25 relative=0.000859857 first=-0.00372236/-0.00377847
FT_COMPARE layer=26 relative=0.000852104 first=0.0246279/0.0246224
FT_COMPARE layer=27 relative=0.0011615 first=0.0024225/0.00246173
FT_COMPARE layer=28 relative=0.00107968 first=-0.000971004/-0.000966765
FT_COMPARE layer=29 relative=0.0014208 first=-0.0105604/-0.0105724
GPU logits position=21 max_abs=1.60526 rmse=0.416287 KL=0.00125191 TV=0.00452756
state_read_data: reading state
state_read_data: - reading model info
state_read_data: - reading memory module
state_read_data: reading state
state_read_data: - reading model info
state_read_data: - reading memory module
FT_COMPARE layer=0 relative=0.00113634 first=-0.156664/-0.156545
FT_COMPARE layer=1 relative=0.000736611 first=-0.000598988/-0.000603229
FT_COMPARE layer=2 relative=0.00139531 first=0.100173/0.0999843
FT_COMPARE layer=3 relative=0.00139743 first=0.0653556/0.0652468
FT_COMPARE layer=4 relative=0.000845079 first=0.120025/0.119939
FT_COMPARE layer=5 relative=0.000601573 first=0.091857/0.0919141
FT_COMPARE layer=6 relative=0.000883515 first=0.0581391/0.0580255
FT_COMPARE layer=7 relative=0.00236296 first=0.00335352/0.00299424
FT_COMPARE layer=8 relative=0.00125402 first=0.0356354/0.0356328
FT_COMPARE layer=9 relative=0.000801456 first=0.0583185/0.058187
FT_COMPARE layer=10 relative=0.00124232 first=0.0205396/0.0205591
FT_COMPARE layer=11 relative=0.00212726 first=0.0424271/0.0422631
FT_COMPARE layer=12 relative=0.00168413 first=0.00285748/0.0029042
FT_COMPARE layer=13 relative=0.00166641 first=0.0167187/0.0166525
FT_COMPARE layer=14 relative=0.00118054 first=0.0187515/0.0186754
FT_COMPARE layer=15 relative=0.00150836 first=-0.00928654/-0.00933607
FT_COMPARE layer=16 relative=0.00156901 first=-0.0554905/-0.0555383
FT_COMPARE layer=17 relative=0.00182489 first=0.0124909/0.0124709
FT_COMPARE layer=18 relative=0.00146493 first=0.0500627/0.0500997
FT_COMPARE layer=19 relative=0.00119137 first=0.0133427/0.0132702
FT_COMPARE layer=20 relative=0.00145959 first=-0.00385642/-0.00383625
FT_COMPARE layer=21 relative=0.00135401 first=0.00419993/0.00418799
FT_COMPARE layer=22 relative=0.00169785 first=0.0824246/0.0824435
FT_COMPARE layer=23 relative=0.000789693 first=0.0139222/0.0138521
FT_COMPARE layer=24 relative=0.00180961 first=0.00493395/0.00483931
FT_COMPARE layer=25 relative=0.000990711 first=-0.0088516/-0.00879215
FT_COMPARE layer=26 relative=0.00355868 first=0.0376084/0.0374616
FT_COMPARE layer=27 relative=0.00111997 first=0.00683208/0.00684698
FT_COMPARE layer=28 relative=0.00137483 first=0.00450947/0.00447661
FT_COMPARE layer=29 relative=0.00203604 first=0.0107593/0.0107672
GPU logits position=6 max_abs=2.13586 rmse=0.480377 KL=0.00022931 TV=0.00277534
FT_COMPARE layer=0 relative=0.00156808 first=0.0527997/0.0526978
FT_COMPARE layer=1 relative=0.00107581 first=0.00961012/0.00958402
FT_COMPARE layer=2 relative=0.00101085 first=-0.0425852/-0.0425379
FT_COMPARE layer=3 relative=0.00145209 first=0.0146128/0.0145163
FT_COMPARE layer=4 relative=0.00242756 first=-0.00137375/-0.00138188
FT_COMPARE layer=5 relative=0.00141791 first=0.0495423/0.0494809
FT_COMPARE layer=6 relative=0.00166964 first=0.0100235/0.010035
FT_COMPARE layer=7 relative=0.00127687 first=-0.0136956/-0.0137133
FT_COMPARE layer=8 relative=0.00200244 first=0.014436/0.0143901
FT_COMPARE layer=9 relative=0.000969256 first=0.00404077/0.00403746
FT_COMPARE layer=10 relative=0.00179087 first=0.00650477/0.00659163
FT_COMPARE layer=11 relative=0.00166606 first=-0.0118795/-0.0117947
FT_COMPARE layer=12 relative=0.0016487 first=-0.0249553/-0.0250478
FT_COMPARE layer=13 relative=0.00184359 first=0.011048/0.0109556
FT_COMPARE layer=14 relative=0.00168707 first=0.01039/0.0103895
FT_COMPARE layer=15 relative=0.0015566 first=0.00623566/0.00622621
FT_COMPARE layer=16 relative=0.00159787 first=-0.0306499/-0.0306252
FT_COMPARE layer=17 relative=0.00109191 first=-0.000689233/-0.000698997
FT_COMPARE layer=18 relative=0.00134159 first=-0.0178203/-0.0177879
FT_COMPARE layer=19 relative=0.00151233 first=0.022613/0.0225956
FT_COMPARE layer=20 relative=0.00135945 first=0.0191516/0.0192448
FT_COMPARE layer=21 relative=0.00138396 first=-0.0127185/-0.0127172
FT_COMPARE layer=22 relative=0.00130477 first=0.0452135/0.045224
FT_COMPARE layer=23 relative=0.00100895 first=0.0410455/0.0411016
FT_COMPARE layer=24 relative=0.00112875 first=0.00961328/0.00959649
FT_COMPARE layer=25 relative=0.00117814 first=0.0159172/0.0158783
FT_COMPARE layer=26 relative=0.00101995 first=0.0191773/0.019173
FT_COMPARE layer=27 relative=0.00109068 first=-0.00759136/-0.00757896
FT_COMPARE layer=28 relative=0.00121597 first=-0.00185687/-0.00185399
FT_COMPARE layer=29 relative=0.00137501 first=0.00864383/0.008634
GPU logits position=7 max_abs=7.4808 rmse=1.83249 KL=0.62975 TV=0.401382
FT_COMPARE layer=0 relative=0.000534422 first=-0.0111061/-0.0110558
FT_COMPARE layer=1 relative=0.00088748 first=-0.11356/-0.113587
FT_COMPARE layer=2 relative=0.00176795 first=0.0418865/0.0417788
FT_COMPARE layer=3 relative=0.00191636 first=0.00450275/0.004386
FT_COMPARE layer=4 relative=0.00230988 first=0.00319459/0.00322346
FT_COMPARE layer=5 relative=0.00111539 first=-0.00908858/-0.00901239
FT_COMPARE layer=6 relative=0.00162685 first=-0.00555756/-0.00557599
FT_COMPARE layer=7 relative=0.0017147 first=-0.0355562/-0.0354572
FT_COMPARE layer=8 relative=0.00185564 first=0.033503/0.0335432
FT_COMPARE layer=9 relative=0.00110169 first=-0.0322824/-0.0322323
FT_COMPARE layer=10 relative=0.00173369 first=0.0359709/0.0360254
FT_COMPARE layer=11 relative=0.00215386 first=-0.065166/-0.065197
FT_COMPARE layer=12 relative=0.00158286 first=-0.0558236/-0.0558293
FT_COMPARE layer=13 relative=0.0017393 first=-0.00608762/-0.00609289
FT_COMPARE layer=14 relative=0.00139936 first=-0.00455276/-0.00452311
FT_COMPARE layer=15 relative=0.00190293 first=0.0324112/0.0323939
FT_COMPARE layer=16 relative=0.0018203 first=-0.0192333/-0.0192824
FT_COMPARE layer=17 relative=0.0012122 first=0.0108324/0.0107035
FT_COMPARE layer=18 relative=0.00116646 first=0.00132853/0.00127013
FT_COMPARE layer=19 relative=0.00117128 first=0.0297077/0.0297331
FT_COMPARE layer=20 relative=0.00200285 first=0.0430868/0.0430829
FT_COMPARE layer=21 relative=0.00125457 first=0.0107564/0.0107005
FT_COMPARE layer=22 relative=0.00151902 first=0.0723668/0.0723163
FT_COMPARE layer=23 relative=0.00123774 first=-0.0235572/-0.0236006
FT_COMPARE layer=24 relative=0.00118985 first=0.00232499/0.00229463
FT_COMPARE layer=25 relative=0.000911282 first=0.0365459/0.0365245
FT_COMPARE layer=26 relative=0.000976174 first=0.0145721/0.0145874
FT_COMPARE layer=27 relative=0.000740114 first=-0.0110592/-0.0110758
FT_COMPARE layer=28 relative=0.000920308 first=-0.00657853/-0.00657423
FT_COMPARE layer=29 relative=0.00190601 first=-0.00306484/-0.0030947
GPU logits position=8 max_abs=10.5324 rmse=2.8533 KL=0.729892 TV=0.474902
greedy mismatch position=8 CPU=818 GPU=100
FT_COMPARE layer=0 relative=0.000733189 first=0.0632668/0.063272
FT_COMPARE layer=1 relative=0.000876533 first=-0.0028005/-0.00280034
FT_COMPARE layer=2 relative=0.00172109 first=-0.00116058/-0.00105234
FT_COMPARE layer=3 relative=0.00108477 first=-0.0224106/-0.0224311
FT_COMPARE layer=4 relative=0.00284533 first=0.0111319/0.0111522
FT_COMPARE layer=5 relative=0.00104513 first=0.00702588/0.00699855
FT_COMPARE layer=6 relative=0.00150702 first=-0.0370195/-0.0371346
FT_COMPARE layer=7 relative=0.00164459 first=-0.0403591/-0.0401294
FT_COMPARE layer=8 relative=0.00140922 first=-0.0292124/-0.029232
FT_COMPARE layer=9 relative=0.00155523 first=-0.00402666/-0.00418898
FT_COMPARE layer=10 relative=0.000874486 first=0.00667222/0.00666266
FT_COMPARE layer=11 relative=0.00113989 first=-0.0231048/-0.0231008
FT_COMPARE layer=12 relative=0.00126452 first=-0.00988086/-0.0098806
FT_COMPARE layer=13 relative=0.00157756 first=-0.00583153/-0.00582357
FT_COMPARE layer=14 relative=0.00215492 first=-0.0109717/-0.0110215
FT_COMPARE layer=15 relative=0.00225388 first=-0.00983817/-0.00979026
FT_COMPARE layer=16 relative=0.00178532 first=-0.0110311/-0.0110549
FT_COMPARE layer=17 relative=0.00147509 first=-0.0186099/-0.0185744
FT_COMPARE layer=18 relative=0.00152468 first=-0.0224366/-0.0224731
FT_COMPARE layer=19 relative=0.0029152 first=0.0199447/0.0198914
FT_COMPARE layer=20 relative=0.00177818 first=0.00595763/0.00602678
FT_COMPARE layer=21 relative=0.00129466 first=0.0173221/0.0173123
FT_COMPARE layer=22 relative=0.0012172 first=0.0445795/0.0445743
FT_COMPARE layer=23 relative=0.000902076 first=0.0318196/0.0318552
FT_COMPARE layer=24 relative=0.000882165 first=0.0410169/0.0409526
FT_COMPARE layer=25 relative=0.000707238 first=0.00871725/0.00874745
FT_COMPARE layer=26 relative=0.00076022 first=0.00668457/0.00675149
FT_COMPARE layer=27 relative=0.000985779 first=-0.00229563/-0.00230663
FT_COMPARE layer=28 relative=0.00117831 first=-0.0136591/-0.0136587
FT_COMPARE layer=29 relative=0.00161686 first=0.0112884/0.0113001
GPU logits position=9 max_abs=4.81891 rmse=1.01089 KL=0.0341466 TV=0.0634408
FT_COMPARE layer=0 relative=0.00128169 first=-0.160249/-0.160272
FT_COMPARE layer=1 relative=0.00165171 first=-0.0513035/-0.0513265
FT_COMPARE layer=2 relative=0.00174671 first=-0.0129807/-0.0129673
FT_COMPARE layer=3 relative=0.00134481 first=-0.0186827/-0.0186017
FT_COMPARE layer=4 relative=0.000769763 first=0.0740053/0.0741345
FT_COMPARE layer=5 relative=0.00123602 first=-0.00806002/-0.00809479
FT_COMPARE layer=6 relative=0.000805292 first=0.137357/0.137273
FT_COMPARE layer=7 relative=0.00320241 first=0.0055236/0.00550406
FT_COMPARE layer=8 relative=0.000995467 first=0.034936/0.0349869
FT_COMPARE layer=9 relative=0.00118595 first=-0.0265498/-0.0265727
FT_COMPARE layer=10 relative=0.00132242 first=0.000879392/0.000806
FT_COMPARE layer=11 relative=0.00109478 first=-0.0716491/-0.0715919
FT_COMPARE layer=12 relative=0.00167231 first=-0.011354/-0.0113104
FT_COMPARE layer=13 relative=0.00136465 first=0.0554671/0.0554993
FT_COMPARE layer=14 relative=0.00143159 first=-0.0325046/-0.0324875
FT_COMPARE layer=15 relative=0.00141675 first=-0.00573592/-0.00569202
FT_COMPARE layer=16 relative=0.00164801 first=0.0154597/0.0154311
FT_COMPARE layer=17 relative=0.00115892 first=0.039535/0.0394214
FT_COMPARE layer=18 relative=0.000933976 first=0.035438/0.0354106
FT_COMPARE layer=19 relative=0.00131259 first=0.00760753/0.00758543
FT_COMPARE layer=20 relative=0.00145324 first=0.00745145/0.00744359
FT_COMPARE layer=21 relative=0.000872127 first=0.0403503/0.0403321
FT_COMPARE layer=22 relative=0.00134326 first=0.0547674/0.0548904
FT_COMPARE layer=23 relative=0.0012713 first=0.0344093/0.0343951
FT_COMPARE layer=24 relative=0.00118292 first=0.0185596/0.0186141
FT_COMPARE layer=25 relative=0.00103686 first=0.0353563/0.0353306
FT_COMPARE layer=26 relative=0.000836017 first=0.0146104/0.0145541
FT_COMPARE layer=27 relative=0.00106035 first=0.00693045/0.00692034
FT_COMPARE layer=28 relative=0.00110138 first=-0.0068918/-0.00689224
FT_COMPARE layer=29 relative=0.00183261 first=0.00286397/0.00286992
GPU logits position=10 max_abs=1.49976 rmse=0.324337 KL=8.0541e-05 TV=0.000352277
FT_COMPARE layer=0 relative=0.000905016 first=0.0132902/0.0131915
FT_COMPARE layer=1 relative=0.0024469 first=-0.00896585/-0.0088881
FT_COMPARE layer=2 relative=0.000720937 first=-0.0915903/-0.091662
FT_COMPARE layer=3 relative=0.00349604 first=-0.013602/-0.013752
FT_COMPARE layer=4 relative=0.00177311 first=-0.00446852/-0.0044829
FT_COMPARE layer=5 relative=0.00287317 first=-0.00854689/-0.00849148
FT_COMPARE layer=6 relative=0.00105133 first=0.162499/0.162425
FT_COMPARE layer=7 relative=0.00315733 first=-0.100323/-0.100378
FT_COMPARE layer=8 relative=0.00175726 first=-0.110899/-0.111001
FT_COMPARE layer=9 relative=0.00127244 first=0.0217496/0.021724
FT_COMPARE layer=10 relative=0.00126724 first=-0.0380758/-0.0380628
FT_COMPARE layer=11 relative=0.00136915 first=-0.0373505/-0.0373181
FT_COMPARE layer=12 relative=0.0016932 first=0.0188724/0.018833
FT_COMPARE layer=13 relative=0.00159029 first=0.0107522/0.010733
FT_COMPARE layer=14 relative=0.00143365 first=-0.0320363/-0.032003
FT_COMPARE layer=15 relative=0.00170249 first=0.00852146/0.00845688
FT_COMPARE layer=16 relative=0.00159966 first=0.0384401/0.0383597
FT_COMPARE layer=17 relative=0.00212798 first=-0.0263204/-0.0263278
FT_COMPARE layer=18 relative=0.00197746 first=-0.0544335/-0.0544541
FT_COMPARE layer=19 relative=0.00133469 first=-0.00826463/-0.00831842
FT_COMPARE layer=20 relative=0.0018728 first=0.0400957/0.0400902
FT_COMPARE layer=21 relative=0.00135171 first=0.0548928/0.0548827
FT_COMPARE layer=22 relative=0.00154302 first=0.0458688/0.0459715
FT_COMPARE layer=23 relative=0.00100187 first=-0.0313885/-0.0313554
FT_COMPARE layer=24 relative=0.000985203 first=-0.031367/-0.0313675
FT_COMPARE layer=25 relative=0.000704365 first=0.0382714/0.0382296
FT_COMPARE layer=26 relative=0.00118202 first=-0.047923/-0.0479178
FT_COMPARE layer=27 relative=0.00083743 first=0.00150853/0.00149723
FT_COMPARE layer=28 relative=0.000906258 first=-0.00440689/-0.00441702
FT_COMPARE layer=29 relative=0.00126995 first=-0.0130275/-0.0130177
GPU logits position=11 max_abs=1.3737 rmse=0.292325 KL=0.0191499 TV=0.0786867
FT_COMPARE layer=0 relative=0.000770379 first=-0.0417858/-0.0418407
FT_COMPARE layer=1 relative=0.00102975 first=-0.0167392/-0.0167693
FT_COMPARE layer=2 relative=0.000977939 first=-0.0204335/-0.0204625
FT_COMPARE layer=3 relative=0.00125269 first=0.0398076/0.0396951
FT_COMPARE layer=4 relative=0.000952549 first=0.0432364/0.0437058
FT_COMPARE layer=5 relative=0.000801797 first=0.0273423/0.027379
FT_COMPARE layer=6 relative=0.00106478 first=0.0587311/0.0587166
FT_COMPARE layer=7 relative=0.000959733 first=-0.0460196/-0.0460182
FT_COMPARE layer=8 relative=0.00133662 first=0.00566371/0.00565064
FT_COMPARE layer=9 relative=0.00141973 first=-0.016449/-0.0163596
FT_COMPARE layer=10 relative=0.00244311 first=-0.0388931/-0.0389272
FT_COMPARE layer=11 relative=0.00114863 first=-0.029989/-0.0299919
FT_COMPARE layer=12 relative=0.00176664 first=-0.0395153/-0.039545
FT_COMPARE layer=13 relative=0.001452 first=-0.0103592/-0.0103632
FT_COMPARE layer=14 relative=0.00138918 first=0.0150066/0.0150013
FT_COMPARE layer=15 relative=0.00153197 first=0.0101158/0.0100812
FT_COMPARE layer=16 relative=0.00103914 first=-0.0151595/-0.0151415
FT_COMPARE layer=17 relative=0.00110141 first=-0.00507876/-0.00506585
FT_COMPARE layer=18 relative=0.00121558 first=0.0111576/0.0111574
FT_COMPARE layer=19 relative=0.00081201 first=0.00306045/0.00305081
FT_COMPARE layer=20 relative=0.00147964 first=-0.00204625/-0.00205942
FT_COMPARE layer=21 relative=0.00132003 first=0.0835231/0.0835355
FT_COMPARE layer=22 relative=0.00107998 first=0.0228042/0.0228762
FT_COMPARE layer=23 relative=0.000770272 first=0.107564/0.107665
FT_COMPARE layer=24 relative=0.00114169 first=0.00473906/0.00471245
FT_COMPARE layer=25 relative=0.00101865 first=0.0126268/0.0126334
FT_COMPARE layer=26 relative=0.000964107 first=-0.00203293/-0.00203076
FT_COMPARE layer=27 relative=0.000866032 first=0.00336651/0.00337196
FT_COMPARE layer=28 relative=0.00184009 first=-0.00849708/-0.00849749
FT_COMPARE layer=29 relative=0.00134881 first=0.0166765/0.0166812
GPU logits position=12 max_abs=1.60247 rmse=0.370551 KL=0.0800264 TV=0.16833
FT_COMPARE layer=0 relative=0.000870677 first=-0.133399/-0.133314
FT_COMPARE layer=1 relative=0.00138682 first=-0.000203987/-0.000221106
FT_COMPARE layer=2 relative=0.00109651 first=-0.0388653/-0.0387243
FT_COMPARE layer=3 relative=0.000887776 first=0.0162113/0.0162121
FT_COMPARE layer=4 relative=0.000958787 first=-0.110411/-0.110287
FT_COMPARE layer=5 relative=0.000893957 first=0.0129891/0.0128997
FT_COMPARE layer=6 relative=0.00115594 first=0.0794877/0.0796738
FT_COMPARE layer=7 relative=0.00185752 first=0.00261581/0.00251643
FT_COMPARE layer=8 relative=0.00152205 first=0.036345/0.0362338
FT_COMPARE layer=9 relative=0.00142675 first=0.0720638/0.0719555
FT_COMPARE layer=10 relative=0.000925451 first=-0.0204724/-0.0204635
FT_COMPARE layer=11 relative=0.00118261 first=0.0217369/0.0217733
FT_COMPARE layer=12 relative=0.00146602 first=0.0367626/0.0366931
FT_COMPARE layer=13 relative=0.00120375 first=0.0169579/0.0169486
FT_COMPARE layer=14 relative=0.00179793 first=-0.0112725/-0.0111828
FT_COMPARE layer=15 relative=0.00184865 first=-0.0119563/-0.0119685
FT_COMPARE layer=16 relative=0.00204968 first=-0.011271/-0.0112046
FT_COMPARE layer=17 relative=0.00150327 first=-0.039819/-0.0397803
FT_COMPARE layer=18 relative=0.00109165 first=0.0131036/0.013067
FT_COMPARE layer=19 relative=0.00102434 first=-0.000238725/-0.000213614
FT_COMPARE layer=20 relative=0.00120465 first=0.0373099/0.037308
FT_COMPARE layer=21 relative=0.00128372 first=0.0362505/0.0363836
FT_COMPARE layer=22 relative=0.000901518 first=-0.0424073/-0.0425345
FT_COMPARE layer=23 relative=0.00166906 first=0.0894085/0.0893278
FT_COMPARE layer=24 relative=0.000860016 first=0.0290947/0.0290333
FT_COMPARE layer=25 relative=0.00100289 first=0.0434351/0.0434958
FT_COMPARE layer=26 relative=0.00116458 first=0.00247563/0.00242652
FT_COMPARE layer=27 relative=0.0010839 first=-0.0243543/-0.0243521
FT_COMPARE layer=28 relative=0.00157545 first=-0.000117579/-9.99741e-05
FT_COMPARE layer=29 relative=0.00200111 first=-0.00978075/-0.00976991
GPU logits position=13 max_abs=1.43942 rmse=0.294377 KL=0.0010165 TV=0.0151062
FT_COMPARE layer=0 relative=0.000899483 first=0.20909/0.20932
FT_COMPARE layer=1 relative=0.000725684 first=0.0365684/0.0365466
FT_COMPARE layer=2 relative=0.0008034 first=0.0335591/0.0336347
FT_COMPARE layer=3 relative=0.00170048 first=0.105053/0.104859
FT_COMPARE layer=4 relative=0.00228561 first=0.0693943/0.0694881
FT_COMPARE layer=5 relative=0.00141671 first=0.0179378/0.0179567
FT_COMPARE layer=6 relative=0.00133588 first=-0.0335149/-0.0334904
FT_COMPARE layer=7 relative=0.0012547 first=-0.0294002/-0.0293229
FT_COMPARE layer=8 relative=0.00048071 first=0.0198531/0.0199377
FT_COMPARE layer=9 relative=0.00137688 first=-0.0104613/-0.0104223
FT_COMPARE layer=10 relative=0.00130142 first=0.0946604/0.0947058
FT_COMPARE layer=11 relative=0.00141347 first=-0.00295887/-0.00306866
FT_COMPARE layer=12 relative=0.0018398 first=0.00773378/0.00763141
FT_COMPARE layer=13 relative=0.00191144 first=-0.00214961/-0.0022641
FT_COMPARE layer=14 relative=0.00191576 first=0.0217067/0.0218281
FT_COMPARE layer=15 relative=0.00147408 first=-0.0190222/-0.019053
FT_COMPARE layer=16 relative=0.00136374 first=0.00480846/0.0047764
FT_COMPARE layer=17 relative=0.0014666 first=0.041733/0.0417281
FT_COMPARE layer=18 relative=0.0014427 first=-0.00862558/-0.00883118
FT_COMPARE layer=19 relative=0.00133882 first=0.0515719/0.0515328
FT_COMPARE layer=20 relative=0.00117039 first=0.0574584/0.0574301
FT_COMPARE layer=21 relative=0.0010226 first=0.0448424/0.0449235
FT_COMPARE layer=22 relative=0.00110937 first=0.0814046/0.0812356
FT_COMPARE layer=23 relative=0.00106464 first=0.0139479/0.014
FT_COMPARE layer=24 relative=0.000540218 first=-0.091723/-0.0917506
FT_COMPARE layer=25 relative=0.00101914 first=0.0853758/0.0854226
FT_COMPARE layer=26 relative=0.000965789 first=0.0138055/0.0138175
FT_COMPARE layer=27 relative=0.0014142 first=0.0143925/0.0143757
FT_COMPARE layer=28 relative=0.00151859 first=0.00591349/0.00594944
FT_COMPARE layer=29 relative=0.00164799 first=0.00702959/0.00703045
GPU logits position=14 max_abs=1.3209 rmse=0.292281 KL=0.00191289 TV=0.0113985
FT_COMPARE layer=0 relative=0.0012826 first=0.0433684/0.0435354
FT_COMPARE layer=1 relative=0.00176161 first=-0.0206642/-0.0206519
FT_COMPARE layer=2 relative=0.00132307 first=8.9867e-05/7.65729e-05
FT_COMPARE layer=3 relative=0.00156916 first=-0.0191603/-0.0191473
FT_COMPARE layer=4 relative=0.00236357 first=0.0152637/0.0152626
FT_COMPARE layer=5 relative=0.00127753 first=0.0077009/0.00774343
FT_COMPARE layer=6 relative=0.0013953 first=0.00233308/0.00235189
FT_COMPARE layer=7 relative=0.00153685 first=-0.011769/-0.0117866
FT_COMPARE layer=8 relative=0.00156531 first=0.0250201/0.025051
FT_COMPARE layer=9 relative=0.00138662 first=0.0287234/0.0287491
FT_COMPARE layer=10 relative=0.00102146 first=0.0369245/0.0368433
FT_COMPARE layer=11 relative=0.00119878 first=-0.021572/-0.021612
FT_COMPARE layer=12 relative=0.00145193 first=0.00813527/0.00813219
FT_COMPARE layer=13 relative=0.00142353 first=-0.027423/-0.0273614
FT_COMPARE layer=14 relative=0.00127168 first=0.0200151/0.0200422
FT_COMPARE layer=15 relative=0.00188347 first=0.0161131/0.0160781
FT_COMPARE layer=16 relative=0.0011568 first=-0.0335544/-0.0335385
FT_COMPARE layer=17 relative=0.00101955 first=-0.0308789/-0.0308972
FT_COMPARE layer=18 relative=0.00254099 first=0.00189464/0.00186922
FT_COMPARE layer=19 relative=0.00114497 first=0.0116045/0.0115897
FT_COMPARE layer=20 relative=0.00194445 first=0.04339/0.0435109
FT_COMPARE layer=21 relative=0.00142537 first=0.0531414/0.0531665
FT_COMPARE layer=22 relative=0.00129264 first=0.0289134/0.0289179
FT_COMPARE layer=23 relative=0.00103062 first=0.0139916/0.0139345
FT_COMPARE layer=24 relative=0.00110936 first=0.00113851/0.0011622
FT_COMPARE layer=25 relative=0.000947112 first=0.0389694/0.0389505
FT_COMPARE layer=26 relative=0.0010373 first=0.0482247/0.0481866
FT_COMPARE layer=27 relative=0.00293497 first=0.00906653/0.009123
FT_COMPARE layer=28 relative=0.00117906 first=-0.00723196/-0.00722192
FT_COMPARE layer=29 relative=0.00273373 first=0.00438627/0.00432193
GPU logits position=15 max_abs=1.75163 rmse=0.40676 KL=0.0450699 TV=0.121691
greedy mismatch position=15 CPU=45518 GPU=759
FT_COMPARE layer=0 relative=0.00123528 first=-0.0914297/-0.091263
FT_COMPARE layer=1 relative=0.00111371 first=-0.0469861/-0.0469234
FT_COMPARE layer=2 relative=0.00123974 first=0.0925428/0.0925401
FT_COMPARE layer=3 relative=0.000652338 first=-0.0459859/-0.0459759
FT_COMPARE layer=4 relative=0.00217435 first=0.00744268/0.007457
FT_COMPARE layer=5 relative=0.00121469 first=-0.0305965/-0.0303791
FT_COMPARE layer=6 relative=0.00111938 first=0.00856119/0.00866971
FT_COMPARE layer=7 relative=0.00201847 first=0.107334/0.107342
FT_COMPARE layer=8 relative=0.00176271 first=-0.0444978/-0.0445964
FT_COMPARE layer=9 relative=0.00126567 first=0.0013585/0.00141527
FT_COMPARE layer=10 relative=0.00177729 first=0.0266402/0.0265666
FT_COMPARE layer=11 relative=0.00198522 first=-0.0307092/-0.0306856
FT_COMPARE layer=12 relative=0.00164462 first=0.0257633/0.0256952
FT_COMPARE layer=13 relative=0.0027264 first=-0.0314945/-0.0315552
FT_COMPARE layer=14 relative=0.000983014 first=0.0258102/0.0258487
FT_COMPARE layer=15 relative=0.00163802 first=0.031019/0.0309928
FT_COMPARE layer=16 relative=0.00167049 first=0.001017/0.00107258
FT_COMPARE layer=17 relative=0.00144287 first=0.0373528/0.0372749
FT_COMPARE layer=18 relative=0.00159934 first=-0.00040378/-0.000404406
FT_COMPARE layer=19 relative=0.00145517 first=-0.0312834/-0.0313278
FT_COMPARE layer=20 relative=0.00107653 first=0.0298216/0.0298498
FT_COMPARE layer=21 relative=0.00122514 first=-0.0198732/-0.0198811
FT_COMPARE layer=22 relative=0.00088899 first=0.0573904/0.0574139
FT_COMPARE layer=23 relative=0.00112964 first=0.0369811/0.0369988
FT_COMPARE layer=24 relative=0.000903105 first=0.0705308/0.0706147
FT_COMPARE layer=25 relative=0.00136391 first=-0.0116633/-0.0116855
FT_COMPARE layer=26 relative=0.00130918 first=0.0158946/0.0158936
FT_COMPARE layer=27 relative=0.00167967 first=0.0193534/0.0193699
FT_COMPARE layer=28 relative=0.00110622 first=0.018003/0.0180026
FT_COMPARE layer=29 relative=0.00185246 first=-0.00892636/-0.00889253
GPU logits position=16 max_abs=1.98818 rmse=0.429435 KL=0.00202675 TV=0.00512145
FT_COMPARE layer=0 relative=0.00147512 first=-0.035145/-0.0349764
FT_COMPARE layer=1 relative=0.00179547 first=-0.0319277/-0.0319742
FT_COMPARE layer=2 relative=0.00160357 first=-0.0140978/-0.0141756
FT_COMPARE layer=3 relative=0.00279124 first=-0.0116612/-0.0116793
FT_COMPARE layer=4 relative=0.00224214 first=0.00223457/0.00222602
FT_COMPARE layer=5 relative=0.00242187 first=-0.00403106/-0.00402602
FT_COMPARE layer=6 relative=0.00109647 first=-0.0516932/-0.0516601
FT_COMPARE layer=7 relative=0.00203166 first=0.00954112/0.00933454
FT_COMPARE layer=8 relative=0.00124879 first=0.0505337/0.0505688
FT_COMPARE layer=9 relative=0.00228046 first=-0.0282127/-0.0282607
FT_COMPARE layer=10 relative=0.00106858 first=0.00490128/0.00493289
FT_COMPARE layer=11 relative=0.00119162 first=-0.0429003/-0.0428456
FT_COMPARE layer=12 relative=0.0013893 first=-0.0137561/-0.0137519
FT_COMPARE layer=13 relative=0.00125046 first=0.0156909/0.0157046
FT_COMPARE layer=14 relative=0.00163881 first=0.015685/0.0157424
FT_COMPARE layer=15 relative=0.00166101 first=0.0162609/0.0163271
FT_COMPARE layer=16 relative=0.00132371 first=0.0311835/0.0312017
FT_COMPARE layer=17 relative=0.00103628 first=0.036505/0.0365005
FT_COMPARE layer=18 relative=0.00137077 first=-0.0357603/-0.0358126
FT_COMPARE layer=19 relative=0.00106547 first=0.015011/0.0149767
FT_COMPARE layer=20 relative=0.00223655 first=-0.028067/-0.0280638
FT_COMPARE layer=21 relative=0.0010195 first=0.0125349/0.0125866
FT_COMPARE layer=22 relative=0.000882182 first=0.0547452/0.0547444
FT_COMPARE layer=23 relative=0.000914233 first=0.00854725/0.00851655
FT_COMPARE layer=24 relative=0.00111641 first=0.0195827/0.0195753
FT_COMPARE layer=25 relative=0.00108122 first=-0.00236024/-0.00238356
FT_COMPARE layer=26 relative=0.0015666 first=0.00331641/0.00331227
FT_COMPARE layer=27 relative=0.0022191 first=0.00999574/0.0100018
FT_COMPARE layer=28 relative=0.00119086 first=0.0155214/0.0155423
FT_COMPARE layer=29 relative=0.00133995 first=-0.00856174/-0.0085619
GPU logits position=17 max_abs=1.96535 rmse=0.406131 KL=0.0144036 TV=0.0418932
FT_COMPARE layer=0 relative=0.00192373 first=-0.0373748/-0.0374678
FT_COMPARE layer=1 relative=0.00178317 first=0.0391211/0.0390479
FT_COMPARE layer=2 relative=0.000953776 first=-0.0144735/-0.0144493
FT_COMPARE layer=3 relative=0.00075804 first=-0.068436/-0.0684041
FT_COMPARE layer=4 relative=0.00115944 first=-0.0156263/-0.0157236
FT_COMPARE layer=5 relative=0.00120341 first=0.164773/0.164673
FT_COMPARE layer=6 relative=0.00154856 first=-0.0116943/-0.0116728
FT_COMPARE layer=7 relative=0.00110197 first=-0.0222518/-0.0221594
FT_COMPARE layer=8 relative=0.00103993 first=-0.0764492/-0.0765749
FT_COMPARE layer=9 relative=0.00168339 first=-0.04633/-0.0463479
FT_COMPARE layer=10 relative=0.00117484 first=0.0180213/0.0181069
FT_COMPARE layer=11 relative=0.00109253 first=-0.0950915/-0.0949517
FT_COMPARE layer=12 relative=0.00165202 first=0.0307232/0.0307682
FT_COMPARE layer=13 relative=0.00168081 first=0.0174386/0.0174524
FT_COMPARE layer=14 relative=0.00239789 first=-0.0135075/-0.013388
FT_COMPARE layer=15 relative=0.00123025 first=0.0317199/0.0316797
FT_COMPARE layer=16 relative=0.00120335 first=0.00763103/0.00765699
FT_COMPARE layer=17 relative=0.00241844 first=0.0169854/0.0169668
FT_COMPARE layer=18 relative=0.00162708 first=-0.00715326/-0.00722518
FT_COMPARE layer=19 relative=0.00182555 first=-0.00109254/-0.00108261
FT_COMPARE layer=20 relative=0.00168229 first=-0.0303664/-0.0303953
FT_COMPARE layer=21 relative=0.00132765 first=0.0062936/0.00629354
FT_COMPARE layer=22 relative=0.0011581 first=0.0401135/0.0402283
FT_COMPARE layer=23 relative=0.00117548 first=0.0562847/0.0563047
FT_COMPARE layer=24 relative=0.00193558 first=0.0815104/0.0815777
FT_COMPARE layer=25 relative=0.00135458 first=0.00920503/0.00918067
FT_COMPARE layer=26 relative=0.0016716 first=0.0468125/0.0468303
FT_COMPARE layer=27 relative=0.000798302 first=0.0169153/0.0169175
FT_COMPARE layer=28 relative=0.000867992 first=0.0239085/0.0239137
FT_COMPARE layer=29 relative=0.00130357 first=0.00308437/0.00307612
GPU logits position=18 max_abs=1.32222 rmse=0.245349 KL=0.000315726 TV=0.00173972
FT_COMPARE layer=0 relative=0.00102574 first=0.0433503/0.043518
FT_COMPARE layer=1 relative=0.00209819 first=-0.00980204/-0.009834
FT_COMPARE layer=2 relative=0.00130459 first=-0.00498215/-0.00504944
FT_COMPARE layer=3 relative=0.00232831 first=0.000808049/0.000870535
FT_COMPARE layer=4 relative=0.00209414 first=0.00528264/0.00531997
FT_COMPARE layer=5 relative=0.00158743 first=0.0379862/0.0379391
FT_COMPARE layer=6 relative=0.00111898 first=-0.0246041/-0.0245713
FT_COMPARE layer=7 relative=0.000983431 first=-0.0148082/-0.0148849
FT_COMPARE layer=8 relative=0.0020451 first=0.0384119/0.0383652
FT_COMPARE layer=9 relative=0.0014494 first=-0.0681719/-0.0681255
FT_COMPARE layer=10 relative=0.00158627 first=0.0298985/0.0299506
FT_COMPARE layer=11 relative=0.00135673 first=-0.0182946/-0.0182185
FT_COMPARE layer=12 relative=0.00147546 first=0.0297547/0.02975
FT_COMPARE layer=13 relative=0.0020478 first=-0.00374901/-0.00371564
FT_COMPARE layer=14 relative=0.00171032 first=0.0248929/0.0249604
FT_COMPARE layer=15 relative=0.00190459 first=0.0202416/0.0202905
FT_COMPARE layer=16 relative=0.001234 first=-0.0043763/-0.00433269
FT_COMPARE layer=17 relative=0.00145321 first=0.0526685/0.0525716
FT_COMPARE layer=18 relative=0.00110107 first=-0.00120975/-0.00123217
FT_COMPARE layer=19 relative=0.00140329 first=-0.000798973/-0.000667094
FT_COMPARE layer=20 relative=0.000965836 first=-0.0507357/-0.050728
FT_COMPARE layer=21 relative=0.000912021 first=0.0159388/0.0159436
FT_COMPARE layer=22 relative=0.0010569 first=-0.00754153/-0.00748253
FT_COMPARE layer=23 relative=0.0010993 first=0.0280194/0.0279606
FT_COMPARE layer=24 relative=0.00127457 first=0.0197336/0.0196884
FT_COMPARE layer=25 relative=0.000967663 first=0.0186816/0.0187363
FT_COMPARE layer=26 relative=0.000833031 first=0.0401163/0.0400974
FT_COMPARE layer=27 relative=0.00138756 first=0.00132186/0.00131736
FT_COMPARE layer=28 relative=0.000812991 first=0.000645411/0.000650549
FT_COMPARE layer=29 relative=0.0011541 first=-0.00229645/-0.00228482
GPU logits position=19 max_abs=1.09621 rmse=0.263343 KL=0.000561989 TV=0.00287537
FT_COMPARE layer=0 relative=0.00207368 first=-0.00473189/-0.00438372
FT_COMPARE layer=1 relative=0.001533 first=0.00408224/0.00402161
FT_COMPARE layer=2 relative=0.000749691 first=-0.0477727/-0.0479472
FT_COMPARE layer=3 relative=0.000749949 first=-0.0699016/-0.0698935
FT_COMPARE layer=4 relative=0.00421711 first=-0.0478671/-0.0476216
FT_COMPARE layer=5 relative=0.0011843 first=0.120714/0.120633
FT_COMPARE layer=6 relative=0.000959892 first=-0.119512/-0.119619
FT_COMPARE layer=7 relative=0.00161603 first=-0.0576285/-0.0574191
FT_COMPARE layer=8 relative=0.00118138 first=-0.0655197/-0.0655966
FT_COMPARE layer=9 relative=0.00115752 first=0.00618128/0.00601204
FT_COMPARE layer=10 relative=0.00114705 first=-0.021858/-0.021872
FT_COMPARE layer=11 relative=0.00163234 first=-0.0189672/-0.0188531
FT_COMPARE layer=12 relative=0.00130358 first=0.0371214/0.0370979
FT_COMPARE layer=13 relative=0.00143181 first=-0.00968838/-0.00970185
FT_COMPARE layer=14 relative=0.00130062 first=0.0615905/0.0615733
FT_COMPARE layer=15 relative=0.00157208 first=0.0190839/0.0192123
FT_COMPARE layer=16 relative=0.0021414 first=0.000183999/0.000150739
FT_COMPARE layer=17 relative=0.00152893 first=0.0880423/0.0878296
FT_COMPARE layer=18 relative=0.00159498 first=0.0250449/0.0250498
FT_COMPARE layer=19 relative=0.00168064 first=0.000591256/0.000688282
FT_COMPARE layer=20 relative=0.00119816 first=-0.0430198/-0.0429904
FT_COMPARE layer=21 relative=0.00127242 first=0.0165934/0.016548
FT_COMPARE layer=22 relative=0.00149254 first=0.0276846/0.0277614
FT_COMPARE layer=23 relative=0.000932073 first=-0.00474535/-0.00474716
FT_COMPARE layer=24 relative=0.00313037 first=0.0662959/0.0661702
FT_COMPARE layer=25 relative=0.00110729 first=0.00532758/0.00519329
FT_COMPARE layer=26 relative=0.00122422 first=0.0538172/0.0537941
FT_COMPARE layer=27 relative=0.00107913 first=0.0154696/0.0154526
FT_COMPARE layer=28 relative=0.000683084 first=0.0269464/0.0269504
FT_COMPARE layer=29 relative=0.00102429 first=0.00831831/0.00830329
GPU logits position=20 max_abs=1.50758 rmse=0.378595 KL=0.000152208 TV=0.000470914
FT_COMPARE layer=0 relative=0.00126627 first=0.0931232/0.0929839
FT_COMPARE layer=1 relative=0.00134507 first=0.00159461/0.00157627
FT_COMPARE layer=2 relative=0.00123328 first=-0.00527077/-0.00522691
FT_COMPARE layer=3 relative=0.00226107 first=0.000118703/8.05391e-05
FT_COMPARE layer=4 relative=0.00202862 first=0.000132289/0.000174841
FT_COMPARE layer=5 relative=0.00157231 first=0.0102107/0.0101801
FT_COMPARE layer=6 relative=0.00105749 first=-0.0184526/-0.0184524
FT_COMPARE layer=7 relative=0.00116921 first=-0.0569968/-0.0570623
FT_COMPARE layer=8 relative=0.000891904 first=0.044946/0.0449278
FT_COMPARE layer=9 relative=0.00169575 first=-0.0474262/-0.0473402
FT_COMPARE layer=10 relative=0.00121452 first=-0.0500794/-0.0500083
FT_COMPARE layer=11 relative=0.000810577 first=-0.0458686/-0.0459214
FT_COMPARE layer=12 relative=0.00168473 first=-0.029865/-0.0298559
FT_COMPARE layer=13 relative=0.00187805 first=-0.00354195/-0.00359025
FT_COMPARE layer=14 relative=0.00162032 first=-0.0253042/-0.0252798
FT_COMPARE layer=15 relative=0.00205643 first=0.00672674/0.00677235
FT_COMPARE layer=16 relative=0.0014915 first=-0.0298267/-0.0297979
FT_COMPARE layer=17 relative=0.00151314 first=0.0444884/0.0444083
FT_COMPARE layer=18 relative=0.00117143 first=0.0089147/0.00891076
FT_COMPARE layer=19 relative=0.00212716 first=0.0100741/0.0100976
FT_COMPARE layer=20 relative=0.00127957 first=0.000227509/0.000264036
FT_COMPARE layer=21 relative=0.000815975 first=-0.00509406/-0.0050951
FT_COMPARE layer=22 relative=0.000928717 first=0.0419698/0.0418893
FT_COMPARE layer=23 relative=0.00125646 first=0.00402251/0.00398941
FT_COMPARE layer=24 relative=0.000940739 first=-0.0136954/-0.0136889
FT_COMPARE layer=25 relative=0.000859857 first=-0.00372236/-0.00377847
FT_COMPARE layer=26 relative=0.000852104 first=0.0246279/0.0246224
FT_COMPARE layer=27 relative=0.0011615 first=0.0024225/0.00246173
FT_COMPARE layer=28 relative=0.00107968 first=-0.000971004/-0.000966765
FT_COMPARE layer=29 relative=0.0014208 first=-0.0105604/-0.0105724
GPU logits position=21 max_abs=1.60526 rmse=0.416287 KL=0.00125191 TV=0.00452756
~llama_context:      CUDA0 compute buffer size is   0.0000 MiB, matches expectation of   0.0000 MiB
~llama_context:  CUDA_Host compute buffer size is   8.3223 MiB, matches expectation of   8.3223 MiB
~llama_context:      CUDA0 compute buffer size is   0.0000 MiB, matches expectation of   0.0000 MiB
~llama_context:  CUDA_Host compute buffer size is   8.3223 MiB, matches expectation of   8.3223 MiB
GPU probability envelope exceeded (KL > 0.01 or TV > 0.05)
