ggml_cuda_init: found 1 CUDA devices (Total VRAM: 8187 MiB):
  Device 0: NVIDIA GeForce RTX 4060 Laptop GPU, compute capability 8.9, VMM: yes, VRAM: 8187 MiB
llama_model_loader: loaded meta data with 13 key-value pairs and 23 tensors from C:\Users\cadel\AppData\Local\Temp\moe-integration-1702916.gguf (version GGUF V3 (latest))
llama_model_loader: Dumping metadata keys/values. Note: KV overrides do not apply in this output.
llama_model_loader: - kv   0:                       general.architecture str              = llama
llama_model_loader: - kv   1:                       tokenizer.ggml.model str              = no_vocab
llama_model_loader: - kv   2:                           llama.vocab_size u32              = 32
llama_model_loader: - kv   3:                       llama.context_length u32              = 128
llama_model_loader: - kv   4:                     llama.embedding_length u32              = 32
llama_model_loader: - kv   5:                          llama.block_count u32              = 2
llama_model_loader: - kv   6:                  llama.feed_forward_length u32              = 64
llama_model_loader: - kv   7:                 llama.attention.head_count u32              = 2
llama_model_loader: - kv   8:              llama.attention.head_count_kv u32              = 2
llama_model_loader: - kv   9:                 llama.rope.dimension_count u32              = 16
llama_model_loader: - kv  10:                         llama.expert_count u32              = 4
llama_model_loader: - kv  11:                    llama.expert_used_count u32              = 2
llama_model_loader: - kv  12:     llama.attention.layer_norm_rms_epsilon f32              = 0.000010
llama_model_loader: - type  f32:   23 tensors
print_info: file format = GGUF V3 (latest)
print_info: file type   = (guessed) all F32
print_info: file size   = 0.23 MiB (32.00 BPW) 
llama_prepare_model_devices: using device CUDA0 (NVIDIA GeForce RTX 4060 Laptop GPU) (0000:01:00.0) - 7106 MiB free
load: adding 32 dummy tokens
print_info: arch                  = llama
print_info: vocab_only            = 0
print_info: no_alloc              = 0
print_info: n_ctx_train           = 128
print_info: n_embd_inp            = 32
print_info: n_embd                = 32
print_info: n_embd_out            = 32
print_info: n_layer               = 2
print_info: n_layer_all           = 2
print_info: n_head                = 2
print_info: n_head_kv             = 2
print_info: n_rot                 = 16
print_info: n_swa                 = 0
print_info: is_swa_any            = 0
print_info: n_embd_head_k         = 16
print_info: n_embd_head_v         = 16
print_info: n_gqa                 = 1
print_info: n_embd_k_gqa          = 32
print_info: n_embd_v_gqa          = 32
print_info: f_norm_eps            = 0.0e+00
print_info: f_norm_rms_eps        = 1.0e-05
print_info: f_clamp_kqv           = 0.0e+00
print_info: f_max_alibi_bias      = 0.0e+00
print_info: f_logit_scale         = 0.0e+00
print_info: f_attn_scale          = 0.0e+00
print_info: f_attn_value_scale    = 0.0000
print_info: n_ff                  = 64
print_info: n_expert              = 4
print_info: n_expert_used         = 2
print_info: n_expert_groups       = 0
print_info: n_group_used          = 0
print_info: causal attn           = 1
print_info: pooling type          = -1
print_info: rope type             = 0
print_info: rope scaling          = linear
print_info: freq_base_train       = 10000.0
print_info: freq_scale_train      = 1
print_info: n_ctx_orig_yarn       = 128
print_info: rope_yarn_log_mul     = 0.0000
print_info: rope_finetuned        = unknown
print_info: model type            = ?B
print_info: model params          = 59.81 K
print_info: general.name          = n/a
print_info: vocab type            = no vocab
print_info: n_vocab               = 32
print_info: n_merges              = 0
print_info: max token length      = 0
load_tensors: loading model tensors, this can take a while... (load_mode = none)
load_tensors: layer   0 assigned to device CPU, is_swa = 0
load_tensors: layer   1 assigned to device CPU, is_swa = 0
load_tensors: layer   2 assigned to device CPU, is_swa = 0
create_tensor: loading tensor token_embd.weight
create_tensor: loading tensor output_norm.weight
create_tensor: loading tensor output.weight
create_tensor: loading tensor blk.0.attn_norm.weight
create_tensor: loading tensor blk.0.attn_qkv.weight
create_tensor: loading tensor blk.0.attn_q.weight
create_tensor: loading tensor blk.0.attn_k.weight
create_tensor: loading tensor blk.0.attn_v.weight
create_tensor: loading tensor blk.0.attn_q.bias
create_tensor: loading tensor blk.0.attn_k.bias
create_tensor: loading tensor blk.0.attn_v.bias
create_tensor: loading tensor blk.0.attn_output.weight
create_tensor: loading tensor blk.0.attn_output.bias
create_tensor: loading tensor blk.0.ffn_norm.weight
create_tensor: loading tensor rope_freqs.weight
create_tensor: loading tensor blk.0.ffn_gate_inp.weight
create_tensor: loading tensor blk.0.ffn_gate_exps.weight
create_tensor: loading tensor blk.0.ffn_down_exps.weight
create_tensor: loading tensor blk.0.ffn_up_exps.weight
create_tensor: loading tensor blk.1.attn_norm.weight
create_tensor: loading tensor blk.1.attn_qkv.weight
create_tensor: loading tensor blk.1.attn_q.weight
create_tensor: loading tensor blk.1.attn_k.weight
create_tensor: loading tensor blk.1.attn_v.weight
create_tensor: loading tensor blk.1.attn_q.bias
create_tensor: loading tensor blk.1.attn_k.bias
create_tensor: loading tensor blk.1.attn_v.bias
create_tensor: loading tensor blk.1.attn_output.weight
create_tensor: loading tensor blk.1.attn_output.bias
create_tensor: loading tensor blk.1.ffn_norm.weight
create_tensor: loading tensor rope_freqs.weight
create_tensor: loading tensor blk.1.ffn_gate_inp.weight
create_tensor: loading tensor blk.1.ffn_gate_exps.weight
create_tensor: loading tensor blk.1.ffn_down_exps.weight
create_tensor: loading tensor blk.1.ffn_up_exps.weight
create_tensor: loading tensor blk.0.attn_q.scale
create_tensor: loading tensor blk.0.attn_k.scale
create_tensor: loading tensor blk.0.attn_v.scale
create_tensor: loading tensor blk.0.attn_output.scale
create_tensor: loading tensor blk.0.ffn_gate_exps.scale
create_tensor: loading tensor blk.0.ffn_down_exps.scale
create_tensor: loading tensor blk.0.ffn_up_exps.scale
create_tensor: loading tensor blk.0.attn_q.input_scale
create_tensor: loading tensor blk.0.attn_k.input_scale
create_tensor: loading tensor blk.0.attn_v.input_scale
create_tensor: loading tensor blk.0.attn_output.input_scale
create_tensor: loading tensor blk.0.ffn_gate_exps.input_scale
create_tensor: loading tensor blk.0.ffn_down_exps.input_scale
create_tensor: loading tensor blk.0.ffn_up_exps.input_scale
create_tensor: loading tensor blk.1.attn_q.scale
create_tensor: loading tensor blk.1.attn_k.scale
create_tensor: loading tensor blk.1.attn_v.scale
create_tensor: loading tensor blk.1.attn_output.scale
create_tensor: loading tensor blk.1.ffn_gate_exps.scale
create_tensor: loading tensor blk.1.ffn_down_exps.scale
create_tensor: loading tensor blk.1.ffn_up_exps.scale
create_tensor: loading tensor blk.1.attn_q.input_scale
create_tensor: loading tensor blk.1.attn_k.input_scale
create_tensor: loading tensor blk.1.attn_v.input_scale
create_tensor: loading tensor blk.1.attn_output.input_scale
create_tensor: loading tensor blk.1.ffn_gate_exps.input_scale
create_tensor: loading tensor blk.1.ffn_down_exps.input_scale
create_tensor: loading tensor blk.1.ffn_up_exps.input_scale
load_tensors: offloading 0 repeating layers to GPU
load_tensors: offloaded 0/3 layers to GPU
load_tensors:    CUDA_Host model buffer size =     0.23 MiB
load_all_data: buffer type CUDA_Host is not the default buffer type for device CUDA0 for async uploads
................
llama_model_loader: loaded meta data with 13 key-value pairs and 23 tensors from C:\Users\cadel\AppData\Local\Temp\moe-integration-1702916.gguf (version GGUF V3 (latest))
llama_model_loader: Dumping metadata keys/values. Note: KV overrides do not apply in this output.
llama_model_loader: - kv   0:                       general.architecture str              = llama
llama_model_loader: - kv   1:                       tokenizer.ggml.model str              = no_vocab
llama_model_loader: - kv   2:                           llama.vocab_size u32              = 32
llama_model_loader: - kv   3:                       llama.context_length u32              = 128
llama_model_loader: - kv   4:                     llama.embedding_length u32              = 32
llama_model_loader: - kv   5:                          llama.block_count u32              = 2
llama_model_loader: - kv   6:                  llama.feed_forward_length u32              = 64
llama_model_loader: - kv   7:                 llama.attention.head_count u32              = 2
llama_model_loader: - kv   8:              llama.attention.head_count_kv u32              = 2
llama_model_loader: - kv   9:                 llama.rope.dimension_count u32              = 16
llama_model_loader: - kv  10:                         llama.expert_count u32              = 4
llama_model_loader: - kv  11:                    llama.expert_used_count u32              = 2
llama_model_loader: - kv  12:     llama.attention.layer_norm_rms_epsilon f32              = 0.000010
llama_model_loader: - type  f32:   23 tensors
print_info: file format = GGUF V3 (latest)
print_info: file type   = (guessed) all F32
print_info: file size   = 0.23 MiB (32.00 BPW) 
llama_prepare_model_devices: using device CUDA0 (NVIDIA GeForce RTX 4060 Laptop GPU) (0000:01:00.0) - 7106 MiB free
load: adding 32 dummy tokens
print_info: arch                  = llama
print_info: vocab_only            = 0
print_info: no_alloc              = 0
print_info: n_ctx_train           = 128
print_info: n_embd_inp            = 32
print_info: n_embd                = 32
print_info: n_embd_out            = 32
print_info: n_layer               = 2
print_info: n_layer_all           = 2
print_info: n_head                = 2
print_info: n_head_kv             = 2
print_info: n_rot                 = 16
print_info: n_swa                 = 0
print_info: is_swa_any            = 0
print_info: n_embd_head_k         = 16
print_info: n_embd_head_v         = 16
print_info: n_gqa                 = 1
print_info: n_embd_k_gqa          = 32
print_info: n_embd_v_gqa          = 32
print_info: f_norm_eps            = 0.0e+00
print_info: f_norm_rms_eps        = 1.0e-05
print_info: f_clamp_kqv           = 0.0e+00
print_info: f_max_alibi_bias      = 0.0e+00
print_info: f_logit_scale         = 0.0e+00
print_info: f_attn_scale          = 0.0e+00
print_info: f_attn_value_scale    = 0.0000
print_info: n_ff                  = 64
print_info: n_expert              = 4
print_info: n_expert_used         = 2
print_info: n_expert_groups       = 0
print_info: n_group_used          = 0
print_info: causal attn           = 1
print_info: pooling type          = -1
print_info: rope type             = 0
print_info: rope scaling          = linear
print_info: freq_base_train       = 10000.0
print_info: freq_scale_train      = 1
print_info: n_ctx_orig_yarn       = 128
print_info: rope_yarn_log_mul     = 0.0000
print_info: rope_finetuned        = unknown
print_info: model type            = ?B
print_info: model params          = 59.81 K
print_info: general.name          = n/a
print_info: vocab type            = no vocab
print_info: n_vocab               = 32
print_info: n_merges              = 0
print_info: max token length      = 0
load_tensors: loading model tensors, this can take a while... (load_mode = none)
load_tensors: layer   0 assigned to device CPU, is_swa = 0
load_tensors: layer   1 assigned to device CPU, is_swa = 0
load_tensors: layer   2 assigned to device CPU, is_swa = 0
create_tensor: loading tensor token_embd.weight
create_tensor: loading tensor output_norm.weight
create_tensor: loading tensor output.weight
create_tensor: loading tensor blk.0.attn_norm.weight
create_tensor: loading tensor blk.0.attn_qkv.weight
create_tensor: loading tensor blk.0.attn_q.weight
create_tensor: loading tensor blk.0.attn_k.weight
create_tensor: loading tensor blk.0.attn_v.weight
create_tensor: loading tensor blk.0.attn_q.bias
create_tensor: loading tensor blk.0.attn_k.bias
create_tensor: loading tensor blk.0.attn_v.bias
create_tensor: loading tensor blk.0.attn_output.weight
create_tensor: loading tensor blk.0.attn_output.bias
create_tensor: loading tensor blk.0.ffn_norm.weight
create_tensor: loading tensor rope_freqs.weight
create_tensor: loading tensor blk.0.ffn_gate_inp.weight
create_tensor: loading tensor blk.0.ffn_gate_exps.weight
create_tensor: loading tensor blk.0.ffn_down_exps.weight
create_tensor: loading tensor blk.0.ffn_up_exps.weight
create_tensor: loading tensor blk.1.attn_norm.weight
create_tensor: loading tensor blk.1.attn_qkv.weight
create_tensor: loading tensor blk.1.attn_q.weight
create_tensor: loading tensor blk.1.attn_k.weight
create_tensor: loading tensor blk.1.attn_v.weight
create_tensor: loading tensor blk.1.attn_q.bias
create_tensor: loading tensor blk.1.attn_k.bias
create_tensor: loading tensor blk.1.attn_v.bias
create_tensor: loading tensor blk.1.attn_output.weight
create_tensor: loading tensor blk.1.attn_output.bias
create_tensor: loading tensor blk.1.ffn_norm.weight
create_tensor: loading tensor rope_freqs.weight
create_tensor: loading tensor blk.1.ffn_gate_inp.weight
create_tensor: loading tensor blk.1.ffn_gate_exps.weight
create_tensor: loading tensor blk.1.ffn_down_exps.weight
create_tensor: loading tensor blk.1.ffn_up_exps.weight
create_tensor: loading tensor blk.0.attn_q.scale
create_tensor: loading tensor blk.0.attn_k.scale
create_tensor: loading tensor blk.0.attn_v.scale
create_tensor: loading tensor blk.0.attn_output.scale
create_tensor: loading tensor blk.0.ffn_gate_exps.scale
create_tensor: loading tensor blk.0.ffn_down_exps.scale
create_tensor: loading tensor blk.0.ffn_up_exps.scale
create_tensor: loading tensor blk.0.attn_q.input_scale
create_tensor: loading tensor blk.0.attn_k.input_scale
create_tensor: loading tensor blk.0.attn_v.input_scale
create_tensor: loading tensor blk.0.attn_output.input_scale
create_tensor: loading tensor blk.0.ffn_gate_exps.input_scale
create_tensor: loading tensor blk.0.ffn_down_exps.input_scale
create_tensor: loading tensor blk.0.ffn_up_exps.input_scale
create_tensor: loading tensor blk.1.attn_q.scale
create_tensor: loading tensor blk.1.attn_k.scale
create_tensor: loading tensor blk.1.attn_v.scale
create_tensor: loading tensor blk.1.attn_output.scale
create_tensor: loading tensor blk.1.ffn_gate_exps.scale
create_tensor: loading tensor blk.1.ffn_down_exps.scale
create_tensor: loading tensor blk.1.ffn_up_exps.scale
create_tensor: loading tensor blk.1.attn_q.input_scale
create_tensor: loading tensor blk.1.attn_k.input_scale
create_tensor: loading tensor blk.1.attn_v.input_scale
create_tensor: loading tensor blk.1.attn_output.input_scale
create_tensor: loading tensor blk.1.ffn_gate_exps.input_scale
create_tensor: loading tensor blk.1.ffn_down_exps.input_scale
create_tensor: loading tensor blk.1.ffn_up_exps.input_scale
load_tensors: offloading 0 repeating layers to GPU
load_tensors: offloaded 0/3 layers to GPU
load_tensors:          CPU model buffer size =     0.23 MiB
load_all_data: no device found for buffer type CPU for async uploads
................
load_tensors: experimental host-bank MoE enabled, tile weights <= 24832 bytes; this is not a total memory limit
llama_context: constructing llama_context
llama_context: n_seq_max             = 1
llama_context: n_ctx                 = 256
llama_context: n_ctx_seq             = 256
llama_context: n_batch               = 32
llama_context: n_ubatch              = 8
llama_context: causal_attn           = 1
llama_context: flash_attn            = disabled
llama_context: kv_unified            = false
llama_context: freq_base             = 10000.0
llama_context: freq_scale            = 1
llama_context: n_rs_seq              = 0
llama_context: n_outputs_max         = 32
llama_context: n_outputs_max_per_seq = 1
llama_context: n_ctx_seq (256) > n_ctx_train (128) -- possible training context overflow
set_abort_callback: call
llama_context:        CPU  output buffer size =     0.00 MiB
llama_kv_cache: layer   0: dev = CPU
llama_kv_cache: layer   1: dev = CPU
llama_kv_cache:        CPU KV buffer size =     0.06 MiB
llama_kv_cache: size =    0.06 MiB (   256 cells,   2 layers,  1/1 seqs), K (f16):    0.03 MiB, V (f16):    0.03 MiB
llama_kv_cache: attn_rot_k = 0, n_embd_head_k_all = 16
llama_kv_cache: attn_rot_v = 0, n_embd_head_k_all = 16
llama_context: enumerating backends
llama_context: backend_ptrs.size() = 2
sched_reserve: reserving ...
sched_reserve: max_nodes = 1024
sched_reserve: decode graph slots = 4 (n_tokens <= 4)
sched_reserve: reserving full memory module
sched_reserve: worst-case: n_tokens = 8, n_seqs = 1, n_outputs = 1
resolve_fused_ops: resolving fused Gated Delta Net support:
graph_reserve: reserving a graph for ubatch with n_tokens =    1, n_seqs =  1, n_outputs =    1
resolve_fused_ops: fused Gated Delta Net (autoregressive) enabled
graph_reserve: reserving a graph for ubatch with n_tokens =   16, n_seqs =  1, n_outputs =   16
resolve_fused_ops: fused Gated Delta Net (chunked) enabled
resolve_fused_ops: resolving fused Lightning Indexer support:
graph_reserve: reserving a graph for ubatch with n_tokens =    1, n_seqs =  1, n_outputs =    1
resolve_fused_ops: Lightning Indexer enabled
resolve_fused_ops: resolving fused DeepSeek V4 HC support:
graph_reserve: reserving a graph for ubatch with n_tokens =    1, n_seqs =  1, n_outputs =    1
resolve_fused_ops: fused DeepSeek V4 HC pre enabled
graph_reserve: reserving a graph for ubatch with n_tokens =    1, n_seqs =  1, n_outputs =    1
resolve_fused_ops: fused DeepSeek V4 HC comb enabled
graph_reserve: reserving a graph for ubatch with n_tokens =    1, n_seqs =  1, n_outputs =    1
resolve_fused_ops: fused DeepSeek V4 HC post enabled
graph_reserve: reserving a graph for ubatch with n_tokens =    8, n_seqs =  1, n_outputs =    8
graph_reserve: reserving a graph for ubatch with n_tokens =    1, n_seqs =  1, n_outputs =    1
graph_reserve: reserving a graph for ubatch with n_tokens =    8, n_seqs =  1, n_outputs =    8
sched_reserve:  CUDA_Host compute buffer size =     0.03 MiB
sched_reserve: graph nodes  = 110
sched_reserve: graph splits = 1
sched_reserve: reserve took 2.31 ms, sched copies = 1
llama_context: constructing llama_context
llama_context: n_seq_max             = 1
llama_context: n_ctx                 = 256
llama_context: n_ctx_seq             = 256
llama_context: n_batch               = 32
llama_context: n_ubatch              = 8
llama_context: causal_attn           = 1
llama_context: flash_attn            = disabled
llama_context: kv_unified            = false
llama_context: freq_base             = 10000.0
llama_context: freq_scale            = 1
llama_context: n_rs_seq              = 0
llama_context: n_outputs_max         = 32
llama_context: n_outputs_max_per_seq = 1
llama_context: n_ctx_seq (256) > n_ctx_train (128) -- possible training context overflow
set_abort_callback: call
llama_context:        CPU  output buffer size =     0.00 MiB
llama_kv_cache: layer   0: dev = CPU
llama_kv_cache: layer   1: dev = CPU
llama_kv_cache:        CPU KV buffer size =     0.06 MiB
llama_kv_cache: size =    0.06 MiB (   256 cells,   2 layers,  1/1 seqs), K (f16):    0.03 MiB, V (f16):    0.03 MiB
llama_kv_cache: attn_rot_k = 0, n_embd_head_k_all = 16
llama_kv_cache: attn_rot_v = 0, n_embd_head_k_all = 16
llama_context: enumerating backends
llama_context: backend_ptrs.size() = 2
sched_reserve: reserving ...
sched_reserve: max_nodes = 1024
sched_reserve: decode graph slots = 4 (n_tokens <= 4)
sched_reserve: reserving full memory module
sched_reserve: worst-case: n_tokens = 8, n_seqs = 1, n_outputs = 1
resolve_fused_ops: resolving fused Gated Delta Net support:
graph_reserve: reserving a graph for ubatch with n_tokens =    1, n_seqs =  1, n_outputs =    1
resolve_fused_ops: fused Gated Delta Net (autoregressive) enabled
graph_reserve: reserving a graph for ubatch with n_tokens =   16, n_seqs =  1, n_outputs =   16
resolve_fused_ops: fused Gated Delta Net (chunked) enabled
resolve_fused_ops: resolving fused Lightning Indexer support:
graph_reserve: reserving a graph for ubatch with n_tokens =    1, n_seqs =  1, n_outputs =    1
resolve_fused_ops: Lightning Indexer enabled
resolve_fused_ops: resolving fused DeepSeek V4 HC support:
graph_reserve: reserving a graph for ubatch with n_tokens =    1, n_seqs =  1, n_outputs =    1
resolve_fused_ops: fused DeepSeek V4 HC pre enabled
graph_reserve: reserving a graph for ubatch with n_tokens =    1, n_seqs =  1, n_outputs =    1
resolve_fused_ops: fused DeepSeek V4 HC comb enabled
graph_reserve: reserving a graph for ubatch with n_tokens =    1, n_seqs =  1, n_outputs =    1
resolve_fused_ops: fused DeepSeek V4 HC post enabled
graph_reserve: reserving a graph for ubatch with n_tokens =    8, n_seqs =  1, n_outputs =    8
graph_reserve: reserving a graph for ubatch with n_tokens =    1, n_seqs =  1, n_outputs =    1
graph_reserve: reserving a graph for ubatch with n_tokens =    8, n_seqs =  1, n_outputs =    8
sched_reserve:  CUDA_Host compute buffer size =     0.03 MiB
sched_reserve: graph nodes  = 100
sched_reserve: graph splits = 1
sched_reserve: reserve took 2.23 ms, sched copies = 1
graph_reserve: reserving a graph for ubatch with n_tokens =    4, n_seqs =  1, n_outputs =    4
set_abort_callback: call
graph_compute: ggml_backend_sched_graph_compute_async failed with error 1
process_ubatch: failed to compute graph, compute status: 1
decode: removing memory module entries for seq_id = 0, pos = [59, +inf)
llama_decode: failed to decode, ret = 2
set_abort_callback: call
host-bank MoE execution failed: MoE routing weight must be finite
host-bank MoE execution failed: MoE routing weight must be finite
process_ubatch: failed to compute graph, compute status: -1
decode: removing memory module entries for seq_id = 0, pos = [59, +inf)
llama_decode: failed to decode, ret = -3
llama_context: constructing llama_context
llama_init_from_model: failed to initialize the context: host-bank MoE requires one sequence, op_offload=false and offload_kqv=false
llama_context: constructing llama_context
llama_init_from_model: failed to initialize the context: host-bank MoE requires one sequence, op_offload=false and offload_kqv=false
llama_context: constructing llama_context
llama_init_from_model: failed to initialize the context: host-bank MoE requires one sequence, op_offload=false and offload_kqv=false
llama_context: constructing llama_context
llama_init_from_model: failed to initialize the context: moe cache: invalid uniform arena geometry
llama_context: constructing llama_context
llama_init_from_model: failed to initialize the context: host-bank MoE cache requires model.moe_cpu_tile_bytes host-bank setup
~llama_context:      CUDA0 compute buffer size is   0.0000 MiB, matches expectation of   0.0000 MiB
~llama_context:  CUDA_Host compute buffer size is   0.0304 MiB, matches expectation of   0.0304 MiB
~llama_context:      CUDA0 compute buffer size is   0.0000 MiB, matches expectation of   0.0000 MiB
~llama_context:  CUDA_Host compute buffer size is   0.0304 MiB, matches expectation of   0.0304 MiB
llama_context: constructing llama_context
llama_context: n_seq_max             = 1
llama_context: n_ctx                 = 256
llama_context: n_ctx_seq             = 256
llama_context: n_batch               = 32
llama_context: n_ubatch              = 8
llama_context: causal_attn           = 1
llama_context: flash_attn            = disabled
llama_context: kv_unified            = false
llama_context: freq_base             = 10000.0
llama_context: freq_scale            = 1
llama_context: n_rs_seq              = 0
llama_context: n_outputs_max         = 32
llama_context: n_outputs_max_per_seq = 1
llama_context: n_ctx_seq (256) > n_ctx_train (128) -- possible training context overflow
set_abort_callback: call
llama_context:        CPU  output buffer size =     0.00 MiB
llama_kv_cache: layer   0: dev = CPU
llama_kv_cache: layer   1: dev = CPU
llama_kv_cache:        CPU KV buffer size =     0.06 MiB
llama_kv_cache: size =    0.06 MiB (   256 cells,   2 layers,  1/1 seqs), K (f16):    0.03 MiB, V (f16):    0.03 MiB
llama_kv_cache: attn_rot_k = 0, n_embd_head_k_all = 16
llama_kv_cache: attn_rot_v = 0, n_embd_head_k_all = 16
llama_context: enumerating backends
llama_context: backend_ptrs.size() = 2
sched_reserve: reserving ...
sched_reserve: max_nodes = 1024
sched_reserve: decode graph slots = 4 (n_tokens <= 4)
sched_reserve: reserving full memory module
sched_reserve: worst-case: n_tokens = 8, n_seqs = 1, n_outputs = 1
resolve_fused_ops: resolving fused Gated Delta Net support:
graph_reserve: reserving a graph for ubatch with n_tokens =    1, n_seqs =  1, n_outputs =    1
resolve_fused_ops: fused Gated Delta Net (autoregressive) enabled
graph_reserve: reserving a graph for ubatch with n_tokens =   16, n_seqs =  1, n_outputs =   16
resolve_fused_ops: fused Gated Delta Net (chunked) enabled
resolve_fused_ops: resolving fused Lightning Indexer support:
graph_reserve: reserving a graph for ubatch with n_tokens =    1, n_seqs =  1, n_outputs =    1
resolve_fused_ops: Lightning Indexer enabled
resolve_fused_ops: resolving fused DeepSeek V4 HC support:
graph_reserve: reserving a graph for ubatch with n_tokens =    1, n_seqs =  1, n_outputs =    1
resolve_fused_ops: fused DeepSeek V4 HC pre enabled
graph_reserve: reserving a graph for ubatch with n_tokens =    1, n_seqs =  1, n_outputs =    1
resolve_fused_ops: fused DeepSeek V4 HC comb enabled
graph_reserve: reserving a graph for ubatch with n_tokens =    1, n_seqs =  1, n_outputs =    1
resolve_fused_ops: fused DeepSeek V4 HC post enabled
graph_reserve: reserving a graph for ubatch with n_tokens =    8, n_seqs =  1, n_outputs =    8
graph_reserve: reserving a graph for ubatch with n_tokens =    1, n_seqs =  1, n_outputs =    1
graph_reserve: reserving a graph for ubatch with n_tokens =    8, n_seqs =  1, n_outputs =    8
sched_reserve:  CUDA_Host compute buffer size =     0.03 MiB
sched_reserve: graph nodes  = 100
sched_reserve: graph splits = 1
sched_reserve: reserve took 2.10 ms, sched copies = 1
llama_context: constructing llama_context
llama_context: n_seq_max             = 1
llama_context: n_ctx                 = 256
llama_context: n_ctx_seq             = 256
llama_context: n_batch               = 32
llama_context: n_ubatch              = 8
llama_context: causal_attn           = 1
llama_context: flash_attn            = disabled
llama_context: kv_unified            = false
llama_context: freq_base             = 10000.0
llama_context: freq_scale            = 1
llama_context: n_rs_seq              = 0
llama_context: n_outputs_max         = 32
llama_context: n_outputs_max_per_seq = 1
llama_context: n_ctx_seq (256) > n_ctx_train (128) -- possible training context overflow
set_abort_callback: call
llama_context:        CPU  output buffer size =     0.00 MiB
llama_kv_cache: layer   0: dev = CPU
llama_kv_cache: layer   1: dev = CPU
llama_kv_cache:        CPU KV buffer size =     0.06 MiB
llama_kv_cache: size =    0.06 MiB (   256 cells,   2 layers,  1/1 seqs), K (f16):    0.03 MiB, V (f16):    0.03 MiB
llama_kv_cache: attn_rot_k = 0, n_embd_head_k_all = 16
llama_kv_cache: attn_rot_v = 0, n_embd_head_k_all = 16
llama_context: enumerating backends
llama_context: backend_ptrs.size() = 2
sched_reserve: reserving ...
sched_reserve: max_nodes = 1024
sched_reserve: decode graph slots = 4 (n_tokens <= 4)
sched_reserve: reserving full memory module
sched_reserve: worst-case: n_tokens = 8, n_seqs = 1, n_outputs = 1
resolve_fused_ops: resolving fused Gated Delta Net support:
graph_reserve: reserving a graph for ubatch with n_tokens =    1, n_seqs =  1, n_outputs =    1
resolve_fused_ops: fused Gated Delta Net (autoregressive) enabled
graph_reserve: reserving a graph for ubatch with n_tokens =   16, n_seqs =  1, n_outputs =   16
resolve_fused_ops: fused Gated Delta Net (chunked) enabled
resolve_fused_ops: resolving fused Lightning Indexer support:
graph_reserve: reserving a graph for ubatch with n_tokens =    1, n_seqs =  1, n_outputs =    1
resolve_fused_ops: Lightning Indexer enabled
resolve_fused_ops: resolving fused DeepSeek V4 HC support:
graph_reserve: reserving a graph for ubatch with n_tokens =    1, n_seqs =  1, n_outputs =    1
resolve_fused_ops: fused DeepSeek V4 HC pre enabled
graph_reserve: reserving a graph for ubatch with n_tokens =    1, n_seqs =  1, n_outputs =    1
resolve_fused_ops: fused DeepSeek V4 HC comb enabled
graph_reserve: reserving a graph for ubatch with n_tokens =    1, n_seqs =  1, n_outputs =    1
resolve_fused_ops: fused DeepSeek V4 HC post enabled
graph_reserve: reserving a graph for ubatch with n_tokens =    8, n_seqs =  1, n_outputs =    8
graph_reserve: reserving a graph for ubatch with n_tokens =    1, n_seqs =  1, n_outputs =    1
graph_reserve: reserving a graph for ubatch with n_tokens =    8, n_seqs =  1, n_outputs =    8
sched_reserve:  CUDA_Host compute buffer size =     0.03 MiB
sched_reserve: graph nodes  = 110
sched_reserve: graph splits = 1
sched_reserve: reserve took 2.16 ms, sched copies = 1
~llama_context:      CUDA0 compute buffer size is   0.0000 MiB, matches expectation of   0.0000 MiB
~llama_context:  CUDA_Host compute buffer size is   0.0304 MiB, matches expectation of   0.0304 MiB
~llama_context:      CUDA0 compute buffer size is   0.0000 MiB, matches expectation of   0.0000 MiB
~llama_context:  CUDA_Host compute buffer size is   0.0304 MiB, matches expectation of   0.0304 MiB
llama_model_loader: loaded meta data with 13 key-value pairs and 23 tensors from C:\Users\cadel\AppData\Local\Temp\moe-integration-1702916.gguf (version GGUF V3 (latest))
llama_model_loader: Dumping metadata keys/values. Note: KV overrides do not apply in this output.
llama_model_loader: - kv   0:                       general.architecture str              = llama
llama_model_loader: - kv   1:                       tokenizer.ggml.model str              = no_vocab
llama_model_loader: - kv   2:                           llama.vocab_size u32              = 32
llama_model_loader: - kv   3:                       llama.context_length u32              = 128
llama_model_loader: - kv   4:                     llama.embedding_length u32              = 32
llama_model_loader: - kv   5:                          llama.block_count u32              = 2
llama_model_loader: - kv   6:                  llama.feed_forward_length u32              = 64
llama_model_loader: - kv   7:                 llama.attention.head_count u32              = 2
llama_model_loader: - kv   8:              llama.attention.head_count_kv u32              = 2
llama_model_loader: - kv   9:                 llama.rope.dimension_count u32              = 16
llama_model_loader: - kv  10:                         llama.expert_count u32              = 4
llama_model_loader: - kv  11:                    llama.expert_used_count u32              = 2
llama_model_loader: - kv  12:     llama.attention.layer_norm_rms_epsilon f32              = 0.000010
llama_model_loader: - type  f32:   23 tensors
print_info: file format = GGUF V3 (latest)
print_info: file type   = (guessed) all F32
print_info: file size   = 0.23 MiB (32.00 BPW) 
llama_prepare_model_devices: using device CUDA0 (NVIDIA GeForce RTX 4060 Laptop GPU) (0000:01:00.0) - 7106 MiB free
load: adding 32 dummy tokens
print_info: arch                  = llama
print_info: vocab_only            = 0
print_info: no_alloc              = 0
print_info: n_ctx_train           = 128
print_info: n_embd_inp            = 32
print_info: n_embd                = 32
print_info: n_embd_out            = 32
print_info: n_layer               = 2
print_info: n_layer_all           = 2
print_info: n_head                = 2
print_info: n_head_kv             = 2
print_info: n_rot                 = 16
print_info: n_swa                 = 0
print_info: is_swa_any            = 0
print_info: n_embd_head_k         = 16
print_info: n_embd_head_v         = 16
print_info: n_gqa                 = 1
print_info: n_embd_k_gqa          = 32
print_info: n_embd_v_gqa          = 32
print_info: f_norm_eps            = 0.0e+00
print_info: f_norm_rms_eps        = 1.0e-05
print_info: f_clamp_kqv           = 0.0e+00
print_info: f_max_alibi_bias      = 0.0e+00
print_info: f_logit_scale         = 0.0e+00
print_info: f_attn_scale          = 0.0e+00
print_info: f_attn_value_scale    = 0.0000
print_info: n_ff                  = 64
print_info: n_expert              = 4
print_info: n_expert_used         = 2
print_info: n_expert_groups       = 0
print_info: n_group_used          = 0
print_info: causal attn           = 1
print_info: pooling type          = -1
print_info: rope type             = 0
print_info: rope scaling          = linear
print_info: freq_base_train       = 10000.0
print_info: freq_scale_train      = 1
print_info: n_ctx_orig_yarn       = 128
print_info: rope_yarn_log_mul     = 0.0000
print_info: rope_finetuned        = unknown
print_info: model type            = ?B
print_info: model params          = 59.81 K
print_info: general.name          = n/a
print_info: vocab type            = no vocab
print_info: n_vocab               = 32
print_info: n_merges              = 0
print_info: max token length      = 0
load_tensors: loading model tensors, this can take a while... (load_mode = none)
load_tensors: layer   0 assigned to device CPU, is_swa = 0
load_tensors: layer   1 assigned to device CPU, is_swa = 0
load_tensors: layer   2 assigned to device CPU, is_swa = 0
create_tensor: loading tensor token_embd.weight
create_tensor: loading tensor output_norm.weight
create_tensor: loading tensor output.weight
create_tensor: loading tensor blk.0.attn_norm.weight
create_tensor: loading tensor blk.0.attn_qkv.weight
create_tensor: loading tensor blk.0.attn_q.weight
create_tensor: loading tensor blk.0.attn_k.weight
create_tensor: loading tensor blk.0.attn_v.weight
create_tensor: loading tensor blk.0.attn_q.bias
create_tensor: loading tensor blk.0.attn_k.bias
create_tensor: loading tensor blk.0.attn_v.bias
create_tensor: loading tensor blk.0.attn_output.weight
create_tensor: loading tensor blk.0.attn_output.bias
create_tensor: loading tensor blk.0.ffn_norm.weight
create_tensor: loading tensor rope_freqs.weight
create_tensor: loading tensor blk.0.ffn_gate_inp.weight
create_tensor: loading tensor blk.0.ffn_gate_exps.weight
create_tensor: loading tensor blk.0.ffn_down_exps.weight
create_tensor: loading tensor blk.0.ffn_up_exps.weight
create_tensor: loading tensor blk.1.attn_norm.weight
create_tensor: loading tensor blk.1.attn_qkv.weight
create_tensor: loading tensor blk.1.attn_q.weight
create_tensor: loading tensor blk.1.attn_k.weight
create_tensor: loading tensor blk.1.attn_v.weight
create_tensor: loading tensor blk.1.attn_q.bias
create_tensor: loading tensor blk.1.attn_k.bias
create_tensor: loading tensor blk.1.attn_v.bias
create_tensor: loading tensor blk.1.attn_output.weight
create_tensor: loading tensor blk.1.attn_output.bias
create_tensor: loading tensor blk.1.ffn_norm.weight
create_tensor: loading tensor rope_freqs.weight
create_tensor: loading tensor blk.1.ffn_gate_inp.weight
create_tensor: loading tensor blk.1.ffn_gate_exps.weight
create_tensor: loading tensor blk.1.ffn_down_exps.weight
create_tensor: loading tensor blk.1.ffn_up_exps.weight
create_tensor: loading tensor blk.0.attn_q.scale
create_tensor: loading tensor blk.0.attn_k.scale
create_tensor: loading tensor blk.0.attn_v.scale
create_tensor: loading tensor blk.0.attn_output.scale
create_tensor: loading tensor blk.0.ffn_gate_exps.scale
create_tensor: loading tensor blk.0.ffn_down_exps.scale
create_tensor: loading tensor blk.0.ffn_up_exps.scale
create_tensor: loading tensor blk.0.attn_q.input_scale
create_tensor: loading tensor blk.0.attn_k.input_scale
create_tensor: loading tensor blk.0.attn_v.input_scale
create_tensor: loading tensor blk.0.attn_output.input_scale
create_tensor: loading tensor blk.0.ffn_gate_exps.input_scale
create_tensor: loading tensor blk.0.ffn_down_exps.input_scale
create_tensor: loading tensor blk.0.ffn_up_exps.input_scale
create_tensor: loading tensor blk.1.attn_q.scale
create_tensor: loading tensor blk.1.attn_k.scale
create_tensor: loading tensor blk.1.attn_v.scale
create_tensor: loading tensor blk.1.attn_output.scale
create_tensor: loading tensor blk.1.ffn_gate_exps.scale
create_tensor: loading tensor blk.1.ffn_down_exps.scale
create_tensor: loading tensor blk.1.ffn_up_exps.scale
create_tensor: loading tensor blk.1.attn_q.input_scale
create_tensor: loading tensor blk.1.attn_k.input_scale
create_tensor: loading tensor blk.1.attn_v.input_scale
create_tensor: loading tensor blk.1.attn_output.input_scale
create_tensor: loading tensor blk.1.ffn_gate_exps.input_scale
create_tensor: loading tensor blk.1.ffn_down_exps.input_scale
create_tensor: loading tensor blk.1.ffn_up_exps.input_scale
load_tensors: offloading 0 repeating layers to GPU
load_tensors: offloaded 0/3 layers to GPU
load_tensors:    CUDA_Host model buffer size =     0.23 MiB
load_all_data: buffer type CUDA_Host is not the default buffer type for device CUDA0 for async uploads
................
llama_model_loader: loaded meta data with 13 key-value pairs and 23 tensors from C:\Users\cadel\AppData\Local\Temp\moe-integration-1702916.gguf (version GGUF V3 (latest))
llama_model_loader: Dumping metadata keys/values. Note: KV overrides do not apply in this output.
llama_model_loader: - kv   0:                       general.architecture str              = llama
llama_model_loader: - kv   1:                       tokenizer.ggml.model str              = no_vocab
llama_model_loader: - kv   2:                           llama.vocab_size u32              = 32
llama_model_loader: - kv   3:                       llama.context_length u32              = 128
llama_model_loader: - kv   4:                     llama.embedding_length u32              = 32
llama_model_loader: - kv   5:                          llama.block_count u32              = 2
llama_model_loader: - kv   6:                  llama.feed_forward_length u32              = 64
llama_model_loader: - kv   7:                 llama.attention.head_count u32              = 2
llama_model_loader: - kv   8:              llama.attention.head_count_kv u32              = 2
llama_model_loader: - kv   9:                 llama.rope.dimension_count u32              = 16
llama_model_loader: - kv  10:                         llama.expert_count u32              = 4
llama_model_loader: - kv  11:                    llama.expert_used_count u32              = 2
llama_model_loader: - kv  12:     llama.attention.layer_norm_rms_epsilon f32              = 0.000010
llama_model_loader: - type  f32:   23 tensors
print_info: file format = GGUF V3 (latest)
print_info: file type   = (guessed) all F32
print_info: file size   = 0.23 MiB (32.00 BPW) 
llama_prepare_model_devices: using device CUDA0 (NVIDIA GeForce RTX 4060 Laptop GPU) (0000:01:00.0) - 7106 MiB free
load: adding 32 dummy tokens
print_info: arch                  = llama
print_info: vocab_only            = 0
print_info: no_alloc              = 0
print_info: n_ctx_train           = 128
print_info: n_embd_inp            = 32
print_info: n_embd                = 32
print_info: n_embd_out            = 32
print_info: n_layer               = 2
print_info: n_layer_all           = 2
print_info: n_head                = 2
print_info: n_head_kv             = 2
print_info: n_rot                 = 16
print_info: n_swa                 = 0
print_info: is_swa_any            = 0
print_info: n_embd_head_k         = 16
print_info: n_embd_head_v         = 16
print_info: n_gqa                 = 1
print_info: n_embd_k_gqa          = 32
print_info: n_embd_v_gqa          = 32
print_info: f_norm_eps            = 0.0e+00
print_info: f_norm_rms_eps        = 1.0e-05
print_info: f_clamp_kqv           = 0.0e+00
print_info: f_max_alibi_bias      = 0.0e+00
print_info: f_logit_scale         = 0.0e+00
print_info: f_attn_scale          = 0.0e+00
print_info: f_attn_value_scale    = 0.0000
print_info: n_ff                  = 64
print_info: n_expert              = 4
print_info: n_expert_used         = 2
print_info: n_expert_groups       = 0
print_info: n_group_used          = 0
print_info: causal attn           = 1
print_info: pooling type          = -1
print_info: rope type             = 0
print_info: rope scaling          = linear
print_info: freq_base_train       = 10000.0
print_info: freq_scale_train      = 1
print_info: n_ctx_orig_yarn       = 128
print_info: rope_yarn_log_mul     = 0.0000
print_info: rope_finetuned        = unknown
print_info: model type            = ?B
print_info: model params          = 59.81 K
print_info: general.name          = n/a
print_info: vocab type            = no vocab
print_info: n_vocab               = 32
print_info: n_merges              = 0
print_info: max token length      = 0
load_tensors: loading model tensors, this can take a while... (load_mode = none)
load_tensors: layer   0 assigned to device CPU, is_swa = 0
load_tensors: layer   1 assigned to device CPU, is_swa = 0
load_tensors: layer   2 assigned to device CPU, is_swa = 0
create_tensor: loading tensor token_embd.weight
create_tensor: loading tensor output_norm.weight
create_tensor: loading tensor output.weight
create_tensor: loading tensor blk.0.attn_norm.weight
create_tensor: loading tensor blk.0.attn_qkv.weight
create_tensor: loading tensor blk.0.attn_q.weight
create_tensor: loading tensor blk.0.attn_k.weight
create_tensor: loading tensor blk.0.attn_v.weight
create_tensor: loading tensor blk.0.attn_q.bias
create_tensor: loading tensor blk.0.attn_k.bias
create_tensor: loading tensor blk.0.attn_v.bias
create_tensor: loading tensor blk.0.attn_output.weight
create_tensor: loading tensor blk.0.attn_output.bias
create_tensor: loading tensor blk.0.ffn_norm.weight
create_tensor: loading tensor rope_freqs.weight
create_tensor: loading tensor blk.0.ffn_gate_inp.weight
create_tensor: loading tensor blk.0.ffn_gate_exps.weight
create_tensor: loading tensor blk.0.ffn_down_exps.weight
create_tensor: loading tensor blk.0.ffn_up_exps.weight
create_tensor: loading tensor blk.1.attn_norm.weight
create_tensor: loading tensor blk.1.attn_qkv.weight
create_tensor: loading tensor blk.1.attn_q.weight
create_tensor: loading tensor blk.1.attn_k.weight
create_tensor: loading tensor blk.1.attn_v.weight
create_tensor: loading tensor blk.1.attn_q.bias
create_tensor: loading tensor blk.1.attn_k.bias
create_tensor: loading tensor blk.1.attn_v.bias
create_tensor: loading tensor blk.1.attn_output.weight
create_tensor: loading tensor blk.1.attn_output.bias
create_tensor: loading tensor blk.1.ffn_norm.weight
create_tensor: loading tensor rope_freqs.weight
create_tensor: loading tensor blk.1.ffn_gate_inp.weight
create_tensor: loading tensor blk.1.ffn_gate_exps.weight
create_tensor: loading tensor blk.1.ffn_down_exps.weight
create_tensor: loading tensor blk.1.ffn_up_exps.weight
create_tensor: loading tensor blk.0.attn_q.scale
create_tensor: loading tensor blk.0.attn_k.scale
create_tensor: loading tensor blk.0.attn_v.scale
create_tensor: loading tensor blk.0.attn_output.scale
create_tensor: loading tensor blk.0.ffn_gate_exps.scale
create_tensor: loading tensor blk.0.ffn_down_exps.scale
create_tensor: loading tensor blk.0.ffn_up_exps.scale
create_tensor: loading tensor blk.0.attn_q.input_scale
create_tensor: loading tensor blk.0.attn_k.input_scale
create_tensor: loading tensor blk.0.attn_v.input_scale
create_tensor: loading tensor blk.0.attn_output.input_scale
create_tensor: loading tensor blk.0.ffn_gate_exps.input_scale
create_tensor: loading tensor blk.0.ffn_down_exps.input_scale
create_tensor: loading tensor blk.0.ffn_up_exps.input_scale
create_tensor: loading tensor blk.1.attn_q.scale
create_tensor: loading tensor blk.1.attn_k.scale
create_tensor: loading tensor blk.1.attn_v.scale
create_tensor: loading tensor blk.1.attn_output.scale
create_tensor: loading tensor blk.1.ffn_gate_exps.scale
create_tensor: loading tensor blk.1.ffn_down_exps.scale
create_tensor: loading tensor blk.1.ffn_up_exps.scale
create_tensor: loading tensor blk.1.attn_q.input_scale
create_tensor: loading tensor blk.1.attn_k.input_scale
create_tensor: loading tensor blk.1.attn_v.input_scale
create_tensor: loading tensor blk.1.attn_output.input_scale
create_tensor: loading tensor blk.1.ffn_gate_exps.input_scale
create_tensor: loading tensor blk.1.ffn_down_exps.input_scale
create_tensor: loading tensor blk.1.ffn_up_exps.input_scale
load_tensors: offloading 0 repeating layers to GPU
load_tensors: offloaded 0/3 layers to GPU
load_tensors:          CPU model buffer size =     0.23 MiB
load_all_data: no device found for buffer type CPU for async uploads
................
load_tensors: experimental host-bank MoE enabled, tile weights <= 99328 bytes; this is not a total memory limit
llama_context: constructing llama_context
llama_context: n_seq_max             = 1
llama_context: n_ctx                 = 256
llama_context: n_ctx_seq             = 256
llama_context: n_batch               = 32
llama_context: n_ubatch              = 8
llama_context: causal_attn           = 1
llama_context: flash_attn            = disabled
llama_context: kv_unified            = false
llama_context: freq_base             = 10000.0
llama_context: freq_scale            = 1
llama_context: n_rs_seq              = 0
llama_context: n_outputs_max         = 32
llama_context: n_outputs_max_per_seq = 1
llama_context: n_ctx_seq (256) > n_ctx_train (128) -- possible training context overflow
set_abort_callback: call
llama_context:        CPU  output buffer size =     0.00 MiB
llama_kv_cache: layer   0: dev = CPU
llama_kv_cache: layer   1: dev = CPU
llama_kv_cache:        CPU KV buffer size =     0.06 MiB
llama_kv_cache: size =    0.06 MiB (   256 cells,   2 layers,  1/1 seqs), K (f16):    0.03 MiB, V (f16):    0.03 MiB
llama_kv_cache: attn_rot_k = 0, n_embd_head_k_all = 16
llama_kv_cache: attn_rot_v = 0, n_embd_head_k_all = 16
llama_context: enumerating backends
llama_context: backend_ptrs.size() = 2
sched_reserve: reserving ...
sched_reserve: max_nodes = 1024
sched_reserve: decode graph slots = 4 (n_tokens <= 4)
sched_reserve: reserving full memory module
sched_reserve: worst-case: n_tokens = 8, n_seqs = 1, n_outputs = 1
resolve_fused_ops: resolving fused Gated Delta Net support:
graph_reserve: reserving a graph for ubatch with n_tokens =    1, n_seqs =  1, n_outputs =    1
resolve_fused_ops: fused Gated Delta Net (autoregressive) enabled
graph_reserve: reserving a graph for ubatch with n_tokens =   16, n_seqs =  1, n_outputs =   16
resolve_fused_ops: fused Gated Delta Net (chunked) enabled
resolve_fused_ops: resolving fused Lightning Indexer support:
graph_reserve: reserving a graph for ubatch with n_tokens =    1, n_seqs =  1, n_outputs =    1
resolve_fused_ops: Lightning Indexer enabled
resolve_fused_ops: resolving fused DeepSeek V4 HC support:
graph_reserve: reserving a graph for ubatch with n_tokens =    1, n_seqs =  1, n_outputs =    1
resolve_fused_ops: fused DeepSeek V4 HC pre enabled
graph_reserve: reserving a graph for ubatch with n_tokens =    1, n_seqs =  1, n_outputs =    1
resolve_fused_ops: fused DeepSeek V4 HC comb enabled
graph_reserve: reserving a graph for ubatch with n_tokens =    1, n_seqs =  1, n_outputs =    1
resolve_fused_ops: fused DeepSeek V4 HC post enabled
graph_reserve: reserving a graph for ubatch with n_tokens =    8, n_seqs =  1, n_outputs =    8
graph_reserve: reserving a graph for ubatch with n_tokens =    1, n_seqs =  1, n_outputs =    1
graph_reserve: reserving a graph for ubatch with n_tokens =    8, n_seqs =  1, n_outputs =    8
sched_reserve:  CUDA_Host compute buffer size =     0.03 MiB
sched_reserve: graph nodes  = 110
sched_reserve: graph splits = 1
sched_reserve: reserve took 2.16 ms, sched copies = 1
llama_context: constructing llama_context
llama_context: n_seq_max             = 1
llama_context: n_ctx                 = 256
llama_context: n_ctx_seq             = 256
llama_context: n_batch               = 32
llama_context: n_ubatch              = 8
llama_context: causal_attn           = 1
llama_context: flash_attn            = disabled
llama_context: kv_unified            = false
llama_context: freq_base             = 10000.0
llama_context: freq_scale            = 1
llama_context: n_rs_seq              = 0
llama_context: n_outputs_max         = 32
llama_context: n_outputs_max_per_seq = 1
llama_context: n_ctx_seq (256) > n_ctx_train (128) -- possible training context overflow
set_abort_callback: call
llama_context:        CPU  output buffer size =     0.00 MiB
llama_kv_cache: layer   0: dev = CPU
llama_kv_cache: layer   1: dev = CPU
llama_kv_cache:        CPU KV buffer size =     0.06 MiB
llama_kv_cache: size =    0.06 MiB (   256 cells,   2 layers,  1/1 seqs), K (f16):    0.03 MiB, V (f16):    0.03 MiB
llama_kv_cache: attn_rot_k = 0, n_embd_head_k_all = 16
llama_kv_cache: attn_rot_v = 0, n_embd_head_k_all = 16
llama_context: enumerating backends
llama_context: backend_ptrs.size() = 2
sched_reserve: reserving ...
sched_reserve: max_nodes = 1024
sched_reserve: decode graph slots = 4 (n_tokens <= 4)
sched_reserve: reserving full memory module
sched_reserve: worst-case: n_tokens = 8, n_seqs = 1, n_outputs = 1
resolve_fused_ops: resolving fused Gated Delta Net support:
graph_reserve: reserving a graph for ubatch with n_tokens =    1, n_seqs =  1, n_outputs =    1
resolve_fused_ops: fused Gated Delta Net (autoregressive) enabled
graph_reserve: reserving a graph for ubatch with n_tokens =   16, n_seqs =  1, n_outputs =   16
resolve_fused_ops: fused Gated Delta Net (chunked) enabled
resolve_fused_ops: resolving fused Lightning Indexer support:
graph_reserve: reserving a graph for ubatch with n_tokens =    1, n_seqs =  1, n_outputs =    1
resolve_fused_ops: Lightning Indexer enabled
resolve_fused_ops: resolving fused DeepSeek V4 HC support:
graph_reserve: reserving a graph for ubatch with n_tokens =    1, n_seqs =  1, n_outputs =    1
resolve_fused_ops: fused DeepSeek V4 HC pre enabled
graph_reserve: reserving a graph for ubatch with n_tokens =    1, n_seqs =  1, n_outputs =    1
resolve_fused_ops: fused DeepSeek V4 HC comb enabled
graph_reserve: reserving a graph for ubatch with n_tokens =    1, n_seqs =  1, n_outputs =    1
resolve_fused_ops: fused DeepSeek V4 HC post enabled
graph_reserve: reserving a graph for ubatch with n_tokens =    8, n_seqs =  1, n_outputs =    8
graph_reserve: reserving a graph for ubatch with n_tokens =    1, n_seqs =  1, n_outputs =    1
graph_reserve: reserving a graph for ubatch with n_tokens =    8, n_seqs =  1, n_outputs =    8
sched_reserve:  CUDA_Host compute buffer size =     0.03 MiB
sched_reserve: graph nodes  = 100
sched_reserve: graph splits = 1
sched_reserve: reserve took 2.42 ms, sched copies = 1
graph_reserve: reserving a graph for ubatch with n_tokens =    4, n_seqs =  1, n_outputs =    4
set_abort_callback: call
graph_compute: ggml_backend_sched_graph_compute_async failed with error 1
process_ubatch: failed to compute graph, compute status: 1
decode: removing memory module entries for seq_id = 0, pos = [59, +inf)
llama_decode: failed to decode, ret = 2
set_abort_callback: call
host-bank MoE execution failed: MoE routing weight must be finite
host-bank MoE execution failed: MoE routing weight must be finite
process_ubatch: failed to compute graph, compute status: -1
decode: removing memory module entries for seq_id = 0, pos = [59, +inf)
llama_decode: failed to decode, ret = -3
llama_context: constructing llama_context
llama_init_from_model: failed to initialize the context: host-bank MoE requires one sequence, op_offload=false and offload_kqv=false
llama_context: constructing llama_context
llama_init_from_model: failed to initialize the context: host-bank MoE requires one sequence, op_offload=false and offload_kqv=false
llama_context: constructing llama_context
llama_init_from_model: failed to initialize the context: host-bank MoE requires one sequence, op_offload=false and offload_kqv=false
llama_context: constructing llama_context
llama_init_from_model: failed to initialize the context: moe cache: invalid uniform arena geometry
llama_context: constructing llama_context
llama_init_from_model: failed to initialize the context: host-bank MoE cache requires model.moe_cpu_tile_bytes host-bank setup
~llama_context:      CUDA0 compute buffer size is   0.0000 MiB, matches expectation of   0.0000 MiB
~llama_context:  CUDA_Host compute buffer size is   0.0304 MiB, matches expectation of   0.0304 MiB
~llama_context:      CUDA0 compute buffer size is   0.0000 MiB, matches expectation of   0.0000 MiB
~llama_context:  CUDA_Host compute buffer size is   0.0304 MiB, matches expectation of   0.0304 MiB
llama_context: constructing llama_context
llama_context: n_seq_max             = 1
llama_context: n_ctx                 = 256
llama_context: n_ctx_seq             = 256
llama_context: n_batch               = 32
llama_context: n_ubatch              = 8
llama_context: causal_attn           = 1
llama_context: flash_attn            = disabled
llama_context: kv_unified            = false
llama_context: freq_base             = 10000.0
llama_context: freq_scale            = 1
llama_context: n_rs_seq              = 0
llama_context: n_outputs_max         = 32
llama_context: n_outputs_max_per_seq = 1
llama_context: n_ctx_seq (256) > n_ctx_train (128) -- possible training context overflow
set_abort_callback: call
llama_context:        CPU  output buffer size =     0.00 MiB
llama_kv_cache: layer   0: dev = CPU
llama_kv_cache: layer   1: dev = CPU
llama_kv_cache:        CPU KV buffer size =     0.06 MiB
llama_kv_cache: size =    0.06 MiB (   256 cells,   2 layers,  1/1 seqs), K (f16):    0.03 MiB, V (f16):    0.03 MiB
llama_kv_cache: attn_rot_k = 0, n_embd_head_k_all = 16
llama_kv_cache: attn_rot_v = 0, n_embd_head_k_all = 16
llama_context: enumerating backends
llama_context: backend_ptrs.size() = 2
sched_reserve: reserving ...
sched_reserve: max_nodes = 1024
sched_reserve: decode graph slots = 4 (n_tokens <= 4)
sched_reserve: reserving full memory module
sched_reserve: worst-case: n_tokens = 8, n_seqs = 1, n_outputs = 1
resolve_fused_ops: resolving fused Gated Delta Net support:
graph_reserve: reserving a graph for ubatch with n_tokens =    1, n_seqs =  1, n_outputs =    1
resolve_fused_ops: fused Gated Delta Net (autoregressive) enabled
graph_reserve: reserving a graph for ubatch with n_tokens =   16, n_seqs =  1, n_outputs =   16
resolve_fused_ops: fused Gated Delta Net (chunked) enabled
resolve_fused_ops: resolving fused Lightning Indexer support:
graph_reserve: reserving a graph for ubatch with n_tokens =    1, n_seqs =  1, n_outputs =    1
resolve_fused_ops: Lightning Indexer enabled
resolve_fused_ops: resolving fused DeepSeek V4 HC support:
graph_reserve: reserving a graph for ubatch with n_tokens =    1, n_seqs =  1, n_outputs =    1
resolve_fused_ops: fused DeepSeek V4 HC pre enabled
graph_reserve: reserving a graph for ubatch with n_tokens =    1, n_seqs =  1, n_outputs =    1
resolve_fused_ops: fused DeepSeek V4 HC comb enabled
graph_reserve: reserving a graph for ubatch with n_tokens =    1, n_seqs =  1, n_outputs =    1
resolve_fused_ops: fused DeepSeek V4 HC post enabled
graph_reserve: reserving a graph for ubatch with n_tokens =    8, n_seqs =  1, n_outputs =    8
graph_reserve: reserving a graph for ubatch with n_tokens =    1, n_seqs =  1, n_outputs =    1
graph_reserve: reserving a graph for ubatch with n_tokens =    8, n_seqs =  1, n_outputs =    8
sched_reserve:  CUDA_Host compute buffer size =     0.03 MiB
sched_reserve: graph nodes  = 100
sched_reserve: graph splits = 1
sched_reserve: reserve took 2.10 ms, sched copies = 1
llama_context: constructing llama_context
llama_context: n_seq_max             = 1
llama_context: n_ctx                 = 256
llama_context: n_ctx_seq             = 256
llama_context: n_batch               = 32
llama_context: n_ubatch              = 8
llama_context: causal_attn           = 1
llama_context: flash_attn            = disabled
llama_context: kv_unified            = false
llama_context: freq_base             = 10000.0
llama_context: freq_scale            = 1
llama_context: n_rs_seq              = 0
llama_context: n_outputs_max         = 32
llama_context: n_outputs_max_per_seq = 1
llama_context: n_ctx_seq (256) > n_ctx_train (128) -- possible training context overflow
set_abort_callback: call
llama_context:        CPU  output buffer size =     0.00 MiB
llama_kv_cache: layer   0: dev = CPU
llama_kv_cache: layer   1: dev = CPU
llama_kv_cache:        CPU KV buffer size =     0.06 MiB
llama_kv_cache: size =    0.06 MiB (   256 cells,   2 layers,  1/1 seqs), K (f16):    0.03 MiB, V (f16):    0.03 MiB
llama_kv_cache: attn_rot_k = 0, n_embd_head_k_all = 16
llama_kv_cache: attn_rot_v = 0, n_embd_head_k_all = 16
llama_context: enumerating backends
llama_context: backend_ptrs.size() = 2
sched_reserve: reserving ...
sched_reserve: max_nodes = 1024
sched_reserve: decode graph slots = 4 (n_tokens <= 4)
sched_reserve: reserving full memory module
sched_reserve: worst-case: n_tokens = 8, n_seqs = 1, n_outputs = 1
resolve_fused_ops: resolving fused Gated Delta Net support:
graph_reserve: reserving a graph for ubatch with n_tokens =    1, n_seqs =  1, n_outputs =    1
resolve_fused_ops: fused Gated Delta Net (autoregressive) enabled
graph_reserve: reserving a graph for ubatch with n_tokens =   16, n_seqs =  1, n_outputs =   16
resolve_fused_ops: fused Gated Delta Net (chunked) enabled
resolve_fused_ops: resolving fused Lightning Indexer support:
graph_reserve: reserving a graph for ubatch with n_tokens =    1, n_seqs =  1, n_outputs =    1
resolve_fused_ops: Lightning Indexer enabled
resolve_fused_ops: resolving fused DeepSeek V4 HC support:
graph_reserve: reserving a graph for ubatch with n_tokens =    1, n_seqs =  1, n_outputs =    1
resolve_fused_ops: fused DeepSeek V4 HC pre enabled
graph_reserve: reserving a graph for ubatch with n_tokens =    1, n_seqs =  1, n_outputs =    1
resolve_fused_ops: fused DeepSeek V4 HC comb enabled
graph_reserve: reserving a graph for ubatch with n_tokens =    1, n_seqs =  1, n_outputs =    1
resolve_fused_ops: fused DeepSeek V4 HC post enabled
graph_reserve: reserving a graph for ubatch with n_tokens =    8, n_seqs =  1, n_outputs =    8
graph_reserve: reserving a graph for ubatch with n_tokens =    1, n_seqs =  1, n_outputs =    1
graph_reserve: reserving a graph for ubatch with n_tokens =    8, n_seqs =  1, n_outputs =    8
sched_reserve:  CUDA_Host compute buffer size =     0.03 MiB
sched_reserve: graph nodes  = 110
sched_reserve: graph splits = 1
sched_reserve: reserve took 2.06 ms, sched copies = 1
~llama_context:      CUDA0 compute buffer size is   0.0000 MiB, matches expectation of   0.0000 MiB
~llama_context:  CUDA_Host compute buffer size is   0.0304 MiB, matches expectation of   0.0304 MiB
~llama_context:      CUDA0 compute buffer size is   0.0000 MiB, matches expectation of   0.0000 MiB
~llama_context:  CUDA_Host compute buffer size is   0.0304 MiB, matches expectation of   0.0304 MiB
llama_model_loader: loaded meta data with 13 key-value pairs and 23 tensors from C:\Users\cadel\AppData\Local\Temp\moe-integration-1702916.gguf (version GGUF V3 (latest))
llama_model_loader: Dumping metadata keys/values. Note: KV overrides do not apply in this output.
llama_model_loader: - kv   0:                       general.architecture str              = llama
llama_model_loader: - kv   1:                       tokenizer.ggml.model str              = no_vocab
llama_model_loader: - kv   2:                           llama.vocab_size u32              = 32
llama_model_loader: - kv   3:                       llama.context_length u32              = 128
llama_model_loader: - kv   4:                     llama.embedding_length u32              = 32
llama_model_loader: - kv   5:                          llama.block_count u32              = 2
llama_model_loader: - kv   6:                  llama.feed_forward_length u32              = 64
llama_model_loader: - kv   7:                 llama.attention.head_count u32              = 2
llama_model_loader: - kv   8:              llama.attention.head_count_kv u32              = 2
llama_model_loader: - kv   9:                 llama.rope.dimension_count u32              = 16
llama_model_loader: - kv  10:                         llama.expert_count u32              = 4
llama_model_loader: - kv  11:                    llama.expert_used_count u32              = 2
llama_model_loader: - kv  12:     llama.attention.layer_norm_rms_epsilon f32              = 0.000010
llama_model_loader: - type  f32:   23 tensors
print_info: file format = GGUF V3 (latest)
print_info: file type   = (guessed) all F32
print_info: file size   = 0.23 MiB (32.00 BPW) 
llama_prepare_model_devices: using device CUDA0 (NVIDIA GeForce RTX 4060 Laptop GPU) (0000:01:00.0) - 7106 MiB free
load: adding 32 dummy tokens
print_info: arch                  = llama
print_info: vocab_only            = 0
print_info: no_alloc              = 0
print_info: n_ctx_train           = 128
print_info: n_embd_inp            = 32
print_info: n_embd                = 32
print_info: n_embd_out            = 32
print_info: n_layer               = 2
print_info: n_layer_all           = 2
print_info: n_head                = 2
print_info: n_head_kv             = 2
print_info: n_rot                 = 16
print_info: n_swa                 = 0
print_info: is_swa_any            = 0
print_info: n_embd_head_k         = 16
print_info: n_embd_head_v         = 16
print_info: n_gqa                 = 1
print_info: n_embd_k_gqa          = 32
print_info: n_embd_v_gqa          = 32
print_info: f_norm_eps            = 0.0e+00
print_info: f_norm_rms_eps        = 1.0e-05
print_info: f_clamp_kqv           = 0.0e+00
print_info: f_max_alibi_bias      = 0.0e+00
print_info: f_logit_scale         = 0.0e+00
print_info: f_attn_scale          = 0.0e+00
print_info: f_attn_value_scale    = 0.0000
print_info: n_ff                  = 64
print_info: n_expert              = 4
print_info: n_expert_used         = 2
print_info: n_expert_groups       = 0
print_info: n_group_used          = 0
print_info: causal attn           = 1
print_info: pooling type          = -1
print_info: rope type             = 0
print_info: rope scaling          = linear
print_info: freq_base_train       = 10000.0
print_info: freq_scale_train      = 1
print_info: n_ctx_orig_yarn       = 128
print_info: rope_yarn_log_mul     = 0.0000
print_info: rope_finetuned        = unknown
print_info: model type            = ?B
print_info: model params          = 59.81 K
print_info: general.name          = n/a
print_info: vocab type            = no vocab
print_info: n_vocab               = 32
print_info: n_merges              = 0
print_info: max token length      = 0
load_tensors: loading model tensors, this can take a while... (load_mode = none)
load_tensors: layer   0 assigned to device CPU, is_swa = 0
load_tensors: layer   1 assigned to device CPU, is_swa = 0
load_tensors: layer   2 assigned to device CPU, is_swa = 0
create_tensor: loading tensor token_embd.weight
create_tensor: loading tensor output_norm.weight
create_tensor: loading tensor output.weight
create_tensor: loading tensor blk.0.attn_norm.weight
create_tensor: loading tensor blk.0.attn_qkv.weight
create_tensor: loading tensor blk.0.attn_q.weight
create_tensor: loading tensor blk.0.attn_k.weight
create_tensor: loading tensor blk.0.attn_v.weight
create_tensor: loading tensor blk.0.attn_q.bias
create_tensor: loading tensor blk.0.attn_k.bias
create_tensor: loading tensor blk.0.attn_v.bias
create_tensor: loading tensor blk.0.attn_output.weight
create_tensor: loading tensor blk.0.attn_output.bias
create_tensor: loading tensor blk.0.ffn_norm.weight
create_tensor: loading tensor rope_freqs.weight
create_tensor: loading tensor blk.0.ffn_gate_inp.weight
create_tensor: loading tensor blk.0.ffn_gate_exps.weight
create_tensor: loading tensor blk.0.ffn_down_exps.weight
create_tensor: loading tensor blk.0.ffn_up_exps.weight
create_tensor: loading tensor blk.1.attn_norm.weight
create_tensor: loading tensor blk.1.attn_qkv.weight
create_tensor: loading tensor blk.1.attn_q.weight
create_tensor: loading tensor blk.1.attn_k.weight
create_tensor: loading tensor blk.1.attn_v.weight
create_tensor: loading tensor blk.1.attn_q.bias
create_tensor: loading tensor blk.1.attn_k.bias
create_tensor: loading tensor blk.1.attn_v.bias
create_tensor: loading tensor blk.1.attn_output.weight
create_tensor: loading tensor blk.1.attn_output.bias
create_tensor: loading tensor blk.1.ffn_norm.weight
create_tensor: loading tensor rope_freqs.weight
create_tensor: loading tensor blk.1.ffn_gate_inp.weight
create_tensor: loading tensor blk.1.ffn_gate_exps.weight
create_tensor: loading tensor blk.1.ffn_down_exps.weight
create_tensor: loading tensor blk.1.ffn_up_exps.weight
create_tensor: loading tensor blk.0.attn_q.scale
create_tensor: loading tensor blk.0.attn_k.scale
create_tensor: loading tensor blk.0.attn_v.scale
create_tensor: loading tensor blk.0.attn_output.scale
create_tensor: loading tensor blk.0.ffn_gate_exps.scale
create_tensor: loading tensor blk.0.ffn_down_exps.scale
create_tensor: loading tensor blk.0.ffn_up_exps.scale
create_tensor: loading tensor blk.0.attn_q.input_scale
create_tensor: loading tensor blk.0.attn_k.input_scale
create_tensor: loading tensor blk.0.attn_v.input_scale
create_tensor: loading tensor blk.0.attn_output.input_scale
create_tensor: loading tensor blk.0.ffn_gate_exps.input_scale
create_tensor: loading tensor blk.0.ffn_down_exps.input_scale
create_tensor: loading tensor blk.0.ffn_up_exps.input_scale
create_tensor: loading tensor blk.1.attn_q.scale
create_tensor: loading tensor blk.1.attn_k.scale
create_tensor: loading tensor blk.1.attn_v.scale
create_tensor: loading tensor blk.1.attn_output.scale
create_tensor: loading tensor blk.1.ffn_gate_exps.scale
create_tensor: loading tensor blk.1.ffn_down_exps.scale
create_tensor: loading tensor blk.1.ffn_up_exps.scale
create_tensor: loading tensor blk.1.attn_q.input_scale
create_tensor: loading tensor blk.1.attn_k.input_scale
create_tensor: loading tensor blk.1.attn_v.input_scale
create_tensor: loading tensor blk.1.attn_output.input_scale
create_tensor: loading tensor blk.1.ffn_gate_exps.input_scale
create_tensor: loading tensor blk.1.ffn_down_exps.input_scale
create_tensor: loading tensor blk.1.ffn_up_exps.input_scale
load_tensors: offloading 0 repeating layers to GPU
load_tensors: offloaded 0/3 layers to GPU
load_tensors:    CUDA_Host model buffer size =     0.23 MiB
load_all_data: buffer type CUDA_Host is not the default buffer type for device CUDA0 for async uploads
................
llama_model_loader: loaded meta data with 13 key-value pairs and 23 tensors from C:\Users\cadel\AppData\Local\Temp\moe-integration-1702916.gguf (version GGUF V3 (latest))
llama_model_loader: Dumping metadata keys/values. Note: KV overrides do not apply in this output.
llama_model_loader: - kv   0:                       general.architecture str              = llama
llama_model_loader: - kv   1:                       tokenizer.ggml.model str              = no_vocab
llama_model_loader: - kv   2:                           llama.vocab_size u32              = 32
llama_model_loader: - kv   3:                       llama.context_length u32              = 128
llama_model_loader: - kv   4:                     llama.embedding_length u32              = 32
llama_model_loader: - kv   5:                          llama.block_count u32              = 2
llama_model_loader: - kv   6:                  llama.feed_forward_length u32              = 64
llama_model_loader: - kv   7:                 llama.attention.head_count u32              = 2
llama_model_loader: - kv   8:              llama.attention.head_count_kv u32              = 2
llama_model_loader: - kv   9:                 llama.rope.dimension_count u32              = 16
llama_model_loader: - kv  10:                         llama.expert_count u32              = 4
llama_model_loader: - kv  11:                    llama.expert_used_count u32              = 2
llama_model_loader: - kv  12:     llama.attention.layer_norm_rms_epsilon f32              = 0.000010
llama_model_loader: - type  f32:   23 tensors
print_info: file format = GGUF V3 (latest)
print_info: file type   = (guessed) all F32
print_info: file size   = 0.23 MiB (32.00 BPW) 
llama_prepare_model_devices: using device CUDA0 (NVIDIA GeForce RTX 4060 Laptop GPU) (0000:01:00.0) - 7106 MiB free
load: adding 32 dummy tokens
print_info: arch                  = llama
print_info: vocab_only            = 0
print_info: no_alloc              = 0
print_info: n_ctx_train           = 128
print_info: n_embd_inp            = 32
print_info: n_embd                = 32
print_info: n_embd_out            = 32
print_info: n_layer               = 2
print_info: n_layer_all           = 2
print_info: n_head                = 2
print_info: n_head_kv             = 2
print_info: n_rot                 = 16
print_info: n_swa                 = 0
print_info: is_swa_any            = 0
print_info: n_embd_head_k         = 16
print_info: n_embd_head_v         = 16
print_info: n_gqa                 = 1
print_info: n_embd_k_gqa          = 32
print_info: n_embd_v_gqa          = 32
print_info: f_norm_eps            = 0.0e+00
print_info: f_norm_rms_eps        = 1.0e-05
print_info: f_clamp_kqv           = 0.0e+00
print_info: f_max_alibi_bias      = 0.0e+00
print_info: f_logit_scale         = 0.0e+00
print_info: f_attn_scale          = 0.0e+00
print_info: f_attn_value_scale    = 0.0000
print_info: n_ff                  = 64
print_info: n_expert              = 4
print_info: n_expert_used         = 2
print_info: n_expert_groups       = 0
print_info: n_group_used          = 0
print_info: causal attn           = 1
print_info: pooling type          = -1
print_info: rope type             = 0
print_info: rope scaling          = linear
print_info: freq_base_train       = 10000.0
print_info: freq_scale_train      = 1
print_info: n_ctx_orig_yarn       = 128
print_info: rope_yarn_log_mul     = 0.0000
print_info: rope_finetuned        = unknown
print_info: model type            = ?B
print_info: model params          = 59.81 K
print_info: general.name          = n/a
print_info: vocab type            = no vocab
print_info: n_vocab               = 32
print_info: n_merges              = 0
print_info: max token length      = 0
load_tensors: loading model tensors, this can take a while... (load_mode = none)
load_tensors: layer   0 assigned to device CPU, is_swa = 0
load_tensors: layer   1 assigned to device CPU, is_swa = 0
load_tensors: layer   2 assigned to device CPU, is_swa = 0
create_tensor: loading tensor token_embd.weight
create_tensor: loading tensor output_norm.weight
create_tensor: loading tensor output.weight
create_tensor: loading tensor blk.0.attn_norm.weight
create_tensor: loading tensor blk.0.attn_qkv.weight
create_tensor: loading tensor blk.0.attn_q.weight
create_tensor: loading tensor blk.0.attn_k.weight
create_tensor: loading tensor blk.0.attn_v.weight
create_tensor: loading tensor blk.0.attn_q.bias
create_tensor: loading tensor blk.0.attn_k.bias
create_tensor: loading tensor blk.0.attn_v.bias
create_tensor: loading tensor blk.0.attn_output.weight
create_tensor: loading tensor blk.0.attn_output.bias
create_tensor: loading tensor blk.0.ffn_norm.weight
create_tensor: loading tensor rope_freqs.weight
create_tensor: loading tensor blk.0.ffn_gate_inp.weight
create_tensor: loading tensor blk.0.ffn_gate_exps.weight
create_tensor: loading tensor blk.0.ffn_down_exps.weight
create_tensor: loading tensor blk.0.ffn_up_exps.weight
create_tensor: loading tensor blk.1.attn_norm.weight
create_tensor: loading tensor blk.1.attn_qkv.weight
create_tensor: loading tensor blk.1.attn_q.weight
create_tensor: loading tensor blk.1.attn_k.weight
create_tensor: loading tensor blk.1.attn_v.weight
create_tensor: loading tensor blk.1.attn_q.bias
create_tensor: loading tensor blk.1.attn_k.bias
create_tensor: loading tensor blk.1.attn_v.bias
create_tensor: loading tensor blk.1.attn_output.weight
create_tensor: loading tensor blk.1.attn_output.bias
create_tensor: loading tensor blk.1.ffn_norm.weight
create_tensor: loading tensor rope_freqs.weight
create_tensor: loading tensor blk.1.ffn_gate_inp.weight
create_tensor: loading tensor blk.1.ffn_gate_exps.weight
create_tensor: loading tensor blk.1.ffn_down_exps.weight
create_tensor: loading tensor blk.1.ffn_up_exps.weight
create_tensor: loading tensor blk.0.attn_q.scale
create_tensor: loading tensor blk.0.attn_k.scale
create_tensor: loading tensor blk.0.attn_v.scale
create_tensor: loading tensor blk.0.attn_output.scale
create_tensor: loading tensor blk.0.ffn_gate_exps.scale
create_tensor: loading tensor blk.0.ffn_down_exps.scale
create_tensor: loading tensor blk.0.ffn_up_exps.scale
create_tensor: loading tensor blk.0.attn_q.input_scale
create_tensor: loading tensor blk.0.attn_k.input_scale
create_tensor: loading tensor blk.0.attn_v.input_scale
create_tensor: loading tensor blk.0.attn_output.input_scale
create_tensor: loading tensor blk.0.ffn_gate_exps.input_scale
create_tensor: loading tensor blk.0.ffn_down_exps.input_scale
create_tensor: loading tensor blk.0.ffn_up_exps.input_scale
create_tensor: loading tensor blk.1.attn_q.scale
create_tensor: loading tensor blk.1.attn_k.scale
create_tensor: loading tensor blk.1.attn_v.scale
create_tensor: loading tensor blk.1.attn_output.scale
create_tensor: loading tensor blk.1.ffn_gate_exps.scale
create_tensor: loading tensor blk.1.ffn_down_exps.scale
create_tensor: loading tensor blk.1.ffn_up_exps.scale
create_tensor: loading tensor blk.1.attn_q.input_scale
create_tensor: loading tensor blk.1.attn_k.input_scale
create_tensor: loading tensor blk.1.attn_v.input_scale
create_tensor: loading tensor blk.1.attn_output.input_scale
create_tensor: loading tensor blk.1.ffn_gate_exps.input_scale
create_tensor: loading tensor blk.1.ffn_down_exps.input_scale
create_tensor: loading tensor blk.1.ffn_up_exps.input_scale
load_tensors: offloading 0 repeating layers to GPU
load_tensors: offloaded 0/3 layers to GPU
load_tensors:          CPU model buffer size =     0.23 MiB
load_all_data: no device found for buffer type CPU for async uploads
................
load_tensors: experimental host-bank MoE enabled, tile weights <= 24832 bytes; this is not a total memory limit
llama_context: constructing llama_context
llama_context: n_seq_max             = 1
llama_context: n_ctx                 = 256
llama_context: n_ctx_seq             = 256
llama_context: n_batch               = 32
llama_context: n_ubatch              = 8
llama_context: causal_attn           = 1
llama_context: flash_attn            = disabled
llama_context: kv_unified            = false
llama_context: freq_base             = 10000.0
llama_context: freq_scale            = 1
llama_context: n_rs_seq              = 0
llama_context: n_outputs_max         = 32
llama_context: n_outputs_max_per_seq = 1
llama_context: n_ctx_seq (256) > n_ctx_train (128) -- possible training context overflow
set_abort_callback: call
llama_context:        CPU  output buffer size =     0.00 MiB
llama_kv_cache: layer   0: dev = CPU
llama_kv_cache: layer   1: dev = CPU
llama_kv_cache:        CPU KV buffer size =     0.06 MiB
llama_kv_cache: size =    0.06 MiB (   256 cells,   2 layers,  1/1 seqs), K (f16):    0.03 MiB, V (f16):    0.03 MiB
llama_kv_cache: attn_rot_k = 0, n_embd_head_k_all = 16
llama_kv_cache: attn_rot_v = 0, n_embd_head_k_all = 16
llama_context: enumerating backends
llama_context: backend_ptrs.size() = 2
sched_reserve: reserving ...
sched_reserve: max_nodes = 1024
sched_reserve: decode graph slots = 4 (n_tokens <= 4)
sched_reserve: reserving full memory module
sched_reserve: worst-case: n_tokens = 8, n_seqs = 1, n_outputs = 1
resolve_fused_ops: resolving fused Gated Delta Net support:
graph_reserve: reserving a graph for ubatch with n_tokens =    1, n_seqs =  1, n_outputs =    1
resolve_fused_ops: fused Gated Delta Net (autoregressive) enabled
graph_reserve: reserving a graph for ubatch with n_tokens =   16, n_seqs =  1, n_outputs =   16
resolve_fused_ops: fused Gated Delta Net (chunked) enabled
resolve_fused_ops: resolving fused Lightning Indexer support:
graph_reserve: reserving a graph for ubatch with n_tokens =    1, n_seqs =  1, n_outputs =    1
resolve_fused_ops: Lightning Indexer enabled
resolve_fused_ops: resolving fused DeepSeek V4 HC support:
graph_reserve: reserving a graph for ubatch with n_tokens =    1, n_seqs =  1, n_outputs =    1
resolve_fused_ops: fused DeepSeek V4 HC pre enabled
graph_reserve: reserving a graph for ubatch with n_tokens =    1, n_seqs =  1, n_outputs =    1
resolve_fused_ops: fused DeepSeek V4 HC comb enabled
graph_reserve: reserving a graph for ubatch with n_tokens =    1, n_seqs =  1, n_outputs =    1
resolve_fused_ops: fused DeepSeek V4 HC post enabled
graph_reserve: reserving a graph for ubatch with n_tokens =    8, n_seqs =  1, n_outputs =    8
graph_reserve: reserving a graph for ubatch with n_tokens =    1, n_seqs =  1, n_outputs =    1
graph_reserve: reserving a graph for ubatch with n_tokens =    8, n_seqs =  1, n_outputs =    8
sched_reserve:  CUDA_Host compute buffer size =     0.03 MiB
sched_reserve: graph nodes  = 110
sched_reserve: graph splits = 1
sched_reserve: reserve took 2.04 ms, sched copies = 1
llama_context: constructing llama_context
llama_context: MoE device=CUDA0 cache=196608 staging=1048576 compute-limit=67108864 bytes
llama_context: n_seq_max             = 1
llama_context: n_ctx                 = 256
llama_context: n_ctx_seq             = 256
llama_context: n_batch               = 32
llama_context: n_ubatch              = 8
llama_context: causal_attn           = 1
llama_context: flash_attn            = disabled
llama_context: kv_unified            = false
llama_context: freq_base             = 10000.0
llama_context: freq_scale            = 1
llama_context: n_rs_seq              = 0
llama_context: n_outputs_max         = 32
llama_context: n_outputs_max_per_seq = 1
llama_context: n_ctx_seq (256) > n_ctx_train (128) -- possible training context overflow
set_abort_callback: call
llama_context:        CPU  output buffer size =     0.00 MiB
llama_kv_cache: layer   0: dev = CPU
llama_kv_cache: layer   1: dev = CPU
llama_kv_cache:        CPU KV buffer size =     0.06 MiB
llama_kv_cache: size =    0.06 MiB (   256 cells,   2 layers,  1/1 seqs), K (f16):    0.03 MiB, V (f16):    0.03 MiB
llama_kv_cache: attn_rot_k = 0, n_embd_head_k_all = 16
llama_kv_cache: attn_rot_v = 0, n_embd_head_k_all = 16
llama_context: enumerating backends
llama_context: backend_ptrs.size() = 2
sched_reserve: reserving ...
sched_reserve: max_nodes = 1024
sched_reserve: decode graph slots = 4 (n_tokens <= 4)
sched_reserve: reserving full memory module
sched_reserve: worst-case: n_tokens = 8, n_seqs = 1, n_outputs = 1
resolve_fused_ops: resolving fused Gated Delta Net support:
graph_reserve: reserving a graph for ubatch with n_tokens =    1, n_seqs =  1, n_outputs =    1
resolve_fused_ops: fused Gated Delta Net (autoregressive) enabled
graph_reserve: reserving a graph for ubatch with n_tokens =   16, n_seqs =  1, n_outputs =   16
resolve_fused_ops: fused Gated Delta Net (chunked) enabled
resolve_fused_ops: resolving fused Lightning Indexer support:
graph_reserve: reserving a graph for ubatch with n_tokens =    1, n_seqs =  1, n_outputs =    1
resolve_fused_ops: Lightning Indexer enabled
resolve_fused_ops: resolving fused DeepSeek V4 HC support:
graph_reserve: reserving a graph for ubatch with n_tokens =    1, n_seqs =  1, n_outputs =    1
resolve_fused_ops: fused DeepSeek V4 HC pre enabled
graph_reserve: reserving a graph for ubatch with n_tokens =    1, n_seqs =  1, n_outputs =    1
resolve_fused_ops: fused DeepSeek V4 HC comb enabled
graph_reserve: reserving a graph for ubatch with n_tokens =    1, n_seqs =  1, n_outputs =    1
resolve_fused_ops: fused DeepSeek V4 HC post enabled
graph_reserve: reserving a graph for ubatch with n_tokens =    8, n_seqs =  1, n_outputs =    8
graph_reserve: reserving a graph for ubatch with n_tokens =    1, n_seqs =  1, n_outputs =    1
graph_reserve: reserving a graph for ubatch with n_tokens =    8, n_seqs =  1, n_outputs =    8
sched_reserve:  CUDA_Host compute buffer size =     0.03 MiB
sched_reserve: graph nodes  = 100
sched_reserve: graph splits = 1
sched_reserve: reserve took 2.11 ms, sched copies = 1
llama_context: constructing llama_context
llama_init_from_model: failed to initialize the context: GPU MoE requires a GPU device, positive staging/compute budgets and no CPU cache
llama_context: constructing llama_context
llama_init_from_model: failed to initialize the context: MoE cache + compute + reserve exceeds available VRAM
llama_context: constructing llama_context
llama_init_from_model: failed to initialize the context: GPU MoE requires a GPU device, positive staging/compute budgets and no CPU cache
llama_context: constructing llama_context
llama_context: MoE device=CUDA0 cache=196608 staging=1048576 compute-limit=1 bytes
llama_context: n_seq_max             = 1
llama_context: n_ctx                 = 256
llama_context: n_ctx_seq             = 256
llama_context: n_batch               = 32
llama_context: n_ubatch              = 8
llama_context: causal_attn           = 1
llama_context: flash_attn            = disabled
llama_context: kv_unified            = false
llama_context: freq_base             = 10000.0
llama_context: freq_scale            = 1
llama_context: n_rs_seq              = 0
llama_context: n_outputs_max         = 32
llama_context: n_outputs_max_per_seq = 1
llama_context: n_ctx_seq (256) > n_ctx_train (128) -- possible training context overflow
set_abort_callback: call
llama_context:        CPU  output buffer size =     0.00 MiB
llama_kv_cache: layer   0: dev = CPU
llama_kv_cache: layer   1: dev = CPU
llama_kv_cache:        CPU KV buffer size =     0.06 MiB
llama_kv_cache: size =    0.06 MiB (   256 cells,   2 layers,  1/1 seqs), K (f16):    0.03 MiB, V (f16):    0.03 MiB
llama_kv_cache: attn_rot_k = 0, n_embd_head_k_all = 16
llama_kv_cache: attn_rot_v = 0, n_embd_head_k_all = 16
llama_context: enumerating backends
llama_context: backend_ptrs.size() = 2
sched_reserve: reserving ...
sched_reserve: max_nodes = 1024
sched_reserve: decode graph slots = 4 (n_tokens <= 4)
sched_reserve: reserving full memory module
sched_reserve: worst-case: n_tokens = 8, n_seqs = 1, n_outputs = 1
resolve_fused_ops: resolving fused Gated Delta Net support:
graph_reserve: reserving a graph for ubatch with n_tokens =    1, n_seqs =  1, n_outputs =    1
resolve_fused_ops: fused Gated Delta Net (autoregressive) enabled
graph_reserve: reserving a graph for ubatch with n_tokens =   16, n_seqs =  1, n_outputs =   16
resolve_fused_ops: fused Gated Delta Net (chunked) enabled
resolve_fused_ops: resolving fused Lightning Indexer support:
graph_reserve: reserving a graph for ubatch with n_tokens =    1, n_seqs =  1, n_outputs =    1
resolve_fused_ops: Lightning Indexer enabled
resolve_fused_ops: resolving fused DeepSeek V4 HC support:
graph_reserve: reserving a graph for ubatch with n_tokens =    1, n_seqs =  1, n_outputs =    1
resolve_fused_ops: fused DeepSeek V4 HC pre enabled
graph_reserve: reserving a graph for ubatch with n_tokens =    1, n_seqs =  1, n_outputs =    1
resolve_fused_ops: fused DeepSeek V4 HC comb enabled
graph_reserve: reserving a graph for ubatch with n_tokens =    1, n_seqs =  1, n_outputs =    1
resolve_fused_ops: fused DeepSeek V4 HC post enabled
graph_reserve: reserving a graph for ubatch with n_tokens =    8, n_seqs =  1, n_outputs =    8
graph_reserve: reserving a graph for ubatch with n_tokens =    1, n_seqs =  1, n_outputs =    1
graph_reserve: reserving a graph for ubatch with n_tokens =    8, n_seqs =  1, n_outputs =    8
sched_reserve:  CUDA_Host compute buffer size =     0.03 MiB
sched_reserve: graph nodes  = 100
sched_reserve: graph splits = 1
sched_reserve: reserve took 2.25 ms, sched copies = 1
graph_compute: ggml_backend_sched_graph_compute_async failed with error -1
host-bank MoE execution failed: MoE device compute budget exceeded
process_ubatch: failed to compute graph, compute status: -1
decode: removing memory module entries for seq_id = 0, pos = [0, +inf)
llama_decode: failed to decode, ret = -3
~llama_context:      CUDA0 compute buffer size is   0.0000 MiB, matches expectation of   0.0000 MiB
~llama_context:  CUDA_Host compute buffer size is   0.0304 MiB, matches expectation of   0.0304 MiB
graph_reserve: reserving a graph for ubatch with n_tokens =    4, n_seqs =  1, n_outputs =    4
FT_COMPARE layer=0 relative=0.00236489 first=-0.0187945/-0.0187197
FT_COMPARE layer=1 relative=0.00245348 first=-0.0407913/-0.040655
FT_COMPARE layer=0 relative=0.00237446 first=0.0360745/0.0360335
FT_COMPARE layer=1 relative=0.00230697 first=0.0133403/0.0133036
FT_COMPARE layer=0 relative=0.00244501 first=0.021732/0.021615
FT_COMPARE layer=1 relative=0.00253843 first=-0.0933592/-0.093165
FT_COMPARE layer=0 relative=0.00195058 first=0.086423/0.0863041
FT_COMPARE layer=1 relative=0.00225969 first=-0.0184169/-0.0183925
FT_COMPARE layer=0 relative=0.00235546 first=0.00433576/0.00439913
FT_COMPARE layer=1 relative=0.00258321 first=-0.025719/-0.0256684
FT_COMPARE layer=0 relative=0.0023434 first=0.0561421/0.0560113
FT_COMPARE layer=1 relative=0.00221864 first=0.05808/0.0580168
FT_COMPARE layer=0 relative=0.00223515 first=-0.0912347/-0.091029
FT_COMPARE layer=1 relative=0.00250516 first=0.0645847/0.0644161
FT_COMPARE layer=0 relative=0.00224684 first=-0.0282307/-0.0282131
FT_COMPARE layer=1 relative=0.00208146 first=-0.0338825/-0.0338433
FT_COMPARE layer=0 relative=0.00217057 first=0.082642/0.0824396
FT_COMPARE layer=1 relative=0.00212494 first=-0.0783593/-0.0781759
FT_COMPARE layer=0 relative=0.00217626 first=0.0361272/0.0360274
FT_COMPARE layer=1 relative=0.00248594 first=0.00698607/0.00694713
FT_COMPARE layer=0 relative=0.00242423 first=-0.0566568/-0.0565671
FT_COMPARE layer=1 relative=0.002133 first=-0.0537412/-0.0536541
FT_COMPARE layer=0 relative=0.00225261 first=-0.0759584/-0.0758078
FT_COMPARE layer=1 relative=0.00238178 first=-0.00495215/-0.004986
FT_COMPARE layer=0 relative=0.00225654 first=-0.138404/-0.138082
FT_COMPARE layer=1 relative=0.00220035 first=0.0505036/0.0504437
FT_COMPARE layer=0 relative=0.00248128 first=-0.0573892/-0.0572674
FT_COMPARE layer=1 relative=0.00258091 first=-0.0938506/-0.0936393
FT_COMPARE layer=0 relative=0.002121 first=0.0280507/0.0280186
FT_COMPARE layer=1 relative=0.00226944 first=0.0120161/0.0119826
FT_COMPARE layer=0 relative=0.00191631 first=-0.0102462/-0.0102024
FT_COMPARE layer=1 relative=0.00238472 first=-0.0402038/-0.0401149
FT_COMPARE layer=0 relative=0.00206461 first=-0.0684968/-0.0683212
FT_COMPARE layer=1 relative=0.00216083 first=0.0347874/0.0346618
FT_COMPARE layer=0 relative=0.001913 first=0.0402722/0.0402191
FT_COMPARE layer=1 relative=0.00193828 first=-0.037581/-0.0375015
FT_COMPARE layer=0 relative=0.00223933 first=0.0214132/0.0213583
FT_COMPARE layer=1 relative=0.00256574 first=-0.0387981/-0.0387447
FT_COMPARE layer=0 relative=0.00239288 first=0.0468727/0.0467792
FT_COMPARE layer=1 relative=0.00220699 first=-0.0147723/-0.014751
FT_COMPARE layer=0 relative=0.00212968 first=0.0416441/0.041508
FT_COMPARE layer=1 relative=0.00212453 first=0.00922013/0.00924503
FT_COMPARE layer=0 relative=0.00246788 first=-0.0147015/-0.0146685
FT_COMPARE layer=1 relative=0.00249202 first=-0.0305943/-0.0305432
FT_COMPARE layer=0 relative=0.00241579 first=-0.062285/-0.0621233
FT_COMPARE layer=1 relative=0.00266494 first=-0.0741905/-0.0740638
FT_COMPARE layer=0 relative=0.00230579 first=-0.0562827/-0.0561615
FT_COMPARE layer=1 relative=0.00232896 first=-0.0265851/-0.026521
FT_COMPARE layer=0 relative=0.00243898 first=0.102544/0.102281
FT_COMPARE layer=1 relative=0.00237615 first=-0.0555309/-0.0553688
FT_COMPARE layer=0 relative=0.00191026 first=0.0404418/0.0404182
FT_COMPARE layer=1 relative=0.00220186 first=-0.0826271/-0.0824539
FT_COMPARE layer=0 relative=0.00237537 first=0.0410223/0.0408928
FT_COMPARE layer=1 relative=0.00260068 first=-0.112243/-0.112017
FT_COMPARE layer=0 relative=0.0023126 first=0.150228/0.149935
FT_COMPARE layer=1 relative=0.00214608 first=-0.11012/-0.109942
FT_COMPARE layer=0 relative=0.00242851 first=0.0382534/0.0381889
FT_COMPARE layer=1 relative=0.00237461 first=-0.0626066/-0.0624717
FT_COMPARE layer=0 relative=0.00254374 first=-0.078778/-0.0786614
FT_COMPARE layer=1 relative=0.00229578 first=0.0213885/0.0213321
FT_COMPARE layer=0 relative=0.00203643 first=-0.133976/-0.133676
FT_COMPARE layer=1 relative=0.00249032 first=-0.0268099/-0.0267123
FT_COMPARE layer=0 relative=0.00245432 first=-0.0262582/-0.0262651
FT_COMPARE layer=1 relative=0.00217268 first=0.00505341/0.00505706
FT_COMPARE layer=0 relative=0.00202555 first=-0.0386644/-0.0385788
FT_COMPARE layer=1 relative=0.00235597 first=0.0603852/0.0602322
FT_COMPARE layer=0 relative=0.0022686 first=0.0576274/0.0575069
FT_COMPARE layer=1 relative=0.00262048 first=0.0502706/0.0501348
FT_COMPARE layer=0 relative=0.00233314 first=-0.0232946/-0.0231827
FT_COMPARE layer=1 relative=0.00217104 first=-0.097573/-0.0973954
FT_COMPARE layer=0 relative=0.00229768 first=-0.0659119/-0.0657523
FT_COMPARE layer=1 relative=0.00209763 first=-0.0202122/-0.0202097
FT_COMPARE layer=0 relative=0.00217406 first=0.0813556/0.0811606
FT_COMPARE layer=1 relative=0.00216298 first=-0.0358134/-0.0358009
FT_COMPARE layer=0 relative=0.00201543 first=-0.0603291/-0.0601813
FT_COMPARE layer=1 relative=0.0023268 first=0.132474/0.132108
FT_COMPARE layer=0 relative=0.00239497 first=-0.0185877/-0.0185882
FT_COMPARE layer=1 relative=0.00225579 first=0.128755/0.128495
FT_COMPARE layer=0 relative=0.00216288 first=-0.0164378/-0.0164314
FT_COMPARE layer=1 relative=0.00228712 first=-0.0498914/-0.049787
FT_COMPARE layer=0 relative=0.00213813 first=0.123307/0.123058
FT_COMPARE layer=1 relative=0.00181683 first=-0.0966535/-0.0964547
FT_COMPARE layer=0 relative=0.00204235 first=0.0317737/0.0317341
FT_COMPARE layer=1 relative=0.00215807 first=0.080674/0.0805184
FT_COMPARE layer=0 relative=0.00206363 first=-0.0639087/-0.0638236
FT_COMPARE layer=1 relative=0.00215372 first=-0.0630499/-0.0628839
FT_COMPARE layer=0 relative=0.00224912 first=-0.0966017/-0.0963816
FT_COMPARE layer=1 relative=0.00212244 first=0.039923/0.0398439
FT_COMPARE layer=0 relative=0.00233152 first=-0.0971882/-0.0969668
FT_COMPARE layer=1 relative=0.00227958 first=0.0332357/0.0330936
FT_COMPARE layer=0 relative=0.00246539 first=-0.0529353/-0.0527578
FT_COMPARE layer=1 relative=0.00232175 first=-0.0610196/-0.060907
FT_COMPARE layer=0 relative=0.00192576 first=-0.00992727/-0.00989715
FT_COMPARE layer=1 relative=0.00230827 first=0.0498298/0.0497114
FT_COMPARE layer=0 relative=0.00218004 first=-0.0603287/-0.06017
FT_COMPARE layer=1 relative=0.00239901 first=-0.0429803/-0.0429134
set_abort_callback: call
graph_compute: ggml_backend_sched_graph_compute_async failed with error 1
process_ubatch: failed to compute graph, compute status: 1
decode: removing memory module entries for seq_id = 0, pos = [59, +inf)
llama_decode: failed to decode, ret = 2
set_abort_callback: call
graph_compute: ggml_backend_sched_graph_compute_async failed with error -1
host-bank MoE execution failed: MoE routing weight must be finite
process_ubatch: failed to compute graph, compute status: -1
decode: removing memory module entries for seq_id = 0, pos = [59, +inf)
llama_decode: failed to decode, ret = -3
FT_COMPARE layer=0 relative=0.00217861 first=-0.0680329/-0.0678578
FT_COMPARE layer=1 relative=0.00252075 first=0.0742872/0.0740818
llama_context: constructing llama_context
llama_init_from_model: failed to initialize the context: host-bank MoE requires one sequence, op_offload=false and offload_kqv=false
llama_context: constructing llama_context
llama_init_from_model: failed to initialize the context: host-bank MoE requires one sequence, op_offload=false and offload_kqv=false
llama_context: constructing llama_context
llama_init_from_model: failed to initialize the context: host-bank MoE requires one sequence, op_offload=false and offload_kqv=false
llama_context: constructing llama_context
llama_init_from_model: failed to initialize the context: moe cache: invalid uniform arena geometry
llama_context: constructing llama_context
llama_init_from_model: failed to initialize the context: host-bank MoE cache requires model.moe_cpu_tile_bytes host-bank setup
~llama_context:      CUDA0 compute buffer size is   0.0000 MiB, matches expectation of   0.0000 MiB
~llama_context:  CUDA_Host compute buffer size is   0.0304 MiB, matches expectation of   0.0304 MiB
~llama_context:      CUDA0 compute buffer size is   0.0000 MiB, matches expectation of   0.0000 MiB
~llama_context:  CUDA_Host compute buffer size is   0.0304 MiB, matches expectation of   0.0304 MiB
llama_context: constructing llama_context
llama_context: MoE device=CUDA0 cache=196608 staging=1048576 compute-limit=67108864 bytes
llama_context: n_seq_max             = 1
llama_context: n_ctx                 = 256
llama_context: n_ctx_seq             = 256
llama_context: n_batch               = 32
llama_context: n_ubatch              = 8
llama_context: causal_attn           = 1
llama_context: flash_attn            = disabled
llama_context: kv_unified            = false
llama_context: freq_base             = 10000.0
llama_context: freq_scale            = 1
llama_context: n_rs_seq              = 0
llama_context: n_outputs_max         = 32
llama_context: n_outputs_max_per_seq = 1
llama_context: n_ctx_seq (256) > n_ctx_train (128) -- possible training context overflow
set_abort_callback: call
llama_context:        CPU  output buffer size =     0.00 MiB
llama_kv_cache: layer   0: dev = CPU
llama_kv_cache: layer   1: dev = CPU
llama_kv_cache:        CPU KV buffer size =     0.06 MiB
llama_kv_cache: size =    0.06 MiB (   256 cells,   2 layers,  1/1 seqs), K (f16):    0.03 MiB, V (f16):    0.03 MiB
llama_kv_cache: attn_rot_k = 0, n_embd_head_k_all = 16
llama_kv_cache: attn_rot_v = 0, n_embd_head_k_all = 16
llama_context: enumerating backends
llama_context: backend_ptrs.size() = 2
sched_reserve: reserving ...
sched_reserve: max_nodes = 1024
sched_reserve: decode graph slots = 4 (n_tokens <= 4)
sched_reserve: reserving full memory module
sched_reserve: worst-case: n_tokens = 8, n_seqs = 1, n_outputs = 1
resolve_fused_ops: resolving fused Gated Delta Net support:
graph_reserve: reserving a graph for ubatch with n_tokens =    1, n_seqs =  1, n_outputs =    1
resolve_fused_ops: fused Gated Delta Net (autoregressive) enabled
graph_reserve: reserving a graph for ubatch with n_tokens =   16, n_seqs =  1, n_outputs =   16
resolve_fused_ops: fused Gated Delta Net (chunked) enabled
resolve_fused_ops: resolving fused Lightning Indexer support:
graph_reserve: reserving a graph for ubatch with n_tokens =    1, n_seqs =  1, n_outputs =    1
resolve_fused_ops: Lightning Indexer enabled
resolve_fused_ops: resolving fused DeepSeek V4 HC support:
graph_reserve: reserving a graph for ubatch with n_tokens =    1, n_seqs =  1, n_outputs =    1
resolve_fused_ops: fused DeepSeek V4 HC pre enabled
graph_reserve: reserving a graph for ubatch with n_tokens =    1, n_seqs =  1, n_outputs =    1
resolve_fused_ops: fused DeepSeek V4 HC comb enabled
graph_reserve: reserving a graph for ubatch with n_tokens =    1, n_seqs =  1, n_outputs =    1
resolve_fused_ops: fused DeepSeek V4 HC post enabled
graph_reserve: reserving a graph for ubatch with n_tokens =    8, n_seqs =  1, n_outputs =    8
graph_reserve: reserving a graph for ubatch with n_tokens =    1, n_seqs =  1, n_outputs =    1
graph_reserve: reserving a graph for ubatch with n_tokens =    8, n_seqs =  1, n_outputs =    8
sched_reserve:  CUDA_Host compute buffer size =     0.03 MiB
sched_reserve: graph nodes  = 100
sched_reserve: graph splits = 1
sched_reserve: reserve took 1.77 ms, sched copies = 1
llama_context: constructing llama_context
llama_context: n_seq_max             = 1
llama_context: n_ctx                 = 256
llama_context: n_ctx_seq             = 256
llama_context: n_batch               = 32
llama_context: n_ubatch              = 8
llama_context: causal_attn           = 1
llama_context: flash_attn            = disabled
llama_context: kv_unified            = false
llama_context: freq_base             = 10000.0
llama_context: freq_scale            = 1
llama_context: n_rs_seq              = 0
llama_context: n_outputs_max         = 32
llama_context: n_outputs_max_per_seq = 1
llama_context: n_ctx_seq (256) > n_ctx_train (128) -- possible training context overflow
set_abort_callback: call
llama_context:        CPU  output buffer size =     0.00 MiB
llama_kv_cache: layer   0: dev = CPU
llama_kv_cache: layer   1: dev = CPU
llama_kv_cache:        CPU KV buffer size =     0.06 MiB
llama_kv_cache: size =    0.06 MiB (   256 cells,   2 layers,  1/1 seqs), K (f16):    0.03 MiB, V (f16):    0.03 MiB
llama_kv_cache: attn_rot_k = 0, n_embd_head_k_all = 16
llama_kv_cache: attn_rot_v = 0, n_embd_head_k_all = 16
llama_context: enumerating backends
llama_context: backend_ptrs.size() = 2
sched_reserve: reserving ...
sched_reserve: max_nodes = 1024
sched_reserve: decode graph slots = 4 (n_tokens <= 4)
sched_reserve: reserving full memory module
sched_reserve: worst-case: n_tokens = 8, n_seqs = 1, n_outputs = 1
resolve_fused_ops: resolving fused Gated Delta Net support:
graph_reserve: reserving a graph for ubatch with n_tokens =    1, n_seqs =  1, n_outputs =    1
resolve_fused_ops: fused Gated Delta Net (autoregressive) enabled
graph_reserve: reserving a graph for ubatch with n_tokens =   16, n_seqs =  1, n_outputs =   16
resolve_fused_ops: fused Gated Delta Net (chunked) enabled
resolve_fused_ops: resolving fused Lightning Indexer support:
graph_reserve: reserving a graph for ubatch with n_tokens =    1, n_seqs =  1, n_outputs =    1
resolve_fused_ops: Lightning Indexer enabled
resolve_fused_ops: resolving fused DeepSeek V4 HC support:
graph_reserve: reserving a graph for ubatch with n_tokens =    1, n_seqs =  1, n_outputs =    1
resolve_fused_ops: fused DeepSeek V4 HC pre enabled
graph_reserve: reserving a graph for ubatch with n_tokens =    1, n_seqs =  1, n_outputs =    1
resolve_fused_ops: fused DeepSeek V4 HC comb enabled
graph_reserve: reserving a graph for ubatch with n_tokens =    1, n_seqs =  1, n_outputs =    1
resolve_fused_ops: fused DeepSeek V4 HC post enabled
graph_reserve: reserving a graph for ubatch with n_tokens =    8, n_seqs =  1, n_outputs =    8
graph_reserve: reserving a graph for ubatch with n_tokens =    1, n_seqs =  1, n_outputs =    1
graph_reserve: reserving a graph for ubatch with n_tokens =    8, n_seqs =  1, n_outputs =    8
sched_reserve:  CUDA_Host compute buffer size =     0.03 MiB
sched_reserve: graph nodes  = 110
sched_reserve: graph splits = 1
sched_reserve: reserve took 2.22 ms, sched copies = 1
FT_COMPARE layer=0 relative=0.00236489 first=-0.0187945/-0.0187197
FT_COMPARE layer=1 relative=0.00245348 first=-0.0407913/-0.040655
~llama_context:      CUDA0 compute buffer size is   0.0000 MiB, matches expectation of   0.0000 MiB
~llama_context:  CUDA_Host compute buffer size is   0.0304 MiB, matches expectation of   0.0304 MiB
~llama_context:      CUDA0 compute buffer size is   0.0000 MiB, matches expectation of   0.0000 MiB
~llama_context:  CUDA_Host compute buffer size is   0.0304 MiB, matches expectation of   0.0304 MiB
llama_model_loader: loaded meta data with 13 key-value pairs and 23 tensors from C:\Users\cadel\AppData\Local\Temp\moe-integration-1702916.gguf (version GGUF V3 (latest))
llama_model_loader: Dumping metadata keys/values. Note: KV overrides do not apply in this output.
llama_model_loader: - kv   0:                       general.architecture str              = llama
llama_model_loader: - kv   1:                       tokenizer.ggml.model str              = no_vocab
llama_model_loader: - kv   2:                           llama.vocab_size u32              = 32
llama_model_loader: - kv   3:                       llama.context_length u32              = 128
llama_model_loader: - kv   4:                     llama.embedding_length u32              = 32
llama_model_loader: - kv   5:                          llama.block_count u32              = 2
llama_model_loader: - kv   6:                  llama.feed_forward_length u32              = 64
llama_model_loader: - kv   7:                 llama.attention.head_count u32              = 2
llama_model_loader: - kv   8:              llama.attention.head_count_kv u32              = 2
llama_model_loader: - kv   9:                 llama.rope.dimension_count u32              = 16
llama_model_loader: - kv  10:                         llama.expert_count u32              = 4
llama_model_loader: - kv  11:                    llama.expert_used_count u32              = 2
llama_model_loader: - kv  12:     llama.attention.layer_norm_rms_epsilon f32              = 0.000010
llama_model_loader: - type  f32:   23 tensors
print_info: file format = GGUF V3 (latest)
print_info: file type   = (guessed) all F32
print_info: file size   = 0.23 MiB (32.00 BPW) 
llama_prepare_model_devices: using device CUDA0 (NVIDIA GeForce RTX 4060 Laptop GPU) (0000:01:00.0) - 7096 MiB free
load: adding 32 dummy tokens
print_info: arch                  = llama
print_info: vocab_only            = 0
print_info: no_alloc              = 0
print_info: n_ctx_train           = 128
print_info: n_embd_inp            = 32
print_info: n_embd                = 32
print_info: n_embd_out            = 32
print_info: n_layer               = 2
print_info: n_layer_all           = 2
print_info: n_head                = 2
print_info: n_head_kv             = 2
print_info: n_rot                 = 16
print_info: n_swa                 = 0
print_info: is_swa_any            = 0
print_info: n_embd_head_k         = 16
print_info: n_embd_head_v         = 16
print_info: n_gqa                 = 1
print_info: n_embd_k_gqa          = 32
print_info: n_embd_v_gqa          = 32
print_info: f_norm_eps            = 0.0e+00
print_info: f_norm_rms_eps        = 1.0e-05
print_info: f_clamp_kqv           = 0.0e+00
print_info: f_max_alibi_bias      = 0.0e+00
print_info: f_logit_scale         = 0.0e+00
print_info: f_attn_scale          = 0.0e+00
print_info: f_attn_value_scale    = 0.0000
print_info: n_ff                  = 64
print_info: n_expert              = 4
print_info: n_expert_used         = 2
print_info: n_expert_groups       = 0
print_info: n_group_used          = 0
print_info: causal attn           = 1
print_info: pooling type          = -1
print_info: rope type             = 0
print_info: rope scaling          = linear
print_info: freq_base_train       = 10000.0
print_info: freq_scale_train      = 1
print_info: n_ctx_orig_yarn       = 128
print_info: rope_yarn_log_mul     = 0.0000
print_info: rope_finetuned        = unknown
print_info: model type            = ?B
print_info: model params          = 59.81 K
print_info: general.name          = n/a
print_info: vocab type            = no vocab
print_info: n_vocab               = 32
print_info: n_merges              = 0
print_info: max token length      = 0
load_tensors: loading model tensors, this can take a while... (load_mode = mmap)
load_tensors: layer   0 assigned to device CPU, is_swa = 0
load_tensors: layer   1 assigned to device CPU, is_swa = 0
load_tensors: layer   2 assigned to device CPU, is_swa = 0
create_tensor: loading tensor token_embd.weight
create_tensor: loading tensor output_norm.weight
create_tensor: loading tensor output.weight
create_tensor: loading tensor blk.0.attn_norm.weight
create_tensor: loading tensor blk.0.attn_qkv.weight
create_tensor: loading tensor blk.0.attn_q.weight
create_tensor: loading tensor blk.0.attn_k.weight
create_tensor: loading tensor blk.0.attn_v.weight
create_tensor: loading tensor blk.0.attn_q.bias
create_tensor: loading tensor blk.0.attn_k.bias
create_tensor: loading tensor blk.0.attn_v.bias
create_tensor: loading tensor blk.0.attn_output.weight
create_tensor: loading tensor blk.0.attn_output.bias
create_tensor: loading tensor blk.0.ffn_norm.weight
create_tensor: loading tensor rope_freqs.weight
create_tensor: loading tensor blk.0.ffn_gate_inp.weight
create_tensor: loading tensor blk.0.ffn_gate_exps.weight
create_tensor: loading tensor blk.0.ffn_down_exps.weight
create_tensor: loading tensor blk.0.ffn_up_exps.weight
create_tensor: loading tensor blk.1.attn_norm.weight
create_tensor: loading tensor blk.1.attn_qkv.weight
create_tensor: loading tensor blk.1.attn_q.weight
create_tensor: loading tensor blk.1.attn_k.weight
create_tensor: loading tensor blk.1.attn_v.weight
create_tensor: loading tensor blk.1.attn_q.bias
create_tensor: loading tensor blk.1.attn_k.bias
create_tensor: loading tensor blk.1.attn_v.bias
create_tensor: loading tensor blk.1.attn_output.weight
create_tensor: loading tensor blk.1.attn_output.bias
create_tensor: loading tensor blk.1.ffn_norm.weight
create_tensor: loading tensor rope_freqs.weight
create_tensor: loading tensor blk.1.ffn_gate_inp.weight
create_tensor: loading tensor blk.1.ffn_gate_exps.weight
create_tensor: loading tensor blk.1.ffn_down_exps.weight
create_tensor: loading tensor blk.1.ffn_up_exps.weight
create_tensor: loading tensor blk.0.attn_q.scale
create_tensor: loading tensor blk.0.attn_k.scale
create_tensor: loading tensor blk.0.attn_v.scale
create_tensor: loading tensor blk.0.attn_output.scale
create_tensor: loading tensor blk.0.ffn_gate_exps.scale
create_tensor: loading tensor blk.0.ffn_down_exps.scale
create_tensor: loading tensor blk.0.ffn_up_exps.scale
create_tensor: loading tensor blk.0.attn_q.input_scale
create_tensor: loading tensor blk.0.attn_k.input_scale
create_tensor: loading tensor blk.0.attn_v.input_scale
create_tensor: loading tensor blk.0.attn_output.input_scale
create_tensor: loading tensor blk.0.ffn_gate_exps.input_scale
create_tensor: loading tensor blk.0.ffn_down_exps.input_scale
create_tensor: loading tensor blk.0.ffn_up_exps.input_scale
create_tensor: loading tensor blk.1.attn_q.scale
create_tensor: loading tensor blk.1.attn_k.scale
create_tensor: loading tensor blk.1.attn_v.scale
create_tensor: loading tensor blk.1.attn_output.scale
create_tensor: loading tensor blk.1.ffn_gate_exps.scale
create_tensor: loading tensor blk.1.ffn_down_exps.scale
create_tensor: loading tensor blk.1.ffn_up_exps.scale
create_tensor: loading tensor blk.1.attn_q.input_scale
create_tensor: loading tensor blk.1.attn_k.input_scale
create_tensor: loading tensor blk.1.attn_v.input_scale
create_tensor: loading tensor blk.1.attn_output.input_scale
create_tensor: loading tensor blk.1.ffn_gate_exps.input_scale
create_tensor: loading tensor blk.1.ffn_down_exps.input_scale
create_tensor: loading tensor blk.1.ffn_up_exps.input_scale
done_getting_tensors: tensor 'token_embd.weight' (f32) (and 22 others) cannot be used with preferred buffer type CUDA_Host, using CPU instead
load_tensors: offloading 0 repeating layers to GPU
load_tensors: offloaded 0/3 layers to GPU
load_tensors:   CPU_Mapped model buffer size =     0.23 MiB
................
llama_model_loader: loaded meta data with 13 key-value pairs and 23 tensors from C:\Users\cadel\AppData\Local\Temp\moe-integration-1702916.gguf (version GGUF V3 (latest))
llama_model_loader: Dumping metadata keys/values. Note: KV overrides do not apply in this output.
llama_model_loader: - kv   0:                       general.architecture str              = llama
llama_model_loader: - kv   1:                       tokenizer.ggml.model str              = no_vocab
llama_model_loader: - kv   2:                           llama.vocab_size u32              = 32
llama_model_loader: - kv   3:                       llama.context_length u32              = 128
llama_model_loader: - kv   4:                     llama.embedding_length u32              = 32
llama_model_loader: - kv   5:                          llama.block_count u32              = 2
llama_model_loader: - kv   6:                  llama.feed_forward_length u32              = 64
llama_model_loader: - kv   7:                 llama.attention.head_count u32              = 2
llama_model_loader: - kv   8:              llama.attention.head_count_kv u32              = 2
llama_model_loader: - kv   9:                 llama.rope.dimension_count u32              = 16
llama_model_loader: - kv  10:                         llama.expert_count u32              = 4
llama_model_loader: - kv  11:                    llama.expert_used_count u32              = 2
llama_model_loader: - kv  12:     llama.attention.layer_norm_rms_epsilon f32              = 0.000010
llama_model_loader: - type  f32:   23 tensors
print_info: file format = GGUF V3 (latest)
print_info: file type   = (guessed) all F32
print_info: file size   = 0.23 MiB (32.00 BPW) 
llama_prepare_model_devices: using device CUDA0 (NVIDIA GeForce RTX 4060 Laptop GPU) (0000:01:00.0) - 7096 MiB free
load: adding 32 dummy tokens
print_info: arch                  = llama
print_info: vocab_only            = 0
print_info: no_alloc              = 0
print_info: n_ctx_train           = 128
print_info: n_embd_inp            = 32
print_info: n_embd                = 32
print_info: n_embd_out            = 32
print_info: n_layer               = 2
print_info: n_layer_all           = 2
print_info: n_head                = 2
print_info: n_head_kv             = 2
print_info: n_rot                 = 16
print_info: n_swa                 = 0
print_info: is_swa_any            = 0
print_info: n_embd_head_k         = 16
print_info: n_embd_head_v         = 16
print_info: n_gqa                 = 1
print_info: n_embd_k_gqa          = 32
print_info: n_embd_v_gqa          = 32
print_info: f_norm_eps            = 0.0e+00
print_info: f_norm_rms_eps        = 1.0e-05
print_info: f_clamp_kqv           = 0.0e+00
print_info: f_max_alibi_bias      = 0.0e+00
print_info: f_logit_scale         = 0.0e+00
print_info: f_attn_scale          = 0.0e+00
print_info: f_attn_value_scale    = 0.0000
print_info: n_ff                  = 64
print_info: n_expert              = 4
print_info: n_expert_used         = 2
print_info: n_expert_groups       = 0
print_info: n_group_used          = 0
print_info: causal attn           = 1
print_info: pooling type          = -1
print_info: rope type             = 0
print_info: rope scaling          = linear
print_info: freq_base_train       = 10000.0
print_info: freq_scale_train      = 1
print_info: n_ctx_orig_yarn       = 128
print_info: rope_yarn_log_mul     = 0.0000
print_info: rope_finetuned        = unknown
print_info: model type            = ?B
print_info: model params          = 59.81 K
print_info: general.name          = n/a
print_info: vocab type            = no vocab
print_info: n_vocab               = 32
print_info: n_merges              = 0
print_info: max token length      = 0
load_tensors: loading model tensors, this can take a while... (load_mode = mmap)
load_tensors: layer   0 assigned to device CPU, is_swa = 0
load_tensors: layer   1 assigned to device CPU, is_swa = 0
load_tensors: layer   2 assigned to device CPU, is_swa = 0
create_tensor: loading tensor token_embd.weight
create_tensor: loading tensor output_norm.weight
create_tensor: loading tensor output.weight
create_tensor: loading tensor blk.0.attn_norm.weight
create_tensor: loading tensor blk.0.attn_qkv.weight
create_tensor: loading tensor blk.0.attn_q.weight
create_tensor: loading tensor blk.0.attn_k.weight
create_tensor: loading tensor blk.0.attn_v.weight
create_tensor: loading tensor blk.0.attn_q.bias
create_tensor: loading tensor blk.0.attn_k.bias
create_tensor: loading tensor blk.0.attn_v.bias
create_tensor: loading tensor blk.0.attn_output.weight
create_tensor: loading tensor blk.0.attn_output.bias
create_tensor: loading tensor blk.0.ffn_norm.weight
create_tensor: loading tensor rope_freqs.weight
create_tensor: loading tensor blk.0.ffn_gate_inp.weight
create_tensor: loading tensor blk.0.ffn_gate_exps.weight
create_tensor: loading tensor blk.0.ffn_down_exps.weight
create_tensor: loading tensor blk.0.ffn_up_exps.weight
create_tensor: loading tensor blk.1.attn_norm.weight
create_tensor: loading tensor blk.1.attn_qkv.weight
create_tensor: loading tensor blk.1.attn_q.weight
create_tensor: loading tensor blk.1.attn_k.weight
create_tensor: loading tensor blk.1.attn_v.weight
create_tensor: loading tensor blk.1.attn_q.bias
create_tensor: loading tensor blk.1.attn_k.bias
create_tensor: loading tensor blk.1.attn_v.bias
create_tensor: loading tensor blk.1.attn_output.weight
create_tensor: loading tensor blk.1.attn_output.bias
create_tensor: loading tensor blk.1.ffn_norm.weight
create_tensor: loading tensor rope_freqs.weight
create_tensor: loading tensor blk.1.ffn_gate_inp.weight
create_tensor: loading tensor blk.1.ffn_gate_exps.weight
create_tensor: loading tensor blk.1.ffn_down_exps.weight
create_tensor: loading tensor blk.1.ffn_up_exps.weight
create_tensor: loading tensor blk.0.attn_q.scale
create_tensor: loading tensor blk.0.attn_k.scale
create_tensor: loading tensor blk.0.attn_v.scale
create_tensor: loading tensor blk.0.attn_output.scale
create_tensor: loading tensor blk.0.ffn_gate_exps.scale
create_tensor: loading tensor blk.0.ffn_down_exps.scale
create_tensor: loading tensor blk.0.ffn_up_exps.scale
create_tensor: loading tensor blk.0.attn_q.input_scale
create_tensor: loading tensor blk.0.attn_k.input_scale
create_tensor: loading tensor blk.0.attn_v.input_scale
create_tensor: loading tensor blk.0.attn_output.input_scale
create_tensor: loading tensor blk.0.ffn_gate_exps.input_scale
create_tensor: loading tensor blk.0.ffn_down_exps.input_scale
create_tensor: loading tensor blk.0.ffn_up_exps.input_scale
create_tensor: loading tensor blk.1.attn_q.scale
create_tensor: loading tensor blk.1.attn_k.scale
create_tensor: loading tensor blk.1.attn_v.scale
create_tensor: loading tensor blk.1.attn_output.scale
create_tensor: loading tensor blk.1.ffn_gate_exps.scale
create_tensor: loading tensor blk.1.ffn_down_exps.scale
create_tensor: loading tensor blk.1.ffn_up_exps.scale
create_tensor: loading tensor blk.1.attn_q.input_scale
create_tensor: loading tensor blk.1.attn_k.input_scale
create_tensor: loading tensor blk.1.attn_v.input_scale
create_tensor: loading tensor blk.1.attn_output.input_scale
create_tensor: loading tensor blk.1.ffn_gate_exps.input_scale
create_tensor: loading tensor blk.1.ffn_down_exps.input_scale
create_tensor: loading tensor blk.1.ffn_up_exps.input_scale
load_tensors: offloading 0 repeating layers to GPU
load_tensors: offloaded 0/3 layers to GPU
load_tensors:   CPU_Mapped model buffer size =     0.23 MiB
................
load_tensors: experimental host-bank MoE enabled, tile weights <= 24832 bytes; this is not a total memory limit
llama_context: constructing llama_context
llama_context: n_seq_max             = 1
llama_context: n_ctx                 = 256
llama_context: n_ctx_seq             = 256
llama_context: n_batch               = 32
llama_context: n_ubatch              = 8
llama_context: causal_attn           = 1
llama_context: flash_attn            = disabled
llama_context: kv_unified            = false
llama_context: freq_base             = 10000.0
llama_context: freq_scale            = 1
llama_context: n_rs_seq              = 0
llama_context: n_outputs_max         = 32
llama_context: n_outputs_max_per_seq = 1
llama_context: n_ctx_seq (256) > n_ctx_train (128) -- possible training context overflow
set_abort_callback: call
llama_context:        CPU  output buffer size =     0.00 MiB
llama_kv_cache: layer   0: dev = CPU
llama_kv_cache: layer   1: dev = CPU
llama_kv_cache:        CPU KV buffer size =     0.06 MiB
llama_kv_cache: size =    0.06 MiB (   256 cells,   2 layers,  1/1 seqs), K (f16):    0.03 MiB, V (f16):    0.03 MiB
llama_kv_cache: attn_rot_k = 0, n_embd_head_k_all = 16
llama_kv_cache: attn_rot_v = 0, n_embd_head_k_all = 16
llama_context: enumerating backends
llama_context: backend_ptrs.size() = 2
sched_reserve: reserving ...
sched_reserve: max_nodes = 1024
sched_reserve: decode graph slots = 4 (n_tokens <= 4)
sched_reserve: reserving full memory module
sched_reserve: worst-case: n_tokens = 8, n_seqs = 1, n_outputs = 1
resolve_fused_ops: resolving fused Gated Delta Net support:
graph_reserve: reserving a graph for ubatch with n_tokens =    1, n_seqs =  1, n_outputs =    1
resolve_fused_ops: fused Gated Delta Net (autoregressive) enabled
graph_reserve: reserving a graph for ubatch with n_tokens =   16, n_seqs =  1, n_outputs =   16
resolve_fused_ops: fused Gated Delta Net (chunked) enabled
resolve_fused_ops: resolving fused Lightning Indexer support:
graph_reserve: reserving a graph for ubatch with n_tokens =    1, n_seqs =  1, n_outputs =    1
resolve_fused_ops: Lightning Indexer enabled
resolve_fused_ops: resolving fused DeepSeek V4 HC support:
graph_reserve: reserving a graph for ubatch with n_tokens =    1, n_seqs =  1, n_outputs =    1
resolve_fused_ops: fused DeepSeek V4 HC pre enabled
graph_reserve: reserving a graph for ubatch with n_tokens =    1, n_seqs =  1, n_outputs =    1
resolve_fused_ops: fused DeepSeek V4 HC comb enabled
graph_reserve: reserving a graph for ubatch with n_tokens =    1, n_seqs =  1, n_outputs =    1
resolve_fused_ops: fused DeepSeek V4 HC post enabled
graph_reserve: reserving a graph for ubatch with n_tokens =    8, n_seqs =  1, n_outputs =    8
graph_reserve: reserving a graph for ubatch with n_tokens =    1, n_seqs =  1, n_outputs =    1
graph_reserve: reserving a graph for ubatch with n_tokens =    8, n_seqs =  1, n_outputs =    8
sched_reserve:  CUDA_Host compute buffer size =     0.03 MiB
sched_reserve: graph nodes  = 110
sched_reserve: graph splits = 1
sched_reserve: reserve took 2.77 ms, sched copies = 1
llama_context: constructing llama_context
llama_context: n_seq_max             = 1
llama_context: n_ctx                 = 256
llama_context: n_ctx_seq             = 256
llama_context: n_batch               = 32
llama_context: n_ubatch              = 8
llama_context: causal_attn           = 1
llama_context: flash_attn            = disabled
llama_context: kv_unified            = false
llama_context: freq_base             = 10000.0
llama_context: freq_scale            = 1
llama_context: n_rs_seq              = 0
llama_context: n_outputs_max         = 32
llama_context: n_outputs_max_per_seq = 1
llama_context: n_ctx_seq (256) > n_ctx_train (128) -- possible training context overflow
set_abort_callback: call
llama_context:        CPU  output buffer size =     0.00 MiB
llama_kv_cache: layer   0: dev = CPU
llama_kv_cache: layer   1: dev = CPU
llama_kv_cache:        CPU KV buffer size =     0.06 MiB
llama_kv_cache: size =    0.06 MiB (   256 cells,   2 layers,  1/1 seqs), K (f16):    0.03 MiB, V (f16):    0.03 MiB
llama_kv_cache: attn_rot_k = 0, n_embd_head_k_all = 16
llama_kv_cache: attn_rot_v = 0, n_embd_head_k_all = 16
llama_context: enumerating backends
llama_context: backend_ptrs.size() = 2
sched_reserve: reserving ...
sched_reserve: max_nodes = 1024
sched_reserve: decode graph slots = 4 (n_tokens <= 4)
sched_reserve: reserving full memory module
sched_reserve: worst-case: n_tokens = 8, n_seqs = 1, n_outputs = 1
resolve_fused_ops: resolving fused Gated Delta Net support:
graph_reserve: reserving a graph for ubatch with n_tokens =    1, n_seqs =  1, n_outputs =    1
resolve_fused_ops: fused Gated Delta Net (autoregressive) enabled
graph_reserve: reserving a graph for ubatch with n_tokens =   16, n_seqs =  1, n_outputs =   16
resolve_fused_ops: fused Gated Delta Net (chunked) enabled
resolve_fused_ops: resolving fused Lightning Indexer support:
graph_reserve: reserving a graph for ubatch with n_tokens =    1, n_seqs =  1, n_outputs =    1
resolve_fused_ops: Lightning Indexer enabled
resolve_fused_ops: resolving fused DeepSeek V4 HC support:
graph_reserve: reserving a graph for ubatch with n_tokens =    1, n_seqs =  1, n_outputs =    1
resolve_fused_ops: fused DeepSeek V4 HC pre enabled
graph_reserve: reserving a graph for ubatch with n_tokens =    1, n_seqs =  1, n_outputs =    1
resolve_fused_ops: fused DeepSeek V4 HC comb enabled
graph_reserve: reserving a graph for ubatch with n_tokens =    1, n_seqs =  1, n_outputs =    1
resolve_fused_ops: fused DeepSeek V4 HC post enabled
graph_reserve: reserving a graph for ubatch with n_tokens =    8, n_seqs =  1, n_outputs =    8
graph_reserve: reserving a graph for ubatch with n_tokens =    1, n_seqs =  1, n_outputs =    1
graph_reserve: reserving a graph for ubatch with n_tokens =    8, n_seqs =  1, n_outputs =    8
sched_reserve:  CUDA_Host compute buffer size =     0.03 MiB
sched_reserve: graph nodes  = 100
sched_reserve: graph splits = 1
sched_reserve: reserve took 2.02 ms, sched copies = 1
graph_reserve: reserving a graph for ubatch with n_tokens =    4, n_seqs =  1, n_outputs =    4
set_abort_callback: call
graph_compute: ggml_backend_sched_graph_compute_async failed with error 1
process_ubatch: failed to compute graph, compute status: 1
decode: removing memory module entries for seq_id = 0, pos = [59, +inf)
llama_decode: failed to decode, ret = 2
set_abort_callback: call
host-bank MoE execution failed: MoE routing weight must be finite
host-bank MoE execution failed: MoE routing weight must be finite
process_ubatch: failed to compute graph, compute status: -1
decode: removing memory module entries for seq_id = 0, pos = [59, +inf)
llama_decode: failed to decode, ret = -3
llama_context: constructing llama_context
llama_init_from_model: failed to initialize the context: host-bank MoE requires one sequence, op_offload=false and offload_kqv=false
llama_context: constructing llama_context
llama_init_from_model: failed to initialize the context: host-bank MoE requires one sequence, op_offload=false and offload_kqv=false
llama_context: constructing llama_context
llama_init_from_model: failed to initialize the context: host-bank MoE requires one sequence, op_offload=false and offload_kqv=false
llama_context: constructing llama_context
llama_init_from_model: failed to initialize the context: moe cache: invalid uniform arena geometry
llama_context: constructing llama_context
llama_init_from_model: failed to initialize the context: host-bank MoE cache requires model.moe_cpu_tile_bytes host-bank setup
~llama_context:      CUDA0 compute buffer size is   0.0000 MiB, matches expectation of   0.0000 MiB
~llama_context:  CUDA_Host compute buffer size is   0.0304 MiB, matches expectation of   0.0304 MiB
~llama_context:      CUDA0 compute buffer size is   0.0000 MiB, matches expectation of   0.0000 MiB
~llama_context:  CUDA_Host compute buffer size is   0.0304 MiB, matches expectation of   0.0304 MiB
llama_context: constructing llama_context
llama_context: n_seq_max             = 1
llama_context: n_ctx                 = 256
llama_context: n_ctx_seq             = 256
llama_context: n_batch               = 32
llama_context: n_ubatch              = 8
llama_context: causal_attn           = 1
llama_context: flash_attn            = disabled
llama_context: kv_unified            = false
llama_context: freq_base             = 10000.0
llama_context: freq_scale            = 1
llama_context: n_rs_seq              = 0
llama_context: n_outputs_max         = 32
llama_context: n_outputs_max_per_seq = 1
llama_context: n_ctx_seq (256) > n_ctx_train (128) -- possible training context overflow
set_abort_callback: call
llama_context:        CPU  output buffer size =     0.00 MiB
llama_kv_cache: layer   0: dev = CPU
llama_kv_cache: layer   1: dev = CPU
llama_kv_cache:        CPU KV buffer size =     0.06 MiB
llama_kv_cache: size =    0.06 MiB (   256 cells,   2 layers,  1/1 seqs), K (f16):    0.03 MiB, V (f16):    0.03 MiB
llama_kv_cache: attn_rot_k = 0, n_embd_head_k_all = 16
llama_kv_cache: attn_rot_v = 0, n_embd_head_k_all = 16
llama_context: enumerating backends
llama_context: backend_ptrs.size() = 2
sched_reserve: reserving ...
sched_reserve: max_nodes = 1024
sched_reserve: decode graph slots = 4 (n_tokens <= 4)
sched_reserve: reserving full memory module
sched_reserve: worst-case: n_tokens = 8, n_seqs = 1, n_outputs = 1
resolve_fused_ops: resolving fused Gated Delta Net support:
graph_reserve: reserving a graph for ubatch with n_tokens =    1, n_seqs =  1, n_outputs =    1
resolve_fused_ops: fused Gated Delta Net (autoregressive) enabled
graph_reserve: reserving a graph for ubatch with n_tokens =   16, n_seqs =  1, n_outputs =   16
resolve_fused_ops: fused Gated Delta Net (chunked) enabled
resolve_fused_ops: resolving fused Lightning Indexer support:
graph_reserve: reserving a graph for ubatch with n_tokens =    1, n_seqs =  1, n_outputs =    1
resolve_fused_ops: Lightning Indexer enabled
resolve_fused_ops: resolving fused DeepSeek V4 HC support:
graph_reserve: reserving a graph for ubatch with n_tokens =    1, n_seqs =  1, n_outputs =    1
resolve_fused_ops: fused DeepSeek V4 HC pre enabled
graph_reserve: reserving a graph for ubatch with n_tokens =    1, n_seqs =  1, n_outputs =    1
resolve_fused_ops: fused DeepSeek V4 HC comb enabled
graph_reserve: reserving a graph for ubatch with n_tokens =    1, n_seqs =  1, n_outputs =    1
resolve_fused_ops: fused DeepSeek V4 HC post enabled
graph_reserve: reserving a graph for ubatch with n_tokens =    8, n_seqs =  1, n_outputs =    8
graph_reserve: reserving a graph for ubatch with n_tokens =    1, n_seqs =  1, n_outputs =    1
graph_reserve: reserving a graph for ubatch with n_tokens =    8, n_seqs =  1, n_outputs =    8
sched_reserve:  CUDA_Host compute buffer size =     0.03 MiB
sched_reserve: graph nodes  = 100
sched_reserve: graph splits = 1
sched_reserve: reserve took 2.17 ms, sched copies = 1
llama_context: constructing llama_context
llama_context: n_seq_max             = 1
llama_context: n_ctx                 = 256
llama_context: n_ctx_seq             = 256
llama_context: n_batch               = 32
llama_context: n_ubatch              = 8
llama_context: causal_attn           = 1
llama_context: flash_attn            = disabled
llama_context: kv_unified            = false
llama_context: freq_base             = 10000.0
llama_context: freq_scale            = 1
llama_context: n_rs_seq              = 0
llama_context: n_outputs_max         = 32
llama_context: n_outputs_max_per_seq = 1
llama_context: n_ctx_seq (256) > n_ctx_train (128) -- possible training context overflow
set_abort_callback: call
llama_context:        CPU  output buffer size =     0.00 MiB
llama_kv_cache: layer   0: dev = CPU
llama_kv_cache: layer   1: dev = CPU
llama_kv_cache:        CPU KV buffer size =     0.06 MiB
llama_kv_cache: size =    0.06 MiB (   256 cells,   2 layers,  1/1 seqs), K (f16):    0.03 MiB, V (f16):    0.03 MiB
llama_kv_cache: attn_rot_k = 0, n_embd_head_k_all = 16
llama_kv_cache: attn_rot_v = 0, n_embd_head_k_all = 16
llama_context: enumerating backends
llama_context: backend_ptrs.size() = 2
sched_reserve: reserving ...
sched_reserve: max_nodes = 1024
sched_reserve: decode graph slots = 4 (n_tokens <= 4)
sched_reserve: reserving full memory module
sched_reserve: worst-case: n_tokens = 8, n_seqs = 1, n_outputs = 1
resolve_fused_ops: resolving fused Gated Delta Net support:
graph_reserve: reserving a graph for ubatch with n_tokens =    1, n_seqs =  1, n_outputs =    1
resolve_fused_ops: fused Gated Delta Net (autoregressive) enabled
graph_reserve: reserving a graph for ubatch with n_tokens =   16, n_seqs =  1, n_outputs =   16
resolve_fused_ops: fused Gated Delta Net (chunked) enabled
resolve_fused_ops: resolving fused Lightning Indexer support:
graph_reserve: reserving a graph for ubatch with n_tokens =    1, n_seqs =  1, n_outputs =    1
resolve_fused_ops: Lightning Indexer enabled
resolve_fused_ops: resolving fused DeepSeek V4 HC support:
graph_reserve: reserving a graph for ubatch with n_tokens =    1, n_seqs =  1, n_outputs =    1
resolve_fused_ops: fused DeepSeek V4 HC pre enabled
graph_reserve: reserving a graph for ubatch with n_tokens =    1, n_seqs =  1, n_outputs =    1
resolve_fused_ops: fused DeepSeek V4 HC comb enabled
graph_reserve: reserving a graph for ubatch with n_tokens =    1, n_seqs =  1, n_outputs =    1
resolve_fused_ops: fused DeepSeek V4 HC post enabled
graph_reserve: reserving a graph for ubatch with n_tokens =    8, n_seqs =  1, n_outputs =    8
graph_reserve: reserving a graph for ubatch with n_tokens =    1, n_seqs =  1, n_outputs =    1
graph_reserve: reserving a graph for ubatch with n_tokens =    8, n_seqs =  1, n_outputs =    8
sched_reserve:  CUDA_Host compute buffer size =     0.03 MiB
sched_reserve: graph nodes  = 110
sched_reserve: graph splits = 1
sched_reserve: reserve took 1.97 ms, sched copies = 1
~llama_context:      CUDA0 compute buffer size is   0.0000 MiB, matches expectation of   0.0000 MiB
~llama_context:  CUDA_Host compute buffer size is   0.0304 MiB, matches expectation of   0.0304 MiB
~llama_context:      CUDA0 compute buffer size is   0.0000 MiB, matches expectation of   0.0000 MiB
~llama_context:  CUDA_Host compute buffer size is   0.0304 MiB, matches expectation of   0.0304 MiB
llama_model_loader: loaded meta data with 13 key-value pairs and 23 tensors from C:\Users\cadel\AppData\Local\Temp\moe-integration-1702916.gguf (version GGUF V3 (latest))
llama_model_loader: Dumping metadata keys/values. Note: KV overrides do not apply in this output.
llama_model_loader: - kv   0:                       general.architecture str              = llama
llama_model_loader: - kv   1:                       tokenizer.ggml.model str              = no_vocab
llama_model_loader: - kv   2:                           llama.vocab_size u32              = 32
llama_model_loader: - kv   3:                       llama.context_length u32              = 128
llama_model_loader: - kv   4:                     llama.embedding_length u32              = 32
llama_model_loader: - kv   5:                          llama.block_count u32              = 2
llama_model_loader: - kv   6:                  llama.feed_forward_length u32              = 64
llama_model_loader: - kv   7:                 llama.attention.head_count u32              = 2
llama_model_loader: - kv   8:              llama.attention.head_count_kv u32              = 2
llama_model_loader: - kv   9:                 llama.rope.dimension_count u32              = 16
llama_model_loader: - kv  10:                         llama.expert_count u32              = 4
llama_model_loader: - kv  11:                    llama.expert_used_count u32              = 2
llama_model_loader: - kv  12:     llama.attention.layer_norm_rms_epsilon f32              = 0.000010
llama_model_loader: - type  f32:   23 tensors
print_info: file format = GGUF V3 (latest)
print_info: file type   = (guessed) all F32
print_info: file size   = 0.23 MiB (32.00 BPW) 
llama_prepare_model_devices: using device CUDA0 (NVIDIA GeForce RTX 4060 Laptop GPU) (0000:01:00.0) - 7096 MiB free
load: adding 32 dummy tokens
print_info: arch                  = llama
print_info: vocab_only            = 0
print_info: no_alloc              = 0
print_info: n_ctx_train           = 128
print_info: n_embd_inp            = 32
print_info: n_embd                = 32
print_info: n_embd_out            = 32
print_info: n_layer               = 2
print_info: n_layer_all           = 2
print_info: n_head                = 2
print_info: n_head_kv             = 2
print_info: n_rot                 = 16
print_info: n_swa                 = 0
print_info: is_swa_any            = 0
print_info: n_embd_head_k         = 16
print_info: n_embd_head_v         = 16
print_info: n_gqa                 = 1
print_info: n_embd_k_gqa          = 32
print_info: n_embd_v_gqa          = 32
print_info: f_norm_eps            = 0.0e+00
print_info: f_norm_rms_eps        = 1.0e-05
print_info: f_clamp_kqv           = 0.0e+00
print_info: f_max_alibi_bias      = 0.0e+00
print_info: f_logit_scale         = 0.0e+00
print_info: f_attn_scale          = 0.0e+00
print_info: f_attn_value_scale    = 0.0000
print_info: n_ff                  = 64
print_info: n_expert              = 4
print_info: n_expert_used         = 2
print_info: n_expert_groups       = 0
print_info: n_group_used          = 0
print_info: causal attn           = 1
print_info: pooling type          = -1
print_info: rope type             = 0
print_info: rope scaling          = linear
print_info: freq_base_train       = 10000.0
print_info: freq_scale_train      = 1
print_info: n_ctx_orig_yarn       = 128
print_info: rope_yarn_log_mul     = 0.0000
print_info: rope_finetuned        = unknown
print_info: model type            = ?B
print_info: model params          = 59.81 K
print_info: general.name          = n/a
print_info: vocab type            = no vocab
print_info: n_vocab               = 32
print_info: n_merges              = 0
print_info: max token length      = 0
load_tensors: loading model tensors, this can take a while... (load_mode = mmap)
load_tensors: layer   0 assigned to device CPU, is_swa = 0
load_tensors: layer   1 assigned to device CPU, is_swa = 0
load_tensors: layer   2 assigned to device CPU, is_swa = 0
create_tensor: loading tensor token_embd.weight
create_tensor: loading tensor output_norm.weight
create_tensor: loading tensor output.weight
create_tensor: loading tensor blk.0.attn_norm.weight
create_tensor: loading tensor blk.0.attn_qkv.weight
create_tensor: loading tensor blk.0.attn_q.weight
create_tensor: loading tensor blk.0.attn_k.weight
create_tensor: loading tensor blk.0.attn_v.weight
create_tensor: loading tensor blk.0.attn_q.bias
create_tensor: loading tensor blk.0.attn_k.bias
create_tensor: loading tensor blk.0.attn_v.bias
create_tensor: loading tensor blk.0.attn_output.weight
create_tensor: loading tensor blk.0.attn_output.bias
create_tensor: loading tensor blk.0.ffn_norm.weight
create_tensor: loading tensor rope_freqs.weight
create_tensor: loading tensor blk.0.ffn_gate_inp.weight
create_tensor: loading tensor blk.0.ffn_gate_exps.weight
create_tensor: loading tensor blk.0.ffn_down_exps.weight
create_tensor: loading tensor blk.0.ffn_up_exps.weight
create_tensor: loading tensor blk.1.attn_norm.weight
create_tensor: loading tensor blk.1.attn_qkv.weight
create_tensor: loading tensor blk.1.attn_q.weight
create_tensor: loading tensor blk.1.attn_k.weight
create_tensor: loading tensor blk.1.attn_v.weight
create_tensor: loading tensor blk.1.attn_q.bias
create_tensor: loading tensor blk.1.attn_k.bias
create_tensor: loading tensor blk.1.attn_v.bias
create_tensor: loading tensor blk.1.attn_output.weight
create_tensor: loading tensor blk.1.attn_output.bias
create_tensor: loading tensor blk.1.ffn_norm.weight
create_tensor: loading tensor rope_freqs.weight
create_tensor: loading tensor blk.1.ffn_gate_inp.weight
create_tensor: loading tensor blk.1.ffn_gate_exps.weight
create_tensor: loading tensor blk.1.ffn_down_exps.weight
create_tensor: loading tensor blk.1.ffn_up_exps.weight
create_tensor: loading tensor blk.0.attn_q.scale
create_tensor: loading tensor blk.0.attn_k.scale
create_tensor: loading tensor blk.0.attn_v.scale
create_tensor: loading tensor blk.0.attn_output.scale
create_tensor: loading tensor blk.0.ffn_gate_exps.scale
create_tensor: loading tensor blk.0.ffn_down_exps.scale
create_tensor: loading tensor blk.0.ffn_up_exps.scale
create_tensor: loading tensor blk.0.attn_q.input_scale
create_tensor: loading tensor blk.0.attn_k.input_scale
create_tensor: loading tensor blk.0.attn_v.input_scale
create_tensor: loading tensor blk.0.attn_output.input_scale
create_tensor: loading tensor blk.0.ffn_gate_exps.input_scale
create_tensor: loading tensor blk.0.ffn_down_exps.input_scale
create_tensor: loading tensor blk.0.ffn_up_exps.input_scale
create_tensor: loading tensor blk.1.attn_q.scale
create_tensor: loading tensor blk.1.attn_k.scale
create_tensor: loading tensor blk.1.attn_v.scale
create_tensor: loading tensor blk.1.attn_output.scale
create_tensor: loading tensor blk.1.ffn_gate_exps.scale
create_tensor: loading tensor blk.1.ffn_down_exps.scale
create_tensor: loading tensor blk.1.ffn_up_exps.scale
create_tensor: loading tensor blk.1.attn_q.input_scale
create_tensor: loading tensor blk.1.attn_k.input_scale
create_tensor: loading tensor blk.1.attn_v.input_scale
create_tensor: loading tensor blk.1.attn_output.input_scale
create_tensor: loading tensor blk.1.ffn_gate_exps.input_scale
create_tensor: loading tensor blk.1.ffn_down_exps.input_scale
create_tensor: loading tensor blk.1.ffn_up_exps.input_scale
done_getting_tensors: tensor 'token_embd.weight' (f32) (and 22 others) cannot be used with preferred buffer type CUDA_Host, using CPU instead
load_tensors: offloading 0 repeating layers to GPU
load_tensors: offloaded 0/3 layers to GPU
load_tensors:   CPU_Mapped model buffer size =     0.23 MiB
................
llama_model_loader: loaded meta data with 13 key-value pairs and 23 tensors from C:\Users\cadel\AppData\Local\Temp\moe-integration-1702916.gguf (version GGUF V3 (latest))
llama_model_loader: Dumping metadata keys/values. Note: KV overrides do not apply in this output.
llama_model_loader: - kv   0:                       general.architecture str              = llama
llama_model_loader: - kv   1:                       tokenizer.ggml.model str              = no_vocab
llama_model_loader: - kv   2:                           llama.vocab_size u32              = 32
llama_model_loader: - kv   3:                       llama.context_length u32              = 128
llama_model_loader: - kv   4:                     llama.embedding_length u32              = 32
llama_model_loader: - kv   5:                          llama.block_count u32              = 2
llama_model_loader: - kv   6:                  llama.feed_forward_length u32              = 64
llama_model_loader: - kv   7:                 llama.attention.head_count u32              = 2
llama_model_loader: - kv   8:              llama.attention.head_count_kv u32              = 2
llama_model_loader: - kv   9:                 llama.rope.dimension_count u32              = 16
llama_model_loader: - kv  10:                         llama.expert_count u32              = 4
llama_model_loader: - kv  11:                    llama.expert_used_count u32              = 2
llama_model_loader: - kv  12:     llama.attention.layer_norm_rms_epsilon f32              = 0.000010
llama_model_loader: - type  f32:   23 tensors
print_info: file format = GGUF V3 (latest)
print_info: file type   = (guessed) all F32
print_info: file size   = 0.23 MiB (32.00 BPW) 
llama_prepare_model_devices: using device CUDA0 (NVIDIA GeForce RTX 4060 Laptop GPU) (0000:01:00.0) - 7096 MiB free
load: adding 32 dummy tokens
print_info: arch                  = llama
print_info: vocab_only            = 0
print_info: no_alloc              = 0
print_info: n_ctx_train           = 128
print_info: n_embd_inp            = 32
print_info: n_embd                = 32
print_info: n_embd_out            = 32
print_info: n_layer               = 2
print_info: n_layer_all           = 2
print_info: n_head                = 2
print_info: n_head_kv             = 2
print_info: n_rot                 = 16
print_info: n_swa                 = 0
print_info: is_swa_any            = 0
print_info: n_embd_head_k         = 16
print_info: n_embd_head_v         = 16
print_info: n_gqa                 = 1
print_info: n_embd_k_gqa          = 32
print_info: n_embd_v_gqa          = 32
print_info: f_norm_eps            = 0.0e+00
print_info: f_norm_rms_eps        = 1.0e-05
print_info: f_clamp_kqv           = 0.0e+00
print_info: f_max_alibi_bias      = 0.0e+00
print_info: f_logit_scale         = 0.0e+00
print_info: f_attn_scale          = 0.0e+00
print_info: f_attn_value_scale    = 0.0000
print_info: n_ff                  = 64
print_info: n_expert              = 4
print_info: n_expert_used         = 2
print_info: n_expert_groups       = 0
print_info: n_group_used          = 0
print_info: causal attn           = 1
print_info: pooling type          = -1
print_info: rope type             = 0
print_info: rope scaling          = linear
print_info: freq_base_train       = 10000.0
print_info: freq_scale_train      = 1
print_info: n_ctx_orig_yarn       = 128
print_info: rope_yarn_log_mul     = 0.0000
print_info: rope_finetuned        = unknown
print_info: model type            = ?B
print_info: model params          = 59.81 K
print_info: general.name          = n/a
print_info: vocab type            = no vocab
print_info: n_vocab               = 32
print_info: n_merges              = 0
print_info: max token length      = 0
load_tensors: loading model tensors, this can take a while... (load_mode = mmap)
load_tensors: layer   0 assigned to device CPU, is_swa = 0
load_tensors: layer   1 assigned to device CPU, is_swa = 0
load_tensors: layer   2 assigned to device CPU, is_swa = 0
create_tensor: loading tensor token_embd.weight
create_tensor: loading tensor output_norm.weight
create_tensor: loading tensor output.weight
create_tensor: loading tensor blk.0.attn_norm.weight
create_tensor: loading tensor blk.0.attn_qkv.weight
create_tensor: loading tensor blk.0.attn_q.weight
create_tensor: loading tensor blk.0.attn_k.weight
create_tensor: loading tensor blk.0.attn_v.weight
create_tensor: loading tensor blk.0.attn_q.bias
create_tensor: loading tensor blk.0.attn_k.bias
create_tensor: loading tensor blk.0.attn_v.bias
create_tensor: loading tensor blk.0.attn_output.weight
create_tensor: loading tensor blk.0.attn_output.bias
create_tensor: loading tensor blk.0.ffn_norm.weight
create_tensor: loading tensor rope_freqs.weight
create_tensor: loading tensor blk.0.ffn_gate_inp.weight
create_tensor: loading tensor blk.0.ffn_gate_exps.weight
create_tensor: loading tensor blk.0.ffn_down_exps.weight
create_tensor: loading tensor blk.0.ffn_up_exps.weight
create_tensor: loading tensor blk.1.attn_norm.weight
create_tensor: loading tensor blk.1.attn_qkv.weight
create_tensor: loading tensor blk.1.attn_q.weight
create_tensor: loading tensor blk.1.attn_k.weight
create_tensor: loading tensor blk.1.attn_v.weight
create_tensor: loading tensor blk.1.attn_q.bias
create_tensor: loading tensor blk.1.attn_k.bias
create_tensor: loading tensor blk.1.attn_v.bias
create_tensor: loading tensor blk.1.attn_output.weight
create_tensor: loading tensor blk.1.attn_output.bias
create_tensor: loading tensor blk.1.ffn_norm.weight
create_tensor: loading tensor rope_freqs.weight
create_tensor: loading tensor blk.1.ffn_gate_inp.weight
create_tensor: loading tensor blk.1.ffn_gate_exps.weight
create_tensor: loading tensor blk.1.ffn_down_exps.weight
create_tensor: loading tensor blk.1.ffn_up_exps.weight
create_tensor: loading tensor blk.0.attn_q.scale
create_tensor: loading tensor blk.0.attn_k.scale
create_tensor: loading tensor blk.0.attn_v.scale
create_tensor: loading tensor blk.0.attn_output.scale
create_tensor: loading tensor blk.0.ffn_gate_exps.scale
create_tensor: loading tensor blk.0.ffn_down_exps.scale
create_tensor: loading tensor blk.0.ffn_up_exps.scale
create_tensor: loading tensor blk.0.attn_q.input_scale
create_tensor: loading tensor blk.0.attn_k.input_scale
create_tensor: loading tensor blk.0.attn_v.input_scale
create_tensor: loading tensor blk.0.attn_output.input_scale
create_tensor: loading tensor blk.0.ffn_gate_exps.input_scale
create_tensor: loading tensor blk.0.ffn_down_exps.input_scale
create_tensor: loading tensor blk.0.ffn_up_exps.input_scale
create_tensor: loading tensor blk.1.attn_q.scale
create_tensor: loading tensor blk.1.attn_k.scale
create_tensor: loading tensor blk.1.attn_v.scale
create_tensor: loading tensor blk.1.attn_output.scale
create_tensor: loading tensor blk.1.ffn_gate_exps.scale
create_tensor: loading tensor blk.1.ffn_down_exps.scale
create_tensor: loading tensor blk.1.ffn_up_exps.scale
create_tensor: loading tensor blk.1.attn_q.input_scale
create_tensor: loading tensor blk.1.attn_k.input_scale
create_tensor: loading tensor blk.1.attn_v.input_scale
create_tensor: loading tensor blk.1.attn_output.input_scale
create_tensor: loading tensor blk.1.ffn_gate_exps.input_scale
create_tensor: loading tensor blk.1.ffn_down_exps.input_scale
create_tensor: loading tensor blk.1.ffn_up_exps.input_scale
load_tensors: offloading 0 repeating layers to GPU
load_tensors: offloaded 0/3 layers to GPU
load_tensors:   CPU_Mapped model buffer size =     0.23 MiB
................
load_tensors: experimental host-bank MoE enabled, tile weights <= 99328 bytes; this is not a total memory limit
llama_context: constructing llama_context
llama_context: n_seq_max             = 1
llama_context: n_ctx                 = 256
llama_context: n_ctx_seq             = 256
llama_context: n_batch               = 32
llama_context: n_ubatch              = 8
llama_context: causal_attn           = 1
llama_context: flash_attn            = disabled
llama_context: kv_unified            = false
llama_context: freq_base             = 10000.0
llama_context: freq_scale            = 1
llama_context: n_rs_seq              = 0
llama_context: n_outputs_max         = 32
llama_context: n_outputs_max_per_seq = 1
llama_context: n_ctx_seq (256) > n_ctx_train (128) -- possible training context overflow
set_abort_callback: call
llama_context:        CPU  output buffer size =     0.00 MiB
llama_kv_cache: layer   0: dev = CPU
llama_kv_cache: layer   1: dev = CPU
llama_kv_cache:        CPU KV buffer size =     0.06 MiB
llama_kv_cache: size =    0.06 MiB (   256 cells,   2 layers,  1/1 seqs), K (f16):    0.03 MiB, V (f16):    0.03 MiB
llama_kv_cache: attn_rot_k = 0, n_embd_head_k_all = 16
llama_kv_cache: attn_rot_v = 0, n_embd_head_k_all = 16
llama_context: enumerating backends
llama_context: backend_ptrs.size() = 2
sched_reserve: reserving ...
sched_reserve: max_nodes = 1024
sched_reserve: decode graph slots = 4 (n_tokens <= 4)
sched_reserve: reserving full memory module
sched_reserve: worst-case: n_tokens = 8, n_seqs = 1, n_outputs = 1
resolve_fused_ops: resolving fused Gated Delta Net support:
graph_reserve: reserving a graph for ubatch with n_tokens =    1, n_seqs =  1, n_outputs =    1
resolve_fused_ops: fused Gated Delta Net (autoregressive) enabled
graph_reserve: reserving a graph for ubatch with n_tokens =   16, n_seqs =  1, n_outputs =   16
resolve_fused_ops: fused Gated Delta Net (chunked) enabled
resolve_fused_ops: resolving fused Lightning Indexer support:
graph_reserve: reserving a graph for ubatch with n_tokens =    1, n_seqs =  1, n_outputs =    1
resolve_fused_ops: Lightning Indexer enabled
resolve_fused_ops: resolving fused DeepSeek V4 HC support:
graph_reserve: reserving a graph for ubatch with n_tokens =    1, n_seqs =  1, n_outputs =    1
resolve_fused_ops: fused DeepSeek V4 HC pre enabled
graph_reserve: reserving a graph for ubatch with n_tokens =    1, n_seqs =  1, n_outputs =    1
resolve_fused_ops: fused DeepSeek V4 HC comb enabled
graph_reserve: reserving a graph for ubatch with n_tokens =    1, n_seqs =  1, n_outputs =    1
resolve_fused_ops: fused DeepSeek V4 HC post enabled
graph_reserve: reserving a graph for ubatch with n_tokens =    8, n_seqs =  1, n_outputs =    8
graph_reserve: reserving a graph for ubatch with n_tokens =    1, n_seqs =  1, n_outputs =    1
graph_reserve: reserving a graph for ubatch with n_tokens =    8, n_seqs =  1, n_outputs =    8
sched_reserve:  CUDA_Host compute buffer size =     0.03 MiB
sched_reserve: graph nodes  = 110
sched_reserve: graph splits = 1
sched_reserve: reserve took 2.43 ms, sched copies = 1
llama_context: constructing llama_context
llama_context: n_seq_max             = 1
llama_context: n_ctx                 = 256
llama_context: n_ctx_seq             = 256
llama_context: n_batch               = 32
llama_context: n_ubatch              = 8
llama_context: causal_attn           = 1
llama_context: flash_attn            = disabled
llama_context: kv_unified            = false
llama_context: freq_base             = 10000.0
llama_context: freq_scale            = 1
llama_context: n_rs_seq              = 0
llama_context: n_outputs_max         = 32
llama_context: n_outputs_max_per_seq = 1
llama_context: n_ctx_seq (256) > n_ctx_train (128) -- possible training context overflow
set_abort_callback: call
llama_context:        CPU  output buffer size =     0.00 MiB
llama_kv_cache: layer   0: dev = CPU
llama_kv_cache: layer   1: dev = CPU
llama_kv_cache:        CPU KV buffer size =     0.06 MiB
llama_kv_cache: size =    0.06 MiB (   256 cells,   2 layers,  1/1 seqs), K (f16):    0.03 MiB, V (f16):    0.03 MiB
llama_kv_cache: attn_rot_k = 0, n_embd_head_k_all = 16
llama_kv_cache: attn_rot_v = 0, n_embd_head_k_all = 16
llama_context: enumerating backends
llama_context: backend_ptrs.size() = 2
sched_reserve: reserving ...
sched_reserve: max_nodes = 1024
sched_reserve: decode graph slots = 4 (n_tokens <= 4)
sched_reserve: reserving full memory module
sched_reserve: worst-case: n_tokens = 8, n_seqs = 1, n_outputs = 1
resolve_fused_ops: resolving fused Gated Delta Net support:
graph_reserve: reserving a graph for ubatch with n_tokens =    1, n_seqs =  1, n_outputs =    1
resolve_fused_ops: fused Gated Delta Net (autoregressive) enabled
graph_reserve: reserving a graph for ubatch with n_tokens =   16, n_seqs =  1, n_outputs =   16
resolve_fused_ops: fused Gated Delta Net (chunked) enabled
resolve_fused_ops: resolving fused Lightning Indexer support:
graph_reserve: reserving a graph for ubatch with n_tokens =    1, n_seqs =  1, n_outputs =    1
resolve_fused_ops: Lightning Indexer enabled
resolve_fused_ops: resolving fused DeepSeek V4 HC support:
graph_reserve: reserving a graph for ubatch with n_tokens =    1, n_seqs =  1, n_outputs =    1
resolve_fused_ops: fused DeepSeek V4 HC pre enabled
graph_reserve: reserving a graph for ubatch with n_tokens =    1, n_seqs =  1, n_outputs =    1
resolve_fused_ops: fused DeepSeek V4 HC comb enabled
graph_reserve: reserving a graph for ubatch with n_tokens =    1, n_seqs =  1, n_outputs =    1
resolve_fused_ops: fused DeepSeek V4 HC post enabled
graph_reserve: reserving a graph for ubatch with n_tokens =    8, n_seqs =  1, n_outputs =    8
graph_reserve: reserving a graph for ubatch with n_tokens =    1, n_seqs =  1, n_outputs =    1
graph_reserve: reserving a graph for ubatch with n_tokens =    8, n_seqs =  1, n_outputs =    8
sched_reserve:  CUDA_Host compute buffer size =     0.03 MiB
sched_reserve: graph nodes  = 100
sched_reserve: graph splits = 1
sched_reserve: reserve took 2.76 ms, sched copies = 1
graph_reserve: reserving a graph for ubatch with n_tokens =    4, n_seqs =  1, n_outputs =    4
set_abort_callback: call
graph_compute: ggml_backend_sched_graph_compute_async failed with error 1
process_ubatch: failed to compute graph, compute status: 1
decode: removing memory module entries for seq_id = 0, pos = [59, +inf)
llama_decode: failed to decode, ret = 2
set_abort_callback: call
host-bank MoE execution failed: MoE routing weight must be finite
host-bank MoE execution failed: MoE routing weight must be finite
process_ubatch: failed to compute graph, compute status: -1
decode: removing memory module entries for seq_id = 0, pos = [59, +inf)
llama_decode: failed to decode, ret = -3
llama_context: constructing llama_context
llama_init_from_model: failed to initialize the context: host-bank MoE requires one sequence, op_offload=false and offload_kqv=false
llama_context: constructing llama_context
llama_init_from_model: failed to initialize the context: host-bank MoE requires one sequence, op_offload=false and offload_kqv=false
llama_context: constructing llama_context
llama_init_from_model: failed to initialize the context: host-bank MoE requires one sequence, op_offload=false and offload_kqv=false
llama_context: constructing llama_context
llama_init_from_model: failed to initialize the context: moe cache: invalid uniform arena geometry
llama_context: constructing llama_context
llama_init_from_model: failed to initialize the context: host-bank MoE cache requires model.moe_cpu_tile_bytes host-bank setup
~llama_context:      CUDA0 compute buffer size is   0.0000 MiB, matches expectation of   0.0000 MiB
~llama_context:  CUDA_Host compute buffer size is   0.0304 MiB, matches expectation of   0.0304 MiB
~llama_context:      CUDA0 compute buffer size is   0.0000 MiB, matches expectation of   0.0000 MiB
~llama_context:  CUDA_Host compute buffer size is   0.0304 MiB, matches expectation of   0.0304 MiB
llama_context: constructing llama_context
llama_context: n_seq_max             = 1
llama_context: n_ctx                 = 256
llama_context: n_ctx_seq             = 256
llama_context: n_batch               = 32
llama_context: n_ubatch              = 8
llama_context: causal_attn           = 1
llama_context: flash_attn            = disabled
llama_context: kv_unified            = false
llama_context: freq_base             = 10000.0
llama_context: freq_scale            = 1
llama_context: n_rs_seq              = 0
llama_context: n_outputs_max         = 32
llama_context: n_outputs_max_per_seq = 1
llama_context: n_ctx_seq (256) > n_ctx_train (128) -- possible training context overflow
set_abort_callback: call
llama_context:        CPU  output buffer size =     0.00 MiB
llama_kv_cache: layer   0: dev = CPU
llama_kv_cache: layer   1: dev = CPU
llama_kv_cache:        CPU KV buffer size =     0.06 MiB
llama_kv_cache: size =    0.06 MiB (   256 cells,   2 layers,  1/1 seqs), K (f16):    0.03 MiB, V (f16):    0.03 MiB
llama_kv_cache: attn_rot_k = 0, n_embd_head_k_all = 16
llama_kv_cache: attn_rot_v = 0, n_embd_head_k_all = 16
llama_context: enumerating backends
llama_context: backend_ptrs.size() = 2
sched_reserve: reserving ...
sched_reserve: max_nodes = 1024
sched_reserve: decode graph slots = 4 (n_tokens <= 4)
sched_reserve: reserving full memory module
sched_reserve: worst-case: n_tokens = 8, n_seqs = 1, n_outputs = 1
resolve_fused_ops: resolving fused Gated Delta Net support:
graph_reserve: reserving a graph for ubatch with n_tokens =    1, n_seqs =  1, n_outputs =    1
resolve_fused_ops: fused Gated Delta Net (autoregressive) enabled
graph_reserve: reserving a graph for ubatch with n_tokens =   16, n_seqs =  1, n_outputs =   16
resolve_fused_ops: fused Gated Delta Net (chunked) enabled
resolve_fused_ops: resolving fused Lightning Indexer support:
graph_reserve: reserving a graph for ubatch with n_tokens =    1, n_seqs =  1, n_outputs =    1
resolve_fused_ops: Lightning Indexer enabled
resolve_fused_ops: resolving fused DeepSeek V4 HC support:
graph_reserve: reserving a graph for ubatch with n_tokens =    1, n_seqs =  1, n_outputs =    1
resolve_fused_ops: fused DeepSeek V4 HC pre enabled
graph_reserve: reserving a graph for ubatch with n_tokens =    1, n_seqs =  1, n_outputs =    1
resolve_fused_ops: fused DeepSeek V4 HC comb enabled
graph_reserve: reserving a graph for ubatch with n_tokens =    1, n_seqs =  1, n_outputs =    1
resolve_fused_ops: fused DeepSeek V4 HC post enabled
graph_reserve: reserving a graph for ubatch with n_tokens =    8, n_seqs =  1, n_outputs =    8
graph_reserve: reserving a graph for ubatch with n_tokens =    1, n_seqs =  1, n_outputs =    1
graph_reserve: reserving a graph for ubatch with n_tokens =    8, n_seqs =  1, n_outputs =    8
sched_reserve:  CUDA_Host compute buffer size =     0.03 MiB
sched_reserve: graph nodes  = 100
sched_reserve: graph splits = 1
sched_reserve: reserve took 2.13 ms, sched copies = 1
llama_context: constructing llama_context
llama_context: n_seq_max             = 1
llama_context: n_ctx                 = 256
llama_context: n_ctx_seq             = 256
llama_context: n_batch               = 32
llama_context: n_ubatch              = 8
llama_context: causal_attn           = 1
llama_context: flash_attn            = disabled
llama_context: kv_unified            = false
llama_context: freq_base             = 10000.0
llama_context: freq_scale            = 1
llama_context: n_rs_seq              = 0
llama_context: n_outputs_max         = 32
llama_context: n_outputs_max_per_seq = 1
llama_context: n_ctx_seq (256) > n_ctx_train (128) -- possible training context overflow
set_abort_callback: call
llama_context:        CPU  output buffer size =     0.00 MiB
llama_kv_cache: layer   0: dev = CPU
llama_kv_cache: layer   1: dev = CPU
llama_kv_cache:        CPU KV buffer size =     0.06 MiB
llama_kv_cache: size =    0.06 MiB (   256 cells,   2 layers,  1/1 seqs), K (f16):    0.03 MiB, V (f16):    0.03 MiB
llama_kv_cache: attn_rot_k = 0, n_embd_head_k_all = 16
llama_kv_cache: attn_rot_v = 0, n_embd_head_k_all = 16
llama_context: enumerating backends
llama_context: backend_ptrs.size() = 2
sched_reserve: reserving ...
sched_reserve: max_nodes = 1024
sched_reserve: decode graph slots = 4 (n_tokens <= 4)
sched_reserve: reserving full memory module
sched_reserve: worst-case: n_tokens = 8, n_seqs = 1, n_outputs = 1
resolve_fused_ops: resolving fused Gated Delta Net support:
graph_reserve: reserving a graph for ubatch with n_tokens =    1, n_seqs =  1, n_outputs =    1
resolve_fused_ops: fused Gated Delta Net (autoregressive) enabled
graph_reserve: reserving a graph for ubatch with n_tokens =   16, n_seqs =  1, n_outputs =   16
resolve_fused_ops: fused Gated Delta Net (chunked) enabled
resolve_fused_ops: resolving fused Lightning Indexer support:
graph_reserve: reserving a graph for ubatch with n_tokens =    1, n_seqs =  1, n_outputs =    1
resolve_fused_ops: Lightning Indexer enabled
resolve_fused_ops: resolving fused DeepSeek V4 HC support:
graph_reserve: reserving a graph for ubatch with n_tokens =    1, n_seqs =  1, n_outputs =    1
resolve_fused_ops: fused DeepSeek V4 HC pre enabled
graph_reserve: reserving a graph for ubatch with n_tokens =    1, n_seqs =  1, n_outputs =    1
resolve_fused_ops: fused DeepSeek V4 HC comb enabled
graph_reserve: reserving a graph for ubatch with n_tokens =    1, n_seqs =  1, n_outputs =    1
resolve_fused_ops: fused DeepSeek V4 HC post enabled
graph_reserve: reserving a graph for ubatch with n_tokens =    8, n_seqs =  1, n_outputs =    8
graph_reserve: reserving a graph for ubatch with n_tokens =    1, n_seqs =  1, n_outputs =    1
graph_reserve: reserving a graph for ubatch with n_tokens =    8, n_seqs =  1, n_outputs =    8
sched_reserve:  CUDA_Host compute buffer size =     0.03 MiB
sched_reserve: graph nodes  = 110
sched_reserve: graph splits = 1
sched_reserve: reserve took 2.08 ms, sched copies = 1
~llama_context:      CUDA0 compute buffer size is   0.0000 MiB, matches expectation of   0.0000 MiB
~llama_context:  CUDA_Host compute buffer size is   0.0304 MiB, matches expectation of   0.0304 MiB
~llama_context:      CUDA0 compute buffer size is   0.0000 MiB, matches expectation of   0.0000 MiB
~llama_context:  CUDA_Host compute buffer size is   0.0304 MiB, matches expectation of   0.0304 MiB
llama_model_loader: loaded meta data with 13 key-value pairs and 23 tensors from C:\Users\cadel\AppData\Local\Temp\moe-integration-1702916.gguf (version GGUF V3 (latest))
llama_model_loader: Dumping metadata keys/values. Note: KV overrides do not apply in this output.
llama_model_loader: - kv   0:                       general.architecture str              = llama
llama_model_loader: - kv   1:                       tokenizer.ggml.model str              = no_vocab
llama_model_loader: - kv   2:                           llama.vocab_size u32              = 32
llama_model_loader: - kv   3:                       llama.context_length u32              = 128
llama_model_loader: - kv   4:                     llama.embedding_length u32              = 32
llama_model_loader: - kv   5:                          llama.block_count u32              = 2
llama_model_loader: - kv   6:                  llama.feed_forward_length u32              = 64
llama_model_loader: - kv   7:                 llama.attention.head_count u32              = 2
llama_model_loader: - kv   8:              llama.attention.head_count_kv u32              = 2
llama_model_loader: - kv   9:                 llama.rope.dimension_count u32              = 16
llama_model_loader: - kv  10:                         llama.expert_count u32              = 4
llama_model_loader: - kv  11:                    llama.expert_used_count u32              = 2
llama_model_loader: - kv  12:     llama.attention.layer_norm_rms_epsilon f32              = 0.000010
llama_model_loader: - type  f32:   23 tensors
print_info: file format = GGUF V3 (latest)
print_info: file type   = (guessed) all F32
print_info: file size   = 0.23 MiB (32.00 BPW) 
llama_prepare_model_devices: using device CUDA0 (NVIDIA GeForce RTX 4060 Laptop GPU) (0000:01:00.0) - 7096 MiB free
load: adding 32 dummy tokens
print_info: arch                  = llama
print_info: vocab_only            = 0
print_info: no_alloc              = 0
print_info: n_ctx_train           = 128
print_info: n_embd_inp            = 32
print_info: n_embd                = 32
print_info: n_embd_out            = 32
print_info: n_layer               = 2
print_info: n_layer_all           = 2
print_info: n_head                = 2
print_info: n_head_kv             = 2
print_info: n_rot                 = 16
print_info: n_swa                 = 0
print_info: is_swa_any            = 0
print_info: n_embd_head_k         = 16
print_info: n_embd_head_v         = 16
print_info: n_gqa                 = 1
print_info: n_embd_k_gqa          = 32
print_info: n_embd_v_gqa          = 32
print_info: f_norm_eps            = 0.0e+00
print_info: f_norm_rms_eps        = 1.0e-05
print_info: f_clamp_kqv           = 0.0e+00
print_info: f_max_alibi_bias      = 0.0e+00
print_info: f_logit_scale         = 0.0e+00
print_info: f_attn_scale          = 0.0e+00
print_info: f_attn_value_scale    = 0.0000
print_info: n_ff                  = 64
print_info: n_expert              = 4
print_info: n_expert_used         = 2
print_info: n_expert_groups       = 0
print_info: n_group_used          = 0
print_info: causal attn           = 1
print_info: pooling type          = -1
print_info: rope type             = 0
print_info: rope scaling          = linear
print_info: freq_base_train       = 10000.0
print_info: freq_scale_train      = 1
print_info: n_ctx_orig_yarn       = 128
print_info: rope_yarn_log_mul     = 0.0000
print_info: rope_finetuned        = unknown
print_info: model type            = ?B
print_info: model params          = 59.81 K
print_info: general.name          = n/a
print_info: vocab type            = no vocab
print_info: n_vocab               = 32
print_info: n_merges              = 0
print_info: max token length      = 0
load_tensors: loading model tensors, this can take a while... (load_mode = mmap)
load_tensors: layer   0 assigned to device CPU, is_swa = 0
load_tensors: layer   1 assigned to device CPU, is_swa = 0
load_tensors: layer   2 assigned to device CPU, is_swa = 0
create_tensor: loading tensor token_embd.weight
create_tensor: loading tensor output_norm.weight
create_tensor: loading tensor output.weight
create_tensor: loading tensor blk.0.attn_norm.weight
create_tensor: loading tensor blk.0.attn_qkv.weight
create_tensor: loading tensor blk.0.attn_q.weight
create_tensor: loading tensor blk.0.attn_k.weight
create_tensor: loading tensor blk.0.attn_v.weight
create_tensor: loading tensor blk.0.attn_q.bias
create_tensor: loading tensor blk.0.attn_k.bias
create_tensor: loading tensor blk.0.attn_v.bias
create_tensor: loading tensor blk.0.attn_output.weight
create_tensor: loading tensor blk.0.attn_output.bias
create_tensor: loading tensor blk.0.ffn_norm.weight
create_tensor: loading tensor rope_freqs.weight
create_tensor: loading tensor blk.0.ffn_gate_inp.weight
create_tensor: loading tensor blk.0.ffn_gate_exps.weight
create_tensor: loading tensor blk.0.ffn_down_exps.weight
create_tensor: loading tensor blk.0.ffn_up_exps.weight
create_tensor: loading tensor blk.1.attn_norm.weight
create_tensor: loading tensor blk.1.attn_qkv.weight
create_tensor: loading tensor blk.1.attn_q.weight
create_tensor: loading tensor blk.1.attn_k.weight
create_tensor: loading tensor blk.1.attn_v.weight
create_tensor: loading tensor blk.1.attn_q.bias
create_tensor: loading tensor blk.1.attn_k.bias
create_tensor: loading tensor blk.1.attn_v.bias
create_tensor: loading tensor blk.1.attn_output.weight
create_tensor: loading tensor blk.1.attn_output.bias
create_tensor: loading tensor blk.1.ffn_norm.weight
create_tensor: loading tensor rope_freqs.weight
create_tensor: loading tensor blk.1.ffn_gate_inp.weight
create_tensor: loading tensor blk.1.ffn_gate_exps.weight
create_tensor: loading tensor blk.1.ffn_down_exps.weight
create_tensor: loading tensor blk.1.ffn_up_exps.weight
create_tensor: loading tensor blk.0.attn_q.scale
create_tensor: loading tensor blk.0.attn_k.scale
create_tensor: loading tensor blk.0.attn_v.scale
create_tensor: loading tensor blk.0.attn_output.scale
create_tensor: loading tensor blk.0.ffn_gate_exps.scale
create_tensor: loading tensor blk.0.ffn_down_exps.scale
create_tensor: loading tensor blk.0.ffn_up_exps.scale
create_tensor: loading tensor blk.0.attn_q.input_scale
create_tensor: loading tensor blk.0.attn_k.input_scale
create_tensor: loading tensor blk.0.attn_v.input_scale
create_tensor: loading tensor blk.0.attn_output.input_scale
create_tensor: loading tensor blk.0.ffn_gate_exps.input_scale
create_tensor: loading tensor blk.0.ffn_down_exps.input_scale
create_tensor: loading tensor blk.0.ffn_up_exps.input_scale
create_tensor: loading tensor blk.1.attn_q.scale
create_tensor: loading tensor blk.1.attn_k.scale
create_tensor: loading tensor blk.1.attn_v.scale
create_tensor: loading tensor blk.1.attn_output.scale
create_tensor: loading tensor blk.1.ffn_gate_exps.scale
create_tensor: loading tensor blk.1.ffn_down_exps.scale
create_tensor: loading tensor blk.1.ffn_up_exps.scale
create_tensor: loading tensor blk.1.attn_q.input_scale
create_tensor: loading tensor blk.1.attn_k.input_scale
create_tensor: loading tensor blk.1.attn_v.input_scale
create_tensor: loading tensor blk.1.attn_output.input_scale
create_tensor: loading tensor blk.1.ffn_gate_exps.input_scale
create_tensor: loading tensor blk.1.ffn_down_exps.input_scale
create_tensor: loading tensor blk.1.ffn_up_exps.input_scale
done_getting_tensors: tensor 'token_embd.weight' (f32) (and 22 others) cannot be used with preferred buffer type CUDA_Host, using CPU instead
load_tensors: offloading 0 repeating layers to GPU
load_tensors: offloaded 0/3 layers to GPU
load_tensors:   CPU_Mapped model buffer size =     0.23 MiB
................
llama_model_loader: loaded meta data with 13 key-value pairs and 23 tensors from C:\Users\cadel\AppData\Local\Temp\moe-integration-1702916.gguf (version GGUF V3 (latest))
llama_model_loader: Dumping metadata keys/values. Note: KV overrides do not apply in this output.
llama_model_loader: - kv   0:                       general.architecture str              = llama
llama_model_loader: - kv   1:                       tokenizer.ggml.model str              = no_vocab
llama_model_loader: - kv   2:                           llama.vocab_size u32              = 32
llama_model_loader: - kv   3:                       llama.context_length u32              = 128
llama_model_loader: - kv   4:                     llama.embedding_length u32              = 32
llama_model_loader: - kv   5:                          llama.block_count u32              = 2
llama_model_loader: - kv   6:                  llama.feed_forward_length u32              = 64
llama_model_loader: - kv   7:                 llama.attention.head_count u32              = 2
llama_model_loader: - kv   8:              llama.attention.head_count_kv u32              = 2
llama_model_loader: - kv   9:                 llama.rope.dimension_count u32              = 16
llama_model_loader: - kv  10:                         llama.expert_count u32              = 4
llama_model_loader: - kv  11:                    llama.expert_used_count u32              = 2
llama_model_loader: - kv  12:     llama.attention.layer_norm_rms_epsilon f32              = 0.000010
llama_model_loader: - type  f32:   23 tensors
print_info: file format = GGUF V3 (latest)
print_info: file type   = (guessed) all F32
print_info: file size   = 0.23 MiB (32.00 BPW) 
llama_prepare_model_devices: using device CUDA0 (NVIDIA GeForce RTX 4060 Laptop GPU) (0000:01:00.0) - 7096 MiB free
load: adding 32 dummy tokens
print_info: arch                  = llama
print_info: vocab_only            = 0
print_info: no_alloc              = 0
print_info: n_ctx_train           = 128
print_info: n_embd_inp            = 32
print_info: n_embd                = 32
print_info: n_embd_out            = 32
print_info: n_layer               = 2
print_info: n_layer_all           = 2
print_info: n_head                = 2
print_info: n_head_kv             = 2
print_info: n_rot                 = 16
print_info: n_swa                 = 0
print_info: is_swa_any            = 0
print_info: n_embd_head_k         = 16
print_info: n_embd_head_v         = 16
print_info: n_gqa                 = 1
print_info: n_embd_k_gqa          = 32
print_info: n_embd_v_gqa          = 32
print_info: f_norm_eps            = 0.0e+00
print_info: f_norm_rms_eps        = 1.0e-05
print_info: f_clamp_kqv           = 0.0e+00
print_info: f_max_alibi_bias      = 0.0e+00
print_info: f_logit_scale         = 0.0e+00
print_info: f_attn_scale          = 0.0e+00
print_info: f_attn_value_scale    = 0.0000
print_info: n_ff                  = 64
print_info: n_expert              = 4
print_info: n_expert_used         = 2
print_info: n_expert_groups       = 0
print_info: n_group_used          = 0
print_info: causal attn           = 1
print_info: pooling type          = -1
print_info: rope type             = 0
print_info: rope scaling          = linear
print_info: freq_base_train       = 10000.0
print_info: freq_scale_train      = 1
print_info: n_ctx_orig_yarn       = 128
print_info: rope_yarn_log_mul     = 0.0000
print_info: rope_finetuned        = unknown
print_info: model type            = ?B
print_info: model params          = 59.81 K
print_info: general.name          = n/a
print_info: vocab type            = no vocab
print_info: n_vocab               = 32
print_info: n_merges              = 0
print_info: max token length      = 0
load_tensors: loading model tensors, this can take a while... (load_mode = mmap)
load_tensors: layer   0 assigned to device CPU, is_swa = 0
load_tensors: layer   1 assigned to device CPU, is_swa = 0
load_tensors: layer   2 assigned to device CPU, is_swa = 0
create_tensor: loading tensor token_embd.weight
create_tensor: loading tensor output_norm.weight
create_tensor: loading tensor output.weight
create_tensor: loading tensor blk.0.attn_norm.weight
create_tensor: loading tensor blk.0.attn_qkv.weight
create_tensor: loading tensor blk.0.attn_q.weight
create_tensor: loading tensor blk.0.attn_k.weight
create_tensor: loading tensor blk.0.attn_v.weight
create_tensor: loading tensor blk.0.attn_q.bias
create_tensor: loading tensor blk.0.attn_k.bias
create_tensor: loading tensor blk.0.attn_v.bias
create_tensor: loading tensor blk.0.attn_output.weight
create_tensor: loading tensor blk.0.attn_output.bias
create_tensor: loading tensor blk.0.ffn_norm.weight
create_tensor: loading tensor rope_freqs.weight
create_tensor: loading tensor blk.0.ffn_gate_inp.weight
create_tensor: loading tensor blk.0.ffn_gate_exps.weight
create_tensor: loading tensor blk.0.ffn_down_exps.weight
create_tensor: loading tensor blk.0.ffn_up_exps.weight
create_tensor: loading tensor blk.1.attn_norm.weight
create_tensor: loading tensor blk.1.attn_qkv.weight
create_tensor: loading tensor blk.1.attn_q.weight
create_tensor: loading tensor blk.1.attn_k.weight
create_tensor: loading tensor blk.1.attn_v.weight
create_tensor: loading tensor blk.1.attn_q.bias
create_tensor: loading tensor blk.1.attn_k.bias
create_tensor: loading tensor blk.1.attn_v.bias
create_tensor: loading tensor blk.1.attn_output.weight
create_tensor: loading tensor blk.1.attn_output.bias
create_tensor: loading tensor blk.1.ffn_norm.weight
create_tensor: loading tensor rope_freqs.weight
create_tensor: loading tensor blk.1.ffn_gate_inp.weight
create_tensor: loading tensor blk.1.ffn_gate_exps.weight
create_tensor: loading tensor blk.1.ffn_down_exps.weight
create_tensor: loading tensor blk.1.ffn_up_exps.weight
create_tensor: loading tensor blk.0.attn_q.scale
create_tensor: loading tensor blk.0.attn_k.scale
create_tensor: loading tensor blk.0.attn_v.scale
create_tensor: loading tensor blk.0.attn_output.scale
create_tensor: loading tensor blk.0.ffn_gate_exps.scale
create_tensor: loading tensor blk.0.ffn_down_exps.scale
create_tensor: loading tensor blk.0.ffn_up_exps.scale
create_tensor: loading tensor blk.0.attn_q.input_scale
create_tensor: loading tensor blk.0.attn_k.input_scale
create_tensor: loading tensor blk.0.attn_v.input_scale
create_tensor: loading tensor blk.0.attn_output.input_scale
create_tensor: loading tensor blk.0.ffn_gate_exps.input_scale
create_tensor: loading tensor blk.0.ffn_down_exps.input_scale
create_tensor: loading tensor blk.0.ffn_up_exps.input_scale
create_tensor: loading tensor blk.1.attn_q.scale
create_tensor: loading tensor blk.1.attn_k.scale
create_tensor: loading tensor blk.1.attn_v.scale
create_tensor: loading tensor blk.1.attn_output.scale
create_tensor: loading tensor blk.1.ffn_gate_exps.scale
create_tensor: loading tensor blk.1.ffn_down_exps.scale
create_tensor: loading tensor blk.1.ffn_up_exps.scale
create_tensor: loading tensor blk.1.attn_q.input_scale
create_tensor: loading tensor blk.1.attn_k.input_scale
create_tensor: loading tensor blk.1.attn_v.input_scale
create_tensor: loading tensor blk.1.attn_output.input_scale
create_tensor: loading tensor blk.1.ffn_gate_exps.input_scale
create_tensor: loading tensor blk.1.ffn_down_exps.input_scale
create_tensor: loading tensor blk.1.ffn_up_exps.input_scale
load_tensors: offloading 0 repeating layers to GPU
load_tensors: offloaded 0/3 layers to GPU
load_tensors:   CPU_Mapped model buffer size =     0.23 MiB
................
load_tensors: experimental host-bank MoE enabled, tile weights <= 24832 bytes; this is not a total memory limit
llama_context: constructing llama_context
llama_context: n_seq_max             = 1
llama_context: n_ctx                 = 256
llama_context: n_ctx_seq             = 256
llama_context: n_batch               = 32
llama_context: n_ubatch              = 8
llama_context: causal_attn           = 1
llama_context: flash_attn            = disabled
llama_context: kv_unified            = false
llama_context: freq_base             = 10000.0
llama_context: freq_scale            = 1
llama_context: n_rs_seq              = 0
llama_context: n_outputs_max         = 32
llama_context: n_outputs_max_per_seq = 1
llama_context: n_ctx_seq (256) > n_ctx_train (128) -- possible training context overflow
set_abort_callback: call
llama_context:        CPU  output buffer size =     0.00 MiB
llama_kv_cache: layer   0: dev = CPU
llama_kv_cache: layer   1: dev = CPU
llama_kv_cache:        CPU KV buffer size =     0.06 MiB
llama_kv_cache: size =    0.06 MiB (   256 cells,   2 layers,  1/1 seqs), K (f16):    0.03 MiB, V (f16):    0.03 MiB
llama_kv_cache: attn_rot_k = 0, n_embd_head_k_all = 16
llama_kv_cache: attn_rot_v = 0, n_embd_head_k_all = 16
llama_context: enumerating backends
llama_context: backend_ptrs.size() = 2
sched_reserve: reserving ...
sched_reserve: max_nodes = 1024
sched_reserve: decode graph slots = 4 (n_tokens <= 4)
sched_reserve: reserving full memory module
sched_reserve: worst-case: n_tokens = 8, n_seqs = 1, n_outputs = 1
resolve_fused_ops: resolving fused Gated Delta Net support:
graph_reserve: reserving a graph for ubatch with n_tokens =    1, n_seqs =  1, n_outputs =    1
resolve_fused_ops: fused Gated Delta Net (autoregressive) enabled
graph_reserve: reserving a graph for ubatch with n_tokens =   16, n_seqs =  1, n_outputs =   16
resolve_fused_ops: fused Gated Delta Net (chunked) enabled
resolve_fused_ops: resolving fused Lightning Indexer support:
graph_reserve: reserving a graph for ubatch with n_tokens =    1, n_seqs =  1, n_outputs =    1
resolve_fused_ops: Lightning Indexer enabled
resolve_fused_ops: resolving fused DeepSeek V4 HC support:
graph_reserve: reserving a graph for ubatch with n_tokens =    1, n_seqs =  1, n_outputs =    1
resolve_fused_ops: fused DeepSeek V4 HC pre enabled
graph_reserve: reserving a graph for ubatch with n_tokens =    1, n_seqs =  1, n_outputs =    1
resolve_fused_ops: fused DeepSeek V4 HC comb enabled
graph_reserve: reserving a graph for ubatch with n_tokens =    1, n_seqs =  1, n_outputs =    1
resolve_fused_ops: fused DeepSeek V4 HC post enabled
graph_reserve: reserving a graph for ubatch with n_tokens =    8, n_seqs =  1, n_outputs =    8
graph_reserve: reserving a graph for ubatch with n_tokens =    1, n_seqs =  1, n_outputs =    1
graph_reserve: reserving a graph for ubatch with n_tokens =    8, n_seqs =  1, n_outputs =    8
sched_reserve:  CUDA_Host compute buffer size =     0.03 MiB
sched_reserve: graph nodes  = 110
sched_reserve: graph splits = 1
sched_reserve: reserve took 2.21 ms, sched copies = 1
llama_context: constructing llama_context
llama_context: MoE device=CUDA0 cache=196608 staging=1048576 compute-limit=67108864 bytes
llama_context: n_seq_max             = 1
llama_context: n_ctx                 = 256
llama_context: n_ctx_seq             = 256
llama_context: n_batch               = 32
llama_context: n_ubatch              = 8
llama_context: causal_attn           = 1
llama_context: flash_attn            = disabled
llama_context: kv_unified            = false
llama_context: freq_base             = 10000.0
llama_context: freq_scale            = 1
llama_context: n_rs_seq              = 0
llama_context: n_outputs_max         = 32
llama_context: n_outputs_max_per_seq = 1
llama_context: n_ctx_seq (256) > n_ctx_train (128) -- possible training context overflow
set_abort_callback: call
llama_context:        CPU  output buffer size =     0.00 MiB
llama_kv_cache: layer   0: dev = CPU
llama_kv_cache: layer   1: dev = CPU
llama_kv_cache:        CPU KV buffer size =     0.06 MiB
llama_kv_cache: size =    0.06 MiB (   256 cells,   2 layers,  1/1 seqs), K (f16):    0.03 MiB, V (f16):    0.03 MiB
llama_kv_cache: attn_rot_k = 0, n_embd_head_k_all = 16
llama_kv_cache: attn_rot_v = 0, n_embd_head_k_all = 16
llama_context: enumerating backends
llama_context: backend_ptrs.size() = 2
sched_reserve: reserving ...
sched_reserve: max_nodes = 1024
sched_reserve: decode graph slots = 4 (n_tokens <= 4)
sched_reserve: reserving full memory module
sched_reserve: worst-case: n_tokens = 8, n_seqs = 1, n_outputs = 1
resolve_fused_ops: resolving fused Gated Delta Net support:
graph_reserve: reserving a graph for ubatch with n_tokens =    1, n_seqs =  1, n_outputs =    1
resolve_fused_ops: fused Gated Delta Net (autoregressive) enabled
graph_reserve: reserving a graph for ubatch with n_tokens =   16, n_seqs =  1, n_outputs =   16
resolve_fused_ops: fused Gated Delta Net (chunked) enabled
resolve_fused_ops: resolving fused Lightning Indexer support:
graph_reserve: reserving a graph for ubatch with n_tokens =    1, n_seqs =  1, n_outputs =    1
resolve_fused_ops: Lightning Indexer enabled
resolve_fused_ops: resolving fused DeepSeek V4 HC support:
graph_reserve: reserving a graph for ubatch with n_tokens =    1, n_seqs =  1, n_outputs =    1
resolve_fused_ops: fused DeepSeek V4 HC pre enabled
graph_reserve: reserving a graph for ubatch with n_tokens =    1, n_seqs =  1, n_outputs =    1
resolve_fused_ops: fused DeepSeek V4 HC comb enabled
graph_reserve: reserving a graph for ubatch with n_tokens =    1, n_seqs =  1, n_outputs =    1
resolve_fused_ops: fused DeepSeek V4 HC post enabled
graph_reserve: reserving a graph for ubatch with n_tokens =    8, n_seqs =  1, n_outputs =    8
graph_reserve: reserving a graph for ubatch with n_tokens =    1, n_seqs =  1, n_outputs =    1
graph_reserve: reserving a graph for ubatch with n_tokens =    8, n_seqs =  1, n_outputs =    8
sched_reserve:  CUDA_Host compute buffer size =     0.03 MiB
sched_reserve: graph nodes  = 100
sched_reserve: graph splits = 1
sched_reserve: reserve took 2.01 ms, sched copies = 1
graph_reserve: reserving a graph for ubatch with n_tokens =    4, n_seqs =  1, n_outputs =    4
FT_COMPARE layer=0 relative=0.00236489 first=-0.0187945/-0.0187197
FT_COMPARE layer=1 relative=0.00245348 first=-0.0407913/-0.040655
FT_COMPARE layer=0 relative=0.00237446 first=0.0360745/0.0360335
FT_COMPARE layer=1 relative=0.00230697 first=0.0133403/0.0133036
FT_COMPARE layer=0 relative=0.00244501 first=0.021732/0.021615
FT_COMPARE layer=1 relative=0.00253843 first=-0.0933592/-0.093165
FT_COMPARE layer=0 relative=0.00195058 first=0.086423/0.0863041
FT_COMPARE layer=1 relative=0.00225969 first=-0.0184169/-0.0183925
FT_COMPARE layer=0 relative=0.00235546 first=0.00433576/0.00439913
FT_COMPARE layer=1 relative=0.00258321 first=-0.025719/-0.0256684
FT_COMPARE layer=0 relative=0.0023434 first=0.0561421/0.0560113
FT_COMPARE layer=1 relative=0.00221864 first=0.05808/0.0580168
FT_COMPARE layer=0 relative=0.00223515 first=-0.0912347/-0.091029
FT_COMPARE layer=1 relative=0.00250516 first=0.0645847/0.0644161
FT_COMPARE layer=0 relative=0.00224684 first=-0.0282307/-0.0282131
FT_COMPARE layer=1 relative=0.00208146 first=-0.0338825/-0.0338433
FT_COMPARE layer=0 relative=0.00217057 first=0.082642/0.0824396
FT_COMPARE layer=1 relative=0.00212494 first=-0.0783593/-0.0781759
FT_COMPARE layer=0 relative=0.00217626 first=0.0361272/0.0360274
FT_COMPARE layer=1 relative=0.00248594 first=0.00698607/0.00694713
FT_COMPARE layer=0 relative=0.00242423 first=-0.0566568/-0.0565671
FT_COMPARE layer=1 relative=0.002133 first=-0.0537412/-0.0536541
FT_COMPARE layer=0 relative=0.00225261 first=-0.0759584/-0.0758078
FT_COMPARE layer=1 relative=0.00238178 first=-0.00495215/-0.004986
FT_COMPARE layer=0 relative=0.00225654 first=-0.138404/-0.138082
FT_COMPARE layer=1 relative=0.00220035 first=0.0505036/0.0504437
FT_COMPARE layer=0 relative=0.00248128 first=-0.0573892/-0.0572674
FT_COMPARE layer=1 relative=0.00258091 first=-0.0938506/-0.0936393
FT_COMPARE layer=0 relative=0.002121 first=0.0280507/0.0280186
FT_COMPARE layer=1 relative=0.00226944 first=0.0120161/0.0119826
FT_COMPARE layer=0 relative=0.00191631 first=-0.0102462/-0.0102024
FT_COMPARE layer=1 relative=0.00238472 first=-0.0402038/-0.0401149
FT_COMPARE layer=0 relative=0.00206461 first=-0.0684968/-0.0683212
FT_COMPARE layer=1 relative=0.00216083 first=0.0347874/0.0346618
FT_COMPARE layer=0 relative=0.001913 first=0.0402722/0.0402191
FT_COMPARE layer=1 relative=0.00193828 first=-0.037581/-0.0375015
FT_COMPARE layer=0 relative=0.00223933 first=0.0214132/0.0213583
FT_COMPARE layer=1 relative=0.00256574 first=-0.0387981/-0.0387447
FT_COMPARE layer=0 relative=0.00239288 first=0.0468727/0.0467792
FT_COMPARE layer=1 relative=0.00220699 first=-0.0147723/-0.014751
FT_COMPARE layer=0 relative=0.00212968 first=0.0416441/0.041508
FT_COMPARE layer=1 relative=0.00212453 first=0.00922013/0.00924503
FT_COMPARE layer=0 relative=0.00246788 first=-0.0147015/-0.0146685
FT_COMPARE layer=1 relative=0.00249202 first=-0.0305943/-0.0305432
FT_COMPARE layer=0 relative=0.00241579 first=-0.062285/-0.0621233
FT_COMPARE layer=1 relative=0.00266494 first=-0.0741905/-0.0740638
FT_COMPARE layer=0 relative=0.00230579 first=-0.0562827/-0.0561615
FT_COMPARE layer=1 relative=0.00232896 first=-0.0265851/-0.026521
FT_COMPARE layer=0 relative=0.00243898 first=0.102544/0.102281
FT_COMPARE layer=1 relative=0.00237615 first=-0.0555309/-0.0553688
FT_COMPARE layer=0 relative=0.00191026 first=0.0404418/0.0404182
FT_COMPARE layer=1 relative=0.00220186 first=-0.0826271/-0.0824539
FT_COMPARE layer=0 relative=0.00237537 first=0.0410223/0.0408928
FT_COMPARE layer=1 relative=0.00260068 first=-0.112243/-0.112017
FT_COMPARE layer=0 relative=0.0023126 first=0.150228/0.149935
FT_COMPARE layer=1 relative=0.00214608 first=-0.11012/-0.109942
FT_COMPARE layer=0 relative=0.00242851 first=0.0382534/0.0381889
FT_COMPARE layer=1 relative=0.00237461 first=-0.0626066/-0.0624717
FT_COMPARE layer=0 relative=0.00254374 first=-0.078778/-0.0786614
FT_COMPARE layer=1 relative=0.00229578 first=0.0213885/0.0213321
FT_COMPARE layer=0 relative=0.00203643 first=-0.133976/-0.133676
FT_COMPARE layer=1 relative=0.00249032 first=-0.0268099/-0.0267123
FT_COMPARE layer=0 relative=0.00245432 first=-0.0262582/-0.0262651
FT_COMPARE layer=1 relative=0.00217268 first=0.00505341/0.00505706
FT_COMPARE layer=0 relative=0.00202555 first=-0.0386644/-0.0385788
FT_COMPARE layer=1 relative=0.00235597 first=0.0603852/0.0602322
FT_COMPARE layer=0 relative=0.0022686 first=0.0576274/0.0575069
FT_COMPARE layer=1 relative=0.00262048 first=0.0502706/0.0501348
FT_COMPARE layer=0 relative=0.00233314 first=-0.0232946/-0.0231827
FT_COMPARE layer=1 relative=0.00217104 first=-0.097573/-0.0973954
FT_COMPARE layer=0 relative=0.00229768 first=-0.0659119/-0.0657523
FT_COMPARE layer=1 relative=0.00209763 first=-0.0202122/-0.0202097
FT_COMPARE layer=0 relative=0.00217406 first=0.0813556/0.0811606
FT_COMPARE layer=1 relative=0.00216298 first=-0.0358134/-0.0358009
FT_COMPARE layer=0 relative=0.00201543 first=-0.0603291/-0.0601813
FT_COMPARE layer=1 relative=0.0023268 first=0.132474/0.132108
FT_COMPARE layer=0 relative=0.00239497 first=-0.0185877/-0.0185882
FT_COMPARE layer=1 relative=0.00225579 first=0.128755/0.128495
FT_COMPARE layer=0 relative=0.00216288 first=-0.0164378/-0.0164314
FT_COMPARE layer=1 relative=0.00228712 first=-0.0498914/-0.049787
FT_COMPARE layer=0 relative=0.00213813 first=0.123307/0.123058
FT_COMPARE layer=1 relative=0.00181683 first=-0.0966535/-0.0964547
FT_COMPARE layer=0 relative=0.00204235 first=0.0317737/0.0317341
FT_COMPARE layer=1 relative=0.00215807 first=0.080674/0.0805184
FT_COMPARE layer=0 relative=0.00206363 first=-0.0639087/-0.0638236
FT_COMPARE layer=1 relative=0.00215372 first=-0.0630499/-0.0628839
FT_COMPARE layer=0 relative=0.00224912 first=-0.0966017/-0.0963816
FT_COMPARE layer=1 relative=0.00212244 first=0.039923/0.0398439
FT_COMPARE layer=0 relative=0.00233152 first=-0.0971882/-0.0969668
FT_COMPARE layer=1 relative=0.00227958 first=0.0332357/0.0330936
FT_COMPARE layer=0 relative=0.00246539 first=-0.0529353/-0.0527578
FT_COMPARE layer=1 relative=0.00232175 first=-0.0610196/-0.060907
FT_COMPARE layer=0 relative=0.00192576 first=-0.00992727/-0.00989715
FT_COMPARE layer=1 relative=0.00230827 first=0.0498298/0.0497114
FT_COMPARE layer=0 relative=0.00218004 first=-0.0603287/-0.06017
FT_COMPARE layer=1 relative=0.00239901 first=-0.0429803/-0.0429134
set_abort_callback: call
graph_compute: ggml_backend_sched_graph_compute_async failed with error 1
process_ubatch: failed to compute graph, compute status: 1
decode: removing memory module entries for seq_id = 0, pos = [59, +inf)
llama_decode: failed to decode, ret = 2
set_abort_callback: call
graph_compute: ggml_backend_sched_graph_compute_async failed with error -1
host-bank MoE execution failed: MoE routing weight must be finite
process_ubatch: failed to compute graph, compute status: -1
decode: removing memory module entries for seq_id = 0, pos = [59, +inf)
llama_decode: failed to decode, ret = -3
FT_COMPARE layer=0 relative=0.00217861 first=-0.0680329/-0.0678578
FT_COMPARE layer=1 relative=0.00252075 first=0.0742872/0.0740818
llama_context: constructing llama_context
llama_init_from_model: failed to initialize the context: host-bank MoE requires one sequence, op_offload=false and offload_kqv=false
llama_context: constructing llama_context
llama_init_from_model: failed to initialize the context: host-bank MoE requires one sequence, op_offload=false and offload_kqv=false
llama_context: constructing llama_context
llama_init_from_model: failed to initialize the context: host-bank MoE requires one sequence, op_offload=false and offload_kqv=false
llama_context: constructing llama_context
llama_init_from_model: failed to initialize the context: moe cache: invalid uniform arena geometry
llama_context: constructing llama_context
llama_init_from_model: failed to initialize the context: host-bank MoE cache requires model.moe_cpu_tile_bytes host-bank setup
~llama_context:      CUDA0 compute buffer size is   0.0000 MiB, matches expectation of   0.0000 MiB
~llama_context:  CUDA_Host compute buffer size is   0.0304 MiB, matches expectation of   0.0304 MiB
~llama_context:      CUDA0 compute buffer size is   0.0000 MiB, matches expectation of   0.0000 MiB
~llama_context:  CUDA_Host compute buffer size is   0.0304 MiB, matches expectation of   0.0304 MiB
llama_context: constructing llama_context
llama_context: MoE device=CUDA0 cache=196608 staging=1048576 compute-limit=67108864 bytes
llama_context: n_seq_max             = 1
llama_context: n_ctx                 = 256
llama_context: n_ctx_seq             = 256
llama_context: n_batch               = 32
llama_context: n_ubatch              = 8
llama_context: causal_attn           = 1
llama_context: flash_attn            = disabled
llama_context: kv_unified            = false
llama_context: freq_base             = 10000.0
llama_context: freq_scale            = 1
llama_context: n_rs_seq              = 0
llama_context: n_outputs_max         = 32
llama_context: n_outputs_max_per_seq = 1
llama_context: n_ctx_seq (256) > n_ctx_train (128) -- possible training context overflow
set_abort_callback: call
llama_context:        CPU  output buffer size =     0.00 MiB
llama_kv_cache: layer   0: dev = CPU
llama_kv_cache: layer   1: dev = CPU
llama_kv_cache:        CPU KV buffer size =     0.06 MiB
llama_kv_cache: size =    0.06 MiB (   256 cells,   2 layers,  1/1 seqs), K (f16):    0.03 MiB, V (f16):    0.03 MiB
llama_kv_cache: attn_rot_k = 0, n_embd_head_k_all = 16
llama_kv_cache: attn_rot_v = 0, n_embd_head_k_all = 16
llama_context: enumerating backends
llama_context: backend_ptrs.size() = 2
sched_reserve: reserving ...
sched_reserve: max_nodes = 1024
sched_reserve: decode graph slots = 4 (n_tokens <= 4)
sched_reserve: reserving full memory module
sched_reserve: worst-case: n_tokens = 8, n_seqs = 1, n_outputs = 1
resolve_fused_ops: resolving fused Gated Delta Net support:
graph_reserve: reserving a graph for ubatch with n_tokens =    1, n_seqs =  1, n_outputs =    1
resolve_fused_ops: fused Gated Delta Net (autoregressive) enabled
graph_reserve: reserving a graph for ubatch with n_tokens =   16, n_seqs =  1, n_outputs =   16
resolve_fused_ops: fused Gated Delta Net (chunked) enabled
resolve_fused_ops: resolving fused Lightning Indexer support:
graph_reserve: reserving a graph for ubatch with n_tokens =    1, n_seqs =  1, n_outputs =    1
resolve_fused_ops: Lightning Indexer enabled
resolve_fused_ops: resolving fused DeepSeek V4 HC support:
graph_reserve: reserving a graph for ubatch with n_tokens =    1, n_seqs =  1, n_outputs =    1
resolve_fused_ops: fused DeepSeek V4 HC pre enabled
graph_reserve: reserving a graph for ubatch with n_tokens =    1, n_seqs =  1, n_outputs =    1
resolve_fused_ops: fused DeepSeek V4 HC comb enabled
graph_reserve: reserving a graph for ubatch with n_tokens =    1, n_seqs =  1, n_outputs =    1
resolve_fused_ops: fused DeepSeek V4 HC post enabled
graph_reserve: reserving a graph for ubatch with n_tokens =    8, n_seqs =  1, n_outputs =    8
graph_reserve: reserving a graph for ubatch with n_tokens =    1, n_seqs =  1, n_outputs =    1
graph_reserve: reserving a graph for ubatch with n_tokens =    8, n_seqs =  1, n_outputs =    8
sched_reserve:  CUDA_Host compute buffer size =     0.03 MiB
sched_reserve: graph nodes  = 100
sched_reserve: graph splits = 1
sched_reserve: reserve took 1.99 ms, sched copies = 1
llama_context: constructing llama_context
llama_context: n_seq_max             = 1
llama_context: n_ctx                 = 256
llama_context: n_ctx_seq             = 256
llama_context: n_batch               = 32
llama_context: n_ubatch              = 8
llama_context: causal_attn           = 1
llama_context: flash_attn            = disabled
llama_context: kv_unified            = false
llama_context: freq_base             = 10000.0
llama_context: freq_scale            = 1
llama_context: n_rs_seq              = 0
llama_context: n_outputs_max         = 32
llama_context: n_outputs_max_per_seq = 1
llama_context: n_ctx_seq (256) > n_ctx_train (128) -- possible training context overflow
set_abort_callback: call
llama_context:        CPU  output buffer size =     0.00 MiB
llama_kv_cache: layer   0: dev = CPU
llama_kv_cache: layer   1: dev = CPU
llama_kv_cache:        CPU KV buffer size =     0.06 MiB
llama_kv_cache: size =    0.06 MiB (   256 cells,   2 layers,  1/1 seqs), K (f16):    0.03 MiB, V (f16):    0.03 MiB
llama_kv_cache: attn_rot_k = 0, n_embd_head_k_all = 16
llama_kv_cache: attn_rot_v = 0, n_embd_head_k_all = 16
llama_context: enumerating backends
llama_context: backend_ptrs.size() = 2
sched_reserve: reserving ...
sched_reserve: max_nodes = 1024
sched_reserve: decode graph slots = 4 (n_tokens <= 4)
sched_reserve: reserving full memory module
sched_reserve: worst-case: n_tokens = 8, n_seqs = 1, n_outputs = 1
resolve_fused_ops: resolving fused Gated Delta Net support:
graph_reserve: reserving a graph for ubatch with n_tokens =    1, n_seqs =  1, n_outputs =    1
resolve_fused_ops: fused Gated Delta Net (autoregressive) enabled
graph_reserve: reserving a graph for ubatch with n_tokens =   16, n_seqs =  1, n_outputs =   16
resolve_fused_ops: fused Gated Delta Net (chunked) enabled
resolve_fused_ops: resolving fused Lightning Indexer support:
graph_reserve: reserving a graph for ubatch with n_tokens =    1, n_seqs =  1, n_outputs =    1
resolve_fused_ops: Lightning Indexer enabled
resolve_fused_ops: resolving fused DeepSeek V4 HC support:
graph_reserve: reserving a graph for ubatch with n_tokens =    1, n_seqs =  1, n_outputs =    1
resolve_fused_ops: fused DeepSeek V4 HC pre enabled
graph_reserve: reserving a graph for ubatch with n_tokens =    1, n_seqs =  1, n_outputs =    1
resolve_fused_ops: fused DeepSeek V4 HC comb enabled
graph_reserve: reserving a graph for ubatch with n_tokens =    1, n_seqs =  1, n_outputs =    1
resolve_fused_ops: fused DeepSeek V4 HC post enabled
graph_reserve: reserving a graph for ubatch with n_tokens =    8, n_seqs =  1, n_outputs =    8
graph_reserve: reserving a graph for ubatch with n_tokens =    1, n_seqs =  1, n_outputs =    1
graph_reserve: reserving a graph for ubatch with n_tokens =    8, n_seqs =  1, n_outputs =    8
sched_reserve:  CUDA_Host compute buffer size =     0.03 MiB
sched_reserve: graph nodes  = 110
sched_reserve: graph splits = 1
sched_reserve: reserve took 2.02 ms, sched copies = 1
FT_COMPARE layer=0 relative=0.00236489 first=-0.0187945/-0.0187197
FT_COMPARE layer=1 relative=0.00245348 first=-0.0407913/-0.040655
~llama_context:      CUDA0 compute buffer size is   0.0000 MiB, matches expectation of   0.0000 MiB
~llama_context:  CUDA_Host compute buffer size is   0.0304 MiB, matches expectation of   0.0304 MiB
~llama_context:      CUDA0 compute buffer size is   0.0000 MiB, matches expectation of   0.0000 MiB
~llama_context:  CUDA_Host compute buffer size is   0.0304 MiB, matches expectation of   0.0304 MiB
llama_model_loader: loaded meta data with 13 key-value pairs and 23 tensors from C:\Users\cadel\AppData\Local\Temp\moe-integration-1702916.gguf (version GGUF V3 (latest))
llama_model_loader: Dumping metadata keys/values. Note: KV overrides do not apply in this output.
llama_model_loader: - kv   0:                       general.architecture str              = llama
llama_model_loader: - kv   1:                       tokenizer.ggml.model str              = no_vocab
llama_model_loader: - kv   2:                           llama.vocab_size u32              = 32
llama_model_loader: - kv   3:                       llama.context_length u32              = 128
llama_model_loader: - kv   4:                     llama.embedding_length u32              = 32
llama_model_loader: - kv   5:                          llama.block_count u32              = 2
llama_model_loader: - kv   6:                  llama.feed_forward_length u32              = 64
llama_model_loader: - kv   7:                 llama.attention.head_count u32              = 2
llama_model_loader: - kv   8:              llama.attention.head_count_kv u32              = 2
llama_model_loader: - kv   9:                 llama.rope.dimension_count u32              = 16
llama_model_loader: - kv  10:                         llama.expert_count u32              = 4
llama_model_loader: - kv  11:                    llama.expert_used_count u32              = 2
llama_model_loader: - kv  12:     llama.attention.layer_norm_rms_epsilon f32              = 0.000010
llama_model_loader: - type  f32:   17 tensors
llama_model_loader: - type  f16:    6 tensors
print_info: file format = GGUF V3 (latest)
print_info: file type   = (guessed) all F32
print_info: file size   = 0.13 MiB (18.85 BPW) 
llama_prepare_model_devices: using device CUDA0 (NVIDIA GeForce RTX 4060 Laptop GPU) (0000:01:00.0) - 7096 MiB free
load: adding 32 dummy tokens
print_info: arch                  = llama
print_info: vocab_only            = 0
print_info: no_alloc              = 0
print_info: n_ctx_train           = 128
print_info: n_embd_inp            = 32
print_info: n_embd                = 32
print_info: n_embd_out            = 32
print_info: n_layer               = 2
print_info: n_layer_all           = 2
print_info: n_head                = 2
print_info: n_head_kv             = 2
print_info: n_rot                 = 16
print_info: n_swa                 = 0
print_info: is_swa_any            = 0
print_info: n_embd_head_k         = 16
print_info: n_embd_head_v         = 16
print_info: n_gqa                 = 1
print_info: n_embd_k_gqa          = 32
print_info: n_embd_v_gqa          = 32
print_info: f_norm_eps            = 0.0e+00
print_info: f_norm_rms_eps        = 1.0e-05
print_info: f_clamp_kqv           = 0.0e+00
print_info: f_max_alibi_bias      = 0.0e+00
print_info: f_logit_scale         = 0.0e+00
print_info: f_attn_scale          = 0.0e+00
print_info: f_attn_value_scale    = 0.0000
print_info: n_ff                  = 64
print_info: n_expert              = 4
print_info: n_expert_used         = 2
print_info: n_expert_groups       = 0
print_info: n_group_used          = 0
print_info: causal attn           = 1
print_info: pooling type          = -1
print_info: rope type             = 0
print_info: rope scaling          = linear
print_info: freq_base_train       = 10000.0
print_info: freq_scale_train      = 1
print_info: n_ctx_orig_yarn       = 128
print_info: rope_yarn_log_mul     = 0.0000
print_info: rope_finetuned        = unknown
print_info: model type            = ?B
print_info: model params          = 59.81 K
print_info: general.name          = n/a
print_info: vocab type            = no vocab
print_info: n_vocab               = 32
print_info: n_merges              = 0
print_info: max token length      = 0
load_tensors: loading model tensors, this can take a while... (load_mode = none)
load_tensors: layer   0 assigned to device CPU, is_swa = 0
load_tensors: layer   1 assigned to device CPU, is_swa = 0
load_tensors: layer   2 assigned to device CPU, is_swa = 0
create_tensor: loading tensor token_embd.weight
create_tensor: loading tensor output_norm.weight
create_tensor: loading tensor output.weight
create_tensor: loading tensor blk.0.attn_norm.weight
create_tensor: loading tensor blk.0.attn_qkv.weight
create_tensor: loading tensor blk.0.attn_q.weight
create_tensor: loading tensor blk.0.attn_k.weight
create_tensor: loading tensor blk.0.attn_v.weight
create_tensor: loading tensor blk.0.attn_q.bias
create_tensor: loading tensor blk.0.attn_k.bias
create_tensor: loading tensor blk.0.attn_v.bias
create_tensor: loading tensor blk.0.attn_output.weight
create_tensor: loading tensor blk.0.attn_output.bias
create_tensor: loading tensor blk.0.ffn_norm.weight
create_tensor: loading tensor rope_freqs.weight
create_tensor: loading tensor blk.0.ffn_gate_inp.weight
create_tensor: loading tensor blk.0.ffn_gate_exps.weight
create_tensor: loading tensor blk.0.ffn_down_exps.weight
create_tensor: loading tensor blk.0.ffn_up_exps.weight
create_tensor: loading tensor blk.1.attn_norm.weight
create_tensor: loading tensor blk.1.attn_qkv.weight
create_tensor: loading tensor blk.1.attn_q.weight
create_tensor: loading tensor blk.1.attn_k.weight
create_tensor: loading tensor blk.1.attn_v.weight
create_tensor: loading tensor blk.1.attn_q.bias
create_tensor: loading tensor blk.1.attn_k.bias
create_tensor: loading tensor blk.1.attn_v.bias
create_tensor: loading tensor blk.1.attn_output.weight
create_tensor: loading tensor blk.1.attn_output.bias
create_tensor: loading tensor blk.1.ffn_norm.weight
create_tensor: loading tensor rope_freqs.weight
create_tensor: loading tensor blk.1.ffn_gate_inp.weight
create_tensor: loading tensor blk.1.ffn_gate_exps.weight
create_tensor: loading tensor blk.1.ffn_down_exps.weight
create_tensor: loading tensor blk.1.ffn_up_exps.weight
create_tensor: loading tensor blk.0.attn_q.scale
create_tensor: loading tensor blk.0.attn_k.scale
create_tensor: loading tensor blk.0.attn_v.scale
create_tensor: loading tensor blk.0.attn_output.scale
create_tensor: loading tensor blk.0.ffn_gate_exps.scale
create_tensor: loading tensor blk.0.ffn_down_exps.scale
create_tensor: loading tensor blk.0.ffn_up_exps.scale
create_tensor: loading tensor blk.0.attn_q.input_scale
create_tensor: loading tensor blk.0.attn_k.input_scale
create_tensor: loading tensor blk.0.attn_v.input_scale
create_tensor: loading tensor blk.0.attn_output.input_scale
create_tensor: loading tensor blk.0.ffn_gate_exps.input_scale
create_tensor: loading tensor blk.0.ffn_down_exps.input_scale
create_tensor: loading tensor blk.0.ffn_up_exps.input_scale
create_tensor: loading tensor blk.1.attn_q.scale
create_tensor: loading tensor blk.1.attn_k.scale
create_tensor: loading tensor blk.1.attn_v.scale
create_tensor: loading tensor blk.1.attn_output.scale
create_tensor: loading tensor blk.1.ffn_gate_exps.scale
create_tensor: loading tensor blk.1.ffn_down_exps.scale
create_tensor: loading tensor blk.1.ffn_up_exps.scale
create_tensor: loading tensor blk.1.attn_q.input_scale
create_tensor: loading tensor blk.1.attn_k.input_scale
create_tensor: loading tensor blk.1.attn_v.input_scale
create_tensor: loading tensor blk.1.attn_output.input_scale
create_tensor: loading tensor blk.1.ffn_gate_exps.input_scale
create_tensor: loading tensor blk.1.ffn_down_exps.input_scale
create_tensor: loading tensor blk.1.ffn_up_exps.input_scale
load_tensors: offloading 0 repeating layers to GPU
load_tensors: offloaded 0/3 layers to GPU
load_tensors:    CUDA_Host model buffer size =     0.13 MiB
load_all_data: buffer type CUDA_Host is not the default buffer type for device CUDA0 for async uploads
...................
llama_model_loader: loaded meta data with 13 key-value pairs and 23 tensors from C:\Users\cadel\AppData\Local\Temp\moe-integration-1702916.gguf (version GGUF V3 (latest))
llama_model_loader: Dumping metadata keys/values. Note: KV overrides do not apply in this output.
llama_model_loader: - kv   0:                       general.architecture str              = llama
llama_model_loader: - kv   1:                       tokenizer.ggml.model str              = no_vocab
llama_model_loader: - kv   2:                           llama.vocab_size u32              = 32
llama_model_loader: - kv   3:                       llama.context_length u32              = 128
llama_model_loader: - kv   4:                     llama.embedding_length u32              = 32
llama_model_loader: - kv   5:                          llama.block_count u32              = 2
llama_model_loader: - kv   6:                  llama.feed_forward_length u32              = 64
llama_model_loader: - kv   7:                 llama.attention.head_count u32              = 2
llama_model_loader: - kv   8:              llama.attention.head_count_kv u32              = 2
llama_model_loader: - kv   9:                 llama.rope.dimension_count u32              = 16
llama_model_loader: - kv  10:                         llama.expert_count u32              = 4
llama_model_loader: - kv  11:                    llama.expert_used_count u32              = 2
llama_model_loader: - kv  12:     llama.attention.layer_norm_rms_epsilon f32              = 0.000010
llama_model_loader: - type  f32:   17 tensors
llama_model_loader: - type  f16:    6 tensors
print_info: file format = GGUF V3 (latest)
print_info: file type   = (guessed) all F32
print_info: file size   = 0.13 MiB (18.85 BPW) 
llama_prepare_model_devices: using device CUDA0 (NVIDIA GeForce RTX 4060 Laptop GPU) (0000:01:00.0) - 7096 MiB free
load: adding 32 dummy tokens
print_info: arch                  = llama
print_info: vocab_only            = 0
print_info: no_alloc              = 0
print_info: n_ctx_train           = 128
print_info: n_embd_inp            = 32
print_info: n_embd                = 32
print_info: n_embd_out            = 32
print_info: n_layer               = 2
print_info: n_layer_all           = 2
print_info: n_head                = 2
print_info: n_head_kv             = 2
print_info: n_rot                 = 16
print_info: n_swa                 = 0
print_info: is_swa_any            = 0
print_info: n_embd_head_k         = 16
print_info: n_embd_head_v         = 16
print_info: n_gqa                 = 1
print_info: n_embd_k_gqa          = 32
print_info: n_embd_v_gqa          = 32
print_info: f_norm_eps            = 0.0e+00
print_info: f_norm_rms_eps        = 1.0e-05
print_info: f_clamp_kqv           = 0.0e+00
print_info: f_max_alibi_bias      = 0.0e+00
print_info: f_logit_scale         = 0.0e+00
print_info: f_attn_scale          = 0.0e+00
print_info: f_attn_value_scale    = 0.0000
print_info: n_ff                  = 64
print_info: n_expert              = 4
print_info: n_expert_used         = 2
print_info: n_expert_groups       = 0
print_info: n_group_used          = 0
print_info: causal attn           = 1
print_info: pooling type          = -1
print_info: rope type             = 0
print_info: rope scaling          = linear
print_info: freq_base_train       = 10000.0
print_info: freq_scale_train      = 1
print_info: n_ctx_orig_yarn       = 128
print_info: rope_yarn_log_mul     = 0.0000
print_info: rope_finetuned        = unknown
print_info: model type            = ?B
print_info: model params          = 59.81 K
print_info: general.name          = n/a
print_info: vocab type            = no vocab
print_info: n_vocab               = 32
print_info: n_merges              = 0
print_info: max token length      = 0
load_tensors: loading model tensors, this can take a while... (load_mode = none)
load_tensors: layer   0 assigned to device CPU, is_swa = 0
load_tensors: layer   1 assigned to device CPU, is_swa = 0
load_tensors: layer   2 assigned to device CPU, is_swa = 0
create_tensor: loading tensor token_embd.weight
create_tensor: loading tensor output_norm.weight
create_tensor: loading tensor output.weight
create_tensor: loading tensor blk.0.attn_norm.weight
create_tensor: loading tensor blk.0.attn_qkv.weight
create_tensor: loading tensor blk.0.attn_q.weight
create_tensor: loading tensor blk.0.attn_k.weight
create_tensor: loading tensor blk.0.attn_v.weight
create_tensor: loading tensor blk.0.attn_q.bias
create_tensor: loading tensor blk.0.attn_k.bias
create_tensor: loading tensor blk.0.attn_v.bias
create_tensor: loading tensor blk.0.attn_output.weight
create_tensor: loading tensor blk.0.attn_output.bias
create_tensor: loading tensor blk.0.ffn_norm.weight
create_tensor: loading tensor rope_freqs.weight
create_tensor: loading tensor blk.0.ffn_gate_inp.weight
create_tensor: loading tensor blk.0.ffn_gate_exps.weight
create_tensor: loading tensor blk.0.ffn_down_exps.weight
create_tensor: loading tensor blk.0.ffn_up_exps.weight
create_tensor: loading tensor blk.1.attn_norm.weight
create_tensor: loading tensor blk.1.attn_qkv.weight
create_tensor: loading tensor blk.1.attn_q.weight
create_tensor: loading tensor blk.1.attn_k.weight
create_tensor: loading tensor blk.1.attn_v.weight
create_tensor: loading tensor blk.1.attn_q.bias
create_tensor: loading tensor blk.1.attn_k.bias
create_tensor: loading tensor blk.1.attn_v.bias
create_tensor: loading tensor blk.1.attn_output.weight
create_tensor: loading tensor blk.1.attn_output.bias
create_tensor: loading tensor blk.1.ffn_norm.weight
create_tensor: loading tensor rope_freqs.weight
create_tensor: loading tensor blk.1.ffn_gate_inp.weight
create_tensor: loading tensor blk.1.ffn_gate_exps.weight
create_tensor: loading tensor blk.1.ffn_down_exps.weight
create_tensor: loading tensor blk.1.ffn_up_exps.weight
create_tensor: loading tensor blk.0.attn_q.scale
create_tensor: loading tensor blk.0.attn_k.scale
create_tensor: loading tensor blk.0.attn_v.scale
create_tensor: loading tensor blk.0.attn_output.scale
create_tensor: loading tensor blk.0.ffn_gate_exps.scale
create_tensor: loading tensor blk.0.ffn_down_exps.scale
create_tensor: loading tensor blk.0.ffn_up_exps.scale
create_tensor: loading tensor blk.0.attn_q.input_scale
create_tensor: loading tensor blk.0.attn_k.input_scale
create_tensor: loading tensor blk.0.attn_v.input_scale
create_tensor: loading tensor blk.0.attn_output.input_scale
create_tensor: loading tensor blk.0.ffn_gate_exps.input_scale
create_tensor: loading tensor blk.0.ffn_down_exps.input_scale
create_tensor: loading tensor blk.0.ffn_up_exps.input_scale
create_tensor: loading tensor blk.1.attn_q.scale
create_tensor: loading tensor blk.1.attn_k.scale
create_tensor: loading tensor blk.1.attn_v.scale
create_tensor: loading tensor blk.1.attn_output.scale
create_tensor: loading tensor blk.1.ffn_gate_exps.scale
create_tensor: loading tensor blk.1.ffn_down_exps.scale
create_tensor: loading tensor blk.1.ffn_up_exps.scale
create_tensor: loading tensor blk.1.attn_q.input_scale
create_tensor: loading tensor blk.1.attn_k.input_scale
create_tensor: loading tensor blk.1.attn_v.input_scale
create_tensor: loading tensor blk.1.attn_output.input_scale
create_tensor: loading tensor blk.1.ffn_gate_exps.input_scale
create_tensor: loading tensor blk.1.ffn_down_exps.input_scale
create_tensor: loading tensor blk.1.ffn_up_exps.input_scale
load_tensors: offloading 0 repeating layers to GPU
load_tensors: offloaded 0/3 layers to GPU
load_tensors:          CPU model buffer size =     0.13 MiB
load_all_data: no device found for buffer type CPU for async uploads
...................
load_tensors: experimental host-bank MoE enabled, tile weights <= 12544 bytes; this is not a total memory limit
llama_context: constructing llama_context
llama_context: n_seq_max             = 1
llama_context: n_ctx                 = 256
llama_context: n_ctx_seq             = 256
llama_context: n_batch               = 32
llama_context: n_ubatch              = 8
llama_context: causal_attn           = 1
llama_context: flash_attn            = disabled
llama_context: kv_unified            = false
llama_context: freq_base             = 10000.0
llama_context: freq_scale            = 1
llama_context: n_rs_seq              = 0
llama_context: n_outputs_max         = 32
llama_context: n_outputs_max_per_seq = 1
llama_context: n_ctx_seq (256) > n_ctx_train (128) -- possible training context overflow
set_abort_callback: call
llama_context:        CPU  output buffer size =     0.00 MiB
llama_kv_cache: layer   0: dev = CPU
llama_kv_cache: layer   1: dev = CPU
llama_kv_cache:        CPU KV buffer size =     0.06 MiB
llama_kv_cache: size =    0.06 MiB (   256 cells,   2 layers,  1/1 seqs), K (f16):    0.03 MiB, V (f16):    0.03 MiB
llama_kv_cache: attn_rot_k = 0, n_embd_head_k_all = 16
llama_kv_cache: attn_rot_v = 0, n_embd_head_k_all = 16
llama_context: enumerating backends
llama_context: backend_ptrs.size() = 2
sched_reserve: reserving ...
sched_reserve: max_nodes = 1024
sched_reserve: decode graph slots = 4 (n_tokens <= 4)
sched_reserve: reserving full memory module
sched_reserve: worst-case: n_tokens = 8, n_seqs = 1, n_outputs = 1
resolve_fused_ops: resolving fused Gated Delta Net support:
graph_reserve: reserving a graph for ubatch with n_tokens =    1, n_seqs =  1, n_outputs =    1
resolve_fused_ops: fused Gated Delta Net (autoregressive) enabled
graph_reserve: reserving a graph for ubatch with n_tokens =   16, n_seqs =  1, n_outputs =   16
resolve_fused_ops: fused Gated Delta Net (chunked) enabled
resolve_fused_ops: resolving fused Lightning Indexer support:
graph_reserve: reserving a graph for ubatch with n_tokens =    1, n_seqs =  1, n_outputs =    1
resolve_fused_ops: Lightning Indexer enabled
resolve_fused_ops: resolving fused DeepSeek V4 HC support:
graph_reserve: reserving a graph for ubatch with n_tokens =    1, n_seqs =  1, n_outputs =    1
resolve_fused_ops: fused DeepSeek V4 HC pre enabled
graph_reserve: reserving a graph for ubatch with n_tokens =    1, n_seqs =  1, n_outputs =    1
resolve_fused_ops: fused DeepSeek V4 HC comb enabled
graph_reserve: reserving a graph for ubatch with n_tokens =    1, n_seqs =  1, n_outputs =    1
resolve_fused_ops: fused DeepSeek V4 HC post enabled
graph_reserve: reserving a graph for ubatch with n_tokens =    8, n_seqs =  1, n_outputs =    8
graph_reserve: reserving a graph for ubatch with n_tokens =    1, n_seqs =  1, n_outputs =    1
graph_reserve: reserving a graph for ubatch with n_tokens =    8, n_seqs =  1, n_outputs =    8
sched_reserve:  CUDA_Host compute buffer size =     0.03 MiB
sched_reserve: graph nodes  = 110
sched_reserve: graph splits = 1
sched_reserve: reserve took 2.11 ms, sched copies = 1
llama_context: constructing llama_context
llama_context: n_seq_max             = 1
llama_context: n_ctx                 = 256
llama_context: n_ctx_seq             = 256
llama_context: n_batch               = 32
llama_context: n_ubatch              = 8
llama_context: causal_attn           = 1
llama_context: flash_attn            = disabled
llama_context: kv_unified            = false
llama_context: freq_base             = 10000.0
llama_context: freq_scale            = 1
llama_context: n_rs_seq              = 0
llama_context: n_outputs_max         = 32
llama_context: n_outputs_max_per_seq = 1
llama_context: n_ctx_seq (256) > n_ctx_train (128) -- possible training context overflow
set_abort_callback: call
llama_context:        CPU  output buffer size =     0.00 MiB
llama_kv_cache: layer   0: dev = CPU
llama_kv_cache: layer   1: dev = CPU
llama_kv_cache:        CPU KV buffer size =     0.06 MiB
llama_kv_cache: size =    0.06 MiB (   256 cells,   2 layers,  1/1 seqs), K (f16):    0.03 MiB, V (f16):    0.03 MiB
llama_kv_cache: attn_rot_k = 0, n_embd_head_k_all = 16
llama_kv_cache: attn_rot_v = 0, n_embd_head_k_all = 16
llama_context: enumerating backends
llama_context: backend_ptrs.size() = 2
sched_reserve: reserving ...
sched_reserve: max_nodes = 1024
sched_reserve: decode graph slots = 4 (n_tokens <= 4)
sched_reserve: reserving full memory module
sched_reserve: worst-case: n_tokens = 8, n_seqs = 1, n_outputs = 1
resolve_fused_ops: resolving fused Gated Delta Net support:
graph_reserve: reserving a graph for ubatch with n_tokens =    1, n_seqs =  1, n_outputs =    1
resolve_fused_ops: fused Gated Delta Net (autoregressive) enabled
graph_reserve: reserving a graph for ubatch with n_tokens =   16, n_seqs =  1, n_outputs =   16
resolve_fused_ops: fused Gated Delta Net (chunked) enabled
resolve_fused_ops: resolving fused Lightning Indexer support:
graph_reserve: reserving a graph for ubatch with n_tokens =    1, n_seqs =  1, n_outputs =    1
resolve_fused_ops: Lightning Indexer enabled
resolve_fused_ops: resolving fused DeepSeek V4 HC support:
graph_reserve: reserving a graph for ubatch with n_tokens =    1, n_seqs =  1, n_outputs =    1
resolve_fused_ops: fused DeepSeek V4 HC pre enabled
graph_reserve: reserving a graph for ubatch with n_tokens =    1, n_seqs =  1, n_outputs =    1
resolve_fused_ops: fused DeepSeek V4 HC comb enabled
graph_reserve: reserving a graph for ubatch with n_tokens =    1, n_seqs =  1, n_outputs =    1
resolve_fused_ops: fused DeepSeek V4 HC post enabled
graph_reserve: reserving a graph for ubatch with n_tokens =    8, n_seqs =  1, n_outputs =    8
graph_reserve: reserving a graph for ubatch with n_tokens =    1, n_seqs =  1, n_outputs =    1
graph_reserve: reserving a graph for ubatch with n_tokens =    8, n_seqs =  1, n_outputs =    8
sched_reserve:  CUDA_Host compute buffer size =     0.03 MiB
sched_reserve: graph nodes  = 100
sched_reserve: graph splits = 1
sched_reserve: reserve took 1.89 ms, sched copies = 1
graph_reserve: reserving a graph for ubatch with n_tokens =    4, n_seqs =  1, n_outputs =    4
set_abort_callback: call
graph_compute: ggml_backend_sched_graph_compute_async failed with error 1
process_ubatch: failed to compute graph, compute status: 1
decode: removing memory module entries for seq_id = 0, pos = [59, +inf)
llama_decode: failed to decode, ret = 2
set_abort_callback: call
host-bank MoE execution failed: MoE routing weight must be finite
host-bank MoE execution failed: MoE routing weight must be finite
process_ubatch: failed to compute graph, compute status: -1
decode: removing memory module entries for seq_id = 0, pos = [59, +inf)
llama_decode: failed to decode, ret = -3
llama_context: constructing llama_context
llama_init_from_model: failed to initialize the context: host-bank MoE requires one sequence, op_offload=false and offload_kqv=false
llama_context: constructing llama_context
llama_init_from_model: failed to initialize the context: host-bank MoE requires one sequence, op_offload=false and offload_kqv=false
llama_context: constructing llama_context
llama_init_from_model: failed to initialize the context: host-bank MoE requires one sequence, op_offload=false and offload_kqv=false
llama_context: constructing llama_context
llama_init_from_model: failed to initialize the context: moe cache: invalid uniform arena geometry
llama_context: constructing llama_context
llama_init_from_model: failed to initialize the context: host-bank MoE cache requires model.moe_cpu_tile_bytes host-bank setup
~llama_context:      CUDA0 compute buffer size is   0.0000 MiB, matches expectation of   0.0000 MiB
~llama_context:  CUDA_Host compute buffer size is   0.0304 MiB, matches expectation of   0.0304 MiB
~llama_context:      CUDA0 compute buffer size is   0.0000 MiB, matches expectation of   0.0000 MiB
~llama_context:  CUDA_Host compute buffer size is   0.0304 MiB, matches expectation of   0.0304 MiB
llama_context: constructing llama_context
llama_context: n_seq_max             = 1
llama_context: n_ctx                 = 256
llama_context: n_ctx_seq             = 256
llama_context: n_batch               = 32
llama_context: n_ubatch              = 8
llama_context: causal_attn           = 1
llama_context: flash_attn            = disabled
llama_context: kv_unified            = false
llama_context: freq_base             = 10000.0
llama_context: freq_scale            = 1
llama_context: n_rs_seq              = 0
llama_context: n_outputs_max         = 32
llama_context: n_outputs_max_per_seq = 1
llama_context: n_ctx_seq (256) > n_ctx_train (128) -- possible training context overflow
set_abort_callback: call
llama_context:        CPU  output buffer size =     0.00 MiB
llama_kv_cache: layer   0: dev = CPU
llama_kv_cache: layer   1: dev = CPU
llama_kv_cache:        CPU KV buffer size =     0.06 MiB
llama_kv_cache: size =    0.06 MiB (   256 cells,   2 layers,  1/1 seqs), K (f16):    0.03 MiB, V (f16):    0.03 MiB
llama_kv_cache: attn_rot_k = 0, n_embd_head_k_all = 16
llama_kv_cache: attn_rot_v = 0, n_embd_head_k_all = 16
llama_context: enumerating backends
llama_context: backend_ptrs.size() = 2
sched_reserve: reserving ...
sched_reserve: max_nodes = 1024
sched_reserve: decode graph slots = 4 (n_tokens <= 4)
sched_reserve: reserving full memory module
sched_reserve: worst-case: n_tokens = 8, n_seqs = 1, n_outputs = 1
resolve_fused_ops: resolving fused Gated Delta Net support:
graph_reserve: reserving a graph for ubatch with n_tokens =    1, n_seqs =  1, n_outputs =    1
resolve_fused_ops: fused Gated Delta Net (autoregressive) enabled
graph_reserve: reserving a graph for ubatch with n_tokens =   16, n_seqs =  1, n_outputs =   16
resolve_fused_ops: fused Gated Delta Net (chunked) enabled
resolve_fused_ops: resolving fused Lightning Indexer support:
graph_reserve: reserving a graph for ubatch with n_tokens =    1, n_seqs =  1, n_outputs =    1
resolve_fused_ops: Lightning Indexer enabled
resolve_fused_ops: resolving fused DeepSeek V4 HC support:
graph_reserve: reserving a graph for ubatch with n_tokens =    1, n_seqs =  1, n_outputs =    1
resolve_fused_ops: fused DeepSeek V4 HC pre enabled
graph_reserve: reserving a graph for ubatch with n_tokens =    1, n_seqs =  1, n_outputs =    1
resolve_fused_ops: fused DeepSeek V4 HC comb enabled
graph_reserve: reserving a graph for ubatch with n_tokens =    1, n_seqs =  1, n_outputs =    1
resolve_fused_ops: fused DeepSeek V4 HC post enabled
graph_reserve: reserving a graph for ubatch with n_tokens =    8, n_seqs =  1, n_outputs =    8
graph_reserve: reserving a graph for ubatch with n_tokens =    1, n_seqs =  1, n_outputs =    1
graph_reserve: reserving a graph for ubatch with n_tokens =    8, n_seqs =  1, n_outputs =    8
sched_reserve:  CUDA_Host compute buffer size =     0.03 MiB
sched_reserve: graph nodes  = 100
sched_reserve: graph splits = 1
sched_reserve: reserve took 1.74 ms, sched copies = 1
llama_context: constructing llama_context
llama_context: n_seq_max             = 1
llama_context: n_ctx                 = 256
llama_context: n_ctx_seq             = 256
llama_context: n_batch               = 32
llama_context: n_ubatch              = 8
llama_context: causal_attn           = 1
llama_context: flash_attn            = disabled
llama_context: kv_unified            = false
llama_context: freq_base             = 10000.0
llama_context: freq_scale            = 1
llama_context: n_rs_seq              = 0
llama_context: n_outputs_max         = 32
llama_context: n_outputs_max_per_seq = 1
llama_context: n_ctx_seq (256) > n_ctx_train (128) -- possible training context overflow
set_abort_callback: call
llama_context:        CPU  output buffer size =     0.00 MiB
llama_kv_cache: layer   0: dev = CPU
llama_kv_cache: layer   1: dev = CPU
llama_kv_cache:        CPU KV buffer size =     0.06 MiB
llama_kv_cache: size =    0.06 MiB (   256 cells,   2 layers,  1/1 seqs), K (f16):    0.03 MiB, V (f16):    0.03 MiB
llama_kv_cache: attn_rot_k = 0, n_embd_head_k_all = 16
llama_kv_cache: attn_rot_v = 0, n_embd_head_k_all = 16
llama_context: enumerating backends
llama_context: backend_ptrs.size() = 2
sched_reserve: reserving ...
sched_reserve: max_nodes = 1024
sched_reserve: decode graph slots = 4 (n_tokens <= 4)
sched_reserve: reserving full memory module
sched_reserve: worst-case: n_tokens = 8, n_seqs = 1, n_outputs = 1
resolve_fused_ops: resolving fused Gated Delta Net support:
graph_reserve: reserving a graph for ubatch with n_tokens =    1, n_seqs =  1, n_outputs =    1
resolve_fused_ops: fused Gated Delta Net (autoregressive) enabled
graph_reserve: reserving a graph for ubatch with n_tokens =   16, n_seqs =  1, n_outputs =   16
resolve_fused_ops: fused Gated Delta Net (chunked) enabled
resolve_fused_ops: resolving fused Lightning Indexer support:
graph_reserve: reserving a graph for ubatch with n_tokens =    1, n_seqs =  1, n_outputs =    1
resolve_fused_ops: Lightning Indexer enabled
resolve_fused_ops: resolving fused DeepSeek V4 HC support:
graph_reserve: reserving a graph for ubatch with n_tokens =    1, n_seqs =  1, n_outputs =    1
resolve_fused_ops: fused DeepSeek V4 HC pre enabled
graph_reserve: reserving a graph for ubatch with n_tokens =    1, n_seqs =  1, n_outputs =    1
resolve_fused_ops: fused DeepSeek V4 HC comb enabled
graph_reserve: reserving a graph for ubatch with n_tokens =    1, n_seqs =  1, n_outputs =    1
resolve_fused_ops: fused DeepSeek V4 HC post enabled
graph_reserve: reserving a graph for ubatch with n_tokens =    8, n_seqs =  1, n_outputs =    8
graph_reserve: reserving a graph for ubatch with n_tokens =    1, n_seqs =  1, n_outputs =    1
graph_reserve: reserving a graph for ubatch with n_tokens =    8, n_seqs =  1, n_outputs =    8
sched_reserve:  CUDA_Host compute buffer size =     0.03 MiB
sched_reserve: graph nodes  = 110
sched_reserve: graph splits = 1
sched_reserve: reserve took 2.02 ms, sched copies = 1
~llama_context:      CUDA0 compute buffer size is   0.0000 MiB, matches expectation of   0.0000 MiB
~llama_context:  CUDA_Host compute buffer size is   0.0304 MiB, matches expectation of   0.0304 MiB
~llama_context:      CUDA0 compute buffer size is   0.0000 MiB, matches expectation of   0.0000 MiB
~llama_context:  CUDA_Host compute buffer size is   0.0304 MiB, matches expectation of   0.0304 MiB
llama_model_loader: loaded meta data with 13 key-value pairs and 23 tensors from C:\Users\cadel\AppData\Local\Temp\moe-integration-1702916.gguf (version GGUF V3 (latest))
llama_model_loader: Dumping metadata keys/values. Note: KV overrides do not apply in this output.
llama_model_loader: - kv   0:                       general.architecture str              = llama
llama_model_loader: - kv   1:                       tokenizer.ggml.model str              = no_vocab
llama_model_loader: - kv   2:                           llama.vocab_size u32              = 32
llama_model_loader: - kv   3:                       llama.context_length u32              = 128
llama_model_loader: - kv   4:                     llama.embedding_length u32              = 32
llama_model_loader: - kv   5:                          llama.block_count u32              = 2
llama_model_loader: - kv   6:                  llama.feed_forward_length u32              = 64
llama_model_loader: - kv   7:                 llama.attention.head_count u32              = 2
llama_model_loader: - kv   8:              llama.attention.head_count_kv u32              = 2
llama_model_loader: - kv   9:                 llama.rope.dimension_count u32              = 16
llama_model_loader: - kv  10:                         llama.expert_count u32              = 4
llama_model_loader: - kv  11:                    llama.expert_used_count u32              = 2
llama_model_loader: - kv  12:     llama.attention.layer_norm_rms_epsilon f32              = 0.000010
llama_model_loader: - type  f32:   17 tensors
llama_model_loader: - type  f16:    6 tensors
print_info: file format = GGUF V3 (latest)
print_info: file type   = (guessed) all F32
print_info: file size   = 0.13 MiB (18.85 BPW) 
llama_prepare_model_devices: using device CUDA0 (NVIDIA GeForce RTX 4060 Laptop GPU) (0000:01:00.0) - 7096 MiB free
load: adding 32 dummy tokens
print_info: arch                  = llama
print_info: vocab_only            = 0
print_info: no_alloc              = 0
print_info: n_ctx_train           = 128
print_info: n_embd_inp            = 32
print_info: n_embd                = 32
print_info: n_embd_out            = 32
print_info: n_layer               = 2
print_info: n_layer_all           = 2
print_info: n_head                = 2
print_info: n_head_kv             = 2
print_info: n_rot                 = 16
print_info: n_swa                 = 0
print_info: is_swa_any            = 0
print_info: n_embd_head_k         = 16
print_info: n_embd_head_v         = 16
print_info: n_gqa                 = 1
print_info: n_embd_k_gqa          = 32
print_info: n_embd_v_gqa          = 32
print_info: f_norm_eps            = 0.0e+00
print_info: f_norm_rms_eps        = 1.0e-05
print_info: f_clamp_kqv           = 0.0e+00
print_info: f_max_alibi_bias      = 0.0e+00
print_info: f_logit_scale         = 0.0e+00
print_info: f_attn_scale          = 0.0e+00
print_info: f_attn_value_scale    = 0.0000
print_info: n_ff                  = 64
print_info: n_expert              = 4
print_info: n_expert_used         = 2
print_info: n_expert_groups       = 0
print_info: n_group_used          = 0
print_info: causal attn           = 1
print_info: pooling type          = -1
print_info: rope type             = 0
print_info: rope scaling          = linear
print_info: freq_base_train       = 10000.0
print_info: freq_scale_train      = 1
print_info: n_ctx_orig_yarn       = 128
print_info: rope_yarn_log_mul     = 0.0000
print_info: rope_finetuned        = unknown
print_info: model type            = ?B
print_info: model params          = 59.81 K
print_info: general.name          = n/a
print_info: vocab type            = no vocab
print_info: n_vocab               = 32
print_info: n_merges              = 0
print_info: max token length      = 0
load_tensors: loading model tensors, this can take a while... (load_mode = none)
load_tensors: layer   0 assigned to device CPU, is_swa = 0
load_tensors: layer   1 assigned to device CPU, is_swa = 0
load_tensors: layer   2 assigned to device CPU, is_swa = 0
create_tensor: loading tensor token_embd.weight
create_tensor: loading tensor output_norm.weight
create_tensor: loading tensor output.weight
create_tensor: loading tensor blk.0.attn_norm.weight
create_tensor: loading tensor blk.0.attn_qkv.weight
create_tensor: loading tensor blk.0.attn_q.weight
create_tensor: loading tensor blk.0.attn_k.weight
create_tensor: loading tensor blk.0.attn_v.weight
create_tensor: loading tensor blk.0.attn_q.bias
create_tensor: loading tensor blk.0.attn_k.bias
create_tensor: loading tensor blk.0.attn_v.bias
create_tensor: loading tensor blk.0.attn_output.weight
create_tensor: loading tensor blk.0.attn_output.bias
create_tensor: loading tensor blk.0.ffn_norm.weight
create_tensor: loading tensor rope_freqs.weight
create_tensor: loading tensor blk.0.ffn_gate_inp.weight
create_tensor: loading tensor blk.0.ffn_gate_exps.weight
create_tensor: loading tensor blk.0.ffn_down_exps.weight
create_tensor: loading tensor blk.0.ffn_up_exps.weight
create_tensor: loading tensor blk.1.attn_norm.weight
create_tensor: loading tensor blk.1.attn_qkv.weight
create_tensor: loading tensor blk.1.attn_q.weight
create_tensor: loading tensor blk.1.attn_k.weight
create_tensor: loading tensor blk.1.attn_v.weight
create_tensor: loading tensor blk.1.attn_q.bias
create_tensor: loading tensor blk.1.attn_k.bias
create_tensor: loading tensor blk.1.attn_v.bias
create_tensor: loading tensor blk.1.attn_output.weight
create_tensor: loading tensor blk.1.attn_output.bias
create_tensor: loading tensor blk.1.ffn_norm.weight
create_tensor: loading tensor rope_freqs.weight
create_tensor: loading tensor blk.1.ffn_gate_inp.weight
create_tensor: loading tensor blk.1.ffn_gate_exps.weight
create_tensor: loading tensor blk.1.ffn_down_exps.weight
create_tensor: loading tensor blk.1.ffn_up_exps.weight
create_tensor: loading tensor blk.0.attn_q.scale
create_tensor: loading tensor blk.0.attn_k.scale
create_tensor: loading tensor blk.0.attn_v.scale
create_tensor: loading tensor blk.0.attn_output.scale
create_tensor: loading tensor blk.0.ffn_gate_exps.scale
create_tensor: loading tensor blk.0.ffn_down_exps.scale
create_tensor: loading tensor blk.0.ffn_up_exps.scale
create_tensor: loading tensor blk.0.attn_q.input_scale
create_tensor: loading tensor blk.0.attn_k.input_scale
create_tensor: loading tensor blk.0.attn_v.input_scale
create_tensor: loading tensor blk.0.attn_output.input_scale
create_tensor: loading tensor blk.0.ffn_gate_exps.input_scale
create_tensor: loading tensor blk.0.ffn_down_exps.input_scale
create_tensor: loading tensor blk.0.ffn_up_exps.input_scale
create_tensor: loading tensor blk.1.attn_q.scale
create_tensor: loading tensor blk.1.attn_k.scale
create_tensor: loading tensor blk.1.attn_v.scale
create_tensor: loading tensor blk.1.attn_output.scale
create_tensor: loading tensor blk.1.ffn_gate_exps.scale
create_tensor: loading tensor blk.1.ffn_down_exps.scale
create_tensor: loading tensor blk.1.ffn_up_exps.scale
create_tensor: loading tensor blk.1.attn_q.input_scale
create_tensor: loading tensor blk.1.attn_k.input_scale
create_tensor: loading tensor blk.1.attn_v.input_scale
create_tensor: loading tensor blk.1.attn_output.input_scale
create_tensor: loading tensor blk.1.ffn_gate_exps.input_scale
create_tensor: loading tensor blk.1.ffn_down_exps.input_scale
create_tensor: loading tensor blk.1.ffn_up_exps.input_scale
load_tensors: offloading 0 repeating layers to GPU
load_tensors: offloaded 0/3 layers to GPU
load_tensors:    CUDA_Host model buffer size =     0.13 MiB
load_all_data: buffer type CUDA_Host is not the default buffer type for device CUDA0 for async uploads
...................
llama_model_loader: loaded meta data with 13 key-value pairs and 23 tensors from C:\Users\cadel\AppData\Local\Temp\moe-integration-1702916.gguf (version GGUF V3 (latest))
llama_model_loader: Dumping metadata keys/values. Note: KV overrides do not apply in this output.
llama_model_loader: - kv   0:                       general.architecture str              = llama
llama_model_loader: - kv   1:                       tokenizer.ggml.model str              = no_vocab
llama_model_loader: - kv   2:                           llama.vocab_size u32              = 32
llama_model_loader: - kv   3:                       llama.context_length u32              = 128
llama_model_loader: - kv   4:                     llama.embedding_length u32              = 32
llama_model_loader: - kv   5:                          llama.block_count u32              = 2
llama_model_loader: - kv   6:                  llama.feed_forward_length u32              = 64
llama_model_loader: - kv   7:                 llama.attention.head_count u32              = 2
llama_model_loader: - kv   8:              llama.attention.head_count_kv u32              = 2
llama_model_loader: - kv   9:                 llama.rope.dimension_count u32              = 16
llama_model_loader: - kv  10:                         llama.expert_count u32              = 4
llama_model_loader: - kv  11:                    llama.expert_used_count u32              = 2
llama_model_loader: - kv  12:     llama.attention.layer_norm_rms_epsilon f32              = 0.000010
llama_model_loader: - type  f32:   17 tensors
llama_model_loader: - type  f16:    6 tensors
print_info: file format = GGUF V3 (latest)
print_info: file type   = (guessed) all F32
print_info: file size   = 0.13 MiB (18.85 BPW) 
llama_prepare_model_devices: using device CUDA0 (NVIDIA GeForce RTX 4060 Laptop GPU) (0000:01:00.0) - 7096 MiB free
load: adding 32 dummy tokens
print_info: arch                  = llama
print_info: vocab_only            = 0
print_info: no_alloc              = 0
print_info: n_ctx_train           = 128
print_info: n_embd_inp            = 32
print_info: n_embd                = 32
print_info: n_embd_out            = 32
print_info: n_layer               = 2
print_info: n_layer_all           = 2
print_info: n_head                = 2
print_info: n_head_kv             = 2
print_info: n_rot                 = 16
print_info: n_swa                 = 0
print_info: is_swa_any            = 0
print_info: n_embd_head_k         = 16
print_info: n_embd_head_v         = 16
print_info: n_gqa                 = 1
print_info: n_embd_k_gqa          = 32
print_info: n_embd_v_gqa          = 32
print_info: f_norm_eps            = 0.0e+00
print_info: f_norm_rms_eps        = 1.0e-05
print_info: f_clamp_kqv           = 0.0e+00
print_info: f_max_alibi_bias      = 0.0e+00
print_info: f_logit_scale         = 0.0e+00
print_info: f_attn_scale          = 0.0e+00
print_info: f_attn_value_scale    = 0.0000
print_info: n_ff                  = 64
print_info: n_expert              = 4
print_info: n_expert_used         = 2
print_info: n_expert_groups       = 0
print_info: n_group_used          = 0
print_info: causal attn           = 1
print_info: pooling type          = -1
print_info: rope type             = 0
print_info: rope scaling          = linear
print_info: freq_base_train       = 10000.0
print_info: freq_scale_train      = 1
print_info: n_ctx_orig_yarn       = 128
print_info: rope_yarn_log_mul     = 0.0000
print_info: rope_finetuned        = unknown
print_info: model type            = ?B
print_info: model params          = 59.81 K
print_info: general.name          = n/a
print_info: vocab type            = no vocab
print_info: n_vocab               = 32
print_info: n_merges              = 0
print_info: max token length      = 0
load_tensors: loading model tensors, this can take a while... (load_mode = none)
load_tensors: layer   0 assigned to device CPU, is_swa = 0
load_tensors: layer   1 assigned to device CPU, is_swa = 0
load_tensors: layer   2 assigned to device CPU, is_swa = 0
create_tensor: loading tensor token_embd.weight
create_tensor: loading tensor output_norm.weight
create_tensor: loading tensor output.weight
create_tensor: loading tensor blk.0.attn_norm.weight
create_tensor: loading tensor blk.0.attn_qkv.weight
create_tensor: loading tensor blk.0.attn_q.weight
create_tensor: loading tensor blk.0.attn_k.weight
create_tensor: loading tensor blk.0.attn_v.weight
create_tensor: loading tensor blk.0.attn_q.bias
create_tensor: loading tensor blk.0.attn_k.bias
create_tensor: loading tensor blk.0.attn_v.bias
create_tensor: loading tensor blk.0.attn_output.weight
create_tensor: loading tensor blk.0.attn_output.bias
create_tensor: loading tensor blk.0.ffn_norm.weight
create_tensor: loading tensor rope_freqs.weight
create_tensor: loading tensor blk.0.ffn_gate_inp.weight
create_tensor: loading tensor blk.0.ffn_gate_exps.weight
create_tensor: loading tensor blk.0.ffn_down_exps.weight
create_tensor: loading tensor blk.0.ffn_up_exps.weight
create_tensor: loading tensor blk.1.attn_norm.weight
create_tensor: loading tensor blk.1.attn_qkv.weight
create_tensor: loading tensor blk.1.attn_q.weight
create_tensor: loading tensor blk.1.attn_k.weight
create_tensor: loading tensor blk.1.attn_v.weight
create_tensor: loading tensor blk.1.attn_q.bias
create_tensor: loading tensor blk.1.attn_k.bias
create_tensor: loading tensor blk.1.attn_v.bias
create_tensor: loading tensor blk.1.attn_output.weight
create_tensor: loading tensor blk.1.attn_output.bias
create_tensor: loading tensor blk.1.ffn_norm.weight
create_tensor: loading tensor rope_freqs.weight
create_tensor: loading tensor blk.1.ffn_gate_inp.weight
create_tensor: loading tensor blk.1.ffn_gate_exps.weight
create_tensor: loading tensor blk.1.ffn_down_exps.weight
create_tensor: loading tensor blk.1.ffn_up_exps.weight
create_tensor: loading tensor blk.0.attn_q.scale
create_tensor: loading tensor blk.0.attn_k.scale
create_tensor: loading tensor blk.0.attn_v.scale
create_tensor: loading tensor blk.0.attn_output.scale
create_tensor: loading tensor blk.0.ffn_gate_exps.scale
create_tensor: loading tensor blk.0.ffn_down_exps.scale
create_tensor: loading tensor blk.0.ffn_up_exps.scale
create_tensor: loading tensor blk.0.attn_q.input_scale
create_tensor: loading tensor blk.0.attn_k.input_scale
create_tensor: loading tensor blk.0.attn_v.input_scale
create_tensor: loading tensor blk.0.attn_output.input_scale
create_tensor: loading tensor blk.0.ffn_gate_exps.input_scale
create_tensor: loading tensor blk.0.ffn_down_exps.input_scale
create_tensor: loading tensor blk.0.ffn_up_exps.input_scale
create_tensor: loading tensor blk.1.attn_q.scale
create_tensor: loading tensor blk.1.attn_k.scale
create_tensor: loading tensor blk.1.attn_v.scale
create_tensor: loading tensor blk.1.attn_output.scale
create_tensor: loading tensor blk.1.ffn_gate_exps.scale
create_tensor: loading tensor blk.1.ffn_down_exps.scale
create_tensor: loading tensor blk.1.ffn_up_exps.scale
create_tensor: loading tensor blk.1.attn_q.input_scale
create_tensor: loading tensor blk.1.attn_k.input_scale
create_tensor: loading tensor blk.1.attn_v.input_scale
create_tensor: loading tensor blk.1.attn_output.input_scale
create_tensor: loading tensor blk.1.ffn_gate_exps.input_scale
create_tensor: loading tensor blk.1.ffn_down_exps.input_scale
create_tensor: loading tensor blk.1.ffn_up_exps.input_scale
load_tensors: offloading 0 repeating layers to GPU
load_tensors: offloaded 0/3 layers to GPU
load_tensors:          CPU model buffer size =     0.13 MiB
load_all_data: no device found for buffer type CPU for async uploads
...................
load_tensors: experimental host-bank MoE enabled, tile weights <= 50176 bytes; this is not a total memory limit
llama_context: constructing llama_context
llama_context: n_seq_max             = 1
llama_context: n_ctx                 = 256
llama_context: n_ctx_seq             = 256
llama_context: n_batch               = 32
llama_context: n_ubatch              = 8
llama_context: causal_attn           = 1
llama_context: flash_attn            = disabled
llama_context: kv_unified            = false
llama_context: freq_base             = 10000.0
llama_context: freq_scale            = 1
llama_context: n_rs_seq              = 0
llama_context: n_outputs_max         = 32
llama_context: n_outputs_max_per_seq = 1
llama_context: n_ctx_seq (256) > n_ctx_train (128) -- possible training context overflow
set_abort_callback: call
llama_context:        CPU  output buffer size =     0.00 MiB
llama_kv_cache: layer   0: dev = CPU
llama_kv_cache: layer   1: dev = CPU
llama_kv_cache:        CPU KV buffer size =     0.06 MiB
llama_kv_cache: size =    0.06 MiB (   256 cells,   2 layers,  1/1 seqs), K (f16):    0.03 MiB, V (f16):    0.03 MiB
llama_kv_cache: attn_rot_k = 0, n_embd_head_k_all = 16
llama_kv_cache: attn_rot_v = 0, n_embd_head_k_all = 16
llama_context: enumerating backends
llama_context: backend_ptrs.size() = 2
sched_reserve: reserving ...
sched_reserve: max_nodes = 1024
sched_reserve: decode graph slots = 4 (n_tokens <= 4)
sched_reserve: reserving full memory module
sched_reserve: worst-case: n_tokens = 8, n_seqs = 1, n_outputs = 1
resolve_fused_ops: resolving fused Gated Delta Net support:
graph_reserve: reserving a graph for ubatch with n_tokens =    1, n_seqs =  1, n_outputs =    1
resolve_fused_ops: fused Gated Delta Net (autoregressive) enabled
graph_reserve: reserving a graph for ubatch with n_tokens =   16, n_seqs =  1, n_outputs =   16
resolve_fused_ops: fused Gated Delta Net (chunked) enabled
resolve_fused_ops: resolving fused Lightning Indexer support:
graph_reserve: reserving a graph for ubatch with n_tokens =    1, n_seqs =  1, n_outputs =    1
resolve_fused_ops: Lightning Indexer enabled
resolve_fused_ops: resolving fused DeepSeek V4 HC support:
graph_reserve: reserving a graph for ubatch with n_tokens =    1, n_seqs =  1, n_outputs =    1
resolve_fused_ops: fused DeepSeek V4 HC pre enabled
graph_reserve: reserving a graph for ubatch with n_tokens =    1, n_seqs =  1, n_outputs =    1
resolve_fused_ops: fused DeepSeek V4 HC comb enabled
graph_reserve: reserving a graph for ubatch with n_tokens =    1, n_seqs =  1, n_outputs =    1
resolve_fused_ops: fused DeepSeek V4 HC post enabled
graph_reserve: reserving a graph for ubatch with n_tokens =    8, n_seqs =  1, n_outputs =    8
graph_reserve: reserving a graph for ubatch with n_tokens =    1, n_seqs =  1, n_outputs =    1
graph_reserve: reserving a graph for ubatch with n_tokens =    8, n_seqs =  1, n_outputs =    8
sched_reserve:  CUDA_Host compute buffer size =     0.03 MiB
sched_reserve: graph nodes  = 110
sched_reserve: graph splits = 1
sched_reserve: reserve took 1.96 ms, sched copies = 1
llama_context: constructing llama_context
llama_context: n_seq_max             = 1
llama_context: n_ctx                 = 256
llama_context: n_ctx_seq             = 256
llama_context: n_batch               = 32
llama_context: n_ubatch              = 8
llama_context: causal_attn           = 1
llama_context: flash_attn            = disabled
llama_context: kv_unified            = false
llama_context: freq_base             = 10000.0
llama_context: freq_scale            = 1
llama_context: n_rs_seq              = 0
llama_context: n_outputs_max         = 32
llama_context: n_outputs_max_per_seq = 1
llama_context: n_ctx_seq (256) > n_ctx_train (128) -- possible training context overflow
set_abort_callback: call
llama_context:        CPU  output buffer size =     0.00 MiB
llama_kv_cache: layer   0: dev = CPU
llama_kv_cache: layer   1: dev = CPU
llama_kv_cache:        CPU KV buffer size =     0.06 MiB
llama_kv_cache: size =    0.06 MiB (   256 cells,   2 layers,  1/1 seqs), K (f16):    0.03 MiB, V (f16):    0.03 MiB
llama_kv_cache: attn_rot_k = 0, n_embd_head_k_all = 16
llama_kv_cache: attn_rot_v = 0, n_embd_head_k_all = 16
llama_context: enumerating backends
llama_context: backend_ptrs.size() = 2
sched_reserve: reserving ...
sched_reserve: max_nodes = 1024
sched_reserve: decode graph slots = 4 (n_tokens <= 4)
sched_reserve: reserving full memory module
sched_reserve: worst-case: n_tokens = 8, n_seqs = 1, n_outputs = 1
resolve_fused_ops: resolving fused Gated Delta Net support:
graph_reserve: reserving a graph for ubatch with n_tokens =    1, n_seqs =  1, n_outputs =    1
resolve_fused_ops: fused Gated Delta Net (autoregressive) enabled
graph_reserve: reserving a graph for ubatch with n_tokens =   16, n_seqs =  1, n_outputs =   16
resolve_fused_ops: fused Gated Delta Net (chunked) enabled
resolve_fused_ops: resolving fused Lightning Indexer support:
graph_reserve: reserving a graph for ubatch with n_tokens =    1, n_seqs =  1, n_outputs =    1
resolve_fused_ops: Lightning Indexer enabled
resolve_fused_ops: resolving fused DeepSeek V4 HC support:
graph_reserve: reserving a graph for ubatch with n_tokens =    1, n_seqs =  1, n_outputs =    1
resolve_fused_ops: fused DeepSeek V4 HC pre enabled
graph_reserve: reserving a graph for ubatch with n_tokens =    1, n_seqs =  1, n_outputs =    1
resolve_fused_ops: fused DeepSeek V4 HC comb enabled
graph_reserve: reserving a graph for ubatch with n_tokens =    1, n_seqs =  1, n_outputs =    1
resolve_fused_ops: fused DeepSeek V4 HC post enabled
graph_reserve: reserving a graph for ubatch with n_tokens =    8, n_seqs =  1, n_outputs =    8
graph_reserve: reserving a graph for ubatch with n_tokens =    1, n_seqs =  1, n_outputs =    1
graph_reserve: reserving a graph for ubatch with n_tokens =    8, n_seqs =  1, n_outputs =    8
sched_reserve:  CUDA_Host compute buffer size =     0.03 MiB
sched_reserve: graph nodes  = 100
sched_reserve: graph splits = 1
sched_reserve: reserve took 1.84 ms, sched copies = 1
graph_reserve: reserving a graph for ubatch with n_tokens =    4, n_seqs =  1, n_outputs =    4
set_abort_callback: call
graph_compute: ggml_backend_sched_graph_compute_async failed with error 1
process_ubatch: failed to compute graph, compute status: 1
decode: removing memory module entries for seq_id = 0, pos = [59, +inf)
llama_decode: failed to decode, ret = 2
set_abort_callback: call
host-bank MoE execution failed: MoE routing weight must be finite
host-bank MoE execution failed: MoE routing weight must be finite
process_ubatch: failed to compute graph, compute status: -1
decode: removing memory module entries for seq_id = 0, pos = [59, +inf)
llama_decode: failed to decode, ret = -3
llama_context: constructing llama_context
llama_init_from_model: failed to initialize the context: host-bank MoE requires one sequence, op_offload=false and offload_kqv=false
llama_context: constructing llama_context
llama_init_from_model: failed to initialize the context: host-bank MoE requires one sequence, op_offload=false and offload_kqv=false
llama_context: constructing llama_context
llama_init_from_model: failed to initialize the context: host-bank MoE requires one sequence, op_offload=false and offload_kqv=false
llama_context: constructing llama_context
llama_init_from_model: failed to initialize the context: moe cache: invalid uniform arena geometry
llama_context: constructing llama_context
llama_init_from_model: failed to initialize the context: host-bank MoE cache requires model.moe_cpu_tile_bytes host-bank setup
~llama_context:      CUDA0 compute buffer size is   0.0000 MiB, matches expectation of   0.0000 MiB
~llama_context:  CUDA_Host compute buffer size is   0.0304 MiB, matches expectation of   0.0304 MiB
~llama_context:      CUDA0 compute buffer size is   0.0000 MiB, matches expectation of   0.0000 MiB
~llama_context:  CUDA_Host compute buffer size is   0.0304 MiB, matches expectation of   0.0304 MiB
llama_context: constructing llama_context
llama_context: n_seq_max             = 1
llama_context: n_ctx                 = 256
llama_context: n_ctx_seq             = 256
llama_context: n_batch               = 32
llama_context: n_ubatch              = 8
llama_context: causal_attn           = 1
llama_context: flash_attn            = disabled
llama_context: kv_unified            = false
llama_context: freq_base             = 10000.0
llama_context: freq_scale            = 1
llama_context: n_rs_seq              = 0
llama_context: n_outputs_max         = 32
llama_context: n_outputs_max_per_seq = 1
llama_context: n_ctx_seq (256) > n_ctx_train (128) -- possible training context overflow
set_abort_callback: call
llama_context:        CPU  output buffer size =     0.00 MiB
llama_kv_cache: layer   0: dev = CPU
llama_kv_cache: layer   1: dev = CPU
llama_kv_cache:        CPU KV buffer size =     0.06 MiB
llama_kv_cache: size =    0.06 MiB (   256 cells,   2 layers,  1/1 seqs), K (f16):    0.03 MiB, V (f16):    0.03 MiB
llama_kv_cache: attn_rot_k = 0, n_embd_head_k_all = 16
llama_kv_cache: attn_rot_v = 0, n_embd_head_k_all = 16
llama_context: enumerating backends
llama_context: backend_ptrs.size() = 2
sched_reserve: reserving ...
sched_reserve: max_nodes = 1024
sched_reserve: decode graph slots = 4 (n_tokens <= 4)
sched_reserve: reserving full memory module
sched_reserve: worst-case: n_tokens = 8, n_seqs = 1, n_outputs = 1
resolve_fused_ops: resolving fused Gated Delta Net support:
graph_reserve: reserving a graph for ubatch with n_tokens =    1, n_seqs =  1, n_outputs =    1
resolve_fused_ops: fused Gated Delta Net (autoregressive) enabled
graph_reserve: reserving a graph for ubatch with n_tokens =   16, n_seqs =  1, n_outputs =   16
resolve_fused_ops: fused Gated Delta Net (chunked) enabled
resolve_fused_ops: resolving fused Lightning Indexer support:
graph_reserve: reserving a graph for ubatch with n_tokens =    1, n_seqs =  1, n_outputs =    1
resolve_fused_ops: Lightning Indexer enabled
resolve_fused_ops: resolving fused DeepSeek V4 HC support:
graph_reserve: reserving a graph for ubatch with n_tokens =    1, n_seqs =  1, n_outputs =    1
resolve_fused_ops: fused DeepSeek V4 HC pre enabled
graph_reserve: reserving a graph for ubatch with n_tokens =    1, n_seqs =  1, n_outputs =    1
resolve_fused_ops: fused DeepSeek V4 HC comb enabled
graph_reserve: reserving a graph for ubatch with n_tokens =    1, n_seqs =  1, n_outputs =    1
resolve_fused_ops: fused DeepSeek V4 HC post enabled
graph_reserve: reserving a graph for ubatch with n_tokens =    8, n_seqs =  1, n_outputs =    8
graph_reserve: reserving a graph for ubatch with n_tokens =    1, n_seqs =  1, n_outputs =    1
graph_reserve: reserving a graph for ubatch with n_tokens =    8, n_seqs =  1, n_outputs =    8
sched_reserve:  CUDA_Host compute buffer size =     0.03 MiB
sched_reserve: graph nodes  = 100
sched_reserve: graph splits = 1
sched_reserve: reserve took 1.99 ms, sched copies = 1
llama_context: constructing llama_context
llama_context: n_seq_max             = 1
llama_context: n_ctx                 = 256
llama_context: n_ctx_seq             = 256
llama_context: n_batch               = 32
llama_context: n_ubatch              = 8
llama_context: causal_attn           = 1
llama_context: flash_attn            = disabled
llama_context: kv_unified            = false
llama_context: freq_base             = 10000.0
llama_context: freq_scale            = 1
llama_context: n_rs_seq              = 0
llama_context: n_outputs_max         = 32
llama_context: n_outputs_max_per_seq = 1
llama_context: n_ctx_seq (256) > n_ctx_train (128) -- possible training context overflow
set_abort_callback: call
llama_context:        CPU  output buffer size =     0.00 MiB
llama_kv_cache: layer   0: dev = CPU
llama_kv_cache: layer   1: dev = CPU
llama_kv_cache:        CPU KV buffer size =     0.06 MiB
llama_kv_cache: size =    0.06 MiB (   256 cells,   2 layers,  1/1 seqs), K (f16):    0.03 MiB, V (f16):    0.03 MiB
llama_kv_cache: attn_rot_k = 0, n_embd_head_k_all = 16
llama_kv_cache: attn_rot_v = 0, n_embd_head_k_all = 16
llama_context: enumerating backends
llama_context: backend_ptrs.size() = 2
sched_reserve: reserving ...
sched_reserve: max_nodes = 1024
sched_reserve: decode graph slots = 4 (n_tokens <= 4)
sched_reserve: reserving full memory module
sched_reserve: worst-case: n_tokens = 8, n_seqs = 1, n_outputs = 1
resolve_fused_ops: resolving fused Gated Delta Net support:
graph_reserve: reserving a graph for ubatch with n_tokens =    1, n_seqs =  1, n_outputs =    1
resolve_fused_ops: fused Gated Delta Net (autoregressive) enabled
graph_reserve: reserving a graph for ubatch with n_tokens =   16, n_seqs =  1, n_outputs =   16
resolve_fused_ops: fused Gated Delta Net (chunked) enabled
resolve_fused_ops: resolving fused Lightning Indexer support:
graph_reserve: reserving a graph for ubatch with n_tokens =    1, n_seqs =  1, n_outputs =    1
resolve_fused_ops: Lightning Indexer enabled
resolve_fused_ops: resolving fused DeepSeek V4 HC support:
graph_reserve: reserving a graph for ubatch with n_tokens =    1, n_seqs =  1, n_outputs =    1
resolve_fused_ops: fused DeepSeek V4 HC pre enabled
graph_reserve: reserving a graph for ubatch with n_tokens =    1, n_seqs =  1, n_outputs =    1
resolve_fused_ops: fused DeepSeek V4 HC comb enabled
graph_reserve: reserving a graph for ubatch with n_tokens =    1, n_seqs =  1, n_outputs =    1
resolve_fused_ops: fused DeepSeek V4 HC post enabled
graph_reserve: reserving a graph for ubatch with n_tokens =    8, n_seqs =  1, n_outputs =    8
graph_reserve: reserving a graph for ubatch with n_tokens =    1, n_seqs =  1, n_outputs =    1
graph_reserve: reserving a graph for ubatch with n_tokens =    8, n_seqs =  1, n_outputs =    8
sched_reserve:  CUDA_Host compute buffer size =     0.03 MiB
sched_reserve: graph nodes  = 110
sched_reserve: graph splits = 1
sched_reserve: reserve took 2.10 ms, sched copies = 1
~llama_context:      CUDA0 compute buffer size is   0.0000 MiB, matches expectation of   0.0000 MiB
~llama_context:  CUDA_Host compute buffer size is   0.0304 MiB, matches expectation of   0.0304 MiB
~llama_context:      CUDA0 compute buffer size is   0.0000 MiB, matches expectation of   0.0000 MiB
~llama_context:  CUDA_Host compute buffer size is   0.0304 MiB, matches expectation of   0.0304 MiB
llama_model_loader: loaded meta data with 13 key-value pairs and 23 tensors from C:\Users\cadel\AppData\Local\Temp\moe-integration-1702916.gguf (version GGUF V3 (latest))
llama_model_loader: Dumping metadata keys/values. Note: KV overrides do not apply in this output.
llama_model_loader: - kv   0:                       general.architecture str              = llama
llama_model_loader: - kv   1:                       tokenizer.ggml.model str              = no_vocab
llama_model_loader: - kv   2:                           llama.vocab_size u32              = 32
llama_model_loader: - kv   3:                       llama.context_length u32              = 128
llama_model_loader: - kv   4:                     llama.embedding_length u32              = 32
llama_model_loader: - kv   5:                          llama.block_count u32              = 2
llama_model_loader: - kv   6:                  llama.feed_forward_length u32              = 64
llama_model_loader: - kv   7:                 llama.attention.head_count u32              = 2
llama_model_loader: - kv   8:              llama.attention.head_count_kv u32              = 2
llama_model_loader: - kv   9:                 llama.rope.dimension_count u32              = 16
llama_model_loader: - kv  10:                         llama.expert_count u32              = 4
llama_model_loader: - kv  11:                    llama.expert_used_count u32              = 2
llama_model_loader: - kv  12:     llama.attention.layer_norm_rms_epsilon f32              = 0.000010
llama_model_loader: - type  f32:   17 tensors
llama_model_loader: - type  f16:    6 tensors
print_info: file format = GGUF V3 (latest)
print_info: file type   = (guessed) all F32
print_info: file size   = 0.13 MiB (18.85 BPW) 
llama_prepare_model_devices: using device CUDA0 (NVIDIA GeForce RTX 4060 Laptop GPU) (0000:01:00.0) - 7096 MiB free
load: adding 32 dummy tokens
print_info: arch                  = llama
print_info: vocab_only            = 0
print_info: no_alloc              = 0
print_info: n_ctx_train           = 128
print_info: n_embd_inp            = 32
print_info: n_embd                = 32
print_info: n_embd_out            = 32
print_info: n_layer               = 2
print_info: n_layer_all           = 2
print_info: n_head                = 2
print_info: n_head_kv             = 2
print_info: n_rot                 = 16
print_info: n_swa                 = 0
print_info: is_swa_any            = 0
print_info: n_embd_head_k         = 16
print_info: n_embd_head_v         = 16
print_info: n_gqa                 = 1
print_info: n_embd_k_gqa          = 32
print_info: n_embd_v_gqa          = 32
print_info: f_norm_eps            = 0.0e+00
print_info: f_norm_rms_eps        = 1.0e-05
print_info: f_clamp_kqv           = 0.0e+00
print_info: f_max_alibi_bias      = 0.0e+00
print_info: f_logit_scale         = 0.0e+00
print_info: f_attn_scale          = 0.0e+00
print_info: f_attn_value_scale    = 0.0000
print_info: n_ff                  = 64
print_info: n_expert              = 4
print_info: n_expert_used         = 2
print_info: n_expert_groups       = 0
print_info: n_group_used          = 0
print_info: causal attn           = 1
print_info: pooling type          = -1
print_info: rope type             = 0
print_info: rope scaling          = linear
print_info: freq_base_train       = 10000.0
print_info: freq_scale_train      = 1
print_info: n_ctx_orig_yarn       = 128
print_info: rope_yarn_log_mul     = 0.0000
print_info: rope_finetuned        = unknown
print_info: model type            = ?B
print_info: model params          = 59.81 K
print_info: general.name          = n/a
print_info: vocab type            = no vocab
print_info: n_vocab               = 32
print_info: n_merges              = 0
print_info: max token length      = 0
load_tensors: loading model tensors, this can take a while... (load_mode = none)
load_tensors: layer   0 assigned to device CPU, is_swa = 0
load_tensors: layer   1 assigned to device CPU, is_swa = 0
load_tensors: layer   2 assigned to device CPU, is_swa = 0
create_tensor: loading tensor token_embd.weight
create_tensor: loading tensor output_norm.weight
create_tensor: loading tensor output.weight
create_tensor: loading tensor blk.0.attn_norm.weight
create_tensor: loading tensor blk.0.attn_qkv.weight
create_tensor: loading tensor blk.0.attn_q.weight
create_tensor: loading tensor blk.0.attn_k.weight
create_tensor: loading tensor blk.0.attn_v.weight
create_tensor: loading tensor blk.0.attn_q.bias
create_tensor: loading tensor blk.0.attn_k.bias
create_tensor: loading tensor blk.0.attn_v.bias
create_tensor: loading tensor blk.0.attn_output.weight
create_tensor: loading tensor blk.0.attn_output.bias
create_tensor: loading tensor blk.0.ffn_norm.weight
create_tensor: loading tensor rope_freqs.weight
create_tensor: loading tensor blk.0.ffn_gate_inp.weight
create_tensor: loading tensor blk.0.ffn_gate_exps.weight
create_tensor: loading tensor blk.0.ffn_down_exps.weight
create_tensor: loading tensor blk.0.ffn_up_exps.weight
create_tensor: loading tensor blk.1.attn_norm.weight
create_tensor: loading tensor blk.1.attn_qkv.weight
create_tensor: loading tensor blk.1.attn_q.weight
create_tensor: loading tensor blk.1.attn_k.weight
create_tensor: loading tensor blk.1.attn_v.weight
create_tensor: loading tensor blk.1.attn_q.bias
create_tensor: loading tensor blk.1.attn_k.bias
create_tensor: loading tensor blk.1.attn_v.bias
create_tensor: loading tensor blk.1.attn_output.weight
create_tensor: loading tensor blk.1.attn_output.bias
create_tensor: loading tensor blk.1.ffn_norm.weight
create_tensor: loading tensor rope_freqs.weight
create_tensor: loading tensor blk.1.ffn_gate_inp.weight
create_tensor: loading tensor blk.1.ffn_gate_exps.weight
create_tensor: loading tensor blk.1.ffn_down_exps.weight
create_tensor: loading tensor blk.1.ffn_up_exps.weight
create_tensor: loading tensor blk.0.attn_q.scale
create_tensor: loading tensor blk.0.attn_k.scale
create_tensor: loading tensor blk.0.attn_v.scale
create_tensor: loading tensor blk.0.attn_output.scale
create_tensor: loading tensor blk.0.ffn_gate_exps.scale
create_tensor: loading tensor blk.0.ffn_down_exps.scale
create_tensor: loading tensor blk.0.ffn_up_exps.scale
create_tensor: loading tensor blk.0.attn_q.input_scale
create_tensor: loading tensor blk.0.attn_k.input_scale
create_tensor: loading tensor blk.0.attn_v.input_scale
create_tensor: loading tensor blk.0.attn_output.input_scale
create_tensor: loading tensor blk.0.ffn_gate_exps.input_scale
create_tensor: loading tensor blk.0.ffn_down_exps.input_scale
create_tensor: loading tensor blk.0.ffn_up_exps.input_scale
create_tensor: loading tensor blk.1.attn_q.scale
create_tensor: loading tensor blk.1.attn_k.scale
create_tensor: loading tensor blk.1.attn_v.scale
create_tensor: loading tensor blk.1.attn_output.scale
create_tensor: loading tensor blk.1.ffn_gate_exps.scale
create_tensor: loading tensor blk.1.ffn_down_exps.scale
create_tensor: loading tensor blk.1.ffn_up_exps.scale
create_tensor: loading tensor blk.1.attn_q.input_scale
create_tensor: loading tensor blk.1.attn_k.input_scale
create_tensor: loading tensor blk.1.attn_v.input_scale
create_tensor: loading tensor blk.1.attn_output.input_scale
create_tensor: loading tensor blk.1.ffn_gate_exps.input_scale
create_tensor: loading tensor blk.1.ffn_down_exps.input_scale
create_tensor: loading tensor blk.1.ffn_up_exps.input_scale
load_tensors: offloading 0 repeating layers to GPU
load_tensors: offloaded 0/3 layers to GPU
load_tensors:    CUDA_Host model buffer size =     0.13 MiB
load_all_data: buffer type CUDA_Host is not the default buffer type for device CUDA0 for async uploads
...................
llama_model_loader: loaded meta data with 13 key-value pairs and 23 tensors from C:\Users\cadel\AppData\Local\Temp\moe-integration-1702916.gguf (version GGUF V3 (latest))
llama_model_loader: Dumping metadata keys/values. Note: KV overrides do not apply in this output.
llama_model_loader: - kv   0:                       general.architecture str              = llama
llama_model_loader: - kv   1:                       tokenizer.ggml.model str              = no_vocab
llama_model_loader: - kv   2:                           llama.vocab_size u32              = 32
llama_model_loader: - kv   3:                       llama.context_length u32              = 128
llama_model_loader: - kv   4:                     llama.embedding_length u32              = 32
llama_model_loader: - kv   5:                          llama.block_count u32              = 2
llama_model_loader: - kv   6:                  llama.feed_forward_length u32              = 64
llama_model_loader: - kv   7:                 llama.attention.head_count u32              = 2
llama_model_loader: - kv   8:              llama.attention.head_count_kv u32              = 2
llama_model_loader: - kv   9:                 llama.rope.dimension_count u32              = 16
llama_model_loader: - kv  10:                         llama.expert_count u32              = 4
llama_model_loader: - kv  11:                    llama.expert_used_count u32              = 2
llama_model_loader: - kv  12:     llama.attention.layer_norm_rms_epsilon f32              = 0.000010
llama_model_loader: - type  f32:   17 tensors
llama_model_loader: - type  f16:    6 tensors
print_info: file format = GGUF V3 (latest)
print_info: file type   = (guessed) all F32
print_info: file size   = 0.13 MiB (18.85 BPW) 
llama_prepare_model_devices: using device CUDA0 (NVIDIA GeForce RTX 4060 Laptop GPU) (0000:01:00.0) - 7096 MiB free
load: adding 32 dummy tokens
print_info: arch                  = llama
print_info: vocab_only            = 0
print_info: no_alloc              = 0
print_info: n_ctx_train           = 128
print_info: n_embd_inp            = 32
print_info: n_embd                = 32
print_info: n_embd_out            = 32
print_info: n_layer               = 2
print_info: n_layer_all           = 2
print_info: n_head                = 2
print_info: n_head_kv             = 2
print_info: n_rot                 = 16
print_info: n_swa                 = 0
print_info: is_swa_any            = 0
print_info: n_embd_head_k         = 16
print_info: n_embd_head_v         = 16
print_info: n_gqa                 = 1
print_info: n_embd_k_gqa          = 32
print_info: n_embd_v_gqa          = 32
print_info: f_norm_eps            = 0.0e+00
print_info: f_norm_rms_eps        = 1.0e-05
print_info: f_clamp_kqv           = 0.0e+00
print_info: f_max_alibi_bias      = 0.0e+00
print_info: f_logit_scale         = 0.0e+00
print_info: f_attn_scale          = 0.0e+00
print_info: f_attn_value_scale    = 0.0000
print_info: n_ff                  = 64
print_info: n_expert              = 4
print_info: n_expert_used         = 2
print_info: n_expert_groups       = 0
print_info: n_group_used          = 0
print_info: causal attn           = 1
print_info: pooling type          = -1
print_info: rope type             = 0
print_info: rope scaling          = linear
print_info: freq_base_train       = 10000.0
print_info: freq_scale_train      = 1
print_info: n_ctx_orig_yarn       = 128
print_info: rope_yarn_log_mul     = 0.0000
print_info: rope_finetuned        = unknown
print_info: model type            = ?B
print_info: model params          = 59.81 K
print_info: general.name          = n/a
print_info: vocab type            = no vocab
print_info: n_vocab               = 32
print_info: n_merges              = 0
print_info: max token length      = 0
load_tensors: loading model tensors, this can take a while... (load_mode = none)
load_tensors: layer   0 assigned to device CPU, is_swa = 0
load_tensors: layer   1 assigned to device CPU, is_swa = 0
load_tensors: layer   2 assigned to device CPU, is_swa = 0
create_tensor: loading tensor token_embd.weight
create_tensor: loading tensor output_norm.weight
create_tensor: loading tensor output.weight
create_tensor: loading tensor blk.0.attn_norm.weight
create_tensor: loading tensor blk.0.attn_qkv.weight
create_tensor: loading tensor blk.0.attn_q.weight
create_tensor: loading tensor blk.0.attn_k.weight
create_tensor: loading tensor blk.0.attn_v.weight
create_tensor: loading tensor blk.0.attn_q.bias
create_tensor: loading tensor blk.0.attn_k.bias
create_tensor: loading tensor blk.0.attn_v.bias
create_tensor: loading tensor blk.0.attn_output.weight
create_tensor: loading tensor blk.0.attn_output.bias
create_tensor: loading tensor blk.0.ffn_norm.weight
create_tensor: loading tensor rope_freqs.weight
create_tensor: loading tensor blk.0.ffn_gate_inp.weight
create_tensor: loading tensor blk.0.ffn_gate_exps.weight
create_tensor: loading tensor blk.0.ffn_down_exps.weight
create_tensor: loading tensor blk.0.ffn_up_exps.weight
create_tensor: loading tensor blk.1.attn_norm.weight
create_tensor: loading tensor blk.1.attn_qkv.weight
create_tensor: loading tensor blk.1.attn_q.weight
create_tensor: loading tensor blk.1.attn_k.weight
create_tensor: loading tensor blk.1.attn_v.weight
create_tensor: loading tensor blk.1.attn_q.bias
create_tensor: loading tensor blk.1.attn_k.bias
create_tensor: loading tensor blk.1.attn_v.bias
create_tensor: loading tensor blk.1.attn_output.weight
create_tensor: loading tensor blk.1.attn_output.bias
create_tensor: loading tensor blk.1.ffn_norm.weight
create_tensor: loading tensor rope_freqs.weight
create_tensor: loading tensor blk.1.ffn_gate_inp.weight
create_tensor: loading tensor blk.1.ffn_gate_exps.weight
create_tensor: loading tensor blk.1.ffn_down_exps.weight
create_tensor: loading tensor blk.1.ffn_up_exps.weight
create_tensor: loading tensor blk.0.attn_q.scale
create_tensor: loading tensor blk.0.attn_k.scale
create_tensor: loading tensor blk.0.attn_v.scale
create_tensor: loading tensor blk.0.attn_output.scale
create_tensor: loading tensor blk.0.ffn_gate_exps.scale
create_tensor: loading tensor blk.0.ffn_down_exps.scale
create_tensor: loading tensor blk.0.ffn_up_exps.scale
create_tensor: loading tensor blk.0.attn_q.input_scale
create_tensor: loading tensor blk.0.attn_k.input_scale
create_tensor: loading tensor blk.0.attn_v.input_scale
create_tensor: loading tensor blk.0.attn_output.input_scale
create_tensor: loading tensor blk.0.ffn_gate_exps.input_scale
create_tensor: loading tensor blk.0.ffn_down_exps.input_scale
create_tensor: loading tensor blk.0.ffn_up_exps.input_scale
create_tensor: loading tensor blk.1.attn_q.scale
create_tensor: loading tensor blk.1.attn_k.scale
create_tensor: loading tensor blk.1.attn_v.scale
create_tensor: loading tensor blk.1.attn_output.scale
create_tensor: loading tensor blk.1.ffn_gate_exps.scale
create_tensor: loading tensor blk.1.ffn_down_exps.scale
create_tensor: loading tensor blk.1.ffn_up_exps.scale
create_tensor: loading tensor blk.1.attn_q.input_scale
create_tensor: loading tensor blk.1.attn_k.input_scale
create_tensor: loading tensor blk.1.attn_v.input_scale
create_tensor: loading tensor blk.1.attn_output.input_scale
create_tensor: loading tensor blk.1.ffn_gate_exps.input_scale
create_tensor: loading tensor blk.1.ffn_down_exps.input_scale
create_tensor: loading tensor blk.1.ffn_up_exps.input_scale
load_tensors: offloading 0 repeating layers to GPU
load_tensors: offloaded 0/3 layers to GPU
load_tensors:          CPU model buffer size =     0.13 MiB
load_all_data: no device found for buffer type CPU for async uploads
...................
load_tensors: experimental host-bank MoE enabled, tile weights <= 12544 bytes; this is not a total memory limit
llama_context: constructing llama_context
llama_context: n_seq_max             = 1
llama_context: n_ctx                 = 256
llama_context: n_ctx_seq             = 256
llama_context: n_batch               = 32
llama_context: n_ubatch              = 8
llama_context: causal_attn           = 1
llama_context: flash_attn            = disabled
llama_context: kv_unified            = false
llama_context: freq_base             = 10000.0
llama_context: freq_scale            = 1
llama_context: n_rs_seq              = 0
llama_context: n_outputs_max         = 32
llama_context: n_outputs_max_per_seq = 1
llama_context: n_ctx_seq (256) > n_ctx_train (128) -- possible training context overflow
set_abort_callback: call
llama_context:        CPU  output buffer size =     0.00 MiB
llama_kv_cache: layer   0: dev = CPU
llama_kv_cache: layer   1: dev = CPU
llama_kv_cache:        CPU KV buffer size =     0.06 MiB
llama_kv_cache: size =    0.06 MiB (   256 cells,   2 layers,  1/1 seqs), K (f16):    0.03 MiB, V (f16):    0.03 MiB
llama_kv_cache: attn_rot_k = 0, n_embd_head_k_all = 16
llama_kv_cache: attn_rot_v = 0, n_embd_head_k_all = 16
llama_context: enumerating backends
llama_context: backend_ptrs.size() = 2
sched_reserve: reserving ...
sched_reserve: max_nodes = 1024
sched_reserve: decode graph slots = 4 (n_tokens <= 4)
sched_reserve: reserving full memory module
sched_reserve: worst-case: n_tokens = 8, n_seqs = 1, n_outputs = 1
resolve_fused_ops: resolving fused Gated Delta Net support:
graph_reserve: reserving a graph for ubatch with n_tokens =    1, n_seqs =  1, n_outputs =    1
resolve_fused_ops: fused Gated Delta Net (autoregressive) enabled
graph_reserve: reserving a graph for ubatch with n_tokens =   16, n_seqs =  1, n_outputs =   16
resolve_fused_ops: fused Gated Delta Net (chunked) enabled
resolve_fused_ops: resolving fused Lightning Indexer support:
graph_reserve: reserving a graph for ubatch with n_tokens =    1, n_seqs =  1, n_outputs =    1
resolve_fused_ops: Lightning Indexer enabled
resolve_fused_ops: resolving fused DeepSeek V4 HC support:
graph_reserve: reserving a graph for ubatch with n_tokens =    1, n_seqs =  1, n_outputs =    1
resolve_fused_ops: fused DeepSeek V4 HC pre enabled
graph_reserve: reserving a graph for ubatch with n_tokens =    1, n_seqs =  1, n_outputs =    1
resolve_fused_ops: fused DeepSeek V4 HC comb enabled
graph_reserve: reserving a graph for ubatch with n_tokens =    1, n_seqs =  1, n_outputs =    1
resolve_fused_ops: fused DeepSeek V4 HC post enabled
graph_reserve: reserving a graph for ubatch with n_tokens =    8, n_seqs =  1, n_outputs =    8
graph_reserve: reserving a graph for ubatch with n_tokens =    1, n_seqs =  1, n_outputs =    1
graph_reserve: reserving a graph for ubatch with n_tokens =    8, n_seqs =  1, n_outputs =    8
sched_reserve:  CUDA_Host compute buffer size =     0.03 MiB
sched_reserve: graph nodes  = 110
sched_reserve: graph splits = 1
sched_reserve: reserve took 1.95 ms, sched copies = 1
llama_context: constructing llama_context
llama_context: MoE device=CUDA0 cache=98304 staging=1048576 compute-limit=67108864 bytes
llama_context: n_seq_max             = 1
llama_context: n_ctx                 = 256
llama_context: n_ctx_seq             = 256
llama_context: n_batch               = 32
llama_context: n_ubatch              = 8
llama_context: causal_attn           = 1
llama_context: flash_attn            = disabled
llama_context: kv_unified            = false
llama_context: freq_base             = 10000.0
llama_context: freq_scale            = 1
llama_context: n_rs_seq              = 0
llama_context: n_outputs_max         = 32
llama_context: n_outputs_max_per_seq = 1
llama_context: n_ctx_seq (256) > n_ctx_train (128) -- possible training context overflow
set_abort_callback: call
llama_context:        CPU  output buffer size =     0.00 MiB
llama_kv_cache: layer   0: dev = CPU
llama_kv_cache: layer   1: dev = CPU
llama_kv_cache:        CPU KV buffer size =     0.06 MiB
llama_kv_cache: size =    0.06 MiB (   256 cells,   2 layers,  1/1 seqs), K (f16):    0.03 MiB, V (f16):    0.03 MiB
llama_kv_cache: attn_rot_k = 0, n_embd_head_k_all = 16
llama_kv_cache: attn_rot_v = 0, n_embd_head_k_all = 16
llama_context: enumerating backends
llama_context: backend_ptrs.size() = 2
sched_reserve: reserving ...
sched_reserve: max_nodes = 1024
sched_reserve: decode graph slots = 4 (n_tokens <= 4)
sched_reserve: reserving full memory module
sched_reserve: worst-case: n_tokens = 8, n_seqs = 1, n_outputs = 1
resolve_fused_ops: resolving fused Gated Delta Net support:
graph_reserve: reserving a graph for ubatch with n_tokens =    1, n_seqs =  1, n_outputs =    1
resolve_fused_ops: fused Gated Delta Net (autoregressive) enabled
graph_reserve: reserving a graph for ubatch with n_tokens =   16, n_seqs =  1, n_outputs =   16
resolve_fused_ops: fused Gated Delta Net (chunked) enabled
resolve_fused_ops: resolving fused Lightning Indexer support:
graph_reserve: reserving a graph for ubatch with n_tokens =    1, n_seqs =  1, n_outputs =    1
resolve_fused_ops: Lightning Indexer enabled
resolve_fused_ops: resolving fused DeepSeek V4 HC support:
graph_reserve: reserving a graph for ubatch with n_tokens =    1, n_seqs =  1, n_outputs =    1
resolve_fused_ops: fused DeepSeek V4 HC pre enabled
graph_reserve: reserving a graph for ubatch with n_tokens =    1, n_seqs =  1, n_outputs =    1
resolve_fused_ops: fused DeepSeek V4 HC comb enabled
graph_reserve: reserving a graph for ubatch with n_tokens =    1, n_seqs =  1, n_outputs =    1
resolve_fused_ops: fused DeepSeek V4 HC post enabled
graph_reserve: reserving a graph for ubatch with n_tokens =    8, n_seqs =  1, n_outputs =    8
graph_reserve: reserving a graph for ubatch with n_tokens =    1, n_seqs =  1, n_outputs =    1
graph_reserve: reserving a graph for ubatch with n_tokens =    8, n_seqs =  1, n_outputs =    8
sched_reserve:  CUDA_Host compute buffer size =     0.03 MiB
sched_reserve: graph nodes  = 100
sched_reserve: graph splits = 1
sched_reserve: reserve took 1.83 ms, sched copies = 1
graph_reserve: reserving a graph for ubatch with n_tokens =    4, n_seqs =  1, n_outputs =    4
FT_COMPARE layer=0 relative=0.000756014 first=-0.0187822/-0.0188195
FT_COMPARE layer=1 relative=0.000487958 first=-0.0408186/-0.0407563
FT_COMPARE layer=0 relative=0.000630634 first=0.0360882/0.0360892
FT_COMPARE layer=1 relative=0.000466582 first=0.0134638/0.0134737
FT_COMPARE layer=0 relative=0.000327842 first=0.0217211/0.0217268
FT_COMPARE layer=1 relative=0.000849258 first=-0.0932609/-0.0932364
FT_COMPARE layer=0 relative=0.000531414 first=0.0863656/0.0863358
FT_COMPARE layer=1 relative=0.000593445 first=-0.0183266/-0.0183567
FT_COMPARE layer=0 relative=0.000473362 first=0.00429035/0.00430704
FT_COMPARE layer=1 relative=0.000645152 first=-0.0257115/-0.0256689
FT_COMPARE layer=0 relative=0.000631604 first=0.056195/0.0561763
FT_COMPARE layer=1 relative=0.000445602 first=0.0582515/0.0582691
FT_COMPARE layer=0 relative=0.000444464 first=-0.0912278/-0.0912252
FT_COMPARE layer=1 relative=0.000481988 first=0.0646283/0.0646779
FT_COMPARE layer=0 relative=0.000596522 first=-0.0281853/-0.0281919
FT_COMPARE layer=1 relative=0.000549509 first=-0.0336694/-0.0336641
FT_COMPARE layer=0 relative=0.000662996 first=0.0826735/0.0826118
FT_COMPARE layer=1 relative=0.000632308 first=-0.0782246/-0.0781518
FT_COMPARE layer=0 relative=0.000377659 first=0.0361291/0.0361076
FT_COMPARE layer=1 relative=0.000396664 first=0.00708435/0.00709733
FT_COMPARE layer=0 relative=0.000505487 first=-0.056655/-0.0565675
FT_COMPARE layer=1 relative=0.000680994 first=-0.0537908/-0.0538098
FT_COMPARE layer=0 relative=0.000339741 first=-0.0759489/-0.0759434
FT_COMPARE layer=1 relative=0.00050484 first=-0.00475747/-0.00474477
FT_COMPARE layer=0 relative=0.000447569 first=-0.138436/-0.138401
FT_COMPARE layer=1 relative=0.000516164 first=0.0506209/0.0506057
FT_COMPARE layer=0 relative=0.000646913 first=-0.0573487/-0.0573027
FT_COMPARE layer=1 relative=0.000505222 first=-0.0937623/-0.0937473
FT_COMPARE layer=0 relative=0.000737508 first=0.0280256/0.0280163
FT_COMPARE layer=1 relative=0.000366364 first=0.0120961/0.0121083
FT_COMPARE layer=0 relative=0.000501171 first=-0.0102862/-0.0102732
FT_COMPARE layer=1 relative=0.00048269 first=-0.0401845/-0.0401927
FT_COMPARE layer=0 relative=0.000380793 first=-0.0685385/-0.0685333
FT_COMPARE layer=1 relative=0.000560237 first=0.0348459/0.0348458
FT_COMPARE layer=0 relative=0.000785922 first=0.0402541/0.0402979
FT_COMPARE layer=1 relative=0.000540316 first=-0.0375713/-0.0375634
FT_COMPARE layer=0 relative=0.000456802 first=0.0214676/0.021461
FT_COMPARE layer=1 relative=0.000900348 first=-0.038902/-0.0388778
FT_COMPARE layer=0 relative=0.000631335 first=0.0468409/0.0468255
FT_COMPARE layer=1 relative=0.000562659 first=-0.0146213/-0.0146628
FT_COMPARE layer=0 relative=0.000670737 first=0.041694/0.0416818
FT_COMPARE layer=1 relative=0.000499681 first=0.0093372/0.00929271
FT_COMPARE layer=0 relative=0.000400684 first=-0.0146388/-0.0146299
FT_COMPARE layer=1 relative=0.000679675 first=-0.030471/-0.0304727
FT_COMPARE layer=0 relative=0.000589724 first=-0.0623086/-0.062301
FT_COMPARE layer=1 relative=0.000502857 first=-0.0741566/-0.0741351
FT_COMPARE layer=0 relative=0.000360118 first=-0.0562228/-0.0561924
FT_COMPARE layer=1 relative=0.00085061 first=-0.026591/-0.0265827
FT_COMPARE layer=0 relative=0.000411874 first=0.102597/0.102556
FT_COMPARE layer=1 relative=0.000370938 first=-0.0553063/-0.0552676
FT_COMPARE layer=0 relative=0.000669181 first=0.0403998/0.0404489
FT_COMPARE layer=1 relative=0.000707414 first=-0.0825966/-0.0826262
FT_COMPARE layer=0 relative=0.00100628 first=0.0410449/0.0410443
FT_COMPARE layer=1 relative=0.000622365 first=-0.112243/-0.112221
FT_COMPARE layer=0 relative=0.000653713 first=0.150199/0.150153
FT_COMPARE layer=1 relative=0.000382025 first=-0.110173/-0.110143
FT_COMPARE layer=0 relative=0.000539306 first=0.0382332/0.0382623
FT_COMPARE layer=1 relative=0.000637463 first=-0.0626289/-0.0626592
FT_COMPARE layer=0 relative=0.000658508 first=-0.0787379/-0.0787756
FT_COMPARE layer=1 relative=0.000745005 first=0.0217422/0.021682
FT_COMPARE layer=0 relative=0.000433076 first=-0.133947/-0.133869
FT_COMPARE layer=1 relative=0.000462674 first=-0.0268435/-0.0268402
FT_COMPARE layer=0 relative=0.000640234 first=-0.0262099/-0.0262756
FT_COMPARE layer=1 relative=0.000464414 first=0.0051954/0.00521242
FT_COMPARE layer=0 relative=0.000447625 first=-0.0386611/-0.0386132
FT_COMPARE layer=1 relative=0.000454892 first=0.060558/0.0605308
FT_COMPARE layer=0 relative=0.000486074 first=0.0576557/0.0576505
FT_COMPARE layer=1 relative=0.000726124 first=0.0503174/0.0503283
FT_COMPARE layer=0 relative=0.000835151 first=-0.0233079/-0.0232316
FT_COMPARE layer=1 relative=0.000461117 first=-0.0975221/-0.0974915
FT_COMPARE layer=0 relative=0.000456527 first=-0.0658859/-0.0658888
FT_COMPARE layer=1 relative=0.000414846 first=-0.020077/-0.020112
FT_COMPARE layer=0 relative=0.000556397 first=0.0813584/0.0813278
FT_COMPARE layer=1 relative=0.00058562 first=-0.0356808/-0.0357057
FT_COMPARE layer=0 relative=0.000565982 first=-0.0603409/-0.0603077
FT_COMPARE layer=1 relative=0.000604176 first=0.132607/0.132661
FT_COMPARE layer=0 relative=0.000386021 first=-0.0185391/-0.0185802
FT_COMPARE layer=1 relative=0.000664071 first=0.128986/0.129015
FT_COMPARE layer=0 relative=0.000377107 first=-0.0164286/-0.0163874
FT_COMPARE layer=1 relative=0.000636538 first=-0.0496734/-0.0496874
FT_COMPARE layer=0 relative=0.000327895 first=0.123289/0.123273
FT_COMPARE layer=1 relative=0.000588964 first=-0.0966811/-0.0966835
FT_COMPARE layer=0 relative=0.000480091 first=0.031759/0.0317856
FT_COMPARE layer=1 relative=0.000523408 first=0.0806522/0.0806228
FT_COMPARE layer=0 relative=0.000462252 first=-0.0639133/-0.0639465
FT_COMPARE layer=1 relative=0.000392555 first=-0.0630549/-0.063086
FT_COMPARE layer=0 relative=0.00065892 first=-0.0966088/-0.0965625
FT_COMPARE layer=1 relative=0.000621642 first=0.0401044/0.040097
FT_COMPARE layer=0 relative=0.000812638 first=-0.0971595/-0.0972044
FT_COMPARE layer=1 relative=0.000504547 first=0.0333091/0.0333606
FT_COMPARE layer=0 relative=0.000668431 first=-0.0529057/-0.0528198
FT_COMPARE layer=1 relative=0.000635676 first=-0.0608866/-0.0608726
FT_COMPARE layer=0 relative=0.00090497 first=-0.00994606/-0.00998063
FT_COMPARE layer=1 relative=0.000621911 first=0.0499126/0.04992
FT_COMPARE layer=0 relative=0.000549502 first=-0.0603443/-0.0603085
FT_COMPARE layer=1 relative=0.000435025 first=-0.0431021/-0.0431102
set_abort_callback: call
graph_compute: ggml_backend_sched_graph_compute_async failed with error 1
process_ubatch: failed to compute graph, compute status: 1
decode: removing memory module entries for seq_id = 0, pos = [59, +inf)
llama_decode: failed to decode, ret = 2
set_abort_callback: call
graph_compute: ggml_backend_sched_graph_compute_async failed with error -1
host-bank MoE execution failed: MoE routing weight must be finite
process_ubatch: failed to compute graph, compute status: -1
decode: removing memory module entries for seq_id = 0, pos = [59, +inf)
llama_decode: failed to decode, ret = -3
FT_COMPARE layer=0 relative=0.000531105 first=-0.068028/-0.0680362
FT_COMPARE layer=1 relative=0.00062346 first=0.0742541/0.0742755
llama_context: constructing llama_context
llama_init_from_model: failed to initialize the context: host-bank MoE requires one sequence, op_offload=false and offload_kqv=false
llama_context: constructing llama_context
llama_init_from_model: failed to initialize the context: host-bank MoE requires one sequence, op_offload=false and offload_kqv=false
llama_context: constructing llama_context
llama_init_from_model: failed to initialize the context: host-bank MoE requires one sequence, op_offload=false and offload_kqv=false
llama_context: constructing llama_context
llama_init_from_model: failed to initialize the context: moe cache: invalid uniform arena geometry
llama_context: constructing llama_context
llama_init_from_model: failed to initialize the context: host-bank MoE cache requires model.moe_cpu_tile_bytes host-bank setup
~llama_context:      CUDA0 compute buffer size is   0.0000 MiB, matches expectation of   0.0000 MiB
~llama_context:  CUDA_Host compute buffer size is   0.0304 MiB, matches expectation of   0.0304 MiB
~llama_context:      CUDA0 compute buffer size is   0.0000 MiB, matches expectation of   0.0000 MiB
~llama_context:  CUDA_Host compute buffer size is   0.0304 MiB, matches expectation of   0.0304 MiB
llama_context: constructing llama_context
llama_context: MoE device=CUDA0 cache=98304 staging=1048576 compute-limit=67108864 bytes
llama_context: n_seq_max             = 1
llama_context: n_ctx                 = 256
llama_context: n_ctx_seq             = 256
llama_context: n_batch               = 32
llama_context: n_ubatch              = 8
llama_context: causal_attn           = 1
llama_context: flash_attn            = disabled
llama_context: kv_unified            = false
llama_context: freq_base             = 10000.0
llama_context: freq_scale            = 1
llama_context: n_rs_seq              = 0
llama_context: n_outputs_max         = 32
llama_context: n_outputs_max_per_seq = 1
llama_context: n_ctx_seq (256) > n_ctx_train (128) -- possible training context overflow
set_abort_callback: call
llama_context:        CPU  output buffer size =     0.00 MiB
llama_kv_cache: layer   0: dev = CPU
llama_kv_cache: layer   1: dev = CPU
llama_kv_cache:        CPU KV buffer size =     0.06 MiB
llama_kv_cache: size =    0.06 MiB (   256 cells,   2 layers,  1/1 seqs), K (f16):    0.03 MiB, V (f16):    0.03 MiB
llama_kv_cache: attn_rot_k = 0, n_embd_head_k_all = 16
llama_kv_cache: attn_rot_v = 0, n_embd_head_k_all = 16
llama_context: enumerating backends
llama_context: backend_ptrs.size() = 2
sched_reserve: reserving ...
sched_reserve: max_nodes = 1024
sched_reserve: decode graph slots = 4 (n_tokens <= 4)
sched_reserve: reserving full memory module
sched_reserve: worst-case: n_tokens = 8, n_seqs = 1, n_outputs = 1
resolve_fused_ops: resolving fused Gated Delta Net support:
graph_reserve: reserving a graph for ubatch with n_tokens =    1, n_seqs =  1, n_outputs =    1
resolve_fused_ops: fused Gated Delta Net (autoregressive) enabled
graph_reserve: reserving a graph for ubatch with n_tokens =   16, n_seqs =  1, n_outputs =   16
resolve_fused_ops: fused Gated Delta Net (chunked) enabled
resolve_fused_ops: resolving fused Lightning Indexer support:
graph_reserve: reserving a graph for ubatch with n_tokens =    1, n_seqs =  1, n_outputs =    1
resolve_fused_ops: Lightning Indexer enabled
resolve_fused_ops: resolving fused DeepSeek V4 HC support:
graph_reserve: reserving a graph for ubatch with n_tokens =    1, n_seqs =  1, n_outputs =    1
resolve_fused_ops: fused DeepSeek V4 HC pre enabled
graph_reserve: reserving a graph for ubatch with n_tokens =    1, n_seqs =  1, n_outputs =    1
resolve_fused_ops: fused DeepSeek V4 HC comb enabled
graph_reserve: reserving a graph for ubatch with n_tokens =    1, n_seqs =  1, n_outputs =    1
resolve_fused_ops: fused DeepSeek V4 HC post enabled
graph_reserve: reserving a graph for ubatch with n_tokens =    8, n_seqs =  1, n_outputs =    8
graph_reserve: reserving a graph for ubatch with n_tokens =    1, n_seqs =  1, n_outputs =    1
graph_reserve: reserving a graph for ubatch with n_tokens =    8, n_seqs =  1, n_outputs =    8
sched_reserve:  CUDA_Host compute buffer size =     0.03 MiB
sched_reserve: graph nodes  = 100
sched_reserve: graph splits = 1
sched_reserve: reserve took 1.88 ms, sched copies = 1
llama_context: constructing llama_context
llama_context: n_seq_max             = 1
llama_context: n_ctx                 = 256
llama_context: n_ctx_seq             = 256
llama_context: n_batch               = 32
llama_context: n_ubatch              = 8
llama_context: causal_attn           = 1
llama_context: flash_attn            = disabled
llama_context: kv_unified            = false
llama_context: freq_base             = 10000.0
llama_context: freq_scale            = 1
llama_context: n_rs_seq              = 0
llama_context: n_outputs_max         = 32
llama_context: n_outputs_max_per_seq = 1
llama_context: n_ctx_seq (256) > n_ctx_train (128) -- possible training context overflow
set_abort_callback: call
llama_context:        CPU  output buffer size =     0.00 MiB
llama_kv_cache: layer   0: dev = CPU
llama_kv_cache: layer   1: dev = CPU
llama_kv_cache:        CPU KV buffer size =     0.06 MiB
llama_kv_cache: size =    0.06 MiB (   256 cells,   2 layers,  1/1 seqs), K (f16):    0.03 MiB, V (f16):    0.03 MiB
llama_kv_cache: attn_rot_k = 0, n_embd_head_k_all = 16
llama_kv_cache: attn_rot_v = 0, n_embd_head_k_all = 16
llama_context: enumerating backends
llama_context: backend_ptrs.size() = 2
sched_reserve: reserving ...
sched_reserve: max_nodes = 1024
sched_reserve: decode graph slots = 4 (n_tokens <= 4)
sched_reserve: reserving full memory module
sched_reserve: worst-case: n_tokens = 8, n_seqs = 1, n_outputs = 1
resolve_fused_ops: resolving fused Gated Delta Net support:
graph_reserve: reserving a graph for ubatch with n_tokens =    1, n_seqs =  1, n_outputs =    1
resolve_fused_ops: fused Gated Delta Net (autoregressive) enabled
graph_reserve: reserving a graph for ubatch with n_tokens =   16, n_seqs =  1, n_outputs =   16
resolve_fused_ops: fused Gated Delta Net (chunked) enabled
resolve_fused_ops: resolving fused Lightning Indexer support:
graph_reserve: reserving a graph for ubatch with n_tokens =    1, n_seqs =  1, n_outputs =    1
resolve_fused_ops: Lightning Indexer enabled
resolve_fused_ops: resolving fused DeepSeek V4 HC support:
graph_reserve: reserving a graph for ubatch with n_tokens =    1, n_seqs =  1, n_outputs =    1
resolve_fused_ops: fused DeepSeek V4 HC pre enabled
graph_reserve: reserving a graph for ubatch with n_tokens =    1, n_seqs =  1, n_outputs =    1
resolve_fused_ops: fused DeepSeek V4 HC comb enabled
graph_reserve: reserving a graph for ubatch with n_tokens =    1, n_seqs =  1, n_outputs =    1
resolve_fused_ops: fused DeepSeek V4 HC post enabled
graph_reserve: reserving a graph for ubatch with n_tokens =    8, n_seqs =  1, n_outputs =    8
graph_reserve: reserving a graph for ubatch with n_tokens =    1, n_seqs =  1, n_outputs =    1
graph_reserve: reserving a graph for ubatch with n_tokens =    8, n_seqs =  1, n_outputs =    8
sched_reserve:  CUDA_Host compute buffer size =     0.03 MiB
sched_reserve: graph nodes  = 110
sched_reserve: graph splits = 1
sched_reserve: reserve took 2.08 ms, sched copies = 1
FT_COMPARE layer=0 relative=0.000756014 first=-0.0187822/-0.0188195
FT_COMPARE layer=1 relative=0.000487958 first=-0.0408186/-0.0407563
~llama_context:      CUDA0 compute buffer size is   0.0000 MiB, matches expectation of   0.0000 MiB
~llama_context:  CUDA_Host compute buffer size is   0.0304 MiB, matches expectation of   0.0304 MiB
~llama_context:      CUDA0 compute buffer size is   0.0000 MiB, matches expectation of   0.0000 MiB
~llama_context:  CUDA_Host compute buffer size is   0.0304 MiB, matches expectation of   0.0304 MiB
llama_model_loader: loaded meta data with 13 key-value pairs and 23 tensors from C:\Users\cadel\AppData\Local\Temp\moe-integration-1702916.gguf (version GGUF V3 (latest))
llama_model_loader: Dumping metadata keys/values. Note: KV overrides do not apply in this output.
llama_model_loader: - kv   0:                       general.architecture str              = llama
llama_model_loader: - kv   1:                       tokenizer.ggml.model str              = no_vocab
llama_model_loader: - kv   2:                           llama.vocab_size u32              = 32
llama_model_loader: - kv   3:                       llama.context_length u32              = 128
llama_model_loader: - kv   4:                     llama.embedding_length u32              = 32
llama_model_loader: - kv   5:                          llama.block_count u32              = 2
llama_model_loader: - kv   6:                  llama.feed_forward_length u32              = 64
llama_model_loader: - kv   7:                 llama.attention.head_count u32              = 2
llama_model_loader: - kv   8:              llama.attention.head_count_kv u32              = 2
llama_model_loader: - kv   9:                 llama.rope.dimension_count u32              = 16
llama_model_loader: - kv  10:                         llama.expert_count u32              = 4
llama_model_loader: - kv  11:                    llama.expert_used_count u32              = 2
llama_model_loader: - kv  12:     llama.attention.layer_norm_rms_epsilon f32              = 0.000010
llama_model_loader: - type  f32:   17 tensors
llama_model_loader: - type  f16:    6 tensors
print_info: file format = GGUF V3 (latest)
print_info: file type   = (guessed) all F32
print_info: file size   = 0.13 MiB (18.85 BPW) 
llama_prepare_model_devices: using device CUDA0 (NVIDIA GeForce RTX 4060 Laptop GPU) (0000:01:00.0) - 7094 MiB free
load: adding 32 dummy tokens
print_info: arch                  = llama
print_info: vocab_only            = 0
print_info: no_alloc              = 0
print_info: n_ctx_train           = 128
print_info: n_embd_inp            = 32
print_info: n_embd                = 32
print_info: n_embd_out            = 32
print_info: n_layer               = 2
print_info: n_layer_all           = 2
print_info: n_head                = 2
print_info: n_head_kv             = 2
print_info: n_rot                 = 16
print_info: n_swa                 = 0
print_info: is_swa_any            = 0
print_info: n_embd_head_k         = 16
print_info: n_embd_head_v         = 16
print_info: n_gqa                 = 1
print_info: n_embd_k_gqa          = 32
print_info: n_embd_v_gqa          = 32
print_info: f_norm_eps            = 0.0e+00
print_info: f_norm_rms_eps        = 1.0e-05
print_info: f_clamp_kqv           = 0.0e+00
print_info: f_max_alibi_bias      = 0.0e+00
print_info: f_logit_scale         = 0.0e+00
print_info: f_attn_scale          = 0.0e+00
print_info: f_attn_value_scale    = 0.0000
print_info: n_ff                  = 64
print_info: n_expert              = 4
print_info: n_expert_used         = 2
print_info: n_expert_groups       = 0
print_info: n_group_used          = 0
print_info: causal attn           = 1
print_info: pooling type          = -1
print_info: rope type             = 0
print_info: rope scaling          = linear
print_info: freq_base_train       = 10000.0
print_info: freq_scale_train      = 1
print_info: n_ctx_orig_yarn       = 128
print_info: rope_yarn_log_mul     = 0.0000
print_info: rope_finetuned        = unknown
print_info: model type            = ?B
print_info: model params          = 59.81 K
print_info: general.name          = n/a
print_info: vocab type            = no vocab
print_info: n_vocab               = 32
print_info: n_merges              = 0
print_info: max token length      = 0
load_tensors: loading model tensors, this can take a while... (load_mode = mmap)
load_tensors: layer   0 assigned to device CPU, is_swa = 0
load_tensors: layer   1 assigned to device CPU, is_swa = 0
load_tensors: layer   2 assigned to device CPU, is_swa = 0
create_tensor: loading tensor token_embd.weight
create_tensor: loading tensor output_norm.weight
create_tensor: loading tensor output.weight
create_tensor: loading tensor blk.0.attn_norm.weight
create_tensor: loading tensor blk.0.attn_qkv.weight
create_tensor: loading tensor blk.0.attn_q.weight
create_tensor: loading tensor blk.0.attn_k.weight
create_tensor: loading tensor blk.0.attn_v.weight
create_tensor: loading tensor blk.0.attn_q.bias
create_tensor: loading tensor blk.0.attn_k.bias
create_tensor: loading tensor blk.0.attn_v.bias
create_tensor: loading tensor blk.0.attn_output.weight
create_tensor: loading tensor blk.0.attn_output.bias
create_tensor: loading tensor blk.0.ffn_norm.weight
create_tensor: loading tensor rope_freqs.weight
create_tensor: loading tensor blk.0.ffn_gate_inp.weight
create_tensor: loading tensor blk.0.ffn_gate_exps.weight
create_tensor: loading tensor blk.0.ffn_down_exps.weight
create_tensor: loading tensor blk.0.ffn_up_exps.weight
create_tensor: loading tensor blk.1.attn_norm.weight
create_tensor: loading tensor blk.1.attn_qkv.weight
create_tensor: loading tensor blk.1.attn_q.weight
create_tensor: loading tensor blk.1.attn_k.weight
create_tensor: loading tensor blk.1.attn_v.weight
create_tensor: loading tensor blk.1.attn_q.bias
create_tensor: loading tensor blk.1.attn_k.bias
create_tensor: loading tensor blk.1.attn_v.bias
create_tensor: loading tensor blk.1.attn_output.weight
create_tensor: loading tensor blk.1.attn_output.bias
create_tensor: loading tensor blk.1.ffn_norm.weight
create_tensor: loading tensor rope_freqs.weight
create_tensor: loading tensor blk.1.ffn_gate_inp.weight
create_tensor: loading tensor blk.1.ffn_gate_exps.weight
create_tensor: loading tensor blk.1.ffn_down_exps.weight
create_tensor: loading tensor blk.1.ffn_up_exps.weight
create_tensor: loading tensor blk.0.attn_q.scale
create_tensor: loading tensor blk.0.attn_k.scale
create_tensor: loading tensor blk.0.attn_v.scale
create_tensor: loading tensor blk.0.attn_output.scale
create_tensor: loading tensor blk.0.ffn_gate_exps.scale
create_tensor: loading tensor blk.0.ffn_down_exps.scale
create_tensor: loading tensor blk.0.ffn_up_exps.scale
create_tensor: loading tensor blk.0.attn_q.input_scale
create_tensor: loading tensor blk.0.attn_k.input_scale
create_tensor: loading tensor blk.0.attn_v.input_scale
create_tensor: loading tensor blk.0.attn_output.input_scale
create_tensor: loading tensor blk.0.ffn_gate_exps.input_scale
create_tensor: loading tensor blk.0.ffn_down_exps.input_scale
create_tensor: loading tensor blk.0.ffn_up_exps.input_scale
create_tensor: loading tensor blk.1.attn_q.scale
create_tensor: loading tensor blk.1.attn_k.scale
create_tensor: loading tensor blk.1.attn_v.scale
create_tensor: loading tensor blk.1.attn_output.scale
create_tensor: loading tensor blk.1.ffn_gate_exps.scale
create_tensor: loading tensor blk.1.ffn_down_exps.scale
create_tensor: loading tensor blk.1.ffn_up_exps.scale
create_tensor: loading tensor blk.1.attn_q.input_scale
create_tensor: loading tensor blk.1.attn_k.input_scale
create_tensor: loading tensor blk.1.attn_v.input_scale
create_tensor: loading tensor blk.1.attn_output.input_scale
create_tensor: loading tensor blk.1.ffn_gate_exps.input_scale
create_tensor: loading tensor blk.1.ffn_down_exps.input_scale
create_tensor: loading tensor blk.1.ffn_up_exps.input_scale
done_getting_tensors: tensor 'token_embd.weight' (f32) (and 22 others) cannot be used with preferred buffer type CUDA_Host, using CPU instead
load_tensors: offloading 0 repeating layers to GPU
load_tensors: offloaded 0/3 layers to GPU
load_tensors:   CPU_Mapped model buffer size =     0.13 MiB
...................
llama_model_loader: loaded meta data with 13 key-value pairs and 23 tensors from C:\Users\cadel\AppData\Local\Temp\moe-integration-1702916.gguf (version GGUF V3 (latest))
llama_model_loader: Dumping metadata keys/values. Note: KV overrides do not apply in this output.
llama_model_loader: - kv   0:                       general.architecture str              = llama
llama_model_loader: - kv   1:                       tokenizer.ggml.model str              = no_vocab
llama_model_loader: - kv   2:                           llama.vocab_size u32              = 32
llama_model_loader: - kv   3:                       llama.context_length u32              = 128
llama_model_loader: - kv   4:                     llama.embedding_length u32              = 32
llama_model_loader: - kv   5:                          llama.block_count u32              = 2
llama_model_loader: - kv   6:                  llama.feed_forward_length u32              = 64
llama_model_loader: - kv   7:                 llama.attention.head_count u32              = 2
llama_model_loader: - kv   8:              llama.attention.head_count_kv u32              = 2
llama_model_loader: - kv   9:                 llama.rope.dimension_count u32              = 16
llama_model_loader: - kv  10:                         llama.expert_count u32              = 4
llama_model_loader: - kv  11:                    llama.expert_used_count u32              = 2
llama_model_loader: - kv  12:     llama.attention.layer_norm_rms_epsilon f32              = 0.000010
llama_model_loader: - type  f32:   17 tensors
llama_model_loader: - type  f16:    6 tensors
print_info: file format = GGUF V3 (latest)
print_info: file type   = (guessed) all F32
print_info: file size   = 0.13 MiB (18.85 BPW) 
llama_prepare_model_devices: using device CUDA0 (NVIDIA GeForce RTX 4060 Laptop GPU) (0000:01:00.0) - 7094 MiB free
load: adding 32 dummy tokens
print_info: arch                  = llama
print_info: vocab_only            = 0
print_info: no_alloc              = 0
print_info: n_ctx_train           = 128
print_info: n_embd_inp            = 32
print_info: n_embd                = 32
print_info: n_embd_out            = 32
print_info: n_layer               = 2
print_info: n_layer_all           = 2
print_info: n_head                = 2
print_info: n_head_kv             = 2
print_info: n_rot                 = 16
print_info: n_swa                 = 0
print_info: is_swa_any            = 0
print_info: n_embd_head_k         = 16
print_info: n_embd_head_v         = 16
print_info: n_gqa                 = 1
print_info: n_embd_k_gqa          = 32
print_info: n_embd_v_gqa          = 32
print_info: f_norm_eps            = 0.0e+00
print_info: f_norm_rms_eps        = 1.0e-05
print_info: f_clamp_kqv           = 0.0e+00
print_info: f_max_alibi_bias      = 0.0e+00
print_info: f_logit_scale         = 0.0e+00
print_info: f_attn_scale          = 0.0e+00
print_info: f_attn_value_scale    = 0.0000
print_info: n_ff                  = 64
print_info: n_expert              = 4
print_info: n_expert_used         = 2
print_info: n_expert_groups       = 0
print_info: n_group_used          = 0
print_info: causal attn           = 1
print_info: pooling type          = -1
print_info: rope type             = 0
print_info: rope scaling          = linear
print_info: freq_base_train       = 10000.0
print_info: freq_scale_train      = 1
print_info: n_ctx_orig_yarn       = 128
print_info: rope_yarn_log_mul     = 0.0000
print_info: rope_finetuned        = unknown
print_info: model type            = ?B
print_info: model params          = 59.81 K
print_info: general.name          = n/a
print_info: vocab type            = no vocab
print_info: n_vocab               = 32
print_info: n_merges              = 0
print_info: max token length      = 0
load_tensors: loading model tensors, this can take a while... (load_mode = mmap)
load_tensors: layer   0 assigned to device CPU, is_swa = 0
load_tensors: layer   1 assigned to device CPU, is_swa = 0
load_tensors: layer   2 assigned to device CPU, is_swa = 0
create_tensor: loading tensor token_embd.weight
create_tensor: loading tensor output_norm.weight
create_tensor: loading tensor output.weight
create_tensor: loading tensor blk.0.attn_norm.weight
create_tensor: loading tensor blk.0.attn_qkv.weight
create_tensor: loading tensor blk.0.attn_q.weight
create_tensor: loading tensor blk.0.attn_k.weight
create_tensor: loading tensor blk.0.attn_v.weight
create_tensor: loading tensor blk.0.attn_q.bias
create_tensor: loading tensor blk.0.attn_k.bias
create_tensor: loading tensor blk.0.attn_v.bias
create_tensor: loading tensor blk.0.attn_output.weight
create_tensor: loading tensor blk.0.attn_output.bias
create_tensor: loading tensor blk.0.ffn_norm.weight
create_tensor: loading tensor rope_freqs.weight
create_tensor: loading tensor blk.0.ffn_gate_inp.weight
create_tensor: loading tensor blk.0.ffn_gate_exps.weight
create_tensor: loading tensor blk.0.ffn_down_exps.weight
create_tensor: loading tensor blk.0.ffn_up_exps.weight
create_tensor: loading tensor blk.1.attn_norm.weight
create_tensor: loading tensor blk.1.attn_qkv.weight
create_tensor: loading tensor blk.1.attn_q.weight
create_tensor: loading tensor blk.1.attn_k.weight
create_tensor: loading tensor blk.1.attn_v.weight
create_tensor: loading tensor blk.1.attn_q.bias
create_tensor: loading tensor blk.1.attn_k.bias
create_tensor: loading tensor blk.1.attn_v.bias
create_tensor: loading tensor blk.1.attn_output.weight
create_tensor: loading tensor blk.1.attn_output.bias
create_tensor: loading tensor blk.1.ffn_norm.weight
create_tensor: loading tensor rope_freqs.weight
create_tensor: loading tensor blk.1.ffn_gate_inp.weight
create_tensor: loading tensor blk.1.ffn_gate_exps.weight
create_tensor: loading tensor blk.1.ffn_down_exps.weight
create_tensor: loading tensor blk.1.ffn_up_exps.weight
create_tensor: loading tensor blk.0.attn_q.scale
create_tensor: loading tensor blk.0.attn_k.scale
create_tensor: loading tensor blk.0.attn_v.scale
create_tensor: loading tensor blk.0.attn_output.scale
create_tensor: loading tensor blk.0.ffn_gate_exps.scale
create_tensor: loading tensor blk.0.ffn_down_exps.scale
create_tensor: loading tensor blk.0.ffn_up_exps.scale
create_tensor: loading tensor blk.0.attn_q.input_scale
create_tensor: loading tensor blk.0.attn_k.input_scale
create_tensor: loading tensor blk.0.attn_v.input_scale
create_tensor: loading tensor blk.0.attn_output.input_scale
create_tensor: loading tensor blk.0.ffn_gate_exps.input_scale
create_tensor: loading tensor blk.0.ffn_down_exps.input_scale
create_tensor: loading tensor blk.0.ffn_up_exps.input_scale
create_tensor: loading tensor blk.1.attn_q.scale
create_tensor: loading tensor blk.1.attn_k.scale
create_tensor: loading tensor blk.1.attn_v.scale
create_tensor: loading tensor blk.1.attn_output.scale
create_tensor: loading tensor blk.1.ffn_gate_exps.scale
create_tensor: loading tensor blk.1.ffn_down_exps.scale
create_tensor: loading tensor blk.1.ffn_up_exps.scale
create_tensor: loading tensor blk.1.attn_q.input_scale
create_tensor: loading tensor blk.1.attn_k.input_scale
create_tensor: loading tensor blk.1.attn_v.input_scale
create_tensor: loading tensor blk.1.attn_output.input_scale
create_tensor: loading tensor blk.1.ffn_gate_exps.input_scale
create_tensor: loading tensor blk.1.ffn_down_exps.input_scale
create_tensor: loading tensor blk.1.ffn_up_exps.input_scale
load_tensors: offloading 0 repeating layers to GPU
load_tensors: offloaded 0/3 layers to GPU
load_tensors:   CPU_Mapped model buffer size =     0.13 MiB
...................
load_tensors: experimental host-bank MoE enabled, tile weights <= 12544 bytes; this is not a total memory limit
llama_context: constructing llama_context
llama_context: n_seq_max             = 1
llama_context: n_ctx                 = 256
llama_context: n_ctx_seq             = 256
llama_context: n_batch               = 32
llama_context: n_ubatch              = 8
llama_context: causal_attn           = 1
llama_context: flash_attn            = disabled
llama_context: kv_unified            = false
llama_context: freq_base             = 10000.0
llama_context: freq_scale            = 1
llama_context: n_rs_seq              = 0
llama_context: n_outputs_max         = 32
llama_context: n_outputs_max_per_seq = 1
llama_context: n_ctx_seq (256) > n_ctx_train (128) -- possible training context overflow
set_abort_callback: call
llama_context:        CPU  output buffer size =     0.00 MiB
llama_kv_cache: layer   0: dev = CPU
llama_kv_cache: layer   1: dev = CPU
llama_kv_cache:        CPU KV buffer size =     0.06 MiB
llama_kv_cache: size =    0.06 MiB (   256 cells,   2 layers,  1/1 seqs), K (f16):    0.03 MiB, V (f16):    0.03 MiB
llama_kv_cache: attn_rot_k = 0, n_embd_head_k_all = 16
llama_kv_cache: attn_rot_v = 0, n_embd_head_k_all = 16
llama_context: enumerating backends
llama_context: backend_ptrs.size() = 2
sched_reserve: reserving ...
sched_reserve: max_nodes = 1024
sched_reserve: decode graph slots = 4 (n_tokens <= 4)
sched_reserve: reserving full memory module
sched_reserve: worst-case: n_tokens = 8, n_seqs = 1, n_outputs = 1
resolve_fused_ops: resolving fused Gated Delta Net support:
graph_reserve: reserving a graph for ubatch with n_tokens =    1, n_seqs =  1, n_outputs =    1
resolve_fused_ops: fused Gated Delta Net (autoregressive) enabled
graph_reserve: reserving a graph for ubatch with n_tokens =   16, n_seqs =  1, n_outputs =   16
resolve_fused_ops: fused Gated Delta Net (chunked) enabled
resolve_fused_ops: resolving fused Lightning Indexer support:
graph_reserve: reserving a graph for ubatch with n_tokens =    1, n_seqs =  1, n_outputs =    1
resolve_fused_ops: Lightning Indexer enabled
resolve_fused_ops: resolving fused DeepSeek V4 HC support:
graph_reserve: reserving a graph for ubatch with n_tokens =    1, n_seqs =  1, n_outputs =    1
resolve_fused_ops: fused DeepSeek V4 HC pre enabled
graph_reserve: reserving a graph for ubatch with n_tokens =    1, n_seqs =  1, n_outputs =    1
resolve_fused_ops: fused DeepSeek V4 HC comb enabled
graph_reserve: reserving a graph for ubatch with n_tokens =    1, n_seqs =  1, n_outputs =    1
resolve_fused_ops: fused DeepSeek V4 HC post enabled
graph_reserve: reserving a graph for ubatch with n_tokens =    8, n_seqs =  1, n_outputs =    8
graph_reserve: reserving a graph for ubatch with n_tokens =    1, n_seqs =  1, n_outputs =    1
graph_reserve: reserving a graph for ubatch with n_tokens =    8, n_seqs =  1, n_outputs =    8
sched_reserve:  CUDA_Host compute buffer size =     0.03 MiB
sched_reserve: graph nodes  = 110
sched_reserve: graph splits = 1
sched_reserve: reserve took 2.40 ms, sched copies = 1
llama_context: constructing llama_context
llama_context: n_seq_max             = 1
llama_context: n_ctx                 = 256
llama_context: n_ctx_seq             = 256
llama_context: n_batch               = 32
llama_context: n_ubatch              = 8
llama_context: causal_attn           = 1
llama_context: flash_attn            = disabled
llama_context: kv_unified            = false
llama_context: freq_base             = 10000.0
llama_context: freq_scale            = 1
llama_context: n_rs_seq              = 0
llama_context: n_outputs_max         = 32
llama_context: n_outputs_max_per_seq = 1
llama_context: n_ctx_seq (256) > n_ctx_train (128) -- possible training context overflow
set_abort_callback: call
llama_context:        CPU  output buffer size =     0.00 MiB
llama_kv_cache: layer   0: dev = CPU
llama_kv_cache: layer   1: dev = CPU
llama_kv_cache:        CPU KV buffer size =     0.06 MiB
llama_kv_cache: size =    0.06 MiB (   256 cells,   2 layers,  1/1 seqs), K (f16):    0.03 MiB, V (f16):    0.03 MiB
llama_kv_cache: attn_rot_k = 0, n_embd_head_k_all = 16
llama_kv_cache: attn_rot_v = 0, n_embd_head_k_all = 16
llama_context: enumerating backends
llama_context: backend_ptrs.size() = 2
sched_reserve: reserving ...
sched_reserve: max_nodes = 1024
sched_reserve: decode graph slots = 4 (n_tokens <= 4)
sched_reserve: reserving full memory module
sched_reserve: worst-case: n_tokens = 8, n_seqs = 1, n_outputs = 1
resolve_fused_ops: resolving fused Gated Delta Net support:
graph_reserve: reserving a graph for ubatch with n_tokens =    1, n_seqs =  1, n_outputs =    1
resolve_fused_ops: fused Gated Delta Net (autoregressive) enabled
graph_reserve: reserving a graph for ubatch with n_tokens =   16, n_seqs =  1, n_outputs =   16
resolve_fused_ops: fused Gated Delta Net (chunked) enabled
resolve_fused_ops: resolving fused Lightning Indexer support:
graph_reserve: reserving a graph for ubatch with n_tokens =    1, n_seqs =  1, n_outputs =    1
resolve_fused_ops: Lightning Indexer enabled
resolve_fused_ops: resolving fused DeepSeek V4 HC support:
graph_reserve: reserving a graph for ubatch with n_tokens =    1, n_seqs =  1, n_outputs =    1
resolve_fused_ops: fused DeepSeek V4 HC pre enabled
graph_reserve: reserving a graph for ubatch with n_tokens =    1, n_seqs =  1, n_outputs =    1
resolve_fused_ops: fused DeepSeek V4 HC comb enabled
graph_reserve: reserving a graph for ubatch with n_tokens =    1, n_seqs =  1, n_outputs =    1
resolve_fused_ops: fused DeepSeek V4 HC post enabled
graph_reserve: reserving a graph for ubatch with n_tokens =    8, n_seqs =  1, n_outputs =    8
graph_reserve: reserving a graph for ubatch with n_tokens =    1, n_seqs =  1, n_outputs =    1
graph_reserve: reserving a graph for ubatch with n_tokens =    8, n_seqs =  1, n_outputs =    8
sched_reserve:  CUDA_Host compute buffer size =     0.03 MiB
sched_reserve: graph nodes  = 100
sched_reserve: graph splits = 1
sched_reserve: reserve took 1.87 ms, sched copies = 1
graph_reserve: reserving a graph for ubatch with n_tokens =    4, n_seqs =  1, n_outputs =    4
set_abort_callback: call
graph_compute: ggml_backend_sched_graph_compute_async failed with error 1
process_ubatch: failed to compute graph, compute status: 1
decode: removing memory module entries for seq_id = 0, pos = [59, +inf)
llama_decode: failed to decode, ret = 2
set_abort_callback: call
host-bank MoE execution failed: MoE routing weight must be finite
host-bank MoE execution failed: MoE routing weight must be finite
process_ubatch: failed to compute graph, compute status: -1
decode: removing memory module entries for seq_id = 0, pos = [59, +inf)
llama_decode: failed to decode, ret = -3
llama_context: constructing llama_context
llama_init_from_model: failed to initialize the context: host-bank MoE requires one sequence, op_offload=false and offload_kqv=false
llama_context: constructing llama_context
llama_init_from_model: failed to initialize the context: host-bank MoE requires one sequence, op_offload=false and offload_kqv=false
llama_context: constructing llama_context
llama_init_from_model: failed to initialize the context: host-bank MoE requires one sequence, op_offload=false and offload_kqv=false
llama_context: constructing llama_context
llama_init_from_model: failed to initialize the context: moe cache: invalid uniform arena geometry
llama_context: constructing llama_context
llama_init_from_model: failed to initialize the context: host-bank MoE cache requires model.moe_cpu_tile_bytes host-bank setup
~llama_context:      CUDA0 compute buffer size is   0.0000 MiB, matches expectation of   0.0000 MiB
~llama_context:  CUDA_Host compute buffer size is   0.0304 MiB, matches expectation of   0.0304 MiB
~llama_context:      CUDA0 compute buffer size is   0.0000 MiB, matches expectation of   0.0000 MiB
~llama_context:  CUDA_Host compute buffer size is   0.0304 MiB, matches expectation of   0.0304 MiB
llama_context: constructing llama_context
llama_context: n_seq_max             = 1
llama_context: n_ctx                 = 256
llama_context: n_ctx_seq             = 256
llama_context: n_batch               = 32
llama_context: n_ubatch              = 8
llama_context: causal_attn           = 1
llama_context: flash_attn            = disabled
llama_context: kv_unified            = false
llama_context: freq_base             = 10000.0
llama_context: freq_scale            = 1
llama_context: n_rs_seq              = 0
llama_context: n_outputs_max         = 32
llama_context: n_outputs_max_per_seq = 1
llama_context: n_ctx_seq (256) > n_ctx_train (128) -- possible training context overflow
set_abort_callback: call
llama_context:        CPU  output buffer size =     0.00 MiB
llama_kv_cache: layer   0: dev = CPU
llama_kv_cache: layer   1: dev = CPU
llama_kv_cache:        CPU KV buffer size =     0.06 MiB
llama_kv_cache: size =    0.06 MiB (   256 cells,   2 layers,  1/1 seqs), K (f16):    0.03 MiB, V (f16):    0.03 MiB
llama_kv_cache: attn_rot_k = 0, n_embd_head_k_all = 16
llama_kv_cache: attn_rot_v = 0, n_embd_head_k_all = 16
llama_context: enumerating backends
llama_context: backend_ptrs.size() = 2
sched_reserve: reserving ...
sched_reserve: max_nodes = 1024
sched_reserve: decode graph slots = 4 (n_tokens <= 4)
sched_reserve: reserving full memory module
sched_reserve: worst-case: n_tokens = 8, n_seqs = 1, n_outputs = 1
resolve_fused_ops: resolving fused Gated Delta Net support:
graph_reserve: reserving a graph for ubatch with n_tokens =    1, n_seqs =  1, n_outputs =    1
resolve_fused_ops: fused Gated Delta Net (autoregressive) enabled
graph_reserve: reserving a graph for ubatch with n_tokens =   16, n_seqs =  1, n_outputs =   16
resolve_fused_ops: fused Gated Delta Net (chunked) enabled
resolve_fused_ops: resolving fused Lightning Indexer support:
graph_reserve: reserving a graph for ubatch with n_tokens =    1, n_seqs =  1, n_outputs =    1
resolve_fused_ops: Lightning Indexer enabled
resolve_fused_ops: resolving fused DeepSeek V4 HC support:
graph_reserve: reserving a graph for ubatch with n_tokens =    1, n_seqs =  1, n_outputs =    1
resolve_fused_ops: fused DeepSeek V4 HC pre enabled
graph_reserve: reserving a graph for ubatch with n_tokens =    1, n_seqs =  1, n_outputs =    1
resolve_fused_ops: fused DeepSeek V4 HC comb enabled
graph_reserve: reserving a graph for ubatch with n_tokens =    1, n_seqs =  1, n_outputs =    1
resolve_fused_ops: fused DeepSeek V4 HC post enabled
graph_reserve: reserving a graph for ubatch with n_tokens =    8, n_seqs =  1, n_outputs =    8
graph_reserve: reserving a graph for ubatch with n_tokens =    1, n_seqs =  1, n_outputs =    1
graph_reserve: reserving a graph for ubatch with n_tokens =    8, n_seqs =  1, n_outputs =    8
sched_reserve:  CUDA_Host compute buffer size =     0.03 MiB
sched_reserve: graph nodes  = 100
sched_reserve: graph splits = 1
sched_reserve: reserve took 2.20 ms, sched copies = 1
llama_context: constructing llama_context
llama_context: n_seq_max             = 1
llama_context: n_ctx                 = 256
llama_context: n_ctx_seq             = 256
llama_context: n_batch               = 32
llama_context: n_ubatch              = 8
llama_context: causal_attn           = 1
llama_context: flash_attn            = disabled
llama_context: kv_unified            = false
llama_context: freq_base             = 10000.0
llama_context: freq_scale            = 1
llama_context: n_rs_seq              = 0
llama_context: n_outputs_max         = 32
llama_context: n_outputs_max_per_seq = 1
llama_context: n_ctx_seq (256) > n_ctx_train (128) -- possible training context overflow
set_abort_callback: call
llama_context:        CPU  output buffer size =     0.00 MiB
llama_kv_cache: layer   0: dev = CPU
llama_kv_cache: layer   1: dev = CPU
llama_kv_cache:        CPU KV buffer size =     0.06 MiB
llama_kv_cache: size =    0.06 MiB (   256 cells,   2 layers,  1/1 seqs), K (f16):    0.03 MiB, V (f16):    0.03 MiB
llama_kv_cache: attn_rot_k = 0, n_embd_head_k_all = 16
llama_kv_cache: attn_rot_v = 0, n_embd_head_k_all = 16
llama_context: enumerating backends
llama_context: backend_ptrs.size() = 2
sched_reserve: reserving ...
sched_reserve: max_nodes = 1024
sched_reserve: decode graph slots = 4 (n_tokens <= 4)
sched_reserve: reserving full memory module
sched_reserve: worst-case: n_tokens = 8, n_seqs = 1, n_outputs = 1
resolve_fused_ops: resolving fused Gated Delta Net support:
graph_reserve: reserving a graph for ubatch with n_tokens =    1, n_seqs =  1, n_outputs =    1
resolve_fused_ops: fused Gated Delta Net (autoregressive) enabled
graph_reserve: reserving a graph for ubatch with n_tokens =   16, n_seqs =  1, n_outputs =   16
resolve_fused_ops: fused Gated Delta Net (chunked) enabled
resolve_fused_ops: resolving fused Lightning Indexer support:
graph_reserve: reserving a graph for ubatch with n_tokens =    1, n_seqs =  1, n_outputs =    1
resolve_fused_ops: Lightning Indexer enabled
resolve_fused_ops: resolving fused DeepSeek V4 HC support:
graph_reserve: reserving a graph for ubatch with n_tokens =    1, n_seqs =  1, n_outputs =    1
resolve_fused_ops: fused DeepSeek V4 HC pre enabled
graph_reserve: reserving a graph for ubatch with n_tokens =    1, n_seqs =  1, n_outputs =    1
resolve_fused_ops: fused DeepSeek V4 HC comb enabled
graph_reserve: reserving a graph for ubatch with n_tokens =    1, n_seqs =  1, n_outputs =    1
resolve_fused_ops: fused DeepSeek V4 HC post enabled
graph_reserve: reserving a graph for ubatch with n_tokens =    8, n_seqs =  1, n_outputs =    8
graph_reserve: reserving a graph for ubatch with n_tokens =    1, n_seqs =  1, n_outputs =    1
graph_reserve: reserving a graph for ubatch with n_tokens =    8, n_seqs =  1, n_outputs =    8
sched_reserve:  CUDA_Host compute buffer size =     0.03 MiB
sched_reserve: graph nodes  = 110
sched_reserve: graph splits = 1
sched_reserve: reserve took 2.06 ms, sched copies = 1
~llama_context:      CUDA0 compute buffer size is   0.0000 MiB, matches expectation of   0.0000 MiB
~llama_context:  CUDA_Host compute buffer size is   0.0304 MiB, matches expectation of   0.0304 MiB
~llama_context:      CUDA0 compute buffer size is   0.0000 MiB, matches expectation of   0.0000 MiB
~llama_context:  CUDA_Host compute buffer size is   0.0304 MiB, matches expectation of   0.0304 MiB
llama_model_loader: loaded meta data with 13 key-value pairs and 23 tensors from C:\Users\cadel\AppData\Local\Temp\moe-integration-1702916.gguf (version GGUF V3 (latest))
llama_model_loader: Dumping metadata keys/values. Note: KV overrides do not apply in this output.
llama_model_loader: - kv   0:                       general.architecture str              = llama
llama_model_loader: - kv   1:                       tokenizer.ggml.model str              = no_vocab
llama_model_loader: - kv   2:                           llama.vocab_size u32              = 32
llama_model_loader: - kv   3:                       llama.context_length u32              = 128
llama_model_loader: - kv   4:                     llama.embedding_length u32              = 32
llama_model_loader: - kv   5:                          llama.block_count u32              = 2
llama_model_loader: - kv   6:                  llama.feed_forward_length u32              = 64
llama_model_loader: - kv   7:                 llama.attention.head_count u32              = 2
llama_model_loader: - kv   8:              llama.attention.head_count_kv u32              = 2
llama_model_loader: - kv   9:                 llama.rope.dimension_count u32              = 16
llama_model_loader: - kv  10:                         llama.expert_count u32              = 4
llama_model_loader: - kv  11:                    llama.expert_used_count u32              = 2
llama_model_loader: - kv  12:     llama.attention.layer_norm_rms_epsilon f32              = 0.000010
llama_model_loader: - type  f32:   17 tensors
llama_model_loader: - type  f16:    6 tensors
print_info: file format = GGUF V3 (latest)
print_info: file type   = (guessed) all F32
print_info: file size   = 0.13 MiB (18.85 BPW) 
llama_prepare_model_devices: using device CUDA0 (NVIDIA GeForce RTX 4060 Laptop GPU) (0000:01:00.0) - 7094 MiB free
load: adding 32 dummy tokens
print_info: arch                  = llama
print_info: vocab_only            = 0
print_info: no_alloc              = 0
print_info: n_ctx_train           = 128
print_info: n_embd_inp            = 32
print_info: n_embd                = 32
print_info: n_embd_out            = 32
print_info: n_layer               = 2
print_info: n_layer_all           = 2
print_info: n_head                = 2
print_info: n_head_kv             = 2
print_info: n_rot                 = 16
print_info: n_swa                 = 0
print_info: is_swa_any            = 0
print_info: n_embd_head_k         = 16
print_info: n_embd_head_v         = 16
print_info: n_gqa                 = 1
print_info: n_embd_k_gqa          = 32
print_info: n_embd_v_gqa          = 32
print_info: f_norm_eps            = 0.0e+00
print_info: f_norm_rms_eps        = 1.0e-05
print_info: f_clamp_kqv           = 0.0e+00
print_info: f_max_alibi_bias      = 0.0e+00
print_info: f_logit_scale         = 0.0e+00
print_info: f_attn_scale          = 0.0e+00
print_info: f_attn_value_scale    = 0.0000
print_info: n_ff                  = 64
print_info: n_expert              = 4
print_info: n_expert_used         = 2
print_info: n_expert_groups       = 0
print_info: n_group_used          = 0
print_info: causal attn           = 1
print_info: pooling type          = -1
print_info: rope type             = 0
print_info: rope scaling          = linear
print_info: freq_base_train       = 10000.0
print_info: freq_scale_train      = 1
print_info: n_ctx_orig_yarn       = 128
print_info: rope_yarn_log_mul     = 0.0000
print_info: rope_finetuned        = unknown
print_info: model type            = ?B
print_info: model params          = 59.81 K
print_info: general.name          = n/a
print_info: vocab type            = no vocab
print_info: n_vocab               = 32
print_info: n_merges              = 0
print_info: max token length      = 0
load_tensors: loading model tensors, this can take a while... (load_mode = mmap)
load_tensors: layer   0 assigned to device CPU, is_swa = 0
load_tensors: layer   1 assigned to device CPU, is_swa = 0
load_tensors: layer   2 assigned to device CPU, is_swa = 0
create_tensor: loading tensor token_embd.weight
create_tensor: loading tensor output_norm.weight
create_tensor: loading tensor output.weight
create_tensor: loading tensor blk.0.attn_norm.weight
create_tensor: loading tensor blk.0.attn_qkv.weight
create_tensor: loading tensor blk.0.attn_q.weight
create_tensor: loading tensor blk.0.attn_k.weight
create_tensor: loading tensor blk.0.attn_v.weight
create_tensor: loading tensor blk.0.attn_q.bias
create_tensor: loading tensor blk.0.attn_k.bias
create_tensor: loading tensor blk.0.attn_v.bias
create_tensor: loading tensor blk.0.attn_output.weight
create_tensor: loading tensor blk.0.attn_output.bias
create_tensor: loading tensor blk.0.ffn_norm.weight
create_tensor: loading tensor rope_freqs.weight
create_tensor: loading tensor blk.0.ffn_gate_inp.weight
create_tensor: loading tensor blk.0.ffn_gate_exps.weight
create_tensor: loading tensor blk.0.ffn_down_exps.weight
create_tensor: loading tensor blk.0.ffn_up_exps.weight
create_tensor: loading tensor blk.1.attn_norm.weight
create_tensor: loading tensor blk.1.attn_qkv.weight
create_tensor: loading tensor blk.1.attn_q.weight
create_tensor: loading tensor blk.1.attn_k.weight
create_tensor: loading tensor blk.1.attn_v.weight
create_tensor: loading tensor blk.1.attn_q.bias
create_tensor: loading tensor blk.1.attn_k.bias
create_tensor: loading tensor blk.1.attn_v.bias
create_tensor: loading tensor blk.1.attn_output.weight
create_tensor: loading tensor blk.1.attn_output.bias
create_tensor: loading tensor blk.1.ffn_norm.weight
create_tensor: loading tensor rope_freqs.weight
create_tensor: loading tensor blk.1.ffn_gate_inp.weight
create_tensor: loading tensor blk.1.ffn_gate_exps.weight
create_tensor: loading tensor blk.1.ffn_down_exps.weight
create_tensor: loading tensor blk.1.ffn_up_exps.weight
create_tensor: loading tensor blk.0.attn_q.scale
create_tensor: loading tensor blk.0.attn_k.scale
create_tensor: loading tensor blk.0.attn_v.scale
create_tensor: loading tensor blk.0.attn_output.scale
create_tensor: loading tensor blk.0.ffn_gate_exps.scale
create_tensor: loading tensor blk.0.ffn_down_exps.scale
create_tensor: loading tensor blk.0.ffn_up_exps.scale
create_tensor: loading tensor blk.0.attn_q.input_scale
create_tensor: loading tensor blk.0.attn_k.input_scale
create_tensor: loading tensor blk.0.attn_v.input_scale
create_tensor: loading tensor blk.0.attn_output.input_scale
create_tensor: loading tensor blk.0.ffn_gate_exps.input_scale
create_tensor: loading tensor blk.0.ffn_down_exps.input_scale
create_tensor: loading tensor blk.0.ffn_up_exps.input_scale
create_tensor: loading tensor blk.1.attn_q.scale
create_tensor: loading tensor blk.1.attn_k.scale
create_tensor: loading tensor blk.1.attn_v.scale
create_tensor: loading tensor blk.1.attn_output.scale
create_tensor: loading tensor blk.1.ffn_gate_exps.scale
create_tensor: loading tensor blk.1.ffn_down_exps.scale
create_tensor: loading tensor blk.1.ffn_up_exps.scale
create_tensor: loading tensor blk.1.attn_q.input_scale
create_tensor: loading tensor blk.1.attn_k.input_scale
create_tensor: loading tensor blk.1.attn_v.input_scale
create_tensor: loading tensor blk.1.attn_output.input_scale
create_tensor: loading tensor blk.1.ffn_gate_exps.input_scale
create_tensor: loading tensor blk.1.ffn_down_exps.input_scale
create_tensor: loading tensor blk.1.ffn_up_exps.input_scale
done_getting_tensors: tensor 'token_embd.weight' (f32) (and 22 others) cannot be used with preferred buffer type CUDA_Host, using CPU instead
load_tensors: offloading 0 repeating layers to GPU
load_tensors: offloaded 0/3 layers to GPU
load_tensors:   CPU_Mapped model buffer size =     0.13 MiB
...................
llama_model_loader: loaded meta data with 13 key-value pairs and 23 tensors from C:\Users\cadel\AppData\Local\Temp\moe-integration-1702916.gguf (version GGUF V3 (latest))
llama_model_loader: Dumping metadata keys/values. Note: KV overrides do not apply in this output.
llama_model_loader: - kv   0:                       general.architecture str              = llama
llama_model_loader: - kv   1:                       tokenizer.ggml.model str              = no_vocab
llama_model_loader: - kv   2:                           llama.vocab_size u32              = 32
llama_model_loader: - kv   3:                       llama.context_length u32              = 128
llama_model_loader: - kv   4:                     llama.embedding_length u32              = 32
llama_model_loader: - kv   5:                          llama.block_count u32              = 2
llama_model_loader: - kv   6:                  llama.feed_forward_length u32              = 64
llama_model_loader: - kv   7:                 llama.attention.head_count u32              = 2
llama_model_loader: - kv   8:              llama.attention.head_count_kv u32              = 2
llama_model_loader: - kv   9:                 llama.rope.dimension_count u32              = 16
llama_model_loader: - kv  10:                         llama.expert_count u32              = 4
llama_model_loader: - kv  11:                    llama.expert_used_count u32              = 2
llama_model_loader: - kv  12:     llama.attention.layer_norm_rms_epsilon f32              = 0.000010
llama_model_loader: - type  f32:   17 tensors
llama_model_loader: - type  f16:    6 tensors
print_info: file format = GGUF V3 (latest)
print_info: file type   = (guessed) all F32
print_info: file size   = 0.13 MiB (18.85 BPW) 
llama_prepare_model_devices: using device CUDA0 (NVIDIA GeForce RTX 4060 Laptop GPU) (0000:01:00.0) - 7094 MiB free
load: adding 32 dummy tokens
print_info: arch                  = llama
print_info: vocab_only            = 0
print_info: no_alloc              = 0
print_info: n_ctx_train           = 128
print_info: n_embd_inp            = 32
print_info: n_embd                = 32
print_info: n_embd_out            = 32
print_info: n_layer               = 2
print_info: n_layer_all           = 2
print_info: n_head                = 2
print_info: n_head_kv             = 2
print_info: n_rot                 = 16
print_info: n_swa                 = 0
print_info: is_swa_any            = 0
print_info: n_embd_head_k         = 16
print_info: n_embd_head_v         = 16
print_info: n_gqa                 = 1
print_info: n_embd_k_gqa          = 32
print_info: n_embd_v_gqa          = 32
print_info: f_norm_eps            = 0.0e+00
print_info: f_norm_rms_eps        = 1.0e-05
print_info: f_clamp_kqv           = 0.0e+00
print_info: f_max_alibi_bias      = 0.0e+00
print_info: f_logit_scale         = 0.0e+00
print_info: f_attn_scale          = 0.0e+00
print_info: f_attn_value_scale    = 0.0000
print_info: n_ff                  = 64
print_info: n_expert              = 4
print_info: n_expert_used         = 2
print_info: n_expert_groups       = 0
print_info: n_group_used          = 0
print_info: causal attn           = 1
print_info: pooling type          = -1
print_info: rope type             = 0
print_info: rope scaling          = linear
print_info: freq_base_train       = 10000.0
print_info: freq_scale_train      = 1
print_info: n_ctx_orig_yarn       = 128
print_info: rope_yarn_log_mul     = 0.0000
print_info: rope_finetuned        = unknown
print_info: model type            = ?B
print_info: model params          = 59.81 K
print_info: general.name          = n/a
print_info: vocab type            = no vocab
print_info: n_vocab               = 32
print_info: n_merges              = 0
print_info: max token length      = 0
load_tensors: loading model tensors, this can take a while... (load_mode = mmap)
load_tensors: layer   0 assigned to device CPU, is_swa = 0
load_tensors: layer   1 assigned to device CPU, is_swa = 0
load_tensors: layer   2 assigned to device CPU, is_swa = 0
create_tensor: loading tensor token_embd.weight
create_tensor: loading tensor output_norm.weight
create_tensor: loading tensor output.weight
create_tensor: loading tensor blk.0.attn_norm.weight
create_tensor: loading tensor blk.0.attn_qkv.weight
create_tensor: loading tensor blk.0.attn_q.weight
create_tensor: loading tensor blk.0.attn_k.weight
create_tensor: loading tensor blk.0.attn_v.weight
create_tensor: loading tensor blk.0.attn_q.bias
create_tensor: loading tensor blk.0.attn_k.bias
create_tensor: loading tensor blk.0.attn_v.bias
create_tensor: loading tensor blk.0.attn_output.weight
create_tensor: loading tensor blk.0.attn_output.bias
create_tensor: loading tensor blk.0.ffn_norm.weight
create_tensor: loading tensor rope_freqs.weight
create_tensor: loading tensor blk.0.ffn_gate_inp.weight
create_tensor: loading tensor blk.0.ffn_gate_exps.weight
create_tensor: loading tensor blk.0.ffn_down_exps.weight
create_tensor: loading tensor blk.0.ffn_up_exps.weight
create_tensor: loading tensor blk.1.attn_norm.weight
create_tensor: loading tensor blk.1.attn_qkv.weight
create_tensor: loading tensor blk.1.attn_q.weight
create_tensor: loading tensor blk.1.attn_k.weight
create_tensor: loading tensor blk.1.attn_v.weight
create_tensor: loading tensor blk.1.attn_q.bias
create_tensor: loading tensor blk.1.attn_k.bias
create_tensor: loading tensor blk.1.attn_v.bias
create_tensor: loading tensor blk.1.attn_output.weight
create_tensor: loading tensor blk.1.attn_output.bias
create_tensor: loading tensor blk.1.ffn_norm.weight
create_tensor: loading tensor rope_freqs.weight
create_tensor: loading tensor blk.1.ffn_gate_inp.weight
create_tensor: loading tensor blk.1.ffn_gate_exps.weight
create_tensor: loading tensor blk.1.ffn_down_exps.weight
create_tensor: loading tensor blk.1.ffn_up_exps.weight
create_tensor: loading tensor blk.0.attn_q.scale
create_tensor: loading tensor blk.0.attn_k.scale
create_tensor: loading tensor blk.0.attn_v.scale
create_tensor: loading tensor blk.0.attn_output.scale
create_tensor: loading tensor blk.0.ffn_gate_exps.scale
create_tensor: loading tensor blk.0.ffn_down_exps.scale
create_tensor: loading tensor blk.0.ffn_up_exps.scale
create_tensor: loading tensor blk.0.attn_q.input_scale
create_tensor: loading tensor blk.0.attn_k.input_scale
create_tensor: loading tensor blk.0.attn_v.input_scale
create_tensor: loading tensor blk.0.attn_output.input_scale
create_tensor: loading tensor blk.0.ffn_gate_exps.input_scale
create_tensor: loading tensor blk.0.ffn_down_exps.input_scale
create_tensor: loading tensor blk.0.ffn_up_exps.input_scale
create_tensor: loading tensor blk.1.attn_q.scale
create_tensor: loading tensor blk.1.attn_k.scale
create_tensor: loading tensor blk.1.attn_v.scale
create_tensor: loading tensor blk.1.attn_output.scale
create_tensor: loading tensor blk.1.ffn_gate_exps.scale
create_tensor: loading tensor blk.1.ffn_down_exps.scale
create_tensor: loading tensor blk.1.ffn_up_exps.scale
create_tensor: loading tensor blk.1.attn_q.input_scale
create_tensor: loading tensor blk.1.attn_k.input_scale
create_tensor: loading tensor blk.1.attn_v.input_scale
create_tensor: loading tensor blk.1.attn_output.input_scale
create_tensor: loading tensor blk.1.ffn_gate_exps.input_scale
create_tensor: loading tensor blk.1.ffn_down_exps.input_scale
create_tensor: loading tensor blk.1.ffn_up_exps.input_scale
load_tensors: offloading 0 repeating layers to GPU
load_tensors: offloaded 0/3 layers to GPU
load_tensors:   CPU_Mapped model buffer size =     0.13 MiB
...................
load_tensors: experimental host-bank MoE enabled, tile weights <= 50176 bytes; this is not a total memory limit
llama_context: constructing llama_context
llama_context: n_seq_max             = 1
llama_context: n_ctx                 = 256
llama_context: n_ctx_seq             = 256
llama_context: n_batch               = 32
llama_context: n_ubatch              = 8
llama_context: causal_attn           = 1
llama_context: flash_attn            = disabled
llama_context: kv_unified            = false
llama_context: freq_base             = 10000.0
llama_context: freq_scale            = 1
llama_context: n_rs_seq              = 0
llama_context: n_outputs_max         = 32
llama_context: n_outputs_max_per_seq = 1
llama_context: n_ctx_seq (256) > n_ctx_train (128) -- possible training context overflow
set_abort_callback: call
llama_context:        CPU  output buffer size =     0.00 MiB
llama_kv_cache: layer   0: dev = CPU
llama_kv_cache: layer   1: dev = CPU
llama_kv_cache:        CPU KV buffer size =     0.06 MiB
llama_kv_cache: size =    0.06 MiB (   256 cells,   2 layers,  1/1 seqs), K (f16):    0.03 MiB, V (f16):    0.03 MiB
llama_kv_cache: attn_rot_k = 0, n_embd_head_k_all = 16
llama_kv_cache: attn_rot_v = 0, n_embd_head_k_all = 16
llama_context: enumerating backends
llama_context: backend_ptrs.size() = 2
sched_reserve: reserving ...
sched_reserve: max_nodes = 1024
sched_reserve: decode graph slots = 4 (n_tokens <= 4)
sched_reserve: reserving full memory module
sched_reserve: worst-case: n_tokens = 8, n_seqs = 1, n_outputs = 1
resolve_fused_ops: resolving fused Gated Delta Net support:
graph_reserve: reserving a graph for ubatch with n_tokens =    1, n_seqs =  1, n_outputs =    1
resolve_fused_ops: fused Gated Delta Net (autoregressive) enabled
graph_reserve: reserving a graph for ubatch with n_tokens =   16, n_seqs =  1, n_outputs =   16
resolve_fused_ops: fused Gated Delta Net (chunked) enabled
resolve_fused_ops: resolving fused Lightning Indexer support:
graph_reserve: reserving a graph for ubatch with n_tokens =    1, n_seqs =  1, n_outputs =    1
resolve_fused_ops: Lightning Indexer enabled
resolve_fused_ops: resolving fused DeepSeek V4 HC support:
graph_reserve: reserving a graph for ubatch with n_tokens =    1, n_seqs =  1, n_outputs =    1
resolve_fused_ops: fused DeepSeek V4 HC pre enabled
graph_reserve: reserving a graph for ubatch with n_tokens =    1, n_seqs =  1, n_outputs =    1
resolve_fused_ops: fused DeepSeek V4 HC comb enabled
graph_reserve: reserving a graph for ubatch with n_tokens =    1, n_seqs =  1, n_outputs =    1
resolve_fused_ops: fused DeepSeek V4 HC post enabled
graph_reserve: reserving a graph for ubatch with n_tokens =    8, n_seqs =  1, n_outputs =    8
graph_reserve: reserving a graph for ubatch with n_tokens =    1, n_seqs =  1, n_outputs =    1
graph_reserve: reserving a graph for ubatch with n_tokens =    8, n_seqs =  1, n_outputs =    8
sched_reserve:  CUDA_Host compute buffer size =     0.03 MiB
sched_reserve: graph nodes  = 110
sched_reserve: graph splits = 1
sched_reserve: reserve took 2.41 ms, sched copies = 1
llama_context: constructing llama_context
llama_context: n_seq_max             = 1
llama_context: n_ctx                 = 256
llama_context: n_ctx_seq             = 256
llama_context: n_batch               = 32
llama_context: n_ubatch              = 8
llama_context: causal_attn           = 1
llama_context: flash_attn            = disabled
llama_context: kv_unified            = false
llama_context: freq_base             = 10000.0
llama_context: freq_scale            = 1
llama_context: n_rs_seq              = 0
llama_context: n_outputs_max         = 32
llama_context: n_outputs_max_per_seq = 1
llama_context: n_ctx_seq (256) > n_ctx_train (128) -- possible training context overflow
set_abort_callback: call
llama_context:        CPU  output buffer size =     0.00 MiB
llama_kv_cache: layer   0: dev = CPU
llama_kv_cache: layer   1: dev = CPU
llama_kv_cache:        CPU KV buffer size =     0.06 MiB
llama_kv_cache: size =    0.06 MiB (   256 cells,   2 layers,  1/1 seqs), K (f16):    0.03 MiB, V (f16):    0.03 MiB
llama_kv_cache: attn_rot_k = 0, n_embd_head_k_all = 16
llama_kv_cache: attn_rot_v = 0, n_embd_head_k_all = 16
llama_context: enumerating backends
llama_context: backend_ptrs.size() = 2
sched_reserve: reserving ...
sched_reserve: max_nodes = 1024
sched_reserve: decode graph slots = 4 (n_tokens <= 4)
sched_reserve: reserving full memory module
sched_reserve: worst-case: n_tokens = 8, n_seqs = 1, n_outputs = 1
resolve_fused_ops: resolving fused Gated Delta Net support:
graph_reserve: reserving a graph for ubatch with n_tokens =    1, n_seqs =  1, n_outputs =    1
resolve_fused_ops: fused Gated Delta Net (autoregressive) enabled
graph_reserve: reserving a graph for ubatch with n_tokens =   16, n_seqs =  1, n_outputs =   16
resolve_fused_ops: fused Gated Delta Net (chunked) enabled
resolve_fused_ops: resolving fused Lightning Indexer support:
graph_reserve: reserving a graph for ubatch with n_tokens =    1, n_seqs =  1, n_outputs =    1
resolve_fused_ops: Lightning Indexer enabled
resolve_fused_ops: resolving fused DeepSeek V4 HC support:
graph_reserve: reserving a graph for ubatch with n_tokens =    1, n_seqs =  1, n_outputs =    1
resolve_fused_ops: fused DeepSeek V4 HC pre enabled
graph_reserve: reserving a graph for ubatch with n_tokens =    1, n_seqs =  1, n_outputs =    1
resolve_fused_ops: fused DeepSeek V4 HC comb enabled
graph_reserve: reserving a graph for ubatch with n_tokens =    1, n_seqs =  1, n_outputs =    1
resolve_fused_ops: fused DeepSeek V4 HC post enabled
graph_reserve: reserving a graph for ubatch with n_tokens =    8, n_seqs =  1, n_outputs =    8
graph_reserve: reserving a graph for ubatch with n_tokens =    1, n_seqs =  1, n_outputs =    1
graph_reserve: reserving a graph for ubatch with n_tokens =    8, n_seqs =  1, n_outputs =    8
sched_reserve:  CUDA_Host compute buffer size =     0.03 MiB
sched_reserve: graph nodes  = 100
sched_reserve: graph splits = 1
sched_reserve: reserve took 1.88 ms, sched copies = 1
graph_reserve: reserving a graph for ubatch with n_tokens =    4, n_seqs =  1, n_outputs =    4
set_abort_callback: call
graph_compute: ggml_backend_sched_graph_compute_async failed with error 1
process_ubatch: failed to compute graph, compute status: 1
decode: removing memory module entries for seq_id = 0, pos = [59, +inf)
llama_decode: failed to decode, ret = 2
set_abort_callback: call
host-bank MoE execution failed: MoE routing weight must be finite
host-bank MoE execution failed: MoE routing weight must be finite
process_ubatch: failed to compute graph, compute status: -1
decode: removing memory module entries for seq_id = 0, pos = [59, +inf)
llama_decode: failed to decode, ret = -3
llama_context: constructing llama_context
llama_init_from_model: failed to initialize the context: host-bank MoE requires one sequence, op_offload=false and offload_kqv=false
llama_context: constructing llama_context
llama_init_from_model: failed to initialize the context: host-bank MoE requires one sequence, op_offload=false and offload_kqv=false
llama_context: constructing llama_context
llama_init_from_model: failed to initialize the context: host-bank MoE requires one sequence, op_offload=false and offload_kqv=false
llama_context: constructing llama_context
llama_init_from_model: failed to initialize the context: moe cache: invalid uniform arena geometry
llama_context: constructing llama_context
llama_init_from_model: failed to initialize the context: host-bank MoE cache requires model.moe_cpu_tile_bytes host-bank setup
~llama_context:      CUDA0 compute buffer size is   0.0000 MiB, matches expectation of   0.0000 MiB
~llama_context:  CUDA_Host compute buffer size is   0.0304 MiB, matches expectation of   0.0304 MiB
~llama_context:      CUDA0 compute buffer size is   0.0000 MiB, matches expectation of   0.0000 MiB
~llama_context:  CUDA_Host compute buffer size is   0.0304 MiB, matches expectation of   0.0304 MiB
llama_context: constructing llama_context
llama_context: n_seq_max             = 1
llama_context: n_ctx                 = 256
llama_context: n_ctx_seq             = 256
llama_context: n_batch               = 32
llama_context: n_ubatch              = 8
llama_context: causal_attn           = 1
llama_context: flash_attn            = disabled
llama_context: kv_unified            = false
llama_context: freq_base             = 10000.0
llama_context: freq_scale            = 1
llama_context: n_rs_seq              = 0
llama_context: n_outputs_max         = 32
llama_context: n_outputs_max_per_seq = 1
llama_context: n_ctx_seq (256) > n_ctx_train (128) -- possible training context overflow
set_abort_callback: call
llama_context:        CPU  output buffer size =     0.00 MiB
llama_kv_cache: layer   0: dev = CPU
llama_kv_cache: layer   1: dev = CPU
llama_kv_cache:        CPU KV buffer size =     0.06 MiB
llama_kv_cache: size =    0.06 MiB (   256 cells,   2 layers,  1/1 seqs), K (f16):    0.03 MiB, V (f16):    0.03 MiB
llama_kv_cache: attn_rot_k = 0, n_embd_head_k_all = 16
llama_kv_cache: attn_rot_v = 0, n_embd_head_k_all = 16
llama_context: enumerating backends
llama_context: backend_ptrs.size() = 2
sched_reserve: reserving ...
sched_reserve: max_nodes = 1024
sched_reserve: decode graph slots = 4 (n_tokens <= 4)
sched_reserve: reserving full memory module
sched_reserve: worst-case: n_tokens = 8, n_seqs = 1, n_outputs = 1
resolve_fused_ops: resolving fused Gated Delta Net support:
graph_reserve: reserving a graph for ubatch with n_tokens =    1, n_seqs =  1, n_outputs =    1
resolve_fused_ops: fused Gated Delta Net (autoregressive) enabled
graph_reserve: reserving a graph for ubatch with n_tokens =   16, n_seqs =  1, n_outputs =   16
resolve_fused_ops: fused Gated Delta Net (chunked) enabled
resolve_fused_ops: resolving fused Lightning Indexer support:
graph_reserve: reserving a graph for ubatch with n_tokens =    1, n_seqs =  1, n_outputs =    1
resolve_fused_ops: Lightning Indexer enabled
resolve_fused_ops: resolving fused DeepSeek V4 HC support:
graph_reserve: reserving a graph for ubatch with n_tokens =    1, n_seqs =  1, n_outputs =    1
resolve_fused_ops: fused DeepSeek V4 HC pre enabled
graph_reserve: reserving a graph for ubatch with n_tokens =    1, n_seqs =  1, n_outputs =    1
resolve_fused_ops: fused DeepSeek V4 HC comb enabled
graph_reserve: reserving a graph for ubatch with n_tokens =    1, n_seqs =  1, n_outputs =    1
resolve_fused_ops: fused DeepSeek V4 HC post enabled
graph_reserve: reserving a graph for ubatch with n_tokens =    8, n_seqs =  1, n_outputs =    8
graph_reserve: reserving a graph for ubatch with n_tokens =    1, n_seqs =  1, n_outputs =    1
graph_reserve: reserving a graph for ubatch with n_tokens =    8, n_seqs =  1, n_outputs =    8
sched_reserve:  CUDA_Host compute buffer size =     0.03 MiB
sched_reserve: graph nodes  = 100
sched_reserve: graph splits = 1
sched_reserve: reserve took 2.38 ms, sched copies = 1
llama_context: constructing llama_context
llama_context: n_seq_max             = 1
llama_context: n_ctx                 = 256
llama_context: n_ctx_seq             = 256
llama_context: n_batch               = 32
llama_context: n_ubatch              = 8
llama_context: causal_attn           = 1
llama_context: flash_attn            = disabled
llama_context: kv_unified            = false
llama_context: freq_base             = 10000.0
llama_context: freq_scale            = 1
llama_context: n_rs_seq              = 0
llama_context: n_outputs_max         = 32
llama_context: n_outputs_max_per_seq = 1
llama_context: n_ctx_seq (256) > n_ctx_train (128) -- possible training context overflow
set_abort_callback: call
llama_context:        CPU  output buffer size =     0.00 MiB
llama_kv_cache: layer   0: dev = CPU
llama_kv_cache: layer   1: dev = CPU
llama_kv_cache:        CPU KV buffer size =     0.06 MiB
llama_kv_cache: size =    0.06 MiB (   256 cells,   2 layers,  1/1 seqs), K (f16):    0.03 MiB, V (f16):    0.03 MiB
llama_kv_cache: attn_rot_k = 0, n_embd_head_k_all = 16
llama_kv_cache: attn_rot_v = 0, n_embd_head_k_all = 16
llama_context: enumerating backends
llama_context: backend_ptrs.size() = 2
sched_reserve: reserving ...
sched_reserve: max_nodes = 1024
sched_reserve: decode graph slots = 4 (n_tokens <= 4)
sched_reserve: reserving full memory module
sched_reserve: worst-case: n_tokens = 8, n_seqs = 1, n_outputs = 1
resolve_fused_ops: resolving fused Gated Delta Net support:
graph_reserve: reserving a graph for ubatch with n_tokens =    1, n_seqs =  1, n_outputs =    1
resolve_fused_ops: fused Gated Delta Net (autoregressive) enabled
graph_reserve: reserving a graph for ubatch with n_tokens =   16, n_seqs =  1, n_outputs =   16
resolve_fused_ops: fused Gated Delta Net (chunked) enabled
resolve_fused_ops: resolving fused Lightning Indexer support:
graph_reserve: reserving a graph for ubatch with n_tokens =    1, n_seqs =  1, n_outputs =    1
resolve_fused_ops: Lightning Indexer enabled
resolve_fused_ops: resolving fused DeepSeek V4 HC support:
graph_reserve: reserving a graph for ubatch with n_tokens =    1, n_seqs =  1, n_outputs =    1
resolve_fused_ops: fused DeepSeek V4 HC pre enabled
graph_reserve: reserving a graph for ubatch with n_tokens =    1, n_seqs =  1, n_outputs =    1
resolve_fused_ops: fused DeepSeek V4 HC comb enabled
graph_reserve: reserving a graph for ubatch with n_tokens =    1, n_seqs =  1, n_outputs =    1
resolve_fused_ops: fused DeepSeek V4 HC post enabled
graph_reserve: reserving a graph for ubatch with n_tokens =    8, n_seqs =  1, n_outputs =    8
graph_reserve: reserving a graph for ubatch with n_tokens =    1, n_seqs =  1, n_outputs =    1
graph_reserve: reserving a graph for ubatch with n_tokens =    8, n_seqs =  1, n_outputs =    8
sched_reserve:  CUDA_Host compute buffer size =     0.03 MiB
sched_reserve: graph nodes  = 110
sched_reserve: graph splits = 1
sched_reserve: reserve took 2.15 ms, sched copies = 1
~llama_context:      CUDA0 compute buffer size is   0.0000 MiB, matches expectation of   0.0000 MiB
~llama_context:  CUDA_Host compute buffer size is   0.0304 MiB, matches expectation of   0.0304 MiB
~llama_context:      CUDA0 compute buffer size is   0.0000 MiB, matches expectation of   0.0000 MiB
~llama_context:  CUDA_Host compute buffer size is   0.0304 MiB, matches expectation of   0.0304 MiB
llama_model_loader: loaded meta data with 13 key-value pairs and 23 tensors from C:\Users\cadel\AppData\Local\Temp\moe-integration-1702916.gguf (version GGUF V3 (latest))
llama_model_loader: Dumping metadata keys/values. Note: KV overrides do not apply in this output.
llama_model_loader: - kv   0:                       general.architecture str              = llama
llama_model_loader: - kv   1:                       tokenizer.ggml.model str              = no_vocab
llama_model_loader: - kv   2:                           llama.vocab_size u32              = 32
llama_model_loader: - kv   3:                       llama.context_length u32              = 128
llama_model_loader: - kv   4:                     llama.embedding_length u32              = 32
llama_model_loader: - kv   5:                          llama.block_count u32              = 2
llama_model_loader: - kv   6:                  llama.feed_forward_length u32              = 64
llama_model_loader: - kv   7:                 llama.attention.head_count u32              = 2
llama_model_loader: - kv   8:              llama.attention.head_count_kv u32              = 2
llama_model_loader: - kv   9:                 llama.rope.dimension_count u32              = 16
llama_model_loader: - kv  10:                         llama.expert_count u32              = 4
llama_model_loader: - kv  11:                    llama.expert_used_count u32              = 2
llama_model_loader: - kv  12:     llama.attention.layer_norm_rms_epsilon f32              = 0.000010
llama_model_loader: - type  f32:   17 tensors
llama_model_loader: - type  f16:    6 tensors
print_info: file format = GGUF V3 (latest)
print_info: file type   = (guessed) all F32
print_info: file size   = 0.13 MiB (18.85 BPW) 
llama_prepare_model_devices: using device CUDA0 (NVIDIA GeForce RTX 4060 Laptop GPU) (0000:01:00.0) - 7094 MiB free
load: adding 32 dummy tokens
print_info: arch                  = llama
print_info: vocab_only            = 0
print_info: no_alloc              = 0
print_info: n_ctx_train           = 128
print_info: n_embd_inp            = 32
print_info: n_embd                = 32
print_info: n_embd_out            = 32
print_info: n_layer               = 2
print_info: n_layer_all           = 2
print_info: n_head                = 2
print_info: n_head_kv             = 2
print_info: n_rot                 = 16
print_info: n_swa                 = 0
print_info: is_swa_any            = 0
print_info: n_embd_head_k         = 16
print_info: n_embd_head_v         = 16
print_info: n_gqa                 = 1
print_info: n_embd_k_gqa          = 32
print_info: n_embd_v_gqa          = 32
print_info: f_norm_eps            = 0.0e+00
print_info: f_norm_rms_eps        = 1.0e-05
print_info: f_clamp_kqv           = 0.0e+00
print_info: f_max_alibi_bias      = 0.0e+00
print_info: f_logit_scale         = 0.0e+00
print_info: f_attn_scale          = 0.0e+00
print_info: f_attn_value_scale    = 0.0000
print_info: n_ff                  = 64
print_info: n_expert              = 4
print_info: n_expert_used         = 2
print_info: n_expert_groups       = 0
print_info: n_group_used          = 0
print_info: causal attn           = 1
print_info: pooling type          = -1
print_info: rope type             = 0
print_info: rope scaling          = linear
print_info: freq_base_train       = 10000.0
print_info: freq_scale_train      = 1
print_info: n_ctx_orig_yarn       = 128
print_info: rope_yarn_log_mul     = 0.0000
print_info: rope_finetuned        = unknown
print_info: model type            = ?B
print_info: model params          = 59.81 K
print_info: general.name          = n/a
print_info: vocab type            = no vocab
print_info: n_vocab               = 32
print_info: n_merges              = 0
print_info: max token length      = 0
load_tensors: loading model tensors, this can take a while... (load_mode = mmap)
load_tensors: layer   0 assigned to device CPU, is_swa = 0
load_tensors: layer   1 assigned to device CPU, is_swa = 0
load_tensors: layer   2 assigned to device CPU, is_swa = 0
create_tensor: loading tensor token_embd.weight
create_tensor: loading tensor output_norm.weight
create_tensor: loading tensor output.weight
create_tensor: loading tensor blk.0.attn_norm.weight
create_tensor: loading tensor blk.0.attn_qkv.weight
create_tensor: loading tensor blk.0.attn_q.weight
create_tensor: loading tensor blk.0.attn_k.weight
create_tensor: loading tensor blk.0.attn_v.weight
create_tensor: loading tensor blk.0.attn_q.bias
create_tensor: loading tensor blk.0.attn_k.bias
create_tensor: loading tensor blk.0.attn_v.bias
create_tensor: loading tensor blk.0.attn_output.weight
create_tensor: loading tensor blk.0.attn_output.bias
create_tensor: loading tensor blk.0.ffn_norm.weight
create_tensor: loading tensor rope_freqs.weight
create_tensor: loading tensor blk.0.ffn_gate_inp.weight
create_tensor: loading tensor blk.0.ffn_gate_exps.weight
create_tensor: loading tensor blk.0.ffn_down_exps.weight
create_tensor: loading tensor blk.0.ffn_up_exps.weight
create_tensor: loading tensor blk.1.attn_norm.weight
create_tensor: loading tensor blk.1.attn_qkv.weight
create_tensor: loading tensor blk.1.attn_q.weight
create_tensor: loading tensor blk.1.attn_k.weight
create_tensor: loading tensor blk.1.attn_v.weight
create_tensor: loading tensor blk.1.attn_q.bias
create_tensor: loading tensor blk.1.attn_k.bias
create_tensor: loading tensor blk.1.attn_v.bias
create_tensor: loading tensor blk.1.attn_output.weight
create_tensor: loading tensor blk.1.attn_output.bias
create_tensor: loading tensor blk.1.ffn_norm.weight
create_tensor: loading tensor rope_freqs.weight
create_tensor: loading tensor blk.1.ffn_gate_inp.weight
create_tensor: loading tensor blk.1.ffn_gate_exps.weight
create_tensor: loading tensor blk.1.ffn_down_exps.weight
create_tensor: loading tensor blk.1.ffn_up_exps.weight
create_tensor: loading tensor blk.0.attn_q.scale
create_tensor: loading tensor blk.0.attn_k.scale
create_tensor: loading tensor blk.0.attn_v.scale
create_tensor: loading tensor blk.0.attn_output.scale
create_tensor: loading tensor blk.0.ffn_gate_exps.scale
create_tensor: loading tensor blk.0.ffn_down_exps.scale
create_tensor: loading tensor blk.0.ffn_up_exps.scale
create_tensor: loading tensor blk.0.attn_q.input_scale
create_tensor: loading tensor blk.0.attn_k.input_scale
create_tensor: loading tensor blk.0.attn_v.input_scale
create_tensor: loading tensor blk.0.attn_output.input_scale
create_tensor: loading tensor blk.0.ffn_gate_exps.input_scale
create_tensor: loading tensor blk.0.ffn_down_exps.input_scale
create_tensor: loading tensor blk.0.ffn_up_exps.input_scale
create_tensor: loading tensor blk.1.attn_q.scale
create_tensor: loading tensor blk.1.attn_k.scale
create_tensor: loading tensor blk.1.attn_v.scale
create_tensor: loading tensor blk.1.attn_output.scale
create_tensor: loading tensor blk.1.ffn_gate_exps.scale
create_tensor: loading tensor blk.1.ffn_down_exps.scale
create_tensor: loading tensor blk.1.ffn_up_exps.scale
create_tensor: loading tensor blk.1.attn_q.input_scale
create_tensor: loading tensor blk.1.attn_k.input_scale
create_tensor: loading tensor blk.1.attn_v.input_scale
create_tensor: loading tensor blk.1.attn_output.input_scale
create_tensor: loading tensor blk.1.ffn_gate_exps.input_scale
create_tensor: loading tensor blk.1.ffn_down_exps.input_scale
create_tensor: loading tensor blk.1.ffn_up_exps.input_scale
done_getting_tensors: tensor 'token_embd.weight' (f32) (and 22 others) cannot be used with preferred buffer type CUDA_Host, using CPU instead
load_tensors: offloading 0 repeating layers to GPU
load_tensors: offloaded 0/3 layers to GPU
load_tensors:   CPU_Mapped model buffer size =     0.13 MiB
...................
llama_model_loader: loaded meta data with 13 key-value pairs and 23 tensors from C:\Users\cadel\AppData\Local\Temp\moe-integration-1702916.gguf (version GGUF V3 (latest))
llama_model_loader: Dumping metadata keys/values. Note: KV overrides do not apply in this output.
llama_model_loader: - kv   0:                       general.architecture str              = llama
llama_model_loader: - kv   1:                       tokenizer.ggml.model str              = no_vocab
llama_model_loader: - kv   2:                           llama.vocab_size u32              = 32
llama_model_loader: - kv   3:                       llama.context_length u32              = 128
llama_model_loader: - kv   4:                     llama.embedding_length u32              = 32
llama_model_loader: - kv   5:                          llama.block_count u32              = 2
llama_model_loader: - kv   6:                  llama.feed_forward_length u32              = 64
llama_model_loader: - kv   7:                 llama.attention.head_count u32              = 2
llama_model_loader: - kv   8:              llama.attention.head_count_kv u32              = 2
llama_model_loader: - kv   9:                 llama.rope.dimension_count u32              = 16
llama_model_loader: - kv  10:                         llama.expert_count u32              = 4
llama_model_loader: - kv  11:                    llama.expert_used_count u32              = 2
llama_model_loader: - kv  12:     llama.attention.layer_norm_rms_epsilon f32              = 0.000010
llama_model_loader: - type  f32:   17 tensors
llama_model_loader: - type  f16:    6 tensors
print_info: file format = GGUF V3 (latest)
print_info: file type   = (guessed) all F32
print_info: file size   = 0.13 MiB (18.85 BPW) 
llama_prepare_model_devices: using device CUDA0 (NVIDIA GeForce RTX 4060 Laptop GPU) (0000:01:00.0) - 7094 MiB free
load: adding 32 dummy tokens
print_info: arch                  = llama
print_info: vocab_only            = 0
print_info: no_alloc              = 0
print_info: n_ctx_train           = 128
print_info: n_embd_inp            = 32
print_info: n_embd                = 32
print_info: n_embd_out            = 32
print_info: n_layer               = 2
print_info: n_layer_all           = 2
print_info: n_head                = 2
print_info: n_head_kv             = 2
print_info: n_rot                 = 16
print_info: n_swa                 = 0
print_info: is_swa_any            = 0
print_info: n_embd_head_k         = 16
print_info: n_embd_head_v         = 16
print_info: n_gqa                 = 1
print_info: n_embd_k_gqa          = 32
print_info: n_embd_v_gqa          = 32
print_info: f_norm_eps            = 0.0e+00
print_info: f_norm_rms_eps        = 1.0e-05
print_info: f_clamp_kqv           = 0.0e+00
print_info: f_max_alibi_bias      = 0.0e+00
print_info: f_logit_scale         = 0.0e+00
print_info: f_attn_scale          = 0.0e+00
print_info: f_attn_value_scale    = 0.0000
print_info: n_ff                  = 64
print_info: n_expert              = 4
print_info: n_expert_used         = 2
print_info: n_expert_groups       = 0
print_info: n_group_used          = 0
print_info: causal attn           = 1
print_info: pooling type          = -1
print_info: rope type             = 0
print_info: rope scaling          = linear
print_info: freq_base_train       = 10000.0
print_info: freq_scale_train      = 1
print_info: n_ctx_orig_yarn       = 128
print_info: rope_yarn_log_mul     = 0.0000
print_info: rope_finetuned        = unknown
print_info: model type            = ?B
print_info: model params          = 59.81 K
print_info: general.name          = n/a
print_info: vocab type            = no vocab
print_info: n_vocab               = 32
print_info: n_merges              = 0
print_info: max token length      = 0
load_tensors: loading model tensors, this can take a while... (load_mode = mmap)
load_tensors: layer   0 assigned to device CPU, is_swa = 0
load_tensors: layer   1 assigned to device CPU, is_swa = 0
load_tensors: layer   2 assigned to device CPU, is_swa = 0
create_tensor: loading tensor token_embd.weight
create_tensor: loading tensor output_norm.weight
create_tensor: loading tensor output.weight
create_tensor: loading tensor blk.0.attn_norm.weight
create_tensor: loading tensor blk.0.attn_qkv.weight
create_tensor: loading tensor blk.0.attn_q.weight
create_tensor: loading tensor blk.0.attn_k.weight
create_tensor: loading tensor blk.0.attn_v.weight
create_tensor: loading tensor blk.0.attn_q.bias
create_tensor: loading tensor blk.0.attn_k.bias
create_tensor: loading tensor blk.0.attn_v.bias
create_tensor: loading tensor blk.0.attn_output.weight
create_tensor: loading tensor blk.0.attn_output.bias
create_tensor: loading tensor blk.0.ffn_norm.weight
create_tensor: loading tensor rope_freqs.weight
create_tensor: loading tensor blk.0.ffn_gate_inp.weight
create_tensor: loading tensor blk.0.ffn_gate_exps.weight
create_tensor: loading tensor blk.0.ffn_down_exps.weight
create_tensor: loading tensor blk.0.ffn_up_exps.weight
create_tensor: loading tensor blk.1.attn_norm.weight
create_tensor: loading tensor blk.1.attn_qkv.weight
create_tensor: loading tensor blk.1.attn_q.weight
create_tensor: loading tensor blk.1.attn_k.weight
create_tensor: loading tensor blk.1.attn_v.weight
create_tensor: loading tensor blk.1.attn_q.bias
create_tensor: loading tensor blk.1.attn_k.bias
create_tensor: loading tensor blk.1.attn_v.bias
create_tensor: loading tensor blk.1.attn_output.weight
create_tensor: loading tensor blk.1.attn_output.bias
create_tensor: loading tensor blk.1.ffn_norm.weight
create_tensor: loading tensor rope_freqs.weight
create_tensor: loading tensor blk.1.ffn_gate_inp.weight
create_tensor: loading tensor blk.1.ffn_gate_exps.weight
create_tensor: loading tensor blk.1.ffn_down_exps.weight
create_tensor: loading tensor blk.1.ffn_up_exps.weight
create_tensor: loading tensor blk.0.attn_q.scale
create_tensor: loading tensor blk.0.attn_k.scale
create_tensor: loading tensor blk.0.attn_v.scale
create_tensor: loading tensor blk.0.attn_output.scale
create_tensor: loading tensor blk.0.ffn_gate_exps.scale
create_tensor: loading tensor blk.0.ffn_down_exps.scale
create_tensor: loading tensor blk.0.ffn_up_exps.scale
create_tensor: loading tensor blk.0.attn_q.input_scale
create_tensor: loading tensor blk.0.attn_k.input_scale
create_tensor: loading tensor blk.0.attn_v.input_scale
create_tensor: loading tensor blk.0.attn_output.input_scale
create_tensor: loading tensor blk.0.ffn_gate_exps.input_scale
create_tensor: loading tensor blk.0.ffn_down_exps.input_scale
create_tensor: loading tensor blk.0.ffn_up_exps.input_scale
create_tensor: loading tensor blk.1.attn_q.scale
create_tensor: loading tensor blk.1.attn_k.scale
create_tensor: loading tensor blk.1.attn_v.scale
create_tensor: loading tensor blk.1.attn_output.scale
create_tensor: loading tensor blk.1.ffn_gate_exps.scale
create_tensor: loading tensor blk.1.ffn_down_exps.scale
create_tensor: loading tensor blk.1.ffn_up_exps.scale
create_tensor: loading tensor blk.1.attn_q.input_scale
create_tensor: loading tensor blk.1.attn_k.input_scale
create_tensor: loading tensor blk.1.attn_v.input_scale
create_tensor: loading tensor blk.1.attn_output.input_scale
create_tensor: loading tensor blk.1.ffn_gate_exps.input_scale
create_tensor: loading tensor blk.1.ffn_down_exps.input_scale
create_tensor: loading tensor blk.1.ffn_up_exps.input_scale
load_tensors: offloading 0 repeating layers to GPU
load_tensors: offloaded 0/3 layers to GPU
load_tensors:   CPU_Mapped model buffer size =     0.13 MiB
...................
load_tensors: experimental host-bank MoE enabled, tile weights <= 12544 bytes; this is not a total memory limit
llama_context: constructing llama_context
llama_context: n_seq_max             = 1
llama_context: n_ctx                 = 256
llama_context: n_ctx_seq             = 256
llama_context: n_batch               = 32
llama_context: n_ubatch              = 8
llama_context: causal_attn           = 1
llama_context: flash_attn            = disabled
llama_context: kv_unified            = false
llama_context: freq_base             = 10000.0
llama_context: freq_scale            = 1
llama_context: n_rs_seq              = 0
llama_context: n_outputs_max         = 32
llama_context: n_outputs_max_per_seq = 1
llama_context: n_ctx_seq (256) > n_ctx_train (128) -- possible training context overflow
set_abort_callback: call
llama_context:        CPU  output buffer size =     0.00 MiB
llama_kv_cache: layer   0: dev = CPU
llama_kv_cache: layer   1: dev = CPU
llama_kv_cache:        CPU KV buffer size =     0.06 MiB
llama_kv_cache: size =    0.06 MiB (   256 cells,   2 layers,  1/1 seqs), K (f16):    0.03 MiB, V (f16):    0.03 MiB
llama_kv_cache: attn_rot_k = 0, n_embd_head_k_all = 16
llama_kv_cache: attn_rot_v = 0, n_embd_head_k_all = 16
llama_context: enumerating backends
llama_context: backend_ptrs.size() = 2
sched_reserve: reserving ...
sched_reserve: max_nodes = 1024
sched_reserve: decode graph slots = 4 (n_tokens <= 4)
sched_reserve: reserving full memory module
sched_reserve: worst-case: n_tokens = 8, n_seqs = 1, n_outputs = 1
resolve_fused_ops: resolving fused Gated Delta Net support:
graph_reserve: reserving a graph for ubatch with n_tokens =    1, n_seqs =  1, n_outputs =    1
resolve_fused_ops: fused Gated Delta Net (autoregressive) enabled
graph_reserve: reserving a graph for ubatch with n_tokens =   16, n_seqs =  1, n_outputs =   16
resolve_fused_ops: fused Gated Delta Net (chunked) enabled
resolve_fused_ops: resolving fused Lightning Indexer support:
graph_reserve: reserving a graph for ubatch with n_tokens =    1, n_seqs =  1, n_outputs =    1
resolve_fused_ops: Lightning Indexer enabled
resolve_fused_ops: resolving fused DeepSeek V4 HC support:
graph_reserve: reserving a graph for ubatch with n_tokens =    1, n_seqs =  1, n_outputs =    1
resolve_fused_ops: fused DeepSeek V4 HC pre enabled
graph_reserve: reserving a graph for ubatch with n_tokens =    1, n_seqs =  1, n_outputs =    1
resolve_fused_ops: fused DeepSeek V4 HC comb enabled
graph_reserve: reserving a graph for ubatch with n_tokens =    1, n_seqs =  1, n_outputs =    1
resolve_fused_ops: fused DeepSeek V4 HC post enabled
graph_reserve: reserving a graph for ubatch with n_tokens =    8, n_seqs =  1, n_outputs =    8
graph_reserve: reserving a graph for ubatch with n_tokens =    1, n_seqs =  1, n_outputs =    1
graph_reserve: reserving a graph for ubatch with n_tokens =    8, n_seqs =  1, n_outputs =    8
sched_reserve:  CUDA_Host compute buffer size =     0.03 MiB
sched_reserve: graph nodes  = 110
sched_reserve: graph splits = 1
sched_reserve: reserve took 2.37 ms, sched copies = 1
llama_context: constructing llama_context
llama_context: MoE device=CUDA0 cache=98304 staging=1048576 compute-limit=67108864 bytes
llama_context: n_seq_max             = 1
llama_context: n_ctx                 = 256
llama_context: n_ctx_seq             = 256
llama_context: n_batch               = 32
llama_context: n_ubatch              = 8
llama_context: causal_attn           = 1
llama_context: flash_attn            = disabled
llama_context: kv_unified            = false
llama_context: freq_base             = 10000.0
llama_context: freq_scale            = 1
llama_context: n_rs_seq              = 0
llama_context: n_outputs_max         = 32
llama_context: n_outputs_max_per_seq = 1
llama_context: n_ctx_seq (256) > n_ctx_train (128) -- possible training context overflow
set_abort_callback: call
llama_context:        CPU  output buffer size =     0.00 MiB
llama_kv_cache: layer   0: dev = CPU
llama_kv_cache: layer   1: dev = CPU
llama_kv_cache:        CPU KV buffer size =     0.06 MiB
llama_kv_cache: size =    0.06 MiB (   256 cells,   2 layers,  1/1 seqs), K (f16):    0.03 MiB, V (f16):    0.03 MiB
llama_kv_cache: attn_rot_k = 0, n_embd_head_k_all = 16
llama_kv_cache: attn_rot_v = 0, n_embd_head_k_all = 16
llama_context: enumerating backends
llama_context: backend_ptrs.size() = 2
sched_reserve: reserving ...
sched_reserve: max_nodes = 1024
sched_reserve: decode graph slots = 4 (n_tokens <= 4)
sched_reserve: reserving full memory module
sched_reserve: worst-case: n_tokens = 8, n_seqs = 1, n_outputs = 1
resolve_fused_ops: resolving fused Gated Delta Net support:
graph_reserve: reserving a graph for ubatch with n_tokens =    1, n_seqs =  1, n_outputs =    1
resolve_fused_ops: fused Gated Delta Net (autoregressive) enabled
graph_reserve: reserving a graph for ubatch with n_tokens =   16, n_seqs =  1, n_outputs =   16
resolve_fused_ops: fused Gated Delta Net (chunked) enabled
resolve_fused_ops: resolving fused Lightning Indexer support:
graph_reserve: reserving a graph for ubatch with n_tokens =    1, n_seqs =  1, n_outputs =    1
resolve_fused_ops: Lightning Indexer enabled
resolve_fused_ops: resolving fused DeepSeek V4 HC support:
graph_reserve: reserving a graph for ubatch with n_tokens =    1, n_seqs =  1, n_outputs =    1
resolve_fused_ops: fused DeepSeek V4 HC pre enabled
graph_reserve: reserving a graph for ubatch with n_tokens =    1, n_seqs =  1, n_outputs =    1
resolve_fused_ops: fused DeepSeek V4 HC comb enabled
graph_reserve: reserving a graph for ubatch with n_tokens =    1, n_seqs =  1, n_outputs =    1
resolve_fused_ops: fused DeepSeek V4 HC post enabled
graph_reserve: reserving a graph for ubatch with n_tokens =    8, n_seqs =  1, n_outputs =    8
graph_reserve: reserving a graph for ubatch with n_tokens =    1, n_seqs =  1, n_outputs =    1
graph_reserve: reserving a graph for ubatch with n_tokens =    8, n_seqs =  1, n_outputs =    8
sched_reserve:  CUDA_Host compute buffer size =     0.03 MiB
sched_reserve: graph nodes  = 100
sched_reserve: graph splits = 1
sched_reserve: reserve took 1.85 ms, sched copies = 1
graph_reserve: reserving a graph for ubatch with n_tokens =    4, n_seqs =  1, n_outputs =    4
FT_COMPARE layer=0 relative=0.000756014 first=-0.0187822/-0.0188195
FT_COMPARE layer=1 relative=0.000487958 first=-0.0408186/-0.0407563
FT_COMPARE layer=0 relative=0.000630634 first=0.0360882/0.0360892
FT_COMPARE layer=1 relative=0.000466582 first=0.0134638/0.0134737
FT_COMPARE layer=0 relative=0.000327842 first=0.0217211/0.0217268
FT_COMPARE layer=1 relative=0.000849258 first=-0.0932609/-0.0932364
FT_COMPARE layer=0 relative=0.000531414 first=0.0863656/0.0863358
FT_COMPARE layer=1 relative=0.000593445 first=-0.0183266/-0.0183567
FT_COMPARE layer=0 relative=0.000473362 first=0.00429035/0.00430704
FT_COMPARE layer=1 relative=0.000645152 first=-0.0257115/-0.0256689
FT_COMPARE layer=0 relative=0.000631604 first=0.056195/0.0561763
FT_COMPARE layer=1 relative=0.000445602 first=0.0582515/0.0582691
FT_COMPARE layer=0 relative=0.000444464 first=-0.0912278/-0.0912252
FT_COMPARE layer=1 relative=0.000481988 first=0.0646283/0.0646779
FT_COMPARE layer=0 relative=0.000596522 first=-0.0281853/-0.0281919
FT_COMPARE layer=1 relative=0.000549509 first=-0.0336694/-0.0336641
FT_COMPARE layer=0 relative=0.000662996 first=0.0826735/0.0826118
FT_COMPARE layer=1 relative=0.000632308 first=-0.0782246/-0.0781518
FT_COMPARE layer=0 relative=0.000377659 first=0.0361291/0.0361076
FT_COMPARE layer=1 relative=0.000396664 first=0.00708435/0.00709733
FT_COMPARE layer=0 relative=0.000505487 first=-0.056655/-0.0565675
FT_COMPARE layer=1 relative=0.000680994 first=-0.0537908/-0.0538098
FT_COMPARE layer=0 relative=0.000339741 first=-0.0759489/-0.0759434
FT_COMPARE layer=1 relative=0.00050484 first=-0.00475747/-0.00474477
FT_COMPARE layer=0 relative=0.000447569 first=-0.138436/-0.138401
FT_COMPARE layer=1 relative=0.000516164 first=0.0506209/0.0506057
FT_COMPARE layer=0 relative=0.000646913 first=-0.0573487/-0.0573027
FT_COMPARE layer=1 relative=0.000505222 first=-0.0937623/-0.0937473
FT_COMPARE layer=0 relative=0.000737508 first=0.0280256/0.0280163
FT_COMPARE layer=1 relative=0.000366364 first=0.0120961/0.0121083
FT_COMPARE layer=0 relative=0.000501171 first=-0.0102862/-0.0102732
FT_COMPARE layer=1 relative=0.00048269 first=-0.0401845/-0.0401927
FT_COMPARE layer=0 relative=0.000380793 first=-0.0685385/-0.0685333
FT_COMPARE layer=1 relative=0.000560237 first=0.0348459/0.0348458
FT_COMPARE layer=0 relative=0.000785922 first=0.0402541/0.0402979
FT_COMPARE layer=1 relative=0.000540316 first=-0.0375713/-0.0375634
FT_COMPARE layer=0 relative=0.000456802 first=0.0214676/0.021461
FT_COMPARE layer=1 relative=0.000900348 first=-0.038902/-0.0388778
FT_COMPARE layer=0 relative=0.000631335 first=0.0468409/0.0468255
FT_COMPARE layer=1 relative=0.000562659 first=-0.0146213/-0.0146628
FT_COMPARE layer=0 relative=0.000670737 first=0.041694/0.0416818
FT_COMPARE layer=1 relative=0.000499681 first=0.0093372/0.00929271
FT_COMPARE layer=0 relative=0.000400684 first=-0.0146388/-0.0146299
FT_COMPARE layer=1 relative=0.000679675 first=-0.030471/-0.0304727
FT_COMPARE layer=0 relative=0.000589724 first=-0.0623086/-0.062301
FT_COMPARE layer=1 relative=0.000502857 first=-0.0741566/-0.0741351
FT_COMPARE layer=0 relative=0.000360118 first=-0.0562228/-0.0561924
FT_COMPARE layer=1 relative=0.00085061 first=-0.026591/-0.0265827
FT_COMPARE layer=0 relative=0.000411874 first=0.102597/0.102556
FT_COMPARE layer=1 relative=0.000370938 first=-0.0553063/-0.0552676
FT_COMPARE layer=0 relative=0.000669181 first=0.0403998/0.0404489
FT_COMPARE layer=1 relative=0.000707414 first=-0.0825966/-0.0826262
FT_COMPARE layer=0 relative=0.00100628 first=0.0410449/0.0410443
FT_COMPARE layer=1 relative=0.000622365 first=-0.112243/-0.112221
FT_COMPARE layer=0 relative=0.000653713 first=0.150199/0.150153
FT_COMPARE layer=1 relative=0.000382025 first=-0.110173/-0.110143
FT_COMPARE layer=0 relative=0.000539306 first=0.0382332/0.0382623
FT_COMPARE layer=1 relative=0.000637463 first=-0.0626289/-0.0626592
FT_COMPARE layer=0 relative=0.000658508 first=-0.0787379/-0.0787756
FT_COMPARE layer=1 relative=0.000745005 first=0.0217422/0.021682
FT_COMPARE layer=0 relative=0.000433076 first=-0.133947/-0.133869
FT_COMPARE layer=1 relative=0.000462674 first=-0.0268435/-0.0268402
FT_COMPARE layer=0 relative=0.000640234 first=-0.0262099/-0.0262756
FT_COMPARE layer=1 relative=0.000464414 first=0.0051954/0.00521242
FT_COMPARE layer=0 relative=0.000447625 first=-0.0386611/-0.0386132
FT_COMPARE layer=1 relative=0.000454892 first=0.060558/0.0605308
FT_COMPARE layer=0 relative=0.000486074 first=0.0576557/0.0576505
FT_COMPARE layer=1 relative=0.000726124 first=0.0503174/0.0503283
FT_COMPARE layer=0 relative=0.000835151 first=-0.0233079/-0.0232316
FT_COMPARE layer=1 relative=0.000461117 first=-0.0975221/-0.0974915
FT_COMPARE layer=0 relative=0.000456527 first=-0.0658859/-0.0658888
FT_COMPARE layer=1 relative=0.000414846 first=-0.020077/-0.020112
FT_COMPARE layer=0 relative=0.000556397 first=0.0813584/0.0813278
FT_COMPARE layer=1 relative=0.00058562 first=-0.0356808/-0.0357057
FT_COMPARE layer=0 relative=0.000565982 first=-0.0603409/-0.0603077
FT_COMPARE layer=1 relative=0.000604176 first=0.132607/0.132661
FT_COMPARE layer=0 relative=0.000386021 first=-0.0185391/-0.0185802
FT_COMPARE layer=1 relative=0.000664071 first=0.128986/0.129015
FT_COMPARE layer=0 relative=0.000377107 first=-0.0164286/-0.0163874
FT_COMPARE layer=1 relative=0.000636538 first=-0.0496734/-0.0496874
FT_COMPARE layer=0 relative=0.000327895 first=0.123289/0.123273
FT_COMPARE layer=1 relative=0.000588964 first=-0.0966811/-0.0966835
FT_COMPARE layer=0 relative=0.000480091 first=0.031759/0.0317856
FT_COMPARE layer=1 relative=0.000523408 first=0.0806522/0.0806228
FT_COMPARE layer=0 relative=0.000462252 first=-0.0639133/-0.0639465
FT_COMPARE layer=1 relative=0.000392555 first=-0.0630549/-0.063086
FT_COMPARE layer=0 relative=0.00065892 first=-0.0966088/-0.0965625
FT_COMPARE layer=1 relative=0.000621642 first=0.0401044/0.040097
FT_COMPARE layer=0 relative=0.000812638 first=-0.0971595/-0.0972044
FT_COMPARE layer=1 relative=0.000504547 first=0.0333091/0.0333606
FT_COMPARE layer=0 relative=0.000668431 first=-0.0529057/-0.0528198
FT_COMPARE layer=1 relative=0.000635676 first=-0.0608866/-0.0608726
FT_COMPARE layer=0 relative=0.00090497 first=-0.00994606/-0.00998063
FT_COMPARE layer=1 relative=0.000621911 first=0.0499126/0.04992
FT_COMPARE layer=0 relative=0.000549502 first=-0.0603443/-0.0603085
FT_COMPARE layer=1 relative=0.000435025 first=-0.0431021/-0.0431102
set_abort_callback: call
graph_compute: ggml_backend_sched_graph_compute_async failed with error 1
process_ubatch: failed to compute graph, compute status: 1
decode: removing memory module entries for seq_id = 0, pos = [59, +inf)
llama_decode: failed to decode, ret = 2
set_abort_callback: call
graph_compute: ggml_backend_sched_graph_compute_async failed with error -1
host-bank MoE execution failed: MoE routing weight must be finite
process_ubatch: failed to compute graph, compute status: -1
decode: removing memory module entries for seq_id = 0, pos = [59, +inf)
llama_decode: failed to decode, ret = -3
FT_COMPARE layer=0 relative=0.000531105 first=-0.068028/-0.0680362
FT_COMPARE layer=1 relative=0.00062346 first=0.0742541/0.0742755
llama_context: constructing llama_context
llama_init_from_model: failed to initialize the context: host-bank MoE requires one sequence, op_offload=false and offload_kqv=false
llama_context: constructing llama_context
llama_init_from_model: failed to initialize the context: host-bank MoE requires one sequence, op_offload=false and offload_kqv=false
llama_context: constructing llama_context
llama_init_from_model: failed to initialize the context: host-bank MoE requires one sequence, op_offload=false and offload_kqv=false
llama_context: constructing llama_context
llama_init_from_model: failed to initialize the context: moe cache: invalid uniform arena geometry
llama_context: constructing llama_context
llama_init_from_model: failed to initialize the context: host-bank MoE cache requires model.moe_cpu_tile_bytes host-bank setup
~llama_context:      CUDA0 compute buffer size is   0.0000 MiB, matches expectation of   0.0000 MiB
~llama_context:  CUDA_Host compute buffer size is   0.0304 MiB, matches expectation of   0.0304 MiB
~llama_context:      CUDA0 compute buffer size is   0.0000 MiB, matches expectation of   0.0000 MiB
~llama_context:  CUDA_Host compute buffer size is   0.0304 MiB, matches expectation of   0.0304 MiB
llama_context: constructing llama_context
llama_context: MoE device=CUDA0 cache=98304 staging=1048576 compute-limit=67108864 bytes
llama_context: n_seq_max             = 1
llama_context: n_ctx                 = 256
llama_context: n_ctx_seq             = 256
llama_context: n_batch               = 32
llama_context: n_ubatch              = 8
llama_context: causal_attn           = 1
llama_context: flash_attn            = disabled
llama_context: kv_unified            = false
llama_context: freq_base             = 10000.0
llama_context: freq_scale            = 1
llama_context: n_rs_seq              = 0
llama_context: n_outputs_max         = 32
llama_context: n_outputs_max_per_seq = 1
llama_context: n_ctx_seq (256) > n_ctx_train (128) -- possible training context overflow
set_abort_callback: call
llama_context:        CPU  output buffer size =     0.00 MiB
llama_kv_cache: layer   0: dev = CPU
llama_kv_cache: layer   1: dev = CPU
llama_kv_cache:        CPU KV buffer size =     0.06 MiB
llama_kv_cache: size =    0.06 MiB (   256 cells,   2 layers,  1/1 seqs), K (f16):    0.03 MiB, V (f16):    0.03 MiB
llama_kv_cache: attn_rot_k = 0, n_embd_head_k_all = 16
llama_kv_cache: attn_rot_v = 0, n_embd_head_k_all = 16
llama_context: enumerating backends
llama_context: backend_ptrs.size() = 2
sched_reserve: reserving ...
sched_reserve: max_nodes = 1024
sched_reserve: decode graph slots = 4 (n_tokens <= 4)
sched_reserve: reserving full memory module
sched_reserve: worst-case: n_tokens = 8, n_seqs = 1, n_outputs = 1
resolve_fused_ops: resolving fused Gated Delta Net support:
graph_reserve: reserving a graph for ubatch with n_tokens =    1, n_seqs =  1, n_outputs =    1
resolve_fused_ops: fused Gated Delta Net (autoregressive) enabled
graph_reserve: reserving a graph for ubatch with n_tokens =   16, n_seqs =  1, n_outputs =   16
resolve_fused_ops: fused Gated Delta Net (chunked) enabled
resolve_fused_ops: resolving fused Lightning Indexer support:
graph_reserve: reserving a graph for ubatch with n_tokens =    1, n_seqs =  1, n_outputs =    1
resolve_fused_ops: Lightning Indexer enabled
resolve_fused_ops: resolving fused DeepSeek V4 HC support:
graph_reserve: reserving a graph for ubatch with n_tokens =    1, n_seqs =  1, n_outputs =    1
resolve_fused_ops: fused DeepSeek V4 HC pre enabled
graph_reserve: reserving a graph for ubatch with n_tokens =    1, n_seqs =  1, n_outputs =    1
resolve_fused_ops: fused DeepSeek V4 HC comb enabled
graph_reserve: reserving a graph for ubatch with n_tokens =    1, n_seqs =  1, n_outputs =    1
resolve_fused_ops: fused DeepSeek V4 HC post enabled
graph_reserve: reserving a graph for ubatch with n_tokens =    8, n_seqs =  1, n_outputs =    8
graph_reserve: reserving a graph for ubatch with n_tokens =    1, n_seqs =  1, n_outputs =    1
graph_reserve: reserving a graph for ubatch with n_tokens =    8, n_seqs =  1, n_outputs =    8
sched_reserve:  CUDA_Host compute buffer size =     0.03 MiB
sched_reserve: graph nodes  = 100
sched_reserve: graph splits = 1
sched_reserve: reserve took 1.87 ms, sched copies = 1
llama_context: constructing llama_context
llama_context: n_seq_max             = 1
llama_context: n_ctx                 = 256
llama_context: n_ctx_seq             = 256
llama_context: n_batch               = 32
llama_context: n_ubatch              = 8
llama_context: causal_attn           = 1
llama_context: flash_attn            = disabled
llama_context: kv_unified            = false
llama_context: freq_base             = 10000.0
llama_context: freq_scale            = 1
llama_context: n_rs_seq              = 0
llama_context: n_outputs_max         = 32
llama_context: n_outputs_max_per_seq = 1
llama_context: n_ctx_seq (256) > n_ctx_train (128) -- possible training context overflow
set_abort_callback: call
llama_context:        CPU  output buffer size =     0.00 MiB
llama_kv_cache: layer   0: dev = CPU
llama_kv_cache: layer   1: dev = CPU
llama_kv_cache:        CPU KV buffer size =     0.06 MiB
llama_kv_cache: size =    0.06 MiB (   256 cells,   2 layers,  1/1 seqs), K (f16):    0.03 MiB, V (f16):    0.03 MiB
llama_kv_cache: attn_rot_k = 0, n_embd_head_k_all = 16
llama_kv_cache: attn_rot_v = 0, n_embd_head_k_all = 16
llama_context: enumerating backends
llama_context: backend_ptrs.size() = 2
sched_reserve: reserving ...
sched_reserve: max_nodes = 1024
sched_reserve: decode graph slots = 4 (n_tokens <= 4)
sched_reserve: reserving full memory module
sched_reserve: worst-case: n_tokens = 8, n_seqs = 1, n_outputs = 1
resolve_fused_ops: resolving fused Gated Delta Net support:
graph_reserve: reserving a graph for ubatch with n_tokens =    1, n_seqs =  1, n_outputs =    1
resolve_fused_ops: fused Gated Delta Net (autoregressive) enabled
graph_reserve: reserving a graph for ubatch with n_tokens =   16, n_seqs =  1, n_outputs =   16
resolve_fused_ops: fused Gated Delta Net (chunked) enabled
resolve_fused_ops: resolving fused Lightning Indexer support:
graph_reserve: reserving a graph for ubatch with n_tokens =    1, n_seqs =  1, n_outputs =    1
resolve_fused_ops: Lightning Indexer enabled
resolve_fused_ops: resolving fused DeepSeek V4 HC support:
graph_reserve: reserving a graph for ubatch with n_tokens =    1, n_seqs =  1, n_outputs =    1
resolve_fused_ops: fused DeepSeek V4 HC pre enabled
graph_reserve: reserving a graph for ubatch with n_tokens =    1, n_seqs =  1, n_outputs =    1
resolve_fused_ops: fused DeepSeek V4 HC comb enabled
graph_reserve: reserving a graph for ubatch with n_tokens =    1, n_seqs =  1, n_outputs =    1
resolve_fused_ops: fused DeepSeek V4 HC post enabled
graph_reserve: reserving a graph for ubatch with n_tokens =    8, n_seqs =  1, n_outputs =    8
graph_reserve: reserving a graph for ubatch with n_tokens =    1, n_seqs =  1, n_outputs =    1
graph_reserve: reserving a graph for ubatch with n_tokens =    8, n_seqs =  1, n_outputs =    8
sched_reserve:  CUDA_Host compute buffer size =     0.03 MiB
sched_reserve: graph nodes  = 110
sched_reserve: graph splits = 1
sched_reserve: reserve took 2.05 ms, sched copies = 1
FT_COMPARE layer=0 relative=0.000756014 first=-0.0187822/-0.0188195
FT_COMPARE layer=1 relative=0.000487958 first=-0.0408186/-0.0407563
~llama_context:      CUDA0 compute buffer size is   0.0000 MiB, matches expectation of   0.0000 MiB
~llama_context:  CUDA_Host compute buffer size is   0.0304 MiB, matches expectation of   0.0304 MiB
~llama_context:      CUDA0 compute buffer size is   0.0000 MiB, matches expectation of   0.0000 MiB
~llama_context:  CUDA_Host compute buffer size is   0.0304 MiB, matches expectation of   0.0304 MiB
llama_model_loader: loaded meta data with 13 key-value pairs and 23 tensors from C:\Users\cadel\AppData\Local\Temp\moe-integration-1702916.gguf (version GGUF V3 (latest))
llama_model_loader: Dumping metadata keys/values. Note: KV overrides do not apply in this output.
llama_model_loader: - kv   0:                       general.architecture str              = llama
llama_model_loader: - kv   1:                       tokenizer.ggml.model str              = no_vocab
llama_model_loader: - kv   2:                           llama.vocab_size u32              = 32
llama_model_loader: - kv   3:                       llama.context_length u32              = 128
llama_model_loader: - kv   4:                     llama.embedding_length u32              = 32
llama_model_loader: - kv   5:                          llama.block_count u32              = 2
llama_model_loader: - kv   6:                  llama.feed_forward_length u32              = 64
llama_model_loader: - kv   7:                 llama.attention.head_count u32              = 2
llama_model_loader: - kv   8:              llama.attention.head_count_kv u32              = 2
llama_model_loader: - kv   9:                 llama.rope.dimension_count u32              = 16
llama_model_loader: - kv  10:                         llama.expert_count u32              = 4
llama_model_loader: - kv  11:                    llama.expert_used_count u32              = 2
llama_model_loader: - kv  12:     llama.attention.layer_norm_rms_epsilon f32              = 0.000010
llama_model_loader: - type  f32:   17 tensors
llama_model_loader: - type q4_0:    6 tensors
print_info: file format = GGUF V3 (latest)
print_info: file type   = (guessed) all F32
print_info: file size   = 0.07 MiB (9.40 BPW) 
llama_prepare_model_devices: using device CUDA0 (NVIDIA GeForce RTX 4060 Laptop GPU) (0000:01:00.0) - 7094 MiB free
load: adding 32 dummy tokens
print_info: arch                  = llama
print_info: vocab_only            = 0
print_info: no_alloc              = 0
print_info: n_ctx_train           = 128
print_info: n_embd_inp            = 32
print_info: n_embd                = 32
print_info: n_embd_out            = 32
print_info: n_layer               = 2
print_info: n_layer_all           = 2
print_info: n_head                = 2
print_info: n_head_kv             = 2
print_info: n_rot                 = 16
print_info: n_swa                 = 0
print_info: is_swa_any            = 0
print_info: n_embd_head_k         = 16
print_info: n_embd_head_v         = 16
print_info: n_gqa                 = 1
print_info: n_embd_k_gqa          = 32
print_info: n_embd_v_gqa          = 32
print_info: f_norm_eps            = 0.0e+00
print_info: f_norm_rms_eps        = 1.0e-05
print_info: f_clamp_kqv           = 0.0e+00
print_info: f_max_alibi_bias      = 0.0e+00
print_info: f_logit_scale         = 0.0e+00
print_info: f_attn_scale          = 0.0e+00
print_info: f_attn_value_scale    = 0.0000
print_info: n_ff                  = 64
print_info: n_expert              = 4
print_info: n_expert_used         = 2
print_info: n_expert_groups       = 0
print_info: n_group_used          = 0
print_info: causal attn           = 1
print_info: pooling type          = -1
print_info: rope type             = 0
print_info: rope scaling          = linear
print_info: freq_base_train       = 10000.0
print_info: freq_scale_train      = 1
print_info: n_ctx_orig_yarn       = 128
print_info: rope_yarn_log_mul     = 0.0000
print_info: rope_finetuned        = unknown
print_info: model type            = ?B
print_info: model params          = 59.81 K
print_info: general.name          = n/a
print_info: vocab type            = no vocab
print_info: n_vocab               = 32
print_info: n_merges              = 0
print_info: max token length      = 0
load_tensors: loading model tensors, this can take a while... (load_mode = none)
load_tensors: layer   0 assigned to device CPU, is_swa = 0
load_tensors: layer   1 assigned to device CPU, is_swa = 0
load_tensors: layer   2 assigned to device CPU, is_swa = 0
create_tensor: loading tensor token_embd.weight
create_tensor: loading tensor output_norm.weight
create_tensor: loading tensor output.weight
create_tensor: loading tensor blk.0.attn_norm.weight
create_tensor: loading tensor blk.0.attn_qkv.weight
create_tensor: loading tensor blk.0.attn_q.weight
create_tensor: loading tensor blk.0.attn_k.weight
create_tensor: loading tensor blk.0.attn_v.weight
create_tensor: loading tensor blk.0.attn_q.bias
create_tensor: loading tensor blk.0.attn_k.bias
create_tensor: loading tensor blk.0.attn_v.bias
create_tensor: loading tensor blk.0.attn_output.weight
create_tensor: loading tensor blk.0.attn_output.bias
create_tensor: loading tensor blk.0.ffn_norm.weight
create_tensor: loading tensor rope_freqs.weight
create_tensor: loading tensor blk.0.ffn_gate_inp.weight
create_tensor: loading tensor blk.0.ffn_gate_exps.weight
create_tensor: loading tensor blk.0.ffn_down_exps.weight
create_tensor: loading tensor blk.0.ffn_up_exps.weight
create_tensor: loading tensor blk.1.attn_norm.weight
create_tensor: loading tensor blk.1.attn_qkv.weight
create_tensor: loading tensor blk.1.attn_q.weight
create_tensor: loading tensor blk.1.attn_k.weight
create_tensor: loading tensor blk.1.attn_v.weight
create_tensor: loading tensor blk.1.attn_q.bias
create_tensor: loading tensor blk.1.attn_k.bias
create_tensor: loading tensor blk.1.attn_v.bias
create_tensor: loading tensor blk.1.attn_output.weight
create_tensor: loading tensor blk.1.attn_output.bias
create_tensor: loading tensor blk.1.ffn_norm.weight
create_tensor: loading tensor rope_freqs.weight
create_tensor: loading tensor blk.1.ffn_gate_inp.weight
create_tensor: loading tensor blk.1.ffn_gate_exps.weight
create_tensor: loading tensor blk.1.ffn_down_exps.weight
create_tensor: loading tensor blk.1.ffn_up_exps.weight
create_tensor: loading tensor blk.0.attn_q.scale
create_tensor: loading tensor blk.0.attn_k.scale
create_tensor: loading tensor blk.0.attn_v.scale
create_tensor: loading tensor blk.0.attn_output.scale
create_tensor: loading tensor blk.0.ffn_gate_exps.scale
create_tensor: loading tensor blk.0.ffn_down_exps.scale
create_tensor: loading tensor blk.0.ffn_up_exps.scale
create_tensor: loading tensor blk.0.attn_q.input_scale
create_tensor: loading tensor blk.0.attn_k.input_scale
create_tensor: loading tensor blk.0.attn_v.input_scale
create_tensor: loading tensor blk.0.attn_output.input_scale
create_tensor: loading tensor blk.0.ffn_gate_exps.input_scale
create_tensor: loading tensor blk.0.ffn_down_exps.input_scale
create_tensor: loading tensor blk.0.ffn_up_exps.input_scale
create_tensor: loading tensor blk.1.attn_q.scale
create_tensor: loading tensor blk.1.attn_k.scale
create_tensor: loading tensor blk.1.attn_v.scale
create_tensor: loading tensor blk.1.attn_output.scale
create_tensor: loading tensor blk.1.ffn_gate_exps.scale
create_tensor: loading tensor blk.1.ffn_down_exps.scale
create_tensor: loading tensor blk.1.ffn_up_exps.scale
create_tensor: loading tensor blk.1.attn_q.input_scale
create_tensor: loading tensor blk.1.attn_k.input_scale
create_tensor: loading tensor blk.1.attn_v.input_scale
create_tensor: loading tensor blk.1.attn_output.input_scale
create_tensor: loading tensor blk.1.ffn_gate_exps.input_scale
create_tensor: loading tensor blk.1.ffn_down_exps.input_scale
create_tensor: loading tensor blk.1.ffn_up_exps.input_scale
load_tensors: offloading 0 repeating layers to GPU
load_tensors: offloaded 0/3 layers to GPU
load_tensors:    CUDA_Host model buffer size =     0.07 MiB
load_all_data: buffer type CUDA_Host is not the default buffer type for device CUDA0 for async uploads
.....................
llama_model_loader: loaded meta data with 13 key-value pairs and 23 tensors from C:\Users\cadel\AppData\Local\Temp\moe-integration-1702916.gguf (version GGUF V3 (latest))
llama_model_loader: Dumping metadata keys/values. Note: KV overrides do not apply in this output.
llama_model_loader: - kv   0:                       general.architecture str              = llama
llama_model_loader: - kv   1:                       tokenizer.ggml.model str              = no_vocab
llama_model_loader: - kv   2:                           llama.vocab_size u32              = 32
llama_model_loader: - kv   3:                       llama.context_length u32              = 128
llama_model_loader: - kv   4:                     llama.embedding_length u32              = 32
llama_model_loader: - kv   5:                          llama.block_count u32              = 2
llama_model_loader: - kv   6:                  llama.feed_forward_length u32              = 64
llama_model_loader: - kv   7:                 llama.attention.head_count u32              = 2
llama_model_loader: - kv   8:              llama.attention.head_count_kv u32              = 2
llama_model_loader: - kv   9:                 llama.rope.dimension_count u32              = 16
llama_model_loader: - kv  10:                         llama.expert_count u32              = 4
llama_model_loader: - kv  11:                    llama.expert_used_count u32              = 2
llama_model_loader: - kv  12:     llama.attention.layer_norm_rms_epsilon f32              = 0.000010
llama_model_loader: - type  f32:   17 tensors
llama_model_loader: - type q4_0:    6 tensors
print_info: file format = GGUF V3 (latest)
print_info: file type   = (guessed) all F32
print_info: file size   = 0.07 MiB (9.40 BPW) 
llama_prepare_model_devices: using device CUDA0 (NVIDIA GeForce RTX 4060 Laptop GPU) (0000:01:00.0) - 7094 MiB free
load: adding 32 dummy tokens
print_info: arch                  = llama
print_info: vocab_only            = 0
print_info: no_alloc              = 0
print_info: n_ctx_train           = 128
print_info: n_embd_inp            = 32
print_info: n_embd                = 32
print_info: n_embd_out            = 32
print_info: n_layer               = 2
print_info: n_layer_all           = 2
print_info: n_head                = 2
print_info: n_head_kv             = 2
print_info: n_rot                 = 16
print_info: n_swa                 = 0
print_info: is_swa_any            = 0
print_info: n_embd_head_k         = 16
print_info: n_embd_head_v         = 16
print_info: n_gqa                 = 1
print_info: n_embd_k_gqa          = 32
print_info: n_embd_v_gqa          = 32
print_info: f_norm_eps            = 0.0e+00
print_info: f_norm_rms_eps        = 1.0e-05
print_info: f_clamp_kqv           = 0.0e+00
print_info: f_max_alibi_bias      = 0.0e+00
print_info: f_logit_scale         = 0.0e+00
print_info: f_attn_scale          = 0.0e+00
print_info: f_attn_value_scale    = 0.0000
print_info: n_ff                  = 64
print_info: n_expert              = 4
print_info: n_expert_used         = 2
print_info: n_expert_groups       = 0
print_info: n_group_used          = 0
print_info: causal attn           = 1
print_info: pooling type          = -1
print_info: rope type             = 0
print_info: rope scaling          = linear
print_info: freq_base_train       = 10000.0
print_info: freq_scale_train      = 1
print_info: n_ctx_orig_yarn       = 128
print_info: rope_yarn_log_mul     = 0.0000
print_info: rope_finetuned        = unknown
print_info: model type            = ?B
print_info: model params          = 59.81 K
print_info: general.name          = n/a
print_info: vocab type            = no vocab
print_info: n_vocab               = 32
print_info: n_merges              = 0
print_info: max token length      = 0
load_tensors: loading model tensors, this can take a while... (load_mode = none)
load_tensors: layer   0 assigned to device CPU, is_swa = 0
load_tensors: layer   1 assigned to device CPU, is_swa = 0
load_tensors: layer   2 assigned to device CPU, is_swa = 0
create_tensor: loading tensor token_embd.weight
create_tensor: loading tensor output_norm.weight
create_tensor: loading tensor output.weight
create_tensor: loading tensor blk.0.attn_norm.weight
create_tensor: loading tensor blk.0.attn_qkv.weight
create_tensor: loading tensor blk.0.attn_q.weight
create_tensor: loading tensor blk.0.attn_k.weight
create_tensor: loading tensor blk.0.attn_v.weight
create_tensor: loading tensor blk.0.attn_q.bias
create_tensor: loading tensor blk.0.attn_k.bias
create_tensor: loading tensor blk.0.attn_v.bias
create_tensor: loading tensor blk.0.attn_output.weight
create_tensor: loading tensor blk.0.attn_output.bias
create_tensor: loading tensor blk.0.ffn_norm.weight
create_tensor: loading tensor rope_freqs.weight
create_tensor: loading tensor blk.0.ffn_gate_inp.weight
create_tensor: loading tensor blk.0.ffn_gate_exps.weight
create_tensor: loading tensor blk.0.ffn_down_exps.weight
create_tensor: loading tensor blk.0.ffn_up_exps.weight
create_tensor: loading tensor blk.1.attn_norm.weight
create_tensor: loading tensor blk.1.attn_qkv.weight
create_tensor: loading tensor blk.1.attn_q.weight
create_tensor: loading tensor blk.1.attn_k.weight
create_tensor: loading tensor blk.1.attn_v.weight
create_tensor: loading tensor blk.1.attn_q.bias
create_tensor: loading tensor blk.1.attn_k.bias
create_tensor: loading tensor blk.1.attn_v.bias
create_tensor: loading tensor blk.1.attn_output.weight
create_tensor: loading tensor blk.1.attn_output.bias
create_tensor: loading tensor blk.1.ffn_norm.weight
create_tensor: loading tensor rope_freqs.weight
create_tensor: loading tensor blk.1.ffn_gate_inp.weight
create_tensor: loading tensor blk.1.ffn_gate_exps.weight
create_tensor: loading tensor blk.1.ffn_down_exps.weight
create_tensor: loading tensor blk.1.ffn_up_exps.weight
create_tensor: loading tensor blk.0.attn_q.scale
create_tensor: loading tensor blk.0.attn_k.scale
create_tensor: loading tensor blk.0.attn_v.scale
create_tensor: loading tensor blk.0.attn_output.scale
create_tensor: loading tensor blk.0.ffn_gate_exps.scale
create_tensor: loading tensor blk.0.ffn_down_exps.scale
create_tensor: loading tensor blk.0.ffn_up_exps.scale
create_tensor: loading tensor blk.0.attn_q.input_scale
create_tensor: loading tensor blk.0.attn_k.input_scale
create_tensor: loading tensor blk.0.attn_v.input_scale
create_tensor: loading tensor blk.0.attn_output.input_scale
create_tensor: loading tensor blk.0.ffn_gate_exps.input_scale
create_tensor: loading tensor blk.0.ffn_down_exps.input_scale
create_tensor: loading tensor blk.0.ffn_up_exps.input_scale
create_tensor: loading tensor blk.1.attn_q.scale
create_tensor: loading tensor blk.1.attn_k.scale
create_tensor: loading tensor blk.1.attn_v.scale
create_tensor: loading tensor blk.1.attn_output.scale
create_tensor: loading tensor blk.1.ffn_gate_exps.scale
create_tensor: loading tensor blk.1.ffn_down_exps.scale
create_tensor: loading tensor blk.1.ffn_up_exps.scale
create_tensor: loading tensor blk.1.attn_q.input_scale
create_tensor: loading tensor blk.1.attn_k.input_scale
create_tensor: loading tensor blk.1.attn_v.input_scale
create_tensor: loading tensor blk.1.attn_output.input_scale
create_tensor: loading tensor blk.1.ffn_gate_exps.input_scale
create_tensor: loading tensor blk.1.ffn_down_exps.input_scale
create_tensor: loading tensor blk.1.ffn_up_exps.input_scale
load_tensors: offloading 0 repeating layers to GPU
load_tensors: offloaded 0/3 layers to GPU
load_tensors:          CPU model buffer size =     0.07 MiB
load_all_data: no device found for buffer type CPU for async uploads
.....................
load_tensors: experimental host-bank MoE enabled, tile weights <= 3712 bytes; this is not a total memory limit
llama_context: constructing llama_context
llama_context: n_seq_max             = 1
llama_context: n_ctx                 = 256
llama_context: n_ctx_seq             = 256
llama_context: n_batch               = 32
llama_context: n_ubatch              = 8
llama_context: causal_attn           = 1
llama_context: flash_attn            = disabled
llama_context: kv_unified            = false
llama_context: freq_base             = 10000.0
llama_context: freq_scale            = 1
llama_context: n_rs_seq              = 0
llama_context: n_outputs_max         = 32
llama_context: n_outputs_max_per_seq = 1
llama_context: n_ctx_seq (256) > n_ctx_train (128) -- possible training context overflow
set_abort_callback: call
llama_context:        CPU  output buffer size =     0.00 MiB
llama_kv_cache: layer   0: dev = CPU
llama_kv_cache: layer   1: dev = CPU
llama_kv_cache:        CPU KV buffer size =     0.06 MiB
llama_kv_cache: size =    0.06 MiB (   256 cells,   2 layers,  1/1 seqs), K (f16):    0.03 MiB, V (f16):    0.03 MiB
llama_kv_cache: attn_rot_k = 0, n_embd_head_k_all = 16
llama_kv_cache: attn_rot_v = 0, n_embd_head_k_all = 16
llama_context: enumerating backends
llama_context: backend_ptrs.size() = 2
sched_reserve: reserving ...
sched_reserve: max_nodes = 1024
sched_reserve: decode graph slots = 4 (n_tokens <= 4)
sched_reserve: reserving full memory module
sched_reserve: worst-case: n_tokens = 8, n_seqs = 1, n_outputs = 1
resolve_fused_ops: resolving fused Gated Delta Net support:
graph_reserve: reserving a graph for ubatch with n_tokens =    1, n_seqs =  1, n_outputs =    1
resolve_fused_ops: fused Gated Delta Net (autoregressive) enabled
graph_reserve: reserving a graph for ubatch with n_tokens =   16, n_seqs =  1, n_outputs =   16
resolve_fused_ops: fused Gated Delta Net (chunked) enabled
resolve_fused_ops: resolving fused Lightning Indexer support:
graph_reserve: reserving a graph for ubatch with n_tokens =    1, n_seqs =  1, n_outputs =    1
resolve_fused_ops: Lightning Indexer enabled
resolve_fused_ops: resolving fused DeepSeek V4 HC support:
graph_reserve: reserving a graph for ubatch with n_tokens =    1, n_seqs =  1, n_outputs =    1
resolve_fused_ops: fused DeepSeek V4 HC pre enabled
graph_reserve: reserving a graph for ubatch with n_tokens =    1, n_seqs =  1, n_outputs =    1
resolve_fused_ops: fused DeepSeek V4 HC comb enabled
graph_reserve: reserving a graph for ubatch with n_tokens =    1, n_seqs =  1, n_outputs =    1
resolve_fused_ops: fused DeepSeek V4 HC post enabled
graph_reserve: reserving a graph for ubatch with n_tokens =    8, n_seqs =  1, n_outputs =    8
graph_reserve: reserving a graph for ubatch with n_tokens =    1, n_seqs =  1, n_outputs =    1
graph_reserve: reserving a graph for ubatch with n_tokens =    8, n_seqs =  1, n_outputs =    8
sched_reserve:  CUDA_Host compute buffer size =     0.03 MiB
sched_reserve: graph nodes  = 110
sched_reserve: graph splits = 1
sched_reserve: reserve took 2.21 ms, sched copies = 1
llama_context: constructing llama_context
llama_context: n_seq_max             = 1
llama_context: n_ctx                 = 256
llama_context: n_ctx_seq             = 256
llama_context: n_batch               = 32
llama_context: n_ubatch              = 8
llama_context: causal_attn           = 1
llama_context: flash_attn            = disabled
llama_context: kv_unified            = false
llama_context: freq_base             = 10000.0
llama_context: freq_scale            = 1
llama_context: n_rs_seq              = 0
llama_context: n_outputs_max         = 32
llama_context: n_outputs_max_per_seq = 1
llama_context: n_ctx_seq (256) > n_ctx_train (128) -- possible training context overflow
set_abort_callback: call
llama_context:        CPU  output buffer size =     0.00 MiB
llama_kv_cache: layer   0: dev = CPU
llama_kv_cache: layer   1: dev = CPU
llama_kv_cache:        CPU KV buffer size =     0.06 MiB
llama_kv_cache: size =    0.06 MiB (   256 cells,   2 layers,  1/1 seqs), K (f16):    0.03 MiB, V (f16):    0.03 MiB
llama_kv_cache: attn_rot_k = 0, n_embd_head_k_all = 16
llama_kv_cache: attn_rot_v = 0, n_embd_head_k_all = 16
llama_context: enumerating backends
llama_context: backend_ptrs.size() = 2
sched_reserve: reserving ...
sched_reserve: max_nodes = 1024
sched_reserve: decode graph slots = 4 (n_tokens <= 4)
sched_reserve: reserving full memory module
sched_reserve: worst-case: n_tokens = 8, n_seqs = 1, n_outputs = 1
resolve_fused_ops: resolving fused Gated Delta Net support:
graph_reserve: reserving a graph for ubatch with n_tokens =    1, n_seqs =  1, n_outputs =    1
resolve_fused_ops: fused Gated Delta Net (autoregressive) enabled
graph_reserve: reserving a graph for ubatch with n_tokens =   16, n_seqs =  1, n_outputs =   16
resolve_fused_ops: fused Gated Delta Net (chunked) enabled
resolve_fused_ops: resolving fused Lightning Indexer support:
graph_reserve: reserving a graph for ubatch with n_tokens =    1, n_seqs =  1, n_outputs =    1
resolve_fused_ops: Lightning Indexer enabled
resolve_fused_ops: resolving fused DeepSeek V4 HC support:
graph_reserve: reserving a graph for ubatch with n_tokens =    1, n_seqs =  1, n_outputs =    1
resolve_fused_ops: fused DeepSeek V4 HC pre enabled
graph_reserve: reserving a graph for ubatch with n_tokens =    1, n_seqs =  1, n_outputs =    1
resolve_fused_ops: fused DeepSeek V4 HC comb enabled
graph_reserve: reserving a graph for ubatch with n_tokens =    1, n_seqs =  1, n_outputs =    1
resolve_fused_ops: fused DeepSeek V4 HC post enabled
graph_reserve: reserving a graph for ubatch with n_tokens =    8, n_seqs =  1, n_outputs =    8
graph_reserve: reserving a graph for ubatch with n_tokens =    1, n_seqs =  1, n_outputs =    1
graph_reserve: reserving a graph for ubatch with n_tokens =    8, n_seqs =  1, n_outputs =    8
sched_reserve:  CUDA_Host compute buffer size =     0.03 MiB
sched_reserve: graph nodes  = 100
sched_reserve: graph splits = 1
sched_reserve: reserve took 1.87 ms, sched copies = 1
graph_reserve: reserving a graph for ubatch with n_tokens =    4, n_seqs =  1, n_outputs =    4
set_abort_callback: call
graph_compute: ggml_backend_sched_graph_compute_async failed with error 1
process_ubatch: failed to compute graph, compute status: 1
decode: removing memory module entries for seq_id = 0, pos = [59, +inf)
llama_decode: failed to decode, ret = 2
set_abort_callback: call
host-bank MoE execution failed: MoE routing weight must be finite
host-bank MoE execution failed: MoE routing weight must be finite
process_ubatch: failed to compute graph, compute status: -1
decode: removing memory module entries for seq_id = 0, pos = [59, +inf)
llama_decode: failed to decode, ret = -3
llama_context: constructing llama_context
llama_init_from_model: failed to initialize the context: host-bank MoE requires one sequence, op_offload=false and offload_kqv=false
llama_context: constructing llama_context
llama_init_from_model: failed to initialize the context: host-bank MoE requires one sequence, op_offload=false and offload_kqv=false
llama_context: constructing llama_context
llama_init_from_model: failed to initialize the context: host-bank MoE requires one sequence, op_offload=false and offload_kqv=false
llama_context: constructing llama_context
llama_init_from_model: failed to initialize the context: moe cache: invalid uniform arena geometry
llama_context: constructing llama_context
llama_init_from_model: failed to initialize the context: host-bank MoE cache requires model.moe_cpu_tile_bytes host-bank setup
~llama_context:      CUDA0 compute buffer size is   0.0000 MiB, matches expectation of   0.0000 MiB
~llama_context:  CUDA_Host compute buffer size is   0.0304 MiB, matches expectation of   0.0304 MiB
~llama_context:      CUDA0 compute buffer size is   0.0000 MiB, matches expectation of   0.0000 MiB
~llama_context:  CUDA_Host compute buffer size is   0.0304 MiB, matches expectation of   0.0304 MiB
llama_context: constructing llama_context
llama_context: n_seq_max             = 1
llama_context: n_ctx                 = 256
llama_context: n_ctx_seq             = 256
llama_context: n_batch               = 32
llama_context: n_ubatch              = 8
llama_context: causal_attn           = 1
llama_context: flash_attn            = disabled
llama_context: kv_unified            = false
llama_context: freq_base             = 10000.0
llama_context: freq_scale            = 1
llama_context: n_rs_seq              = 0
llama_context: n_outputs_max         = 32
llama_context: n_outputs_max_per_seq = 1
llama_context: n_ctx_seq (256) > n_ctx_train (128) -- possible training context overflow
set_abort_callback: call
llama_context:        CPU  output buffer size =     0.00 MiB
llama_kv_cache: layer   0: dev = CPU
llama_kv_cache: layer   1: dev = CPU
llama_kv_cache:        CPU KV buffer size =     0.06 MiB
llama_kv_cache: size =    0.06 MiB (   256 cells,   2 layers,  1/1 seqs), K (f16):    0.03 MiB, V (f16):    0.03 MiB
llama_kv_cache: attn_rot_k = 0, n_embd_head_k_all = 16
llama_kv_cache: attn_rot_v = 0, n_embd_head_k_all = 16
llama_context: enumerating backends
llama_context: backend_ptrs.size() = 2
sched_reserve: reserving ...
sched_reserve: max_nodes = 1024
sched_reserve: decode graph slots = 4 (n_tokens <= 4)
sched_reserve: reserving full memory module
sched_reserve: worst-case: n_tokens = 8, n_seqs = 1, n_outputs = 1
resolve_fused_ops: resolving fused Gated Delta Net support:
graph_reserve: reserving a graph for ubatch with n_tokens =    1, n_seqs =  1, n_outputs =    1
resolve_fused_ops: fused Gated Delta Net (autoregressive) enabled
graph_reserve: reserving a graph for ubatch with n_tokens =   16, n_seqs =  1, n_outputs =   16
resolve_fused_ops: fused Gated Delta Net (chunked) enabled
resolve_fused_ops: resolving fused Lightning Indexer support:
graph_reserve: reserving a graph for ubatch with n_tokens =    1, n_seqs =  1, n_outputs =    1
resolve_fused_ops: Lightning Indexer enabled
resolve_fused_ops: resolving fused DeepSeek V4 HC support:
graph_reserve: reserving a graph for ubatch with n_tokens =    1, n_seqs =  1, n_outputs =    1
resolve_fused_ops: fused DeepSeek V4 HC pre enabled
graph_reserve: reserving a graph for ubatch with n_tokens =    1, n_seqs =  1, n_outputs =    1
resolve_fused_ops: fused DeepSeek V4 HC comb enabled
graph_reserve: reserving a graph for ubatch with n_tokens =    1, n_seqs =  1, n_outputs =    1
resolve_fused_ops: fused DeepSeek V4 HC post enabled
graph_reserve: reserving a graph for ubatch with n_tokens =    8, n_seqs =  1, n_outputs =    8
graph_reserve: reserving a graph for ubatch with n_tokens =    1, n_seqs =  1, n_outputs =    1
graph_reserve: reserving a graph for ubatch with n_tokens =    8, n_seqs =  1, n_outputs =    8
sched_reserve:  CUDA_Host compute buffer size =     0.03 MiB
sched_reserve: graph nodes  = 100
sched_reserve: graph splits = 1
sched_reserve: reserve took 1.88 ms, sched copies = 1
llama_context: constructing llama_context
llama_context: n_seq_max             = 1
llama_context: n_ctx                 = 256
llama_context: n_ctx_seq             = 256
llama_context: n_batch               = 32
llama_context: n_ubatch              = 8
llama_context: causal_attn           = 1
llama_context: flash_attn            = disabled
llama_context: kv_unified            = false
llama_context: freq_base             = 10000.0
llama_context: freq_scale            = 1
llama_context: n_rs_seq              = 0
llama_context: n_outputs_max         = 32
llama_context: n_outputs_max_per_seq = 1
llama_context: n_ctx_seq (256) > n_ctx_train (128) -- possible training context overflow
set_abort_callback: call
llama_context:        CPU  output buffer size =     0.00 MiB
llama_kv_cache: layer   0: dev = CPU
llama_kv_cache: layer   1: dev = CPU
llama_kv_cache:        CPU KV buffer size =     0.06 MiB
llama_kv_cache: size =    0.06 MiB (   256 cells,   2 layers,  1/1 seqs), K (f16):    0.03 MiB, V (f16):    0.03 MiB
llama_kv_cache: attn_rot_k = 0, n_embd_head_k_all = 16
llama_kv_cache: attn_rot_v = 0, n_embd_head_k_all = 16
llama_context: enumerating backends
llama_context: backend_ptrs.size() = 2
sched_reserve: reserving ...
sched_reserve: max_nodes = 1024
sched_reserve: decode graph slots = 4 (n_tokens <= 4)
sched_reserve: reserving full memory module
sched_reserve: worst-case: n_tokens = 8, n_seqs = 1, n_outputs = 1
resolve_fused_ops: resolving fused Gated Delta Net support:
graph_reserve: reserving a graph for ubatch with n_tokens =    1, n_seqs =  1, n_outputs =    1
resolve_fused_ops: fused Gated Delta Net (autoregressive) enabled
graph_reserve: reserving a graph for ubatch with n_tokens =   16, n_seqs =  1, n_outputs =   16
resolve_fused_ops: fused Gated Delta Net (chunked) enabled
resolve_fused_ops: resolving fused Lightning Indexer support:
graph_reserve: reserving a graph for ubatch with n_tokens =    1, n_seqs =  1, n_outputs =    1
resolve_fused_ops: Lightning Indexer enabled
resolve_fused_ops: resolving fused DeepSeek V4 HC support:
graph_reserve: reserving a graph for ubatch with n_tokens =    1, n_seqs =  1, n_outputs =    1
resolve_fused_ops: fused DeepSeek V4 HC pre enabled
graph_reserve: reserving a graph for ubatch with n_tokens =    1, n_seqs =  1, n_outputs =    1
resolve_fused_ops: fused DeepSeek V4 HC comb enabled
graph_reserve: reserving a graph for ubatch with n_tokens =    1, n_seqs =  1, n_outputs =    1
resolve_fused_ops: fused DeepSeek V4 HC post enabled
graph_reserve: reserving a graph for ubatch with n_tokens =    8, n_seqs =  1, n_outputs =    8
graph_reserve: reserving a graph for ubatch with n_tokens =    1, n_seqs =  1, n_outputs =    1
graph_reserve: reserving a graph for ubatch with n_tokens =    8, n_seqs =  1, n_outputs =    8
sched_reserve:  CUDA_Host compute buffer size =     0.03 MiB
sched_reserve: graph nodes  = 110
sched_reserve: graph splits = 1
sched_reserve: reserve took 2.09 ms, sched copies = 1
~llama_context:      CUDA0 compute buffer size is   0.0000 MiB, matches expectation of   0.0000 MiB
~llama_context:  CUDA_Host compute buffer size is   0.0304 MiB, matches expectation of   0.0304 MiB
~llama_context:      CUDA0 compute buffer size is   0.0000 MiB, matches expectation of   0.0000 MiB
~llama_context:  CUDA_Host compute buffer size is   0.0304 MiB, matches expectation of   0.0304 MiB
llama_model_loader: loaded meta data with 13 key-value pairs and 23 tensors from C:\Users\cadel\AppData\Local\Temp\moe-integration-1702916.gguf (version GGUF V3 (latest))
llama_model_loader: Dumping metadata keys/values. Note: KV overrides do not apply in this output.
llama_model_loader: - kv   0:                       general.architecture str              = llama
llama_model_loader: - kv   1:                       tokenizer.ggml.model str              = no_vocab
llama_model_loader: - kv   2:                           llama.vocab_size u32              = 32
llama_model_loader: - kv   3:                       llama.context_length u32              = 128
llama_model_loader: - kv   4:                     llama.embedding_length u32              = 32
llama_model_loader: - kv   5:                          llama.block_count u32              = 2
llama_model_loader: - kv   6:                  llama.feed_forward_length u32              = 64
llama_model_loader: - kv   7:                 llama.attention.head_count u32              = 2
llama_model_loader: - kv   8:              llama.attention.head_count_kv u32              = 2
llama_model_loader: - kv   9:                 llama.rope.dimension_count u32              = 16
llama_model_loader: - kv  10:                         llama.expert_count u32              = 4
llama_model_loader: - kv  11:                    llama.expert_used_count u32              = 2
llama_model_loader: - kv  12:     llama.attention.layer_norm_rms_epsilon f32              = 0.000010
llama_model_loader: - type  f32:   17 tensors
llama_model_loader: - type q4_0:    6 tensors
print_info: file format = GGUF V3 (latest)
print_info: file type   = (guessed) all F32
print_info: file size   = 0.07 MiB (9.40 BPW) 
llama_prepare_model_devices: using device CUDA0 (NVIDIA GeForce RTX 4060 Laptop GPU) (0000:01:00.0) - 7094 MiB free
load: adding 32 dummy tokens
print_info: arch                  = llama
print_info: vocab_only            = 0
print_info: no_alloc              = 0
print_info: n_ctx_train           = 128
print_info: n_embd_inp            = 32
print_info: n_embd                = 32
print_info: n_embd_out            = 32
print_info: n_layer               = 2
print_info: n_layer_all           = 2
print_info: n_head                = 2
print_info: n_head_kv             = 2
print_info: n_rot                 = 16
print_info: n_swa                 = 0
print_info: is_swa_any            = 0
print_info: n_embd_head_k         = 16
print_info: n_embd_head_v         = 16
print_info: n_gqa                 = 1
print_info: n_embd_k_gqa          = 32
print_info: n_embd_v_gqa          = 32
print_info: f_norm_eps            = 0.0e+00
print_info: f_norm_rms_eps        = 1.0e-05
print_info: f_clamp_kqv           = 0.0e+00
print_info: f_max_alibi_bias      = 0.0e+00
print_info: f_logit_scale         = 0.0e+00
print_info: f_attn_scale          = 0.0e+00
print_info: f_attn_value_scale    = 0.0000
print_info: n_ff                  = 64
print_info: n_expert              = 4
print_info: n_expert_used         = 2
print_info: n_expert_groups       = 0
print_info: n_group_used          = 0
print_info: causal attn           = 1
print_info: pooling type          = -1
print_info: rope type             = 0
print_info: rope scaling          = linear
print_info: freq_base_train       = 10000.0
print_info: freq_scale_train      = 1
print_info: n_ctx_orig_yarn       = 128
print_info: rope_yarn_log_mul     = 0.0000
print_info: rope_finetuned        = unknown
print_info: model type            = ?B
print_info: model params          = 59.81 K
print_info: general.name          = n/a
print_info: vocab type            = no vocab
print_info: n_vocab               = 32
print_info: n_merges              = 0
print_info: max token length      = 0
load_tensors: loading model tensors, this can take a while... (load_mode = none)
load_tensors: layer   0 assigned to device CPU, is_swa = 0
load_tensors: layer   1 assigned to device CPU, is_swa = 0
load_tensors: layer   2 assigned to device CPU, is_swa = 0
create_tensor: loading tensor token_embd.weight
create_tensor: loading tensor output_norm.weight
create_tensor: loading tensor output.weight
create_tensor: loading tensor blk.0.attn_norm.weight
create_tensor: loading tensor blk.0.attn_qkv.weight
create_tensor: loading tensor blk.0.attn_q.weight
create_tensor: loading tensor blk.0.attn_k.weight
create_tensor: loading tensor blk.0.attn_v.weight
create_tensor: loading tensor blk.0.attn_q.bias
create_tensor: loading tensor blk.0.attn_k.bias
create_tensor: loading tensor blk.0.attn_v.bias
create_tensor: loading tensor blk.0.attn_output.weight
create_tensor: loading tensor blk.0.attn_output.bias
create_tensor: loading tensor blk.0.ffn_norm.weight
create_tensor: loading tensor rope_freqs.weight
create_tensor: loading tensor blk.0.ffn_gate_inp.weight
create_tensor: loading tensor blk.0.ffn_gate_exps.weight
create_tensor: loading tensor blk.0.ffn_down_exps.weight
create_tensor: loading tensor blk.0.ffn_up_exps.weight
create_tensor: loading tensor blk.1.attn_norm.weight
create_tensor: loading tensor blk.1.attn_qkv.weight
create_tensor: loading tensor blk.1.attn_q.weight
create_tensor: loading tensor blk.1.attn_k.weight
create_tensor: loading tensor blk.1.attn_v.weight
create_tensor: loading tensor blk.1.attn_q.bias
create_tensor: loading tensor blk.1.attn_k.bias
create_tensor: loading tensor blk.1.attn_v.bias
create_tensor: loading tensor blk.1.attn_output.weight
create_tensor: loading tensor blk.1.attn_output.bias
create_tensor: loading tensor blk.1.ffn_norm.weight
create_tensor: loading tensor rope_freqs.weight
create_tensor: loading tensor blk.1.ffn_gate_inp.weight
create_tensor: loading tensor blk.1.ffn_gate_exps.weight
create_tensor: loading tensor blk.1.ffn_down_exps.weight
create_tensor: loading tensor blk.1.ffn_up_exps.weight
create_tensor: loading tensor blk.0.attn_q.scale
create_tensor: loading tensor blk.0.attn_k.scale
create_tensor: loading tensor blk.0.attn_v.scale
create_tensor: loading tensor blk.0.attn_output.scale
create_tensor: loading tensor blk.0.ffn_gate_exps.scale
create_tensor: loading tensor blk.0.ffn_down_exps.scale
create_tensor: loading tensor blk.0.ffn_up_exps.scale
create_tensor: loading tensor blk.0.attn_q.input_scale
create_tensor: loading tensor blk.0.attn_k.input_scale
create_tensor: loading tensor blk.0.attn_v.input_scale
create_tensor: loading tensor blk.0.attn_output.input_scale
create_tensor: loading tensor blk.0.ffn_gate_exps.input_scale
create_tensor: loading tensor blk.0.ffn_down_exps.input_scale
create_tensor: loading tensor blk.0.ffn_up_exps.input_scale
create_tensor: loading tensor blk.1.attn_q.scale
create_tensor: loading tensor blk.1.attn_k.scale
create_tensor: loading tensor blk.1.attn_v.scale
create_tensor: loading tensor blk.1.attn_output.scale
create_tensor: loading tensor blk.1.ffn_gate_exps.scale
create_tensor: loading tensor blk.1.ffn_down_exps.scale
create_tensor: loading tensor blk.1.ffn_up_exps.scale
create_tensor: loading tensor blk.1.attn_q.input_scale
create_tensor: loading tensor blk.1.attn_k.input_scale
create_tensor: loading tensor blk.1.attn_v.input_scale
create_tensor: loading tensor blk.1.attn_output.input_scale
create_tensor: loading tensor blk.1.ffn_gate_exps.input_scale
create_tensor: loading tensor blk.1.ffn_down_exps.input_scale
create_tensor: loading tensor blk.1.ffn_up_exps.input_scale
load_tensors: offloading 0 repeating layers to GPU
load_tensors: offloaded 0/3 layers to GPU
load_tensors:    CUDA_Host model buffer size =     0.07 MiB
load_all_data: buffer type CUDA_Host is not the default buffer type for device CUDA0 for async uploads
.....................
llama_model_loader: loaded meta data with 13 key-value pairs and 23 tensors from C:\Users\cadel\AppData\Local\Temp\moe-integration-1702916.gguf (version GGUF V3 (latest))
llama_model_loader: Dumping metadata keys/values. Note: KV overrides do not apply in this output.
llama_model_loader: - kv   0:                       general.architecture str              = llama
llama_model_loader: - kv   1:                       tokenizer.ggml.model str              = no_vocab
llama_model_loader: - kv   2:                           llama.vocab_size u32              = 32
llama_model_loader: - kv   3:                       llama.context_length u32              = 128
llama_model_loader: - kv   4:                     llama.embedding_length u32              = 32
llama_model_loader: - kv   5:                          llama.block_count u32              = 2
llama_model_loader: - kv   6:                  llama.feed_forward_length u32              = 64
llama_model_loader: - kv   7:                 llama.attention.head_count u32              = 2
llama_model_loader: - kv   8:              llama.attention.head_count_kv u32              = 2
llama_model_loader: - kv   9:                 llama.rope.dimension_count u32              = 16
llama_model_loader: - kv  10:                         llama.expert_count u32              = 4
llama_model_loader: - kv  11:                    llama.expert_used_count u32              = 2
llama_model_loader: - kv  12:     llama.attention.layer_norm_rms_epsilon f32              = 0.000010
llama_model_loader: - type  f32:   17 tensors
llama_model_loader: - type q4_0:    6 tensors
print_info: file format = GGUF V3 (latest)
print_info: file type   = (guessed) all F32
print_info: file size   = 0.07 MiB (9.40 BPW) 
llama_prepare_model_devices: using device CUDA0 (NVIDIA GeForce RTX 4060 Laptop GPU) (0000:01:00.0) - 7094 MiB free
load: adding 32 dummy tokens
print_info: arch                  = llama
print_info: vocab_only            = 0
print_info: no_alloc              = 0
print_info: n_ctx_train           = 128
print_info: n_embd_inp            = 32
print_info: n_embd                = 32
print_info: n_embd_out            = 32
print_info: n_layer               = 2
print_info: n_layer_all           = 2
print_info: n_head                = 2
print_info: n_head_kv             = 2
print_info: n_rot                 = 16
print_info: n_swa                 = 0
print_info: is_swa_any            = 0
print_info: n_embd_head_k         = 16
print_info: n_embd_head_v         = 16
print_info: n_gqa                 = 1
print_info: n_embd_k_gqa          = 32
print_info: n_embd_v_gqa          = 32
print_info: f_norm_eps            = 0.0e+00
print_info: f_norm_rms_eps        = 1.0e-05
print_info: f_clamp_kqv           = 0.0e+00
print_info: f_max_alibi_bias      = 0.0e+00
print_info: f_logit_scale         = 0.0e+00
print_info: f_attn_scale          = 0.0e+00
print_info: f_attn_value_scale    = 0.0000
print_info: n_ff                  = 64
print_info: n_expert              = 4
print_info: n_expert_used         = 2
print_info: n_expert_groups       = 0
print_info: n_group_used          = 0
print_info: causal attn           = 1
print_info: pooling type          = -1
print_info: rope type             = 0
print_info: rope scaling          = linear
print_info: freq_base_train       = 10000.0
print_info: freq_scale_train      = 1
print_info: n_ctx_orig_yarn       = 128
print_info: rope_yarn_log_mul     = 0.0000
print_info: rope_finetuned        = unknown
print_info: model type            = ?B
print_info: model params          = 59.81 K
print_info: general.name          = n/a
print_info: vocab type            = no vocab
print_info: n_vocab               = 32
print_info: n_merges              = 0
print_info: max token length      = 0
load_tensors: loading model tensors, this can take a while... (load_mode = none)
load_tensors: layer   0 assigned to device CPU, is_swa = 0
load_tensors: layer   1 assigned to device CPU, is_swa = 0
load_tensors: layer   2 assigned to device CPU, is_swa = 0
create_tensor: loading tensor token_embd.weight
create_tensor: loading tensor output_norm.weight
create_tensor: loading tensor output.weight
create_tensor: loading tensor blk.0.attn_norm.weight
create_tensor: loading tensor blk.0.attn_qkv.weight
create_tensor: loading tensor blk.0.attn_q.weight
create_tensor: loading tensor blk.0.attn_k.weight
create_tensor: loading tensor blk.0.attn_v.weight
create_tensor: loading tensor blk.0.attn_q.bias
create_tensor: loading tensor blk.0.attn_k.bias
create_tensor: loading tensor blk.0.attn_v.bias
create_tensor: loading tensor blk.0.attn_output.weight
create_tensor: loading tensor blk.0.attn_output.bias
create_tensor: loading tensor blk.0.ffn_norm.weight
create_tensor: loading tensor rope_freqs.weight
create_tensor: loading tensor blk.0.ffn_gate_inp.weight
create_tensor: loading tensor blk.0.ffn_gate_exps.weight
create_tensor: loading tensor blk.0.ffn_down_exps.weight
create_tensor: loading tensor blk.0.ffn_up_exps.weight
create_tensor: loading tensor blk.1.attn_norm.weight
create_tensor: loading tensor blk.1.attn_qkv.weight
create_tensor: loading tensor blk.1.attn_q.weight
create_tensor: loading tensor blk.1.attn_k.weight
create_tensor: loading tensor blk.1.attn_v.weight
create_tensor: loading tensor blk.1.attn_q.bias
create_tensor: loading tensor blk.1.attn_k.bias
create_tensor: loading tensor blk.1.attn_v.bias
create_tensor: loading tensor blk.1.attn_output.weight
create_tensor: loading tensor blk.1.attn_output.bias
create_tensor: loading tensor blk.1.ffn_norm.weight
create_tensor: loading tensor rope_freqs.weight
create_tensor: loading tensor blk.1.ffn_gate_inp.weight
create_tensor: loading tensor blk.1.ffn_gate_exps.weight
create_tensor: loading tensor blk.1.ffn_down_exps.weight
create_tensor: loading tensor blk.1.ffn_up_exps.weight
create_tensor: loading tensor blk.0.attn_q.scale
create_tensor: loading tensor blk.0.attn_k.scale
create_tensor: loading tensor blk.0.attn_v.scale
create_tensor: loading tensor blk.0.attn_output.scale
create_tensor: loading tensor blk.0.ffn_gate_exps.scale
create_tensor: loading tensor blk.0.ffn_down_exps.scale
create_tensor: loading tensor blk.0.ffn_up_exps.scale
create_tensor: loading tensor blk.0.attn_q.input_scale
create_tensor: loading tensor blk.0.attn_k.input_scale
create_tensor: loading tensor blk.0.attn_v.input_scale
create_tensor: loading tensor blk.0.attn_output.input_scale
create_tensor: loading tensor blk.0.ffn_gate_exps.input_scale
create_tensor: loading tensor blk.0.ffn_down_exps.input_scale
create_tensor: loading tensor blk.0.ffn_up_exps.input_scale
create_tensor: loading tensor blk.1.attn_q.scale
create_tensor: loading tensor blk.1.attn_k.scale
create_tensor: loading tensor blk.1.attn_v.scale
create_tensor: loading tensor blk.1.attn_output.scale
create_tensor: loading tensor blk.1.ffn_gate_exps.scale
create_tensor: loading tensor blk.1.ffn_down_exps.scale
create_tensor: loading tensor blk.1.ffn_up_exps.scale
create_tensor: loading tensor blk.1.attn_q.input_scale
create_tensor: loading tensor blk.1.attn_k.input_scale
create_tensor: loading tensor blk.1.attn_v.input_scale
create_tensor: loading tensor blk.1.attn_output.input_scale
create_tensor: loading tensor blk.1.ffn_gate_exps.input_scale
create_tensor: loading tensor blk.1.ffn_down_exps.input_scale
create_tensor: loading tensor blk.1.ffn_up_exps.input_scale
load_tensors: offloading 0 repeating layers to GPU
load_tensors: offloaded 0/3 layers to GPU
load_tensors:          CPU model buffer size =     0.07 MiB
load_all_data: no device found for buffer type CPU for async uploads
.....................
load_tensors: experimental host-bank MoE enabled, tile weights <= 14848 bytes; this is not a total memory limit
llama_context: constructing llama_context
llama_context: n_seq_max             = 1
llama_context: n_ctx                 = 256
llama_context: n_ctx_seq             = 256
llama_context: n_batch               = 32
llama_context: n_ubatch              = 8
llama_context: causal_attn           = 1
llama_context: flash_attn            = disabled
llama_context: kv_unified            = false
llama_context: freq_base             = 10000.0
llama_context: freq_scale            = 1
llama_context: n_rs_seq              = 0
llama_context: n_outputs_max         = 32
llama_context: n_outputs_max_per_seq = 1
llama_context: n_ctx_seq (256) > n_ctx_train (128) -- possible training context overflow
set_abort_callback: call
llama_context:        CPU  output buffer size =     0.00 MiB
llama_kv_cache: layer   0: dev = CPU
llama_kv_cache: layer   1: dev = CPU
llama_kv_cache:        CPU KV buffer size =     0.06 MiB
llama_kv_cache: size =    0.06 MiB (   256 cells,   2 layers,  1/1 seqs), K (f16):    0.03 MiB, V (f16):    0.03 MiB
llama_kv_cache: attn_rot_k = 0, n_embd_head_k_all = 16
llama_kv_cache: attn_rot_v = 0, n_embd_head_k_all = 16
llama_context: enumerating backends
llama_context: backend_ptrs.size() = 2
sched_reserve: reserving ...
sched_reserve: max_nodes = 1024
sched_reserve: decode graph slots = 4 (n_tokens <= 4)
sched_reserve: reserving full memory module
sched_reserve: worst-case: n_tokens = 8, n_seqs = 1, n_outputs = 1
resolve_fused_ops: resolving fused Gated Delta Net support:
graph_reserve: reserving a graph for ubatch with n_tokens =    1, n_seqs =  1, n_outputs =    1
resolve_fused_ops: fused Gated Delta Net (autoregressive) enabled
graph_reserve: reserving a graph for ubatch with n_tokens =   16, n_seqs =  1, n_outputs =   16
resolve_fused_ops: fused Gated Delta Net (chunked) enabled
resolve_fused_ops: resolving fused Lightning Indexer support:
graph_reserve: reserving a graph for ubatch with n_tokens =    1, n_seqs =  1, n_outputs =    1
resolve_fused_ops: Lightning Indexer enabled
resolve_fused_ops: resolving fused DeepSeek V4 HC support:
graph_reserve: reserving a graph for ubatch with n_tokens =    1, n_seqs =  1, n_outputs =    1
resolve_fused_ops: fused DeepSeek V4 HC pre enabled
graph_reserve: reserving a graph for ubatch with n_tokens =    1, n_seqs =  1, n_outputs =    1
resolve_fused_ops: fused DeepSeek V4 HC comb enabled
graph_reserve: reserving a graph for ubatch with n_tokens =    1, n_seqs =  1, n_outputs =    1
resolve_fused_ops: fused DeepSeek V4 HC post enabled
graph_reserve: reserving a graph for ubatch with n_tokens =    8, n_seqs =  1, n_outputs =    8
graph_reserve: reserving a graph for ubatch with n_tokens =    1, n_seqs =  1, n_outputs =    1
graph_reserve: reserving a graph for ubatch with n_tokens =    8, n_seqs =  1, n_outputs =    8
sched_reserve:  CUDA_Host compute buffer size =     0.03 MiB
sched_reserve: graph nodes  = 110
sched_reserve: graph splits = 1
sched_reserve: reserve took 2.16 ms, sched copies = 1
llama_context: constructing llama_context
llama_context: n_seq_max             = 1
llama_context: n_ctx                 = 256
llama_context: n_ctx_seq             = 256
llama_context: n_batch               = 32
llama_context: n_ubatch              = 8
llama_context: causal_attn           = 1
llama_context: flash_attn            = disabled
llama_context: kv_unified            = false
llama_context: freq_base             = 10000.0
llama_context: freq_scale            = 1
llama_context: n_rs_seq              = 0
llama_context: n_outputs_max         = 32
llama_context: n_outputs_max_per_seq = 1
llama_context: n_ctx_seq (256) > n_ctx_train (128) -- possible training context overflow
set_abort_callback: call
llama_context:        CPU  output buffer size =     0.00 MiB
llama_kv_cache: layer   0: dev = CPU
llama_kv_cache: layer   1: dev = CPU
llama_kv_cache:        CPU KV buffer size =     0.06 MiB
llama_kv_cache: size =    0.06 MiB (   256 cells,   2 layers,  1/1 seqs), K (f16):    0.03 MiB, V (f16):    0.03 MiB
llama_kv_cache: attn_rot_k = 0, n_embd_head_k_all = 16
llama_kv_cache: attn_rot_v = 0, n_embd_head_k_all = 16
llama_context: enumerating backends
llama_context: backend_ptrs.size() = 2
sched_reserve: reserving ...
sched_reserve: max_nodes = 1024
sched_reserve: decode graph slots = 4 (n_tokens <= 4)
sched_reserve: reserving full memory module
sched_reserve: worst-case: n_tokens = 8, n_seqs = 1, n_outputs = 1
resolve_fused_ops: resolving fused Gated Delta Net support:
graph_reserve: reserving a graph for ubatch with n_tokens =    1, n_seqs =  1, n_outputs =    1
resolve_fused_ops: fused Gated Delta Net (autoregressive) enabled
graph_reserve: reserving a graph for ubatch with n_tokens =   16, n_seqs =  1, n_outputs =   16
resolve_fused_ops: fused Gated Delta Net (chunked) enabled
resolve_fused_ops: resolving fused Lightning Indexer support:
graph_reserve: reserving a graph for ubatch with n_tokens =    1, n_seqs =  1, n_outputs =    1
resolve_fused_ops: Lightning Indexer enabled
resolve_fused_ops: resolving fused DeepSeek V4 HC support:
graph_reserve: reserving a graph for ubatch with n_tokens =    1, n_seqs =  1, n_outputs =    1
resolve_fused_ops: fused DeepSeek V4 HC pre enabled
graph_reserve: reserving a graph for ubatch with n_tokens =    1, n_seqs =  1, n_outputs =    1
resolve_fused_ops: fused DeepSeek V4 HC comb enabled
graph_reserve: reserving a graph for ubatch with n_tokens =    1, n_seqs =  1, n_outputs =    1
resolve_fused_ops: fused DeepSeek V4 HC post enabled
graph_reserve: reserving a graph for ubatch with n_tokens =    8, n_seqs =  1, n_outputs =    8
graph_reserve: reserving a graph for ubatch with n_tokens =    1, n_seqs =  1, n_outputs =    1
graph_reserve: reserving a graph for ubatch with n_tokens =    8, n_seqs =  1, n_outputs =    8
sched_reserve:  CUDA_Host compute buffer size =     0.03 MiB
sched_reserve: graph nodes  = 100
sched_reserve: graph splits = 1
sched_reserve: reserve took 1.94 ms, sched copies = 1
graph_reserve: reserving a graph for ubatch with n_tokens =    4, n_seqs =  1, n_outputs =    4
set_abort_callback: call
graph_compute: ggml_backend_sched_graph_compute_async failed with error 1
process_ubatch: failed to compute graph, compute status: 1
decode: removing memory module entries for seq_id = 0, pos = [59, +inf)
llama_decode: failed to decode, ret = 2
set_abort_callback: call
host-bank MoE execution failed: MoE routing weight must be finite
host-bank MoE execution failed: MoE routing weight must be finite
process_ubatch: failed to compute graph, compute status: -1
decode: removing memory module entries for seq_id = 0, pos = [59, +inf)
llama_decode: failed to decode, ret = -3
llama_context: constructing llama_context
llama_init_from_model: failed to initialize the context: host-bank MoE requires one sequence, op_offload=false and offload_kqv=false
llama_context: constructing llama_context
llama_init_from_model: failed to initialize the context: host-bank MoE requires one sequence, op_offload=false and offload_kqv=false
llama_context: constructing llama_context
llama_init_from_model: failed to initialize the context: host-bank MoE requires one sequence, op_offload=false and offload_kqv=false
llama_context: constructing llama_context
llama_init_from_model: failed to initialize the context: moe cache: invalid uniform arena geometry
llama_context: constructing llama_context
llama_init_from_model: failed to initialize the context: host-bank MoE cache requires model.moe_cpu_tile_bytes host-bank setup
~llama_context:      CUDA0 compute buffer size is   0.0000 MiB, matches expectation of   0.0000 MiB
~llama_context:  CUDA_Host compute buffer size is   0.0304 MiB, matches expectation of   0.0304 MiB
~llama_context:      CUDA0 compute buffer size is   0.0000 MiB, matches expectation of   0.0000 MiB
~llama_context:  CUDA_Host compute buffer size is   0.0304 MiB, matches expectation of   0.0304 MiB
llama_context: constructing llama_context
llama_context: n_seq_max             = 1
llama_context: n_ctx                 = 256
llama_context: n_ctx_seq             = 256
llama_context: n_batch               = 32
llama_context: n_ubatch              = 8
llama_context: causal_attn           = 1
llama_context: flash_attn            = disabled
llama_context: kv_unified            = false
llama_context: freq_base             = 10000.0
llama_context: freq_scale            = 1
llama_context: n_rs_seq              = 0
llama_context: n_outputs_max         = 32
llama_context: n_outputs_max_per_seq = 1
llama_context: n_ctx_seq (256) > n_ctx_train (128) -- possible training context overflow
set_abort_callback: call
llama_context:        CPU  output buffer size =     0.00 MiB
llama_kv_cache: layer   0: dev = CPU
llama_kv_cache: layer   1: dev = CPU
llama_kv_cache:        CPU KV buffer size =     0.06 MiB
llama_kv_cache: size =    0.06 MiB (   256 cells,   2 layers,  1/1 seqs), K (f16):    0.03 MiB, V (f16):    0.03 MiB
llama_kv_cache: attn_rot_k = 0, n_embd_head_k_all = 16
llama_kv_cache: attn_rot_v = 0, n_embd_head_k_all = 16
llama_context: enumerating backends
llama_context: backend_ptrs.size() = 2
sched_reserve: reserving ...
sched_reserve: max_nodes = 1024
sched_reserve: decode graph slots = 4 (n_tokens <= 4)
sched_reserve: reserving full memory module
sched_reserve: worst-case: n_tokens = 8, n_seqs = 1, n_outputs = 1
resolve_fused_ops: resolving fused Gated Delta Net support:
graph_reserve: reserving a graph for ubatch with n_tokens =    1, n_seqs =  1, n_outputs =    1
resolve_fused_ops: fused Gated Delta Net (autoregressive) enabled
graph_reserve: reserving a graph for ubatch with n_tokens =   16, n_seqs =  1, n_outputs =   16
resolve_fused_ops: fused Gated Delta Net (chunked) enabled
resolve_fused_ops: resolving fused Lightning Indexer support:
graph_reserve: reserving a graph for ubatch with n_tokens =    1, n_seqs =  1, n_outputs =    1
resolve_fused_ops: Lightning Indexer enabled
resolve_fused_ops: resolving fused DeepSeek V4 HC support:
graph_reserve: reserving a graph for ubatch with n_tokens =    1, n_seqs =  1, n_outputs =    1
resolve_fused_ops: fused DeepSeek V4 HC pre enabled
graph_reserve: reserving a graph for ubatch with n_tokens =    1, n_seqs =  1, n_outputs =    1
resolve_fused_ops: fused DeepSeek V4 HC comb enabled
graph_reserve: reserving a graph for ubatch with n_tokens =    1, n_seqs =  1, n_outputs =    1
resolve_fused_ops: fused DeepSeek V4 HC post enabled
graph_reserve: reserving a graph for ubatch with n_tokens =    8, n_seqs =  1, n_outputs =    8
graph_reserve: reserving a graph for ubatch with n_tokens =    1, n_seqs =  1, n_outputs =    1
graph_reserve: reserving a graph for ubatch with n_tokens =    8, n_seqs =  1, n_outputs =    8
sched_reserve:  CUDA_Host compute buffer size =     0.03 MiB
sched_reserve: graph nodes  = 100
sched_reserve: graph splits = 1
sched_reserve: reserve took 1.79 ms, sched copies = 1
llama_context: constructing llama_context
llama_context: n_seq_max             = 1
llama_context: n_ctx                 = 256
llama_context: n_ctx_seq             = 256
llama_context: n_batch               = 32
llama_context: n_ubatch              = 8
llama_context: causal_attn           = 1
llama_context: flash_attn            = disabled
llama_context: kv_unified            = false
llama_context: freq_base             = 10000.0
llama_context: freq_scale            = 1
llama_context: n_rs_seq              = 0
llama_context: n_outputs_max         = 32
llama_context: n_outputs_max_per_seq = 1
llama_context: n_ctx_seq (256) > n_ctx_train (128) -- possible training context overflow
set_abort_callback: call
llama_context:        CPU  output buffer size =     0.00 MiB
llama_kv_cache: layer   0: dev = CPU
llama_kv_cache: layer   1: dev = CPU
llama_kv_cache:        CPU KV buffer size =     0.06 MiB
llama_kv_cache: size =    0.06 MiB (   256 cells,   2 layers,  1/1 seqs), K (f16):    0.03 MiB, V (f16):    0.03 MiB
llama_kv_cache: attn_rot_k = 0, n_embd_head_k_all = 16
llama_kv_cache: attn_rot_v = 0, n_embd_head_k_all = 16
llama_context: enumerating backends
llama_context: backend_ptrs.size() = 2
sched_reserve: reserving ...
sched_reserve: max_nodes = 1024
sched_reserve: decode graph slots = 4 (n_tokens <= 4)
sched_reserve: reserving full memory module
sched_reserve: worst-case: n_tokens = 8, n_seqs = 1, n_outputs = 1
resolve_fused_ops: resolving fused Gated Delta Net support:
graph_reserve: reserving a graph for ubatch with n_tokens =    1, n_seqs =  1, n_outputs =    1
resolve_fused_ops: fused Gated Delta Net (autoregressive) enabled
graph_reserve: reserving a graph for ubatch with n_tokens =   16, n_seqs =  1, n_outputs =   16
resolve_fused_ops: fused Gated Delta Net (chunked) enabled
resolve_fused_ops: resolving fused Lightning Indexer support:
graph_reserve: reserving a graph for ubatch with n_tokens =    1, n_seqs =  1, n_outputs =    1
resolve_fused_ops: Lightning Indexer enabled
resolve_fused_ops: resolving fused DeepSeek V4 HC support:
graph_reserve: reserving a graph for ubatch with n_tokens =    1, n_seqs =  1, n_outputs =    1
resolve_fused_ops: fused DeepSeek V4 HC pre enabled
graph_reserve: reserving a graph for ubatch with n_tokens =    1, n_seqs =  1, n_outputs =    1
resolve_fused_ops: fused DeepSeek V4 HC comb enabled
graph_reserve: reserving a graph for ubatch with n_tokens =    1, n_seqs =  1, n_outputs =    1
resolve_fused_ops: fused DeepSeek V4 HC post enabled
graph_reserve: reserving a graph for ubatch with n_tokens =    8, n_seqs =  1, n_outputs =    8
graph_reserve: reserving a graph for ubatch with n_tokens =    1, n_seqs =  1, n_outputs =    1
graph_reserve: reserving a graph for ubatch with n_tokens =    8, n_seqs =  1, n_outputs =    8
sched_reserve:  CUDA_Host compute buffer size =     0.03 MiB
sched_reserve: graph nodes  = 110
sched_reserve: graph splits = 1
sched_reserve: reserve took 1.99 ms, sched copies = 1
~llama_context:      CUDA0 compute buffer size is   0.0000 MiB, matches expectation of   0.0000 MiB
~llama_context:  CUDA_Host compute buffer size is   0.0304 MiB, matches expectation of   0.0304 MiB
~llama_context:      CUDA0 compute buffer size is   0.0000 MiB, matches expectation of   0.0000 MiB
~llama_context:  CUDA_Host compute buffer size is   0.0304 MiB, matches expectation of   0.0304 MiB
llama_model_loader: loaded meta data with 13 key-value pairs and 23 tensors from C:\Users\cadel\AppData\Local\Temp\moe-integration-1702916.gguf (version GGUF V3 (latest))
llama_model_loader: Dumping metadata keys/values. Note: KV overrides do not apply in this output.
llama_model_loader: - kv   0:                       general.architecture str              = llama
llama_model_loader: - kv   1:                       tokenizer.ggml.model str              = no_vocab
llama_model_loader: - kv   2:                           llama.vocab_size u32              = 32
llama_model_loader: - kv   3:                       llama.context_length u32              = 128
llama_model_loader: - kv   4:                     llama.embedding_length u32              = 32
llama_model_loader: - kv   5:                          llama.block_count u32              = 2
llama_model_loader: - kv   6:                  llama.feed_forward_length u32              = 64
llama_model_loader: - kv   7:                 llama.attention.head_count u32              = 2
llama_model_loader: - kv   8:              llama.attention.head_count_kv u32              = 2
llama_model_loader: - kv   9:                 llama.rope.dimension_count u32              = 16
llama_model_loader: - kv  10:                         llama.expert_count u32              = 4
llama_model_loader: - kv  11:                    llama.expert_used_count u32              = 2
llama_model_loader: - kv  12:     llama.attention.layer_norm_rms_epsilon f32              = 0.000010
llama_model_loader: - type  f32:   17 tensors
llama_model_loader: - type q4_0:    6 tensors
print_info: file format = GGUF V3 (latest)
print_info: file type   = (guessed) all F32
print_info: file size   = 0.07 MiB (9.40 BPW) 
llama_prepare_model_devices: using device CUDA0 (NVIDIA GeForce RTX 4060 Laptop GPU) (0000:01:00.0) - 7094 MiB free
load: adding 32 dummy tokens
print_info: arch                  = llama
print_info: vocab_only            = 0
print_info: no_alloc              = 0
print_info: n_ctx_train           = 128
print_info: n_embd_inp            = 32
print_info: n_embd                = 32
print_info: n_embd_out            = 32
print_info: n_layer               = 2
print_info: n_layer_all           = 2
print_info: n_head                = 2
print_info: n_head_kv             = 2
print_info: n_rot                 = 16
print_info: n_swa                 = 0
print_info: is_swa_any            = 0
print_info: n_embd_head_k         = 16
print_info: n_embd_head_v         = 16
print_info: n_gqa                 = 1
print_info: n_embd_k_gqa          = 32
print_info: n_embd_v_gqa          = 32
print_info: f_norm_eps            = 0.0e+00
print_info: f_norm_rms_eps        = 1.0e-05
print_info: f_clamp_kqv           = 0.0e+00
print_info: f_max_alibi_bias      = 0.0e+00
print_info: f_logit_scale         = 0.0e+00
print_info: f_attn_scale          = 0.0e+00
print_info: f_attn_value_scale    = 0.0000
print_info: n_ff                  = 64
print_info: n_expert              = 4
print_info: n_expert_used         = 2
print_info: n_expert_groups       = 0
print_info: n_group_used          = 0
print_info: causal attn           = 1
print_info: pooling type          = -1
print_info: rope type             = 0
print_info: rope scaling          = linear
print_info: freq_base_train       = 10000.0
print_info: freq_scale_train      = 1
print_info: n_ctx_orig_yarn       = 128
print_info: rope_yarn_log_mul     = 0.0000
print_info: rope_finetuned        = unknown
print_info: model type            = ?B
print_info: model params          = 59.81 K
print_info: general.name          = n/a
print_info: vocab type            = no vocab
print_info: n_vocab               = 32
print_info: n_merges              = 0
print_info: max token length      = 0
load_tensors: loading model tensors, this can take a while... (load_mode = none)
load_tensors: layer   0 assigned to device CPU, is_swa = 0
load_tensors: layer   1 assigned to device CPU, is_swa = 0
load_tensors: layer   2 assigned to device CPU, is_swa = 0
create_tensor: loading tensor token_embd.weight
create_tensor: loading tensor output_norm.weight
create_tensor: loading tensor output.weight
create_tensor: loading tensor blk.0.attn_norm.weight
create_tensor: loading tensor blk.0.attn_qkv.weight
create_tensor: loading tensor blk.0.attn_q.weight
create_tensor: loading tensor blk.0.attn_k.weight
create_tensor: loading tensor blk.0.attn_v.weight
create_tensor: loading tensor blk.0.attn_q.bias
create_tensor: loading tensor blk.0.attn_k.bias
create_tensor: loading tensor blk.0.attn_v.bias
create_tensor: loading tensor blk.0.attn_output.weight
create_tensor: loading tensor blk.0.attn_output.bias
create_tensor: loading tensor blk.0.ffn_norm.weight
create_tensor: loading tensor rope_freqs.weight
create_tensor: loading tensor blk.0.ffn_gate_inp.weight
create_tensor: loading tensor blk.0.ffn_gate_exps.weight
create_tensor: loading tensor blk.0.ffn_down_exps.weight
create_tensor: loading tensor blk.0.ffn_up_exps.weight
create_tensor: loading tensor blk.1.attn_norm.weight
create_tensor: loading tensor blk.1.attn_qkv.weight
create_tensor: loading tensor blk.1.attn_q.weight
create_tensor: loading tensor blk.1.attn_k.weight
create_tensor: loading tensor blk.1.attn_v.weight
create_tensor: loading tensor blk.1.attn_q.bias
create_tensor: loading tensor blk.1.attn_k.bias
create_tensor: loading tensor blk.1.attn_v.bias
create_tensor: loading tensor blk.1.attn_output.weight
create_tensor: loading tensor blk.1.attn_output.bias
create_tensor: loading tensor blk.1.ffn_norm.weight
create_tensor: loading tensor rope_freqs.weight
create_tensor: loading tensor blk.1.ffn_gate_inp.weight
create_tensor: loading tensor blk.1.ffn_gate_exps.weight
create_tensor: loading tensor blk.1.ffn_down_exps.weight
create_tensor: loading tensor blk.1.ffn_up_exps.weight
create_tensor: loading tensor blk.0.attn_q.scale
create_tensor: loading tensor blk.0.attn_k.scale
create_tensor: loading tensor blk.0.attn_v.scale
create_tensor: loading tensor blk.0.attn_output.scale
create_tensor: loading tensor blk.0.ffn_gate_exps.scale
create_tensor: loading tensor blk.0.ffn_down_exps.scale
create_tensor: loading tensor blk.0.ffn_up_exps.scale
create_tensor: loading tensor blk.0.attn_q.input_scale
create_tensor: loading tensor blk.0.attn_k.input_scale
create_tensor: loading tensor blk.0.attn_v.input_scale
create_tensor: loading tensor blk.0.attn_output.input_scale
create_tensor: loading tensor blk.0.ffn_gate_exps.input_scale
create_tensor: loading tensor blk.0.ffn_down_exps.input_scale
create_tensor: loading tensor blk.0.ffn_up_exps.input_scale
create_tensor: loading tensor blk.1.attn_q.scale
create_tensor: loading tensor blk.1.attn_k.scale
create_tensor: loading tensor blk.1.attn_v.scale
create_tensor: loading tensor blk.1.attn_output.scale
create_tensor: loading tensor blk.1.ffn_gate_exps.scale
create_tensor: loading tensor blk.1.ffn_down_exps.scale
create_tensor: loading tensor blk.1.ffn_up_exps.scale
create_tensor: loading tensor blk.1.attn_q.input_scale
create_tensor: loading tensor blk.1.attn_k.input_scale
create_tensor: loading tensor blk.1.attn_v.input_scale
create_tensor: loading tensor blk.1.attn_output.input_scale
create_tensor: loading tensor blk.1.ffn_gate_exps.input_scale
create_tensor: loading tensor blk.1.ffn_down_exps.input_scale
create_tensor: loading tensor blk.1.ffn_up_exps.input_scale
load_tensors: offloading 0 repeating layers to GPU
load_tensors: offloaded 0/3 layers to GPU
load_tensors:    CUDA_Host model buffer size =     0.07 MiB
load_all_data: buffer type CUDA_Host is not the default buffer type for device CUDA0 for async uploads
.....................
llama_model_loader: loaded meta data with 13 key-value pairs and 23 tensors from C:\Users\cadel\AppData\Local\Temp\moe-integration-1702916.gguf (version GGUF V3 (latest))
llama_model_loader: Dumping metadata keys/values. Note: KV overrides do not apply in this output.
llama_model_loader: - kv   0:                       general.architecture str              = llama
llama_model_loader: - kv   1:                       tokenizer.ggml.model str              = no_vocab
llama_model_loader: - kv   2:                           llama.vocab_size u32              = 32
llama_model_loader: - kv   3:                       llama.context_length u32              = 128
llama_model_loader: - kv   4:                     llama.embedding_length u32              = 32
llama_model_loader: - kv   5:                          llama.block_count u32              = 2
llama_model_loader: - kv   6:                  llama.feed_forward_length u32              = 64
llama_model_loader: - kv   7:                 llama.attention.head_count u32              = 2
llama_model_loader: - kv   8:              llama.attention.head_count_kv u32              = 2
llama_model_loader: - kv   9:                 llama.rope.dimension_count u32              = 16
llama_model_loader: - kv  10:                         llama.expert_count u32              = 4
llama_model_loader: - kv  11:                    llama.expert_used_count u32              = 2
llama_model_loader: - kv  12:     llama.attention.layer_norm_rms_epsilon f32              = 0.000010
llama_model_loader: - type  f32:   17 tensors
llama_model_loader: - type q4_0:    6 tensors
print_info: file format = GGUF V3 (latest)
print_info: file type   = (guessed) all F32
print_info: file size   = 0.07 MiB (9.40 BPW) 
llama_prepare_model_devices: using device CUDA0 (NVIDIA GeForce RTX 4060 Laptop GPU) (0000:01:00.0) - 7094 MiB free
load: adding 32 dummy tokens
print_info: arch                  = llama
print_info: vocab_only            = 0
print_info: no_alloc              = 0
print_info: n_ctx_train           = 128
print_info: n_embd_inp            = 32
print_info: n_embd                = 32
print_info: n_embd_out            = 32
print_info: n_layer               = 2
print_info: n_layer_all           = 2
print_info: n_head                = 2
print_info: n_head_kv             = 2
print_info: n_rot                 = 16
print_info: n_swa                 = 0
print_info: is_swa_any            = 0
print_info: n_embd_head_k         = 16
print_info: n_embd_head_v         = 16
print_info: n_gqa                 = 1
print_info: n_embd_k_gqa          = 32
print_info: n_embd_v_gqa          = 32
print_info: f_norm_eps            = 0.0e+00
print_info: f_norm_rms_eps        = 1.0e-05
print_info: f_clamp_kqv           = 0.0e+00
print_info: f_max_alibi_bias      = 0.0e+00
print_info: f_logit_scale         = 0.0e+00
print_info: f_attn_scale          = 0.0e+00
print_info: f_attn_value_scale    = 0.0000
print_info: n_ff                  = 64
print_info: n_expert              = 4
print_info: n_expert_used         = 2
print_info: n_expert_groups       = 0
print_info: n_group_used          = 0
print_info: causal attn           = 1
print_info: pooling type          = -1
print_info: rope type             = 0
print_info: rope scaling          = linear
print_info: freq_base_train       = 10000.0
print_info: freq_scale_train      = 1
print_info: n_ctx_orig_yarn       = 128
print_info: rope_yarn_log_mul     = 0.0000
print_info: rope_finetuned        = unknown
print_info: model type            = ?B
print_info: model params          = 59.81 K
print_info: general.name          = n/a
print_info: vocab type            = no vocab
print_info: n_vocab               = 32
print_info: n_merges              = 0
print_info: max token length      = 0
load_tensors: loading model tensors, this can take a while... (load_mode = none)
load_tensors: layer   0 assigned to device CPU, is_swa = 0
load_tensors: layer   1 assigned to device CPU, is_swa = 0
load_tensors: layer   2 assigned to device CPU, is_swa = 0
create_tensor: loading tensor token_embd.weight
create_tensor: loading tensor output_norm.weight
create_tensor: loading tensor output.weight
create_tensor: loading tensor blk.0.attn_norm.weight
create_tensor: loading tensor blk.0.attn_qkv.weight
create_tensor: loading tensor blk.0.attn_q.weight
create_tensor: loading tensor blk.0.attn_k.weight
create_tensor: loading tensor blk.0.attn_v.weight
create_tensor: loading tensor blk.0.attn_q.bias
create_tensor: loading tensor blk.0.attn_k.bias
create_tensor: loading tensor blk.0.attn_v.bias
create_tensor: loading tensor blk.0.attn_output.weight
create_tensor: loading tensor blk.0.attn_output.bias
create_tensor: loading tensor blk.0.ffn_norm.weight
create_tensor: loading tensor rope_freqs.weight
create_tensor: loading tensor blk.0.ffn_gate_inp.weight
create_tensor: loading tensor blk.0.ffn_gate_exps.weight
create_tensor: loading tensor blk.0.ffn_down_exps.weight
create_tensor: loading tensor blk.0.ffn_up_exps.weight
create_tensor: loading tensor blk.1.attn_norm.weight
create_tensor: loading tensor blk.1.attn_qkv.weight
create_tensor: loading tensor blk.1.attn_q.weight
create_tensor: loading tensor blk.1.attn_k.weight
create_tensor: loading tensor blk.1.attn_v.weight
create_tensor: loading tensor blk.1.attn_q.bias
create_tensor: loading tensor blk.1.attn_k.bias
create_tensor: loading tensor blk.1.attn_v.bias
create_tensor: loading tensor blk.1.attn_output.weight
create_tensor: loading tensor blk.1.attn_output.bias
create_tensor: loading tensor blk.1.ffn_norm.weight
create_tensor: loading tensor rope_freqs.weight
create_tensor: loading tensor blk.1.ffn_gate_inp.weight
create_tensor: loading tensor blk.1.ffn_gate_exps.weight
create_tensor: loading tensor blk.1.ffn_down_exps.weight
create_tensor: loading tensor blk.1.ffn_up_exps.weight
create_tensor: loading tensor blk.0.attn_q.scale
create_tensor: loading tensor blk.0.attn_k.scale
create_tensor: loading tensor blk.0.attn_v.scale
create_tensor: loading tensor blk.0.attn_output.scale
create_tensor: loading tensor blk.0.ffn_gate_exps.scale
create_tensor: loading tensor blk.0.ffn_down_exps.scale
create_tensor: loading tensor blk.0.ffn_up_exps.scale
create_tensor: loading tensor blk.0.attn_q.input_scale
create_tensor: loading tensor blk.0.attn_k.input_scale
create_tensor: loading tensor blk.0.attn_v.input_scale
create_tensor: loading tensor blk.0.attn_output.input_scale
create_tensor: loading tensor blk.0.ffn_gate_exps.input_scale
create_tensor: loading tensor blk.0.ffn_down_exps.input_scale
create_tensor: loading tensor blk.0.ffn_up_exps.input_scale
create_tensor: loading tensor blk.1.attn_q.scale
create_tensor: loading tensor blk.1.attn_k.scale
create_tensor: loading tensor blk.1.attn_v.scale
create_tensor: loading tensor blk.1.attn_output.scale
create_tensor: loading tensor blk.1.ffn_gate_exps.scale
create_tensor: loading tensor blk.1.ffn_down_exps.scale
create_tensor: loading tensor blk.1.ffn_up_exps.scale
create_tensor: loading tensor blk.1.attn_q.input_scale
create_tensor: loading tensor blk.1.attn_k.input_scale
create_tensor: loading tensor blk.1.attn_v.input_scale
create_tensor: loading tensor blk.1.attn_output.input_scale
create_tensor: loading tensor blk.1.ffn_gate_exps.input_scale
create_tensor: loading tensor blk.1.ffn_down_exps.input_scale
create_tensor: loading tensor blk.1.ffn_up_exps.input_scale
load_tensors: offloading 0 repeating layers to GPU
load_tensors: offloaded 0/3 layers to GPU
load_tensors:          CPU model buffer size =     0.07 MiB
load_all_data: no device found for buffer type CPU for async uploads
.....................
load_tensors: experimental host-bank MoE enabled, tile weights <= 3712 bytes; this is not a total memory limit
llama_context: constructing llama_context
llama_context: n_seq_max             = 1
llama_context: n_ctx                 = 256
llama_context: n_ctx_seq             = 256
llama_context: n_batch               = 32
llama_context: n_ubatch              = 8
llama_context: causal_attn           = 1
llama_context: flash_attn            = disabled
llama_context: kv_unified            = false
llama_context: freq_base             = 10000.0
llama_context: freq_scale            = 1
llama_context: n_rs_seq              = 0
llama_context: n_outputs_max         = 32
llama_context: n_outputs_max_per_seq = 1
llama_context: n_ctx_seq (256) > n_ctx_train (128) -- possible training context overflow
set_abort_callback: call
llama_context:        CPU  output buffer size =     0.00 MiB
llama_kv_cache: layer   0: dev = CPU
llama_kv_cache: layer   1: dev = CPU
llama_kv_cache:        CPU KV buffer size =     0.06 MiB
llama_kv_cache: size =    0.06 MiB (   256 cells,   2 layers,  1/1 seqs), K (f16):    0.03 MiB, V (f16):    0.03 MiB
llama_kv_cache: attn_rot_k = 0, n_embd_head_k_all = 16
llama_kv_cache: attn_rot_v = 0, n_embd_head_k_all = 16
llama_context: enumerating backends
llama_context: backend_ptrs.size() = 2
sched_reserve: reserving ...
sched_reserve: max_nodes = 1024
sched_reserve: decode graph slots = 4 (n_tokens <= 4)
sched_reserve: reserving full memory module
sched_reserve: worst-case: n_tokens = 8, n_seqs = 1, n_outputs = 1
resolve_fused_ops: resolving fused Gated Delta Net support:
graph_reserve: reserving a graph for ubatch with n_tokens =    1, n_seqs =  1, n_outputs =    1
resolve_fused_ops: fused Gated Delta Net (autoregressive) enabled
graph_reserve: reserving a graph for ubatch with n_tokens =   16, n_seqs =  1, n_outputs =   16
resolve_fused_ops: fused Gated Delta Net (chunked) enabled
resolve_fused_ops: resolving fused Lightning Indexer support:
graph_reserve: reserving a graph for ubatch with n_tokens =    1, n_seqs =  1, n_outputs =    1
resolve_fused_ops: Lightning Indexer enabled
resolve_fused_ops: resolving fused DeepSeek V4 HC support:
graph_reserve: reserving a graph for ubatch with n_tokens =    1, n_seqs =  1, n_outputs =    1
resolve_fused_ops: fused DeepSeek V4 HC pre enabled
graph_reserve: reserving a graph for ubatch with n_tokens =    1, n_seqs =  1, n_outputs =    1
resolve_fused_ops: fused DeepSeek V4 HC comb enabled
graph_reserve: reserving a graph for ubatch with n_tokens =    1, n_seqs =  1, n_outputs =    1
resolve_fused_ops: fused DeepSeek V4 HC post enabled
graph_reserve: reserving a graph for ubatch with n_tokens =    8, n_seqs =  1, n_outputs =    8
graph_reserve: reserving a graph for ubatch with n_tokens =    1, n_seqs =  1, n_outputs =    1
graph_reserve: reserving a graph for ubatch with n_tokens =    8, n_seqs =  1, n_outputs =    8
sched_reserve:  CUDA_Host compute buffer size =     0.03 MiB
sched_reserve: graph nodes  = 110
sched_reserve: graph splits = 1
sched_reserve: reserve took 2.14 ms, sched copies = 1
llama_context: constructing llama_context
llama_context: MoE device=CUDA0 cache=35840 staging=1048576 compute-limit=67108864 bytes
llama_context: n_seq_max             = 1
llama_context: n_ctx                 = 256
llama_context: n_ctx_seq             = 256
llama_context: n_batch               = 32
llama_context: n_ubatch              = 8
llama_context: causal_attn           = 1
llama_context: flash_attn            = disabled
llama_context: kv_unified            = false
llama_context: freq_base             = 10000.0
llama_context: freq_scale            = 1
llama_context: n_rs_seq              = 0
llama_context: n_outputs_max         = 32
llama_context: n_outputs_max_per_seq = 1
llama_context: n_ctx_seq (256) > n_ctx_train (128) -- possible training context overflow
set_abort_callback: call
llama_context:        CPU  output buffer size =     0.00 MiB
llama_kv_cache: layer   0: dev = CPU
llama_kv_cache: layer   1: dev = CPU
llama_kv_cache:        CPU KV buffer size =     0.06 MiB
llama_kv_cache: size =    0.06 MiB (   256 cells,   2 layers,  1/1 seqs), K (f16):    0.03 MiB, V (f16):    0.03 MiB
llama_kv_cache: attn_rot_k = 0, n_embd_head_k_all = 16
llama_kv_cache: attn_rot_v = 0, n_embd_head_k_all = 16
llama_context: enumerating backends
llama_context: backend_ptrs.size() = 2
sched_reserve: reserving ...
sched_reserve: max_nodes = 1024
sched_reserve: decode graph slots = 4 (n_tokens <= 4)
sched_reserve: reserving full memory module
sched_reserve: worst-case: n_tokens = 8, n_seqs = 1, n_outputs = 1
resolve_fused_ops: resolving fused Gated Delta Net support:
graph_reserve: reserving a graph for ubatch with n_tokens =    1, n_seqs =  1, n_outputs =    1
resolve_fused_ops: fused Gated Delta Net (autoregressive) enabled
graph_reserve: reserving a graph for ubatch with n_tokens =   16, n_seqs =  1, n_outputs =   16
resolve_fused_ops: fused Gated Delta Net (chunked) enabled
resolve_fused_ops: resolving fused Lightning Indexer support:
graph_reserve: reserving a graph for ubatch with n_tokens =    1, n_seqs =  1, n_outputs =    1
resolve_fused_ops: Lightning Indexer enabled
resolve_fused_ops: resolving fused DeepSeek V4 HC support:
graph_reserve: reserving a graph for ubatch with n_tokens =    1, n_seqs =  1, n_outputs =    1
resolve_fused_ops: fused DeepSeek V4 HC pre enabled
graph_reserve: reserving a graph for ubatch with n_tokens =    1, n_seqs =  1, n_outputs =    1
resolve_fused_ops: fused DeepSeek V4 HC comb enabled
graph_reserve: reserving a graph for ubatch with n_tokens =    1, n_seqs =  1, n_outputs =    1
resolve_fused_ops: fused DeepSeek V4 HC post enabled
graph_reserve: reserving a graph for ubatch with n_tokens =    8, n_seqs =  1, n_outputs =    8
graph_reserve: reserving a graph for ubatch with n_tokens =    1, n_seqs =  1, n_outputs =    1
graph_reserve: reserving a graph for ubatch with n_tokens =    8, n_seqs =  1, n_outputs =    8
sched_reserve:  CUDA_Host compute buffer size =     0.03 MiB
sched_reserve: graph nodes  = 100
sched_reserve: graph splits = 1
sched_reserve: reserve took 1.82 ms, sched copies = 1
graph_reserve: reserving a graph for ubatch with n_tokens =    4, n_seqs =  1, n_outputs =    4
FT_COMPARE layer=0 relative=6.02387e-08 first=-0.0199519/-0.0199519
FT_COMPARE layer=1 relative=5.8172e-08 first=-0.0420479/-0.0420479
FT_COMPARE layer=0 relative=7.80985e-08 first=0.0447507/0.0447507
FT_COMPARE layer=1 relative=7.68938e-08 first=0.0102823/0.0102823
FT_COMPARE layer=0 relative=7.16838e-08 first=0.0241/0.0241
FT_COMPARE layer=1 relative=8.77255e-08 first=-0.0860274/-0.0860274
FT_COMPARE layer=0 relative=7.74004e-08 first=0.0744783/0.0744783
FT_COMPARE layer=1 relative=9.61649e-08 first=-0.0126512/-0.0126512
FT_COMPARE layer=0 relative=4.19836e-08 first=-0.00313428/-0.00313428
FT_COMPARE layer=1 relative=3.81244e-08 first=-0.0167976/-0.0167976
FT_COMPARE layer=0 relative=5.31039e-08 first=0.051229/0.051229
FT_COMPARE layer=1 relative=5.30977e-08 first=0.0671059/0.0671059
FT_COMPARE layer=0 relative=6.27503e-08 first=-0.0777365/-0.0777365
FT_COMPARE layer=1 relative=8.15829e-08 first=0.0573465/0.0573465
FT_COMPARE layer=0 relative=7.54643e-08 first=-0.0245371/-0.0245371
FT_COMPARE layer=1 relative=8.11782e-08 first=-0.032049/-0.032049
FT_COMPARE layer=0 relative=6.65261e-08 first=0.0725713/0.0725713
FT_COMPARE layer=1 relative=6.4282e-08 first=-0.0770208/-0.0770208
FT_COMPARE layer=0 relative=7.10823e-08 first=0.0325224/0.0325224
FT_COMPARE layer=1 relative=7.54614e-08 first=0.00693451/0.00693451
FT_COMPARE layer=0 relative=6.78766e-08 first=-0.0521743/-0.0521743
FT_COMPARE layer=1 relative=6.95517e-08 first=-0.0457677/-0.0457677
FT_COMPARE layer=0 relative=7.71935e-08 first=-0.0672944/-0.0672944
FT_COMPARE layer=1 relative=7.57664e-08 first=-0.00389062/-0.00389063
FT_COMPARE layer=0 relative=5.32517e-08 first=-0.144339/-0.144339
FT_COMPARE layer=1 relative=5.65708e-08 first=0.0404701/0.0404701
FT_COMPARE layer=0 relative=6.25322e-08 first=-0.0562288/-0.0562288
FT_COMPARE layer=1 relative=5.84223e-08 first=-0.0909325/-0.0909325
FT_COMPARE layer=0 relative=5.72432e-08 first=0.0321663/0.0321663
FT_COMPARE layer=1 relative=5.02616e-08 first=0.022772/0.022772
FT_COMPARE layer=0 relative=1.0661e-07 first=-0.0180101/-0.0180101
FT_COMPARE layer=1 relative=7.29458e-08 first=-0.0429121/-0.0429121
FT_COMPARE layer=0 relative=4.27914e-08 first=-0.0780847/-0.0780847
FT_COMPARE layer=1 relative=7.5526e-08 first=0.0495529/0.0495529
FT_COMPARE layer=0 relative=8.45643e-08 first=0.024671/0.024671
FT_COMPARE layer=1 relative=6.83892e-08 first=-0.0438371/-0.0438371
FT_COMPARE layer=0 relative=5.97567e-08 first=0.0225541/0.0225541
FT_COMPARE layer=1 relative=9.95775e-08 first=-0.0412861/-0.0412861
FT_COMPARE layer=0 relative=5.00242e-08 first=0.0549158/0.0549158
FT_COMPARE layer=1 relative=6.50881e-08 first=-0.0131101/-0.0131101
FT_COMPARE layer=0 relative=4.82214e-08 first=0.0383452/0.0383452
FT_COMPARE layer=1 relative=8.89594e-08 first=0.0222782/0.0222782
FT_COMPARE layer=0 relative=5.14215e-08 first=-0.00875038/-0.00875038
FT_COMPARE layer=1 relative=9.26009e-08 first=-0.026389/-0.026389
FT_COMPARE layer=0 relative=8.60333e-08 first=-0.0563629/-0.0563629
FT_COMPARE layer=1 relative=4.31831e-08 first=-0.0677964/-0.0677964
FT_COMPARE layer=0 relative=5.62067e-08 first=-0.0554611/-0.0554611
FT_COMPARE layer=1 relative=8.57889e-08 first=-0.0201183/-0.0201183
FT_COMPARE layer=0 relative=6.97267e-08 first=0.0920617/0.0920617
FT_COMPARE layer=1 relative=5.71361e-08 first=-0.0462627/-0.0462627
FT_COMPARE layer=0 relative=3.92498e-08 first=0.040777/0.040777
FT_COMPARE layer=1 relative=6.20581e-08 first=-0.0807575/-0.0807575
FT_COMPARE layer=0 relative=7.62447e-08 first=0.0367365/0.0367365
FT_COMPARE layer=1 relative=5.70943e-08 first=-0.111005/-0.111005
FT_COMPARE layer=0 relative=6.87075e-08 first=0.137769/0.137769
FT_COMPARE layer=1 relative=7.26331e-08 first=-0.111755/-0.111755
FT_COMPARE layer=0 relative=6.46747e-08 first=0.0320056/0.0320056
FT_COMPARE layer=1 relative=6.97401e-08 first=-0.0494376/-0.0494376
FT_COMPARE layer=0 relative=6.34858e-08 first=-0.0718717/-0.0718717
FT_COMPARE layer=1 relative=5.74289e-08 first=0.0230986/0.0230986
FT_COMPARE layer=0 relative=8.53237e-08 first=-0.126657/-0.126657
FT_COMPARE layer=1 relative=8.33794e-08 first=-0.0260753/-0.0260753
FT_COMPARE layer=0 relative=6.07277e-08 first=-0.0314835/-0.0314835
FT_COMPARE layer=1 relative=6.4015e-08 first=0.0118076/0.0118076
FT_COMPARE layer=0 relative=5.65997e-08 first=-0.041775/-0.041775
FT_COMPARE layer=1 relative=5.18853e-08 first=0.0709356/0.0709356
FT_COMPARE layer=0 relative=6.69111e-08 first=0.0653112/0.0653112
FT_COMPARE layer=1 relative=4.54427e-08 first=0.0606998/0.0606998
FT_COMPARE layer=0 relative=4.54739e-08 first=-0.02574/-0.02574
FT_COMPARE layer=1 relative=5.4842e-08 first=-0.107054/-0.107054
FT_COMPARE layer=0 relative=6.52974e-08 first=-0.0607794/-0.0607794
FT_COMPARE layer=1 relative=7.26816e-08 first=-0.017193/-0.017193
FT_COMPARE layer=0 relative=7.1724e-08 first=0.0727982/0.0727982
FT_COMPARE layer=1 relative=6.6159e-08 first=-0.0386848/-0.0386848
FT_COMPARE layer=0 relative=7.70391e-08 first=-0.052126/-0.052126
FT_COMPARE layer=1 relative=6.73292e-08 first=0.142216/0.142216
FT_COMPARE layer=0 relative=5.59684e-08 first=-0.0209003/-0.0209003
FT_COMPARE layer=1 relative=7.00434e-08 first=0.123897/0.123897
FT_COMPARE layer=0 relative=7.56138e-08 first=-0.0054297/-0.0054297
FT_COMPARE layer=1 relative=7.2481e-08 first=-0.0472438/-0.0472438
FT_COMPARE layer=0 relative=5.50465e-08 first=0.116102/0.116102
FT_COMPARE layer=1 relative=5.22462e-08 first=-0.0970817/-0.0970817
FT_COMPARE layer=0 relative=7.98525e-08 first=0.029763/0.029763
FT_COMPARE layer=1 relative=7.55201e-08 first=0.0704637/0.0704637
FT_COMPARE layer=0 relative=7.6825e-08 first=-0.0574034/-0.0574033
FT_COMPARE layer=1 relative=6.86714e-08 first=-0.0481622/-0.0481622
FT_COMPARE layer=0 relative=9.3684e-08 first=-0.0872769/-0.0872769
FT_COMPARE layer=1 relative=7.73278e-08 first=0.0390294/0.0390294
FT_COMPARE layer=0 relative=6.03701e-08 first=-0.105145/-0.105145
FT_COMPARE layer=1 relative=8.32509e-08 first=0.0335369/0.0335369
FT_COMPARE layer=0 relative=7.53121e-08 first=-0.0482221/-0.0482221
FT_COMPARE layer=1 relative=7.8911e-08 first=-0.0735208/-0.0735208
FT_COMPARE layer=0 relative=6.41168e-08 first=-0.00594906/-0.00594906
FT_COMPARE layer=1 relative=7.17589e-08 first=0.0529583/0.0529583
FT_COMPARE layer=0 relative=1.34989e-07 first=-0.066592/-0.066592
FT_COMPARE layer=1 relative=6.27413e-08 first=-0.0452275/-0.0452275
set_abort_callback: call
graph_compute: ggml_backend_sched_graph_compute_async failed with error 1
process_ubatch: failed to compute graph, compute status: 1
decode: removing memory module entries for seq_id = 0, pos = [59, +inf)
llama_decode: failed to decode, ret = 2
set_abort_callback: call
graph_compute: ggml_backend_sched_graph_compute_async failed with error -1
host-bank MoE execution failed: MoE routing weight must be finite
process_ubatch: failed to compute graph, compute status: -1
decode: removing memory module entries for seq_id = 0, pos = [59, +inf)
llama_decode: failed to decode, ret = -3
FT_COMPARE layer=0 relative=4.44608e-08 first=-0.0783521/-0.0783521
FT_COMPARE layer=1 relative=7.96559e-08 first=0.085546/0.085546
llama_context: constructing llama_context
llama_init_from_model: failed to initialize the context: host-bank MoE requires one sequence, op_offload=false and offload_kqv=false
llama_context: constructing llama_context
llama_init_from_model: failed to initialize the context: host-bank MoE requires one sequence, op_offload=false and offload_kqv=false
llama_context: constructing llama_context
llama_init_from_model: failed to initialize the context: host-bank MoE requires one sequence, op_offload=false and offload_kqv=false
llama_context: constructing llama_context
llama_init_from_model: failed to initialize the context: moe cache: invalid uniform arena geometry
llama_context: constructing llama_context
llama_init_from_model: failed to initialize the context: host-bank MoE cache requires model.moe_cpu_tile_bytes host-bank setup
~llama_context:      CUDA0 compute buffer size is   0.0000 MiB, matches expectation of   0.0000 MiB
~llama_context:  CUDA_Host compute buffer size is   0.0304 MiB, matches expectation of   0.0304 MiB
~llama_context:      CUDA0 compute buffer size is   0.0000 MiB, matches expectation of   0.0000 MiB
~llama_context:  CUDA_Host compute buffer size is   0.0304 MiB, matches expectation of   0.0304 MiB
llama_context: constructing llama_context
llama_context: MoE device=CUDA0 cache=35840 staging=1048576 compute-limit=67108864 bytes
llama_context: n_seq_max             = 1
llama_context: n_ctx                 = 256
llama_context: n_ctx_seq             = 256
llama_context: n_batch               = 32
llama_context: n_ubatch              = 8
llama_context: causal_attn           = 1
llama_context: flash_attn            = disabled
llama_context: kv_unified            = false
llama_context: freq_base             = 10000.0
llama_context: freq_scale            = 1
llama_context: n_rs_seq              = 0
llama_context: n_outputs_max         = 32
llama_context: n_outputs_max_per_seq = 1
llama_context: n_ctx_seq (256) > n_ctx_train (128) -- possible training context overflow
set_abort_callback: call
llama_context:        CPU  output buffer size =     0.00 MiB
llama_kv_cache: layer   0: dev = CPU
llama_kv_cache: layer   1: dev = CPU
llama_kv_cache:        CPU KV buffer size =     0.06 MiB
llama_kv_cache: size =    0.06 MiB (   256 cells,   2 layers,  1/1 seqs), K (f16):    0.03 MiB, V (f16):    0.03 MiB
llama_kv_cache: attn_rot_k = 0, n_embd_head_k_all = 16
llama_kv_cache: attn_rot_v = 0, n_embd_head_k_all = 16
llama_context: enumerating backends
llama_context: backend_ptrs.size() = 2
sched_reserve: reserving ...
sched_reserve: max_nodes = 1024
sched_reserve: decode graph slots = 4 (n_tokens <= 4)
sched_reserve: reserving full memory module
sched_reserve: worst-case: n_tokens = 8, n_seqs = 1, n_outputs = 1
resolve_fused_ops: resolving fused Gated Delta Net support:
graph_reserve: reserving a graph for ubatch with n_tokens =    1, n_seqs =  1, n_outputs =    1
resolve_fused_ops: fused Gated Delta Net (autoregressive) enabled
graph_reserve: reserving a graph for ubatch with n_tokens =   16, n_seqs =  1, n_outputs =   16
resolve_fused_ops: fused Gated Delta Net (chunked) enabled
resolve_fused_ops: resolving fused Lightning Indexer support:
graph_reserve: reserving a graph for ubatch with n_tokens =    1, n_seqs =  1, n_outputs =    1
resolve_fused_ops: Lightning Indexer enabled
resolve_fused_ops: resolving fused DeepSeek V4 HC support:
graph_reserve: reserving a graph for ubatch with n_tokens =    1, n_seqs =  1, n_outputs =    1
resolve_fused_ops: fused DeepSeek V4 HC pre enabled
graph_reserve: reserving a graph for ubatch with n_tokens =    1, n_seqs =  1, n_outputs =    1
resolve_fused_ops: fused DeepSeek V4 HC comb enabled
graph_reserve: reserving a graph for ubatch with n_tokens =    1, n_seqs =  1, n_outputs =    1
resolve_fused_ops: fused DeepSeek V4 HC post enabled
graph_reserve: reserving a graph for ubatch with n_tokens =    8, n_seqs =  1, n_outputs =    8
graph_reserve: reserving a graph for ubatch with n_tokens =    1, n_seqs =  1, n_outputs =    1
graph_reserve: reserving a graph for ubatch with n_tokens =    8, n_seqs =  1, n_outputs =    8
sched_reserve:  CUDA_Host compute buffer size =     0.03 MiB
sched_reserve: graph nodes  = 100
sched_reserve: graph splits = 1
sched_reserve: reserve took 1.19 ms, sched copies = 1
llama_context: constructing llama_context
llama_context: n_seq_max             = 1
llama_context: n_ctx                 = 256
llama_context: n_ctx_seq             = 256
llama_context: n_batch               = 32
llama_context: n_ubatch              = 8
llama_context: causal_attn           = 1
llama_context: flash_attn            = disabled
llama_context: kv_unified            = false
llama_context: freq_base             = 10000.0
llama_context: freq_scale            = 1
llama_context: n_rs_seq              = 0
llama_context: n_outputs_max         = 32
llama_context: n_outputs_max_per_seq = 1
llama_context: n_ctx_seq (256) > n_ctx_train (128) -- possible training context overflow
set_abort_callback: call
llama_context:        CPU  output buffer size =     0.00 MiB
llama_kv_cache: layer   0: dev = CPU
llama_kv_cache: layer   1: dev = CPU
llama_kv_cache:        CPU KV buffer size =     0.06 MiB
llama_kv_cache: size =    0.06 MiB (   256 cells,   2 layers,  1/1 seqs), K (f16):    0.03 MiB, V (f16):    0.03 MiB
llama_kv_cache: attn_rot_k = 0, n_embd_head_k_all = 16
llama_kv_cache: attn_rot_v = 0, n_embd_head_k_all = 16
llama_context: enumerating backends
llama_context: backend_ptrs.size() = 2
sched_reserve: reserving ...
sched_reserve: max_nodes = 1024
sched_reserve: decode graph slots = 4 (n_tokens <= 4)
sched_reserve: reserving full memory module
sched_reserve: worst-case: n_tokens = 8, n_seqs = 1, n_outputs = 1
resolve_fused_ops: resolving fused Gated Delta Net support:
graph_reserve: reserving a graph for ubatch with n_tokens =    1, n_seqs =  1, n_outputs =    1
resolve_fused_ops: fused Gated Delta Net (autoregressive) enabled
graph_reserve: reserving a graph for ubatch with n_tokens =   16, n_seqs =  1, n_outputs =   16
resolve_fused_ops: fused Gated Delta Net (chunked) enabled
resolve_fused_ops: resolving fused Lightning Indexer support:
graph_reserve: reserving a graph for ubatch with n_tokens =    1, n_seqs =  1, n_outputs =    1
resolve_fused_ops: Lightning Indexer enabled
resolve_fused_ops: resolving fused DeepSeek V4 HC support:
graph_reserve: reserving a graph for ubatch with n_tokens =    1, n_seqs =  1, n_outputs =    1
resolve_fused_ops: fused DeepSeek V4 HC pre enabled
graph_reserve: reserving a graph for ubatch with n_tokens =    1, n_seqs =  1, n_outputs =    1
resolve_fused_ops: fused DeepSeek V4 HC comb enabled
graph_reserve: reserving a graph for ubatch with n_tokens =    1, n_seqs =  1, n_outputs =    1
resolve_fused_ops: fused DeepSeek V4 HC post enabled
graph_reserve: reserving a graph for ubatch with n_tokens =    8, n_seqs =  1, n_outputs =    8
graph_reserve: reserving a graph for ubatch with n_tokens =    1, n_seqs =  1, n_outputs =    1
graph_reserve: reserving a graph for ubatch with n_tokens =    8, n_seqs =  1, n_outputs =    8
sched_reserve:  CUDA_Host compute buffer size =     0.03 MiB
sched_reserve: graph nodes  = 110
sched_reserve: graph splits = 1
sched_reserve: reserve took 2.05 ms, sched copies = 1
FT_COMPARE layer=0 relative=6.02387e-08 first=-0.0199519/-0.0199519
FT_COMPARE layer=1 relative=5.8172e-08 first=-0.0420479/-0.0420479
~llama_context:      CUDA0 compute buffer size is   0.0000 MiB, matches expectation of   0.0000 MiB
~llama_context:  CUDA_Host compute buffer size is   0.0304 MiB, matches expectation of   0.0304 MiB
~llama_context:      CUDA0 compute buffer size is   0.0000 MiB, matches expectation of   0.0000 MiB
~llama_context:  CUDA_Host compute buffer size is   0.0304 MiB, matches expectation of   0.0304 MiB
llama_model_loader: loaded meta data with 13 key-value pairs and 23 tensors from C:\Users\cadel\AppData\Local\Temp\moe-integration-1702916.gguf (version GGUF V3 (latest))
llama_model_loader: Dumping metadata keys/values. Note: KV overrides do not apply in this output.
llama_model_loader: - kv   0:                       general.architecture str              = llama
llama_model_loader: - kv   1:                       tokenizer.ggml.model str              = no_vocab
llama_model_loader: - kv   2:                           llama.vocab_size u32              = 32
llama_model_loader: - kv   3:                       llama.context_length u32              = 128
llama_model_loader: - kv   4:                     llama.embedding_length u32              = 32
llama_model_loader: - kv   5:                          llama.block_count u32              = 2
llama_model_loader: - kv   6:                  llama.feed_forward_length u32              = 64
llama_model_loader: - kv   7:                 llama.attention.head_count u32              = 2
llama_model_loader: - kv   8:              llama.attention.head_count_kv u32              = 2
llama_model_loader: - kv   9:                 llama.rope.dimension_count u32              = 16
llama_model_loader: - kv  10:                         llama.expert_count u32              = 4
llama_model_loader: - kv  11:                    llama.expert_used_count u32              = 2
llama_model_loader: - kv  12:     llama.attention.layer_norm_rms_epsilon f32              = 0.000010
llama_model_loader: - type  f32:   17 tensors
llama_model_loader: - type q4_0:    6 tensors
print_info: file format = GGUF V3 (latest)
print_info: file type   = (guessed) all F32
print_info: file size   = 0.07 MiB (9.40 BPW) 
llama_prepare_model_devices: using device CUDA0 (NVIDIA GeForce RTX 4060 Laptop GPU) (0000:01:00.0) - 7094 MiB free
load: adding 32 dummy tokens
print_info: arch                  = llama
print_info: vocab_only            = 0
print_info: no_alloc              = 0
print_info: n_ctx_train           = 128
print_info: n_embd_inp            = 32
print_info: n_embd                = 32
print_info: n_embd_out            = 32
print_info: n_layer               = 2
print_info: n_layer_all           = 2
print_info: n_head                = 2
print_info: n_head_kv             = 2
print_info: n_rot                 = 16
print_info: n_swa                 = 0
print_info: is_swa_any            = 0
print_info: n_embd_head_k         = 16
print_info: n_embd_head_v         = 16
print_info: n_gqa                 = 1
print_info: n_embd_k_gqa          = 32
print_info: n_embd_v_gqa          = 32
print_info: f_norm_eps            = 0.0e+00
print_info: f_norm_rms_eps        = 1.0e-05
print_info: f_clamp_kqv           = 0.0e+00
print_info: f_max_alibi_bias      = 0.0e+00
print_info: f_logit_scale         = 0.0e+00
print_info: f_attn_scale          = 0.0e+00
print_info: f_attn_value_scale    = 0.0000
print_info: n_ff                  = 64
print_info: n_expert              = 4
print_info: n_expert_used         = 2
print_info: n_expert_groups       = 0
print_info: n_group_used          = 0
print_info: causal attn           = 1
print_info: pooling type          = -1
print_info: rope type             = 0
print_info: rope scaling          = linear
print_info: freq_base_train       = 10000.0
print_info: freq_scale_train      = 1
print_info: n_ctx_orig_yarn       = 128
print_info: rope_yarn_log_mul     = 0.0000
print_info: rope_finetuned        = unknown
print_info: model type            = ?B
print_info: model params          = 59.81 K
print_info: general.name          = n/a
print_info: vocab type            = no vocab
print_info: n_vocab               = 32
print_info: n_merges              = 0
print_info: max token length      = 0
load_tensors: loading model tensors, this can take a while... (load_mode = mmap)
load_tensors: layer   0 assigned to device CPU, is_swa = 0
load_tensors: layer   1 assigned to device CPU, is_swa = 0
load_tensors: layer   2 assigned to device CPU, is_swa = 0
create_tensor: loading tensor token_embd.weight
create_tensor: loading tensor output_norm.weight
create_tensor: loading tensor output.weight
create_tensor: loading tensor blk.0.attn_norm.weight
create_tensor: loading tensor blk.0.attn_qkv.weight
create_tensor: loading tensor blk.0.attn_q.weight
create_tensor: loading tensor blk.0.attn_k.weight
create_tensor: loading tensor blk.0.attn_v.weight
create_tensor: loading tensor blk.0.attn_q.bias
create_tensor: loading tensor blk.0.attn_k.bias
create_tensor: loading tensor blk.0.attn_v.bias
create_tensor: loading tensor blk.0.attn_output.weight
create_tensor: loading tensor blk.0.attn_output.bias
create_tensor: loading tensor blk.0.ffn_norm.weight
create_tensor: loading tensor rope_freqs.weight
create_tensor: loading tensor blk.0.ffn_gate_inp.weight
create_tensor: loading tensor blk.0.ffn_gate_exps.weight
create_tensor: loading tensor blk.0.ffn_down_exps.weight
create_tensor: loading tensor blk.0.ffn_up_exps.weight
create_tensor: loading tensor blk.1.attn_norm.weight
create_tensor: loading tensor blk.1.attn_qkv.weight
create_tensor: loading tensor blk.1.attn_q.weight
create_tensor: loading tensor blk.1.attn_k.weight
create_tensor: loading tensor blk.1.attn_v.weight
create_tensor: loading tensor blk.1.attn_q.bias
create_tensor: loading tensor blk.1.attn_k.bias
create_tensor: loading tensor blk.1.attn_v.bias
create_tensor: loading tensor blk.1.attn_output.weight
create_tensor: loading tensor blk.1.attn_output.bias
create_tensor: loading tensor blk.1.ffn_norm.weight
create_tensor: loading tensor rope_freqs.weight
create_tensor: loading tensor blk.1.ffn_gate_inp.weight
create_tensor: loading tensor blk.1.ffn_gate_exps.weight
create_tensor: loading tensor blk.1.ffn_down_exps.weight
create_tensor: loading tensor blk.1.ffn_up_exps.weight
create_tensor: loading tensor blk.0.attn_q.scale
create_tensor: loading tensor blk.0.attn_k.scale
create_tensor: loading tensor blk.0.attn_v.scale
create_tensor: loading tensor blk.0.attn_output.scale
create_tensor: loading tensor blk.0.ffn_gate_exps.scale
create_tensor: loading tensor blk.0.ffn_down_exps.scale
create_tensor: loading tensor blk.0.ffn_up_exps.scale
create_tensor: loading tensor blk.0.attn_q.input_scale
create_tensor: loading tensor blk.0.attn_k.input_scale
create_tensor: loading tensor blk.0.attn_v.input_scale
create_tensor: loading tensor blk.0.attn_output.input_scale
create_tensor: loading tensor blk.0.ffn_gate_exps.input_scale
create_tensor: loading tensor blk.0.ffn_down_exps.input_scale
create_tensor: loading tensor blk.0.ffn_up_exps.input_scale
create_tensor: loading tensor blk.1.attn_q.scale
create_tensor: loading tensor blk.1.attn_k.scale
create_tensor: loading tensor blk.1.attn_v.scale
create_tensor: loading tensor blk.1.attn_output.scale
create_tensor: loading tensor blk.1.ffn_gate_exps.scale
create_tensor: loading tensor blk.1.ffn_down_exps.scale
create_tensor: loading tensor blk.1.ffn_up_exps.scale
create_tensor: loading tensor blk.1.attn_q.input_scale
create_tensor: loading tensor blk.1.attn_k.input_scale
create_tensor: loading tensor blk.1.attn_v.input_scale
create_tensor: loading tensor blk.1.attn_output.input_scale
create_tensor: loading tensor blk.1.ffn_gate_exps.input_scale
create_tensor: loading tensor blk.1.ffn_down_exps.input_scale
create_tensor: loading tensor blk.1.ffn_up_exps.input_scale
done_getting_tensors: tensor 'token_embd.weight' (f32) (and 22 others) cannot be used with preferred buffer type CUDA_Host, using CPU instead
load_tensors: offloading 0 repeating layers to GPU
load_tensors: offloaded 0/3 layers to GPU
load_tensors:   CPU_Mapped model buffer size =     0.07 MiB
.....................
llama_model_loader: loaded meta data with 13 key-value pairs and 23 tensors from C:\Users\cadel\AppData\Local\Temp\moe-integration-1702916.gguf (version GGUF V3 (latest))
llama_model_loader: Dumping metadata keys/values. Note: KV overrides do not apply in this output.
llama_model_loader: - kv   0:                       general.architecture str              = llama
llama_model_loader: - kv   1:                       tokenizer.ggml.model str              = no_vocab
llama_model_loader: - kv   2:                           llama.vocab_size u32              = 32
llama_model_loader: - kv   3:                       llama.context_length u32              = 128
llama_model_loader: - kv   4:                     llama.embedding_length u32              = 32
llama_model_loader: - kv   5:                          llama.block_count u32              = 2
llama_model_loader: - kv   6:                  llama.feed_forward_length u32              = 64
llama_model_loader: - kv   7:                 llama.attention.head_count u32              = 2
llama_model_loader: - kv   8:              llama.attention.head_count_kv u32              = 2
llama_model_loader: - kv   9:                 llama.rope.dimension_count u32              = 16
llama_model_loader: - kv  10:                         llama.expert_count u32              = 4
llama_model_loader: - kv  11:                    llama.expert_used_count u32              = 2
llama_model_loader: - kv  12:     llama.attention.layer_norm_rms_epsilon f32              = 0.000010
llama_model_loader: - type  f32:   17 tensors
llama_model_loader: - type q4_0:    6 tensors
print_info: file format = GGUF V3 (latest)
print_info: file type   = (guessed) all F32
print_info: file size   = 0.07 MiB (9.40 BPW) 
llama_prepare_model_devices: using device CUDA0 (NVIDIA GeForce RTX 4060 Laptop GPU) (0000:01:00.0) - 7094 MiB free
load: adding 32 dummy tokens
print_info: arch                  = llama
print_info: vocab_only            = 0
print_info: no_alloc              = 0
print_info: n_ctx_train           = 128
print_info: n_embd_inp            = 32
print_info: n_embd                = 32
print_info: n_embd_out            = 32
print_info: n_layer               = 2
print_info: n_layer_all           = 2
print_info: n_head                = 2
print_info: n_head_kv             = 2
print_info: n_rot                 = 16
print_info: n_swa                 = 0
print_info: is_swa_any            = 0
print_info: n_embd_head_k         = 16
print_info: n_embd_head_v         = 16
print_info: n_gqa                 = 1
print_info: n_embd_k_gqa          = 32
print_info: n_embd_v_gqa          = 32
print_info: f_norm_eps            = 0.0e+00
print_info: f_norm_rms_eps        = 1.0e-05
print_info: f_clamp_kqv           = 0.0e+00
print_info: f_max_alibi_bias      = 0.0e+00
print_info: f_logit_scale         = 0.0e+00
print_info: f_attn_scale          = 0.0e+00
print_info: f_attn_value_scale    = 0.0000
print_info: n_ff                  = 64
print_info: n_expert              = 4
print_info: n_expert_used         = 2
print_info: n_expert_groups       = 0
print_info: n_group_used          = 0
print_info: causal attn           = 1
print_info: pooling type          = -1
print_info: rope type             = 0
print_info: rope scaling          = linear
print_info: freq_base_train       = 10000.0
print_info: freq_scale_train      = 1
print_info: n_ctx_orig_yarn       = 128
print_info: rope_yarn_log_mul     = 0.0000
print_info: rope_finetuned        = unknown
print_info: model type            = ?B
print_info: model params          = 59.81 K
print_info: general.name          = n/a
print_info: vocab type            = no vocab
print_info: n_vocab               = 32
print_info: n_merges              = 0
print_info: max token length      = 0
load_tensors: loading model tensors, this can take a while... (load_mode = mmap)
load_tensors: layer   0 assigned to device CPU, is_swa = 0
load_tensors: layer   1 assigned to device CPU, is_swa = 0
load_tensors: layer   2 assigned to device CPU, is_swa = 0
create_tensor: loading tensor token_embd.weight
create_tensor: loading tensor output_norm.weight
create_tensor: loading tensor output.weight
create_tensor: loading tensor blk.0.attn_norm.weight
create_tensor: loading tensor blk.0.attn_qkv.weight
create_tensor: loading tensor blk.0.attn_q.weight
create_tensor: loading tensor blk.0.attn_k.weight
create_tensor: loading tensor blk.0.attn_v.weight
create_tensor: loading tensor blk.0.attn_q.bias
create_tensor: loading tensor blk.0.attn_k.bias
create_tensor: loading tensor blk.0.attn_v.bias
create_tensor: loading tensor blk.0.attn_output.weight
create_tensor: loading tensor blk.0.attn_output.bias
create_tensor: loading tensor blk.0.ffn_norm.weight
create_tensor: loading tensor rope_freqs.weight
create_tensor: loading tensor blk.0.ffn_gate_inp.weight
create_tensor: loading tensor blk.0.ffn_gate_exps.weight
create_tensor: loading tensor blk.0.ffn_down_exps.weight
create_tensor: loading tensor blk.0.ffn_up_exps.weight
create_tensor: loading tensor blk.1.attn_norm.weight
create_tensor: loading tensor blk.1.attn_qkv.weight
create_tensor: loading tensor blk.1.attn_q.weight
create_tensor: loading tensor blk.1.attn_k.weight
create_tensor: loading tensor blk.1.attn_v.weight
create_tensor: loading tensor blk.1.attn_q.bias
create_tensor: loading tensor blk.1.attn_k.bias
create_tensor: loading tensor blk.1.attn_v.bias
create_tensor: loading tensor blk.1.attn_output.weight
create_tensor: loading tensor blk.1.attn_output.bias
create_tensor: loading tensor blk.1.ffn_norm.weight
create_tensor: loading tensor rope_freqs.weight
create_tensor: loading tensor blk.1.ffn_gate_inp.weight
create_tensor: loading tensor blk.1.ffn_gate_exps.weight
create_tensor: loading tensor blk.1.ffn_down_exps.weight
create_tensor: loading tensor blk.1.ffn_up_exps.weight
create_tensor: loading tensor blk.0.attn_q.scale
create_tensor: loading tensor blk.0.attn_k.scale
create_tensor: loading tensor blk.0.attn_v.scale
create_tensor: loading tensor blk.0.attn_output.scale
create_tensor: loading tensor blk.0.ffn_gate_exps.scale
create_tensor: loading tensor blk.0.ffn_down_exps.scale
create_tensor: loading tensor blk.0.ffn_up_exps.scale
create_tensor: loading tensor blk.0.attn_q.input_scale
create_tensor: loading tensor blk.0.attn_k.input_scale
create_tensor: loading tensor blk.0.attn_v.input_scale
create_tensor: loading tensor blk.0.attn_output.input_scale
create_tensor: loading tensor blk.0.ffn_gate_exps.input_scale
create_tensor: loading tensor blk.0.ffn_down_exps.input_scale
create_tensor: loading tensor blk.0.ffn_up_exps.input_scale
create_tensor: loading tensor blk.1.attn_q.scale
create_tensor: loading tensor blk.1.attn_k.scale
create_tensor: loading tensor blk.1.attn_v.scale
create_tensor: loading tensor blk.1.attn_output.scale
create_tensor: loading tensor blk.1.ffn_gate_exps.scale
create_tensor: loading tensor blk.1.ffn_down_exps.scale
create_tensor: loading tensor blk.1.ffn_up_exps.scale
create_tensor: loading tensor blk.1.attn_q.input_scale
create_tensor: loading tensor blk.1.attn_k.input_scale
create_tensor: loading tensor blk.1.attn_v.input_scale
create_tensor: loading tensor blk.1.attn_output.input_scale
create_tensor: loading tensor blk.1.ffn_gate_exps.input_scale
create_tensor: loading tensor blk.1.ffn_down_exps.input_scale
create_tensor: loading tensor blk.1.ffn_up_exps.input_scale
load_tensors: offloading 0 repeating layers to GPU
load_tensors: offloaded 0/3 layers to GPU
load_tensors:   CPU_Mapped model buffer size =     0.07 MiB
.....................
load_tensors: experimental host-bank MoE enabled, tile weights <= 3712 bytes; this is not a total memory limit
llama_context: constructing llama_context
llama_context: n_seq_max             = 1
llama_context: n_ctx                 = 256
llama_context: n_ctx_seq             = 256
llama_context: n_batch               = 32
llama_context: n_ubatch              = 8
llama_context: causal_attn           = 1
llama_context: flash_attn            = disabled
llama_context: kv_unified            = false
llama_context: freq_base             = 10000.0
llama_context: freq_scale            = 1
llama_context: n_rs_seq              = 0
llama_context: n_outputs_max         = 32
llama_context: n_outputs_max_per_seq = 1
llama_context: n_ctx_seq (256) > n_ctx_train (128) -- possible training context overflow
set_abort_callback: call
llama_context:        CPU  output buffer size =     0.00 MiB
llama_kv_cache: layer   0: dev = CPU
llama_kv_cache: layer   1: dev = CPU
llama_kv_cache:        CPU KV buffer size =     0.06 MiB
llama_kv_cache: size =    0.06 MiB (   256 cells,   2 layers,  1/1 seqs), K (f16):    0.03 MiB, V (f16):    0.03 MiB
llama_kv_cache: attn_rot_k = 0, n_embd_head_k_all = 16
llama_kv_cache: attn_rot_v = 0, n_embd_head_k_all = 16
llama_context: enumerating backends
llama_context: backend_ptrs.size() = 2
sched_reserve: reserving ...
sched_reserve: max_nodes = 1024
sched_reserve: decode graph slots = 4 (n_tokens <= 4)
sched_reserve: reserving full memory module
sched_reserve: worst-case: n_tokens = 8, n_seqs = 1, n_outputs = 1
resolve_fused_ops: resolving fused Gated Delta Net support:
graph_reserve: reserving a graph for ubatch with n_tokens =    1, n_seqs =  1, n_outputs =    1
resolve_fused_ops: fused Gated Delta Net (autoregressive) enabled
graph_reserve: reserving a graph for ubatch with n_tokens =   16, n_seqs =  1, n_outputs =   16
resolve_fused_ops: fused Gated Delta Net (chunked) enabled
resolve_fused_ops: resolving fused Lightning Indexer support:
graph_reserve: reserving a graph for ubatch with n_tokens =    1, n_seqs =  1, n_outputs =    1
resolve_fused_ops: Lightning Indexer enabled
resolve_fused_ops: resolving fused DeepSeek V4 HC support:
graph_reserve: reserving a graph for ubatch with n_tokens =    1, n_seqs =  1, n_outputs =    1
resolve_fused_ops: fused DeepSeek V4 HC pre enabled
graph_reserve: reserving a graph for ubatch with n_tokens =    1, n_seqs =  1, n_outputs =    1
resolve_fused_ops: fused DeepSeek V4 HC comb enabled
graph_reserve: reserving a graph for ubatch with n_tokens =    1, n_seqs =  1, n_outputs =    1
resolve_fused_ops: fused DeepSeek V4 HC post enabled
graph_reserve: reserving a graph for ubatch with n_tokens =    8, n_seqs =  1, n_outputs =    8
graph_reserve: reserving a graph for ubatch with n_tokens =    1, n_seqs =  1, n_outputs =    1
graph_reserve: reserving a graph for ubatch with n_tokens =    8, n_seqs =  1, n_outputs =    8
sched_reserve:  CUDA_Host compute buffer size =     0.03 MiB
sched_reserve: graph nodes  = 110
sched_reserve: graph splits = 1
sched_reserve: reserve took 3.33 ms, sched copies = 1
llama_context: constructing llama_context
llama_context: n_seq_max             = 1
llama_context: n_ctx                 = 256
llama_context: n_ctx_seq             = 256
llama_context: n_batch               = 32
llama_context: n_ubatch              = 8
llama_context: causal_attn           = 1
llama_context: flash_attn            = disabled
llama_context: kv_unified            = false
llama_context: freq_base             = 10000.0
llama_context: freq_scale            = 1
llama_context: n_rs_seq              = 0
llama_context: n_outputs_max         = 32
llama_context: n_outputs_max_per_seq = 1
llama_context: n_ctx_seq (256) > n_ctx_train (128) -- possible training context overflow
set_abort_callback: call
llama_context:        CPU  output buffer size =     0.00 MiB
llama_kv_cache: layer   0: dev = CPU
llama_kv_cache: layer   1: dev = CPU
llama_kv_cache:        CPU KV buffer size =     0.06 MiB
llama_kv_cache: size =    0.06 MiB (   256 cells,   2 layers,  1/1 seqs), K (f16):    0.03 MiB, V (f16):    0.03 MiB
llama_kv_cache: attn_rot_k = 0, n_embd_head_k_all = 16
llama_kv_cache: attn_rot_v = 0, n_embd_head_k_all = 16
llama_context: enumerating backends
llama_context: backend_ptrs.size() = 2
sched_reserve: reserving ...
sched_reserve: max_nodes = 1024
sched_reserve: decode graph slots = 4 (n_tokens <= 4)
sched_reserve: reserving full memory module
sched_reserve: worst-case: n_tokens = 8, n_seqs = 1, n_outputs = 1
resolve_fused_ops: resolving fused Gated Delta Net support:
graph_reserve: reserving a graph for ubatch with n_tokens =    1, n_seqs =  1, n_outputs =    1
resolve_fused_ops: fused Gated Delta Net (autoregressive) enabled
graph_reserve: reserving a graph for ubatch with n_tokens =   16, n_seqs =  1, n_outputs =   16
resolve_fused_ops: fused Gated Delta Net (chunked) enabled
resolve_fused_ops: resolving fused Lightning Indexer support:
graph_reserve: reserving a graph for ubatch with n_tokens =    1, n_seqs =  1, n_outputs =    1
resolve_fused_ops: Lightning Indexer enabled
resolve_fused_ops: resolving fused DeepSeek V4 HC support:
graph_reserve: reserving a graph for ubatch with n_tokens =    1, n_seqs =  1, n_outputs =    1
resolve_fused_ops: fused DeepSeek V4 HC pre enabled
graph_reserve: reserving a graph for ubatch with n_tokens =    1, n_seqs =  1, n_outputs =    1
resolve_fused_ops: fused DeepSeek V4 HC comb enabled
graph_reserve: reserving a graph for ubatch with n_tokens =    1, n_seqs =  1, n_outputs =    1
resolve_fused_ops: fused DeepSeek V4 HC post enabled
graph_reserve: reserving a graph for ubatch with n_tokens =    8, n_seqs =  1, n_outputs =    8
graph_reserve: reserving a graph for ubatch with n_tokens =    1, n_seqs =  1, n_outputs =    1
graph_reserve: reserving a graph for ubatch with n_tokens =    8, n_seqs =  1, n_outputs =    8
sched_reserve:  CUDA_Host compute buffer size =     0.03 MiB
sched_reserve: graph nodes  = 100
sched_reserve: graph splits = 1
sched_reserve: reserve took 1.93 ms, sched copies = 1
graph_reserve: reserving a graph for ubatch with n_tokens =    4, n_seqs =  1, n_outputs =    4
set_abort_callback: call
graph_compute: ggml_backend_sched_graph_compute_async failed with error 1
process_ubatch: failed to compute graph, compute status: 1
decode: removing memory module entries for seq_id = 0, pos = [59, +inf)
llama_decode: failed to decode, ret = 2
set_abort_callback: call
host-bank MoE execution failed: MoE routing weight must be finite
host-bank MoE execution failed: MoE routing weight must be finite
process_ubatch: failed to compute graph, compute status: -1
decode: removing memory module entries for seq_id = 0, pos = [59, +inf)
llama_decode: failed to decode, ret = -3
llama_context: constructing llama_context
llama_init_from_model: failed to initialize the context: host-bank MoE requires one sequence, op_offload=false and offload_kqv=false
llama_context: constructing llama_context
llama_init_from_model: failed to initialize the context: host-bank MoE requires one sequence, op_offload=false and offload_kqv=false
llama_context: constructing llama_context
llama_init_from_model: failed to initialize the context: host-bank MoE requires one sequence, op_offload=false and offload_kqv=false
llama_context: constructing llama_context
llama_init_from_model: failed to initialize the context: moe cache: invalid uniform arena geometry
llama_context: constructing llama_context
llama_init_from_model: failed to initialize the context: host-bank MoE cache requires model.moe_cpu_tile_bytes host-bank setup
~llama_context:      CUDA0 compute buffer size is   0.0000 MiB, matches expectation of   0.0000 MiB
~llama_context:  CUDA_Host compute buffer size is   0.0304 MiB, matches expectation of   0.0304 MiB
~llama_context:      CUDA0 compute buffer size is   0.0000 MiB, matches expectation of   0.0000 MiB
~llama_context:  CUDA_Host compute buffer size is   0.0304 MiB, matches expectation of   0.0304 MiB
llama_context: constructing llama_context
llama_context: n_seq_max             = 1
llama_context: n_ctx                 = 256
llama_context: n_ctx_seq             = 256
llama_context: n_batch               = 32
llama_context: n_ubatch              = 8
llama_context: causal_attn           = 1
llama_context: flash_attn            = disabled
llama_context: kv_unified            = false
llama_context: freq_base             = 10000.0
llama_context: freq_scale            = 1
llama_context: n_rs_seq              = 0
llama_context: n_outputs_max         = 32
llama_context: n_outputs_max_per_seq = 1
llama_context: n_ctx_seq (256) > n_ctx_train (128) -- possible training context overflow
set_abort_callback: call
llama_context:        CPU  output buffer size =     0.00 MiB
llama_kv_cache: layer   0: dev = CPU
llama_kv_cache: layer   1: dev = CPU
llama_kv_cache:        CPU KV buffer size =     0.06 MiB
llama_kv_cache: size =    0.06 MiB (   256 cells,   2 layers,  1/1 seqs), K (f16):    0.03 MiB, V (f16):    0.03 MiB
llama_kv_cache: attn_rot_k = 0, n_embd_head_k_all = 16
llama_kv_cache: attn_rot_v = 0, n_embd_head_k_all = 16
llama_context: enumerating backends
llama_context: backend_ptrs.size() = 2
sched_reserve: reserving ...
sched_reserve: max_nodes = 1024
sched_reserve: decode graph slots = 4 (n_tokens <= 4)
sched_reserve: reserving full memory module
sched_reserve: worst-case: n_tokens = 8, n_seqs = 1, n_outputs = 1
resolve_fused_ops: resolving fused Gated Delta Net support:
graph_reserve: reserving a graph for ubatch with n_tokens =    1, n_seqs =  1, n_outputs =    1
resolve_fused_ops: fused Gated Delta Net (autoregressive) enabled
graph_reserve: reserving a graph for ubatch with n_tokens =   16, n_seqs =  1, n_outputs =   16
resolve_fused_ops: fused Gated Delta Net (chunked) enabled
resolve_fused_ops: resolving fused Lightning Indexer support:
graph_reserve: reserving a graph for ubatch with n_tokens =    1, n_seqs =  1, n_outputs =    1
resolve_fused_ops: Lightning Indexer enabled
resolve_fused_ops: resolving fused DeepSeek V4 HC support:
graph_reserve: reserving a graph for ubatch with n_tokens =    1, n_seqs =  1, n_outputs =    1
resolve_fused_ops: fused DeepSeek V4 HC pre enabled
graph_reserve: reserving a graph for ubatch with n_tokens =    1, n_seqs =  1, n_outputs =    1
resolve_fused_ops: fused DeepSeek V4 HC comb enabled
graph_reserve: reserving a graph for ubatch with n_tokens =    1, n_seqs =  1, n_outputs =    1
resolve_fused_ops: fused DeepSeek V4 HC post enabled
graph_reserve: reserving a graph for ubatch with n_tokens =    8, n_seqs =  1, n_outputs =    8
graph_reserve: reserving a graph for ubatch with n_tokens =    1, n_seqs =  1, n_outputs =    1
graph_reserve: reserving a graph for ubatch with n_tokens =    8, n_seqs =  1, n_outputs =    8
sched_reserve:  CUDA_Host compute buffer size =     0.03 MiB
sched_reserve: graph nodes  = 100
sched_reserve: graph splits = 1
sched_reserve: reserve took 2.26 ms, sched copies = 1
llama_context: constructing llama_context
llama_context: n_seq_max             = 1
llama_context: n_ctx                 = 256
llama_context: n_ctx_seq             = 256
llama_context: n_batch               = 32
llama_context: n_ubatch              = 8
llama_context: causal_attn           = 1
llama_context: flash_attn            = disabled
llama_context: kv_unified            = false
llama_context: freq_base             = 10000.0
llama_context: freq_scale            = 1
llama_context: n_rs_seq              = 0
llama_context: n_outputs_max         = 32
llama_context: n_outputs_max_per_seq = 1
llama_context: n_ctx_seq (256) > n_ctx_train (128) -- possible training context overflow
set_abort_callback: call
llama_context:        CPU  output buffer size =     0.00 MiB
llama_kv_cache: layer   0: dev = CPU
llama_kv_cache: layer   1: dev = CPU
llama_kv_cache:        CPU KV buffer size =     0.06 MiB
llama_kv_cache: size =    0.06 MiB (   256 cells,   2 layers,  1/1 seqs), K (f16):    0.03 MiB, V (f16):    0.03 MiB
llama_kv_cache: attn_rot_k = 0, n_embd_head_k_all = 16
llama_kv_cache: attn_rot_v = 0, n_embd_head_k_all = 16
llama_context: enumerating backends
llama_context: backend_ptrs.size() = 2
sched_reserve: reserving ...
sched_reserve: max_nodes = 1024
sched_reserve: decode graph slots = 4 (n_tokens <= 4)
sched_reserve: reserving full memory module
sched_reserve: worst-case: n_tokens = 8, n_seqs = 1, n_outputs = 1
resolve_fused_ops: resolving fused Gated Delta Net support:
graph_reserve: reserving a graph for ubatch with n_tokens =    1, n_seqs =  1, n_outputs =    1
resolve_fused_ops: fused Gated Delta Net (autoregressive) enabled
graph_reserve: reserving a graph for ubatch with n_tokens =   16, n_seqs =  1, n_outputs =   16
resolve_fused_ops: fused Gated Delta Net (chunked) enabled
resolve_fused_ops: resolving fused Lightning Indexer support:
graph_reserve: reserving a graph for ubatch with n_tokens =    1, n_seqs =  1, n_outputs =    1
resolve_fused_ops: Lightning Indexer enabled
resolve_fused_ops: resolving fused DeepSeek V4 HC support:
graph_reserve: reserving a graph for ubatch with n_tokens =    1, n_seqs =  1, n_outputs =    1
resolve_fused_ops: fused DeepSeek V4 HC pre enabled
graph_reserve: reserving a graph for ubatch with n_tokens =    1, n_seqs =  1, n_outputs =    1
resolve_fused_ops: fused DeepSeek V4 HC comb enabled
graph_reserve: reserving a graph for ubatch with n_tokens =    1, n_seqs =  1, n_outputs =    1
resolve_fused_ops: fused DeepSeek V4 HC post enabled
graph_reserve: reserving a graph for ubatch with n_tokens =    8, n_seqs =  1, n_outputs =    8
graph_reserve: reserving a graph for ubatch with n_tokens =    1, n_seqs =  1, n_outputs =    1
graph_reserve: reserving a graph for ubatch with n_tokens =    8, n_seqs =  1, n_outputs =    8
sched_reserve:  CUDA_Host compute buffer size =     0.03 MiB
sched_reserve: graph nodes  = 110
sched_reserve: graph splits = 1
sched_reserve: reserve took 2.87 ms, sched copies = 1
~llama_context:      CUDA0 compute buffer size is   0.0000 MiB, matches expectation of   0.0000 MiB
~llama_context:  CUDA_Host compute buffer size is   0.0304 MiB, matches expectation of   0.0304 MiB
~llama_context:      CUDA0 compute buffer size is   0.0000 MiB, matches expectation of   0.0000 MiB
~llama_context:  CUDA_Host compute buffer size is   0.0304 MiB, matches expectation of   0.0304 MiB
llama_model_loader: loaded meta data with 13 key-value pairs and 23 tensors from C:\Users\cadel\AppData\Local\Temp\moe-integration-1702916.gguf (version GGUF V3 (latest))
llama_model_loader: Dumping metadata keys/values. Note: KV overrides do not apply in this output.
llama_model_loader: - kv   0:                       general.architecture str              = llama
llama_model_loader: - kv   1:                       tokenizer.ggml.model str              = no_vocab
llama_model_loader: - kv   2:                           llama.vocab_size u32              = 32
llama_model_loader: - kv   3:                       llama.context_length u32              = 128
llama_model_loader: - kv   4:                     llama.embedding_length u32              = 32
llama_model_loader: - kv   5:                          llama.block_count u32              = 2
llama_model_loader: - kv   6:                  llama.feed_forward_length u32              = 64
llama_model_loader: - kv   7:                 llama.attention.head_count u32              = 2
llama_model_loader: - kv   8:              llama.attention.head_count_kv u32              = 2
llama_model_loader: - kv   9:                 llama.rope.dimension_count u32              = 16
llama_model_loader: - kv  10:                         llama.expert_count u32              = 4
llama_model_loader: - kv  11:                    llama.expert_used_count u32              = 2
llama_model_loader: - kv  12:     llama.attention.layer_norm_rms_epsilon f32              = 0.000010
llama_model_loader: - type  f32:   17 tensors
llama_model_loader: - type q4_0:    6 tensors
print_info: file format = GGUF V3 (latest)
print_info: file type   = (guessed) all F32
print_info: file size   = 0.07 MiB (9.40 BPW) 
llama_prepare_model_devices: using device CUDA0 (NVIDIA GeForce RTX 4060 Laptop GPU) (0000:01:00.0) - 7094 MiB free
load: adding 32 dummy tokens
print_info: arch                  = llama
print_info: vocab_only            = 0
print_info: no_alloc              = 0
print_info: n_ctx_train           = 128
print_info: n_embd_inp            = 32
print_info: n_embd                = 32
print_info: n_embd_out            = 32
print_info: n_layer               = 2
print_info: n_layer_all           = 2
print_info: n_head                = 2
print_info: n_head_kv             = 2
print_info: n_rot                 = 16
print_info: n_swa                 = 0
print_info: is_swa_any            = 0
print_info: n_embd_head_k         = 16
print_info: n_embd_head_v         = 16
print_info: n_gqa                 = 1
print_info: n_embd_k_gqa          = 32
print_info: n_embd_v_gqa          = 32
print_info: f_norm_eps            = 0.0e+00
print_info: f_norm_rms_eps        = 1.0e-05
print_info: f_clamp_kqv           = 0.0e+00
print_info: f_max_alibi_bias      = 0.0e+00
print_info: f_logit_scale         = 0.0e+00
print_info: f_attn_scale          = 0.0e+00
print_info: f_attn_value_scale    = 0.0000
print_info: n_ff                  = 64
print_info: n_expert              = 4
print_info: n_expert_used         = 2
print_info: n_expert_groups       = 0
print_info: n_group_used          = 0
print_info: causal attn           = 1
print_info: pooling type          = -1
print_info: rope type             = 0
print_info: rope scaling          = linear
print_info: freq_base_train       = 10000.0
print_info: freq_scale_train      = 1
print_info: n_ctx_orig_yarn       = 128
print_info: rope_yarn_log_mul     = 0.0000
print_info: rope_finetuned        = unknown
print_info: model type            = ?B
print_info: model params          = 59.81 K
print_info: general.name          = n/a
print_info: vocab type            = no vocab
print_info: n_vocab               = 32
print_info: n_merges              = 0
print_info: max token length      = 0
load_tensors: loading model tensors, this can take a while... (load_mode = mmap)
load_tensors: layer   0 assigned to device CPU, is_swa = 0
load_tensors: layer   1 assigned to device CPU, is_swa = 0
load_tensors: layer   2 assigned to device CPU, is_swa = 0
create_tensor: loading tensor token_embd.weight
create_tensor: loading tensor output_norm.weight
create_tensor: loading tensor output.weight
create_tensor: loading tensor blk.0.attn_norm.weight
create_tensor: loading tensor blk.0.attn_qkv.weight
create_tensor: loading tensor blk.0.attn_q.weight
create_tensor: loading tensor blk.0.attn_k.weight
create_tensor: loading tensor blk.0.attn_v.weight
create_tensor: loading tensor blk.0.attn_q.bias
create_tensor: loading tensor blk.0.attn_k.bias
create_tensor: loading tensor blk.0.attn_v.bias
create_tensor: loading tensor blk.0.attn_output.weight
create_tensor: loading tensor blk.0.attn_output.bias
create_tensor: loading tensor blk.0.ffn_norm.weight
create_tensor: loading tensor rope_freqs.weight
create_tensor: loading tensor blk.0.ffn_gate_inp.weight
create_tensor: loading tensor blk.0.ffn_gate_exps.weight
create_tensor: loading tensor blk.0.ffn_down_exps.weight
create_tensor: loading tensor blk.0.ffn_up_exps.weight
create_tensor: loading tensor blk.1.attn_norm.weight
create_tensor: loading tensor blk.1.attn_qkv.weight
create_tensor: loading tensor blk.1.attn_q.weight
create_tensor: loading tensor blk.1.attn_k.weight
create_tensor: loading tensor blk.1.attn_v.weight
create_tensor: loading tensor blk.1.attn_q.bias
create_tensor: loading tensor blk.1.attn_k.bias
create_tensor: loading tensor blk.1.attn_v.bias
create_tensor: loading tensor blk.1.attn_output.weight
create_tensor: loading tensor blk.1.attn_output.bias
create_tensor: loading tensor blk.1.ffn_norm.weight
create_tensor: loading tensor rope_freqs.weight
create_tensor: loading tensor blk.1.ffn_gate_inp.weight
create_tensor: loading tensor blk.1.ffn_gate_exps.weight
create_tensor: loading tensor blk.1.ffn_down_exps.weight
create_tensor: loading tensor blk.1.ffn_up_exps.weight
create_tensor: loading tensor blk.0.attn_q.scale
create_tensor: loading tensor blk.0.attn_k.scale
create_tensor: loading tensor blk.0.attn_v.scale
create_tensor: loading tensor blk.0.attn_output.scale
create_tensor: loading tensor blk.0.ffn_gate_exps.scale
create_tensor: loading tensor blk.0.ffn_down_exps.scale
create_tensor: loading tensor blk.0.ffn_up_exps.scale
create_tensor: loading tensor blk.0.attn_q.input_scale
create_tensor: loading tensor blk.0.attn_k.input_scale
create_tensor: loading tensor blk.0.attn_v.input_scale
create_tensor: loading tensor blk.0.attn_output.input_scale
create_tensor: loading tensor blk.0.ffn_gate_exps.input_scale
create_tensor: loading tensor blk.0.ffn_down_exps.input_scale
create_tensor: loading tensor blk.0.ffn_up_exps.input_scale
create_tensor: loading tensor blk.1.attn_q.scale
create_tensor: loading tensor blk.1.attn_k.scale
create_tensor: loading tensor blk.1.attn_v.scale
create_tensor: loading tensor blk.1.attn_output.scale
create_tensor: loading tensor blk.1.ffn_gate_exps.scale
create_tensor: loading tensor blk.1.ffn_down_exps.scale
create_tensor: loading tensor blk.1.ffn_up_exps.scale
create_tensor: loading tensor blk.1.attn_q.input_scale
create_tensor: loading tensor blk.1.attn_k.input_scale
create_tensor: loading tensor blk.1.attn_v.input_scale
create_tensor: loading tensor blk.1.attn_output.input_scale
create_tensor: loading tensor blk.1.ffn_gate_exps.input_scale
create_tensor: loading tensor blk.1.ffn_down_exps.input_scale
create_tensor: loading tensor blk.1.ffn_up_exps.input_scale
done_getting_tensors: tensor 'token_embd.weight' (f32) (and 22 others) cannot be used with preferred buffer type CUDA_Host, using CPU instead
load_tensors: offloading 0 repeating layers to GPU
load_tensors: offloaded 0/3 layers to GPU
load_tensors:   CPU_Mapped model buffer size =     0.07 MiB
.....................
llama_model_loader: loaded meta data with 13 key-value pairs and 23 tensors from C:\Users\cadel\AppData\Local\Temp\moe-integration-1702916.gguf (version GGUF V3 (latest))
llama_model_loader: Dumping metadata keys/values. Note: KV overrides do not apply in this output.
llama_model_loader: - kv   0:                       general.architecture str              = llama
llama_model_loader: - kv   1:                       tokenizer.ggml.model str              = no_vocab
llama_model_loader: - kv   2:                           llama.vocab_size u32              = 32
llama_model_loader: - kv   3:                       llama.context_length u32              = 128
llama_model_loader: - kv   4:                     llama.embedding_length u32              = 32
llama_model_loader: - kv   5:                          llama.block_count u32              = 2
llama_model_loader: - kv   6:                  llama.feed_forward_length u32              = 64
llama_model_loader: - kv   7:                 llama.attention.head_count u32              = 2
llama_model_loader: - kv   8:              llama.attention.head_count_kv u32              = 2
llama_model_loader: - kv   9:                 llama.rope.dimension_count u32              = 16
llama_model_loader: - kv  10:                         llama.expert_count u32              = 4
llama_model_loader: - kv  11:                    llama.expert_used_count u32              = 2
llama_model_loader: - kv  12:     llama.attention.layer_norm_rms_epsilon f32              = 0.000010
llama_model_loader: - type  f32:   17 tensors
llama_model_loader: - type q4_0:    6 tensors
print_info: file format = GGUF V3 (latest)
print_info: file type   = (guessed) all F32
print_info: file size   = 0.07 MiB (9.40 BPW) 
llama_prepare_model_devices: using device CUDA0 (NVIDIA GeForce RTX 4060 Laptop GPU) (0000:01:00.0) - 7094 MiB free
load: adding 32 dummy tokens
print_info: arch                  = llama
print_info: vocab_only            = 0
print_info: no_alloc              = 0
print_info: n_ctx_train           = 128
print_info: n_embd_inp            = 32
print_info: n_embd                = 32
print_info: n_embd_out            = 32
print_info: n_layer               = 2
print_info: n_layer_all           = 2
print_info: n_head                = 2
print_info: n_head_kv             = 2
print_info: n_rot                 = 16
print_info: n_swa                 = 0
print_info: is_swa_any            = 0
print_info: n_embd_head_k         = 16
print_info: n_embd_head_v         = 16
print_info: n_gqa                 = 1
print_info: n_embd_k_gqa          = 32
print_info: n_embd_v_gqa          = 32
print_info: f_norm_eps            = 0.0e+00
print_info: f_norm_rms_eps        = 1.0e-05
print_info: f_clamp_kqv           = 0.0e+00
print_info: f_max_alibi_bias      = 0.0e+00
print_info: f_logit_scale         = 0.0e+00
print_info: f_attn_scale          = 0.0e+00
print_info: f_attn_value_scale    = 0.0000
print_info: n_ff                  = 64
print_info: n_expert              = 4
print_info: n_expert_used         = 2
print_info: n_expert_groups       = 0
print_info: n_group_used          = 0
print_info: causal attn           = 1
print_info: pooling type          = -1
print_info: rope type             = 0
print_info: rope scaling          = linear
print_info: freq_base_train       = 10000.0
print_info: freq_scale_train      = 1
print_info: n_ctx_orig_yarn       = 128
print_info: rope_yarn_log_mul     = 0.0000
print_info: rope_finetuned        = unknown
print_info: model type            = ?B
print_info: model params          = 59.81 K
print_info: general.name          = n/a
print_info: vocab type            = no vocab
print_info: n_vocab               = 32
print_info: n_merges              = 0
print_info: max token length      = 0
load_tensors: loading model tensors, this can take a while... (load_mode = mmap)
load_tensors: layer   0 assigned to device CPU, is_swa = 0
load_tensors: layer   1 assigned to device CPU, is_swa = 0
load_tensors: layer   2 assigned to device CPU, is_swa = 0
create_tensor: loading tensor token_embd.weight
create_tensor: loading tensor output_norm.weight
create_tensor: loading tensor output.weight
create_tensor: loading tensor blk.0.attn_norm.weight
create_tensor: loading tensor blk.0.attn_qkv.weight
create_tensor: loading tensor blk.0.attn_q.weight
create_tensor: loading tensor blk.0.attn_k.weight
create_tensor: loading tensor blk.0.attn_v.weight
create_tensor: loading tensor blk.0.attn_q.bias
create_tensor: loading tensor blk.0.attn_k.bias
create_tensor: loading tensor blk.0.attn_v.bias
create_tensor: loading tensor blk.0.attn_output.weight
create_tensor: loading tensor blk.0.attn_output.bias
create_tensor: loading tensor blk.0.ffn_norm.weight
create_tensor: loading tensor rope_freqs.weight
create_tensor: loading tensor blk.0.ffn_gate_inp.weight
create_tensor: loading tensor blk.0.ffn_gate_exps.weight
create_tensor: loading tensor blk.0.ffn_down_exps.weight
create_tensor: loading tensor blk.0.ffn_up_exps.weight
create_tensor: loading tensor blk.1.attn_norm.weight
create_tensor: loading tensor blk.1.attn_qkv.weight
create_tensor: loading tensor blk.1.attn_q.weight
create_tensor: loading tensor blk.1.attn_k.weight
create_tensor: loading tensor blk.1.attn_v.weight
create_tensor: loading tensor blk.1.attn_q.bias
create_tensor: loading tensor blk.1.attn_k.bias
create_tensor: loading tensor blk.1.attn_v.bias
create_tensor: loading tensor blk.1.attn_output.weight
create_tensor: loading tensor blk.1.attn_output.bias
create_tensor: loading tensor blk.1.ffn_norm.weight
create_tensor: loading tensor rope_freqs.weight
create_tensor: loading tensor blk.1.ffn_gate_inp.weight
create_tensor: loading tensor blk.1.ffn_gate_exps.weight
create_tensor: loading tensor blk.1.ffn_down_exps.weight
create_tensor: loading tensor blk.1.ffn_up_exps.weight
create_tensor: loading tensor blk.0.attn_q.scale
create_tensor: loading tensor blk.0.attn_k.scale
create_tensor: loading tensor blk.0.attn_v.scale
create_tensor: loading tensor blk.0.attn_output.scale
create_tensor: loading tensor blk.0.ffn_gate_exps.scale
create_tensor: loading tensor blk.0.ffn_down_exps.scale
create_tensor: loading tensor blk.0.ffn_up_exps.scale
create_tensor: loading tensor blk.0.attn_q.input_scale
create_tensor: loading tensor blk.0.attn_k.input_scale
create_tensor: loading tensor blk.0.attn_v.input_scale
create_tensor: loading tensor blk.0.attn_output.input_scale
create_tensor: loading tensor blk.0.ffn_gate_exps.input_scale
create_tensor: loading tensor blk.0.ffn_down_exps.input_scale
create_tensor: loading tensor blk.0.ffn_up_exps.input_scale
create_tensor: loading tensor blk.1.attn_q.scale
create_tensor: loading tensor blk.1.attn_k.scale
create_tensor: loading tensor blk.1.attn_v.scale
create_tensor: loading tensor blk.1.attn_output.scale
create_tensor: loading tensor blk.1.ffn_gate_exps.scale
create_tensor: loading tensor blk.1.ffn_down_exps.scale
create_tensor: loading tensor blk.1.ffn_up_exps.scale
create_tensor: loading tensor blk.1.attn_q.input_scale
create_tensor: loading tensor blk.1.attn_k.input_scale
create_tensor: loading tensor blk.1.attn_v.input_scale
create_tensor: loading tensor blk.1.attn_output.input_scale
create_tensor: loading tensor blk.1.ffn_gate_exps.input_scale
create_tensor: loading tensor blk.1.ffn_down_exps.input_scale
create_tensor: loading tensor blk.1.ffn_up_exps.input_scale
load_tensors: offloading 0 repeating layers to GPU
load_tensors: offloaded 0/3 layers to GPU
load_tensors:   CPU_Mapped model buffer size =     0.07 MiB
.....................
load_tensors: experimental host-bank MoE enabled, tile weights <= 14848 bytes; this is not a total memory limit
llama_context: constructing llama_context
llama_context: n_seq_max             = 1
llama_context: n_ctx                 = 256
llama_context: n_ctx_seq             = 256
llama_context: n_batch               = 32
llama_context: n_ubatch              = 8
llama_context: causal_attn           = 1
llama_context: flash_attn            = disabled
llama_context: kv_unified            = false
llama_context: freq_base             = 10000.0
llama_context: freq_scale            = 1
llama_context: n_rs_seq              = 0
llama_context: n_outputs_max         = 32
llama_context: n_outputs_max_per_seq = 1
llama_context: n_ctx_seq (256) > n_ctx_train (128) -- possible training context overflow
set_abort_callback: call
llama_context:        CPU  output buffer size =     0.00 MiB
llama_kv_cache: layer   0: dev = CPU
llama_kv_cache: layer   1: dev = CPU
llama_kv_cache:        CPU KV buffer size =     0.06 MiB
llama_kv_cache: size =    0.06 MiB (   256 cells,   2 layers,  1/1 seqs), K (f16):    0.03 MiB, V (f16):    0.03 MiB
llama_kv_cache: attn_rot_k = 0, n_embd_head_k_all = 16
llama_kv_cache: attn_rot_v = 0, n_embd_head_k_all = 16
llama_context: enumerating backends
llama_context: backend_ptrs.size() = 2
sched_reserve: reserving ...
sched_reserve: max_nodes = 1024
sched_reserve: decode graph slots = 4 (n_tokens <= 4)
sched_reserve: reserving full memory module
sched_reserve: worst-case: n_tokens = 8, n_seqs = 1, n_outputs = 1
resolve_fused_ops: resolving fused Gated Delta Net support:
graph_reserve: reserving a graph for ubatch with n_tokens =    1, n_seqs =  1, n_outputs =    1
resolve_fused_ops: fused Gated Delta Net (autoregressive) enabled
graph_reserve: reserving a graph for ubatch with n_tokens =   16, n_seqs =  1, n_outputs =   16
resolve_fused_ops: fused Gated Delta Net (chunked) enabled
resolve_fused_ops: resolving fused Lightning Indexer support:
graph_reserve: reserving a graph for ubatch with n_tokens =    1, n_seqs =  1, n_outputs =    1
resolve_fused_ops: Lightning Indexer enabled
resolve_fused_ops: resolving fused DeepSeek V4 HC support:
graph_reserve: reserving a graph for ubatch with n_tokens =    1, n_seqs =  1, n_outputs =    1
resolve_fused_ops: fused DeepSeek V4 HC pre enabled
graph_reserve: reserving a graph for ubatch with n_tokens =    1, n_seqs =  1, n_outputs =    1
resolve_fused_ops: fused DeepSeek V4 HC comb enabled
graph_reserve: reserving a graph for ubatch with n_tokens =    1, n_seqs =  1, n_outputs =    1
resolve_fused_ops: fused DeepSeek V4 HC post enabled
graph_reserve: reserving a graph for ubatch with n_tokens =    8, n_seqs =  1, n_outputs =    8
graph_reserve: reserving a graph for ubatch with n_tokens =    1, n_seqs =  1, n_outputs =    1
graph_reserve: reserving a graph for ubatch with n_tokens =    8, n_seqs =  1, n_outputs =    8
sched_reserve:  CUDA_Host compute buffer size =     0.03 MiB
sched_reserve: graph nodes  = 110
sched_reserve: graph splits = 1
sched_reserve: reserve took 2.36 ms, sched copies = 1
llama_context: constructing llama_context
llama_context: n_seq_max             = 1
llama_context: n_ctx                 = 256
llama_context: n_ctx_seq             = 256
llama_context: n_batch               = 32
llama_context: n_ubatch              = 8
llama_context: causal_attn           = 1
llama_context: flash_attn            = disabled
llama_context: kv_unified            = false
llama_context: freq_base             = 10000.0
llama_context: freq_scale            = 1
llama_context: n_rs_seq              = 0
llama_context: n_outputs_max         = 32
llama_context: n_outputs_max_per_seq = 1
llama_context: n_ctx_seq (256) > n_ctx_train (128) -- possible training context overflow
set_abort_callback: call
llama_context:        CPU  output buffer size =     0.00 MiB
llama_kv_cache: layer   0: dev = CPU
llama_kv_cache: layer   1: dev = CPU
llama_kv_cache:        CPU KV buffer size =     0.06 MiB
llama_kv_cache: size =    0.06 MiB (   256 cells,   2 layers,  1/1 seqs), K (f16):    0.03 MiB, V (f16):    0.03 MiB
llama_kv_cache: attn_rot_k = 0, n_embd_head_k_all = 16
llama_kv_cache: attn_rot_v = 0, n_embd_head_k_all = 16
llama_context: enumerating backends
llama_context: backend_ptrs.size() = 2
sched_reserve: reserving ...
sched_reserve: max_nodes = 1024
sched_reserve: decode graph slots = 4 (n_tokens <= 4)
sched_reserve: reserving full memory module
sched_reserve: worst-case: n_tokens = 8, n_seqs = 1, n_outputs = 1
resolve_fused_ops: resolving fused Gated Delta Net support:
graph_reserve: reserving a graph for ubatch with n_tokens =    1, n_seqs =  1, n_outputs =    1
resolve_fused_ops: fused Gated Delta Net (autoregressive) enabled
graph_reserve: reserving a graph for ubatch with n_tokens =   16, n_seqs =  1, n_outputs =   16
resolve_fused_ops: fused Gated Delta Net (chunked) enabled
resolve_fused_ops: resolving fused Lightning Indexer support:
graph_reserve: reserving a graph for ubatch with n_tokens =    1, n_seqs =  1, n_outputs =    1
resolve_fused_ops: Lightning Indexer enabled
resolve_fused_ops: resolving fused DeepSeek V4 HC support:
graph_reserve: reserving a graph for ubatch with n_tokens =    1, n_seqs =  1, n_outputs =    1
resolve_fused_ops: fused DeepSeek V4 HC pre enabled
graph_reserve: reserving a graph for ubatch with n_tokens =    1, n_seqs =  1, n_outputs =    1
resolve_fused_ops: fused DeepSeek V4 HC comb enabled
graph_reserve: reserving a graph for ubatch with n_tokens =    1, n_seqs =  1, n_outputs =    1
resolve_fused_ops: fused DeepSeek V4 HC post enabled
graph_reserve: reserving a graph for ubatch with n_tokens =    8, n_seqs =  1, n_outputs =    8
graph_reserve: reserving a graph for ubatch with n_tokens =    1, n_seqs =  1, n_outputs =    1
graph_reserve: reserving a graph for ubatch with n_tokens =    8, n_seqs =  1, n_outputs =    8
sched_reserve:  CUDA_Host compute buffer size =     0.03 MiB
sched_reserve: graph nodes  = 100
sched_reserve: graph splits = 1
sched_reserve: reserve took 1.17 ms, sched copies = 1
graph_reserve: reserving a graph for ubatch with n_tokens =    4, n_seqs =  1, n_outputs =    4
set_abort_callback: call
graph_compute: ggml_backend_sched_graph_compute_async failed with error 1
process_ubatch: failed to compute graph, compute status: 1
decode: removing memory module entries for seq_id = 0, pos = [59, +inf)
llama_decode: failed to decode, ret = 2
set_abort_callback: call
host-bank MoE execution failed: MoE routing weight must be finite
host-bank MoE execution failed: MoE routing weight must be finite
process_ubatch: failed to compute graph, compute status: -1
decode: removing memory module entries for seq_id = 0, pos = [59, +inf)
llama_decode: failed to decode, ret = -3
llama_context: constructing llama_context
llama_init_from_model: failed to initialize the context: host-bank MoE requires one sequence, op_offload=false and offload_kqv=false
llama_context: constructing llama_context
llama_init_from_model: failed to initialize the context: host-bank MoE requires one sequence, op_offload=false and offload_kqv=false
llama_context: constructing llama_context
llama_init_from_model: failed to initialize the context: host-bank MoE requires one sequence, op_offload=false and offload_kqv=false
llama_context: constructing llama_context
llama_init_from_model: failed to initialize the context: moe cache: invalid uniform arena geometry
llama_context: constructing llama_context
llama_init_from_model: failed to initialize the context: host-bank MoE cache requires model.moe_cpu_tile_bytes host-bank setup
~llama_context:      CUDA0 compute buffer size is   0.0000 MiB, matches expectation of   0.0000 MiB
~llama_context:  CUDA_Host compute buffer size is   0.0304 MiB, matches expectation of   0.0304 MiB
~llama_context:      CUDA0 compute buffer size is   0.0000 MiB, matches expectation of   0.0000 MiB
~llama_context:  CUDA_Host compute buffer size is   0.0304 MiB, matches expectation of   0.0304 MiB
llama_context: constructing llama_context
llama_context: n_seq_max             = 1
llama_context: n_ctx                 = 256
llama_context: n_ctx_seq             = 256
llama_context: n_batch               = 32
llama_context: n_ubatch              = 8
llama_context: causal_attn           = 1
llama_context: flash_attn            = disabled
llama_context: kv_unified            = false
llama_context: freq_base             = 10000.0
llama_context: freq_scale            = 1
llama_context: n_rs_seq              = 0
llama_context: n_outputs_max         = 32
llama_context: n_outputs_max_per_seq = 1
llama_context: n_ctx_seq (256) > n_ctx_train (128) -- possible training context overflow
set_abort_callback: call
llama_context:        CPU  output buffer size =     0.00 MiB
llama_kv_cache: layer   0: dev = CPU
llama_kv_cache: layer   1: dev = CPU
llama_kv_cache:        CPU KV buffer size =     0.06 MiB
llama_kv_cache: size =    0.06 MiB (   256 cells,   2 layers,  1/1 seqs), K (f16):    0.03 MiB, V (f16):    0.03 MiB
llama_kv_cache: attn_rot_k = 0, n_embd_head_k_all = 16
llama_kv_cache: attn_rot_v = 0, n_embd_head_k_all = 16
llama_context: enumerating backends
llama_context: backend_ptrs.size() = 2
sched_reserve: reserving ...
sched_reserve: max_nodes = 1024
sched_reserve: decode graph slots = 4 (n_tokens <= 4)
sched_reserve: reserving full memory module
sched_reserve: worst-case: n_tokens = 8, n_seqs = 1, n_outputs = 1
resolve_fused_ops: resolving fused Gated Delta Net support:
graph_reserve: reserving a graph for ubatch with n_tokens =    1, n_seqs =  1, n_outputs =    1
resolve_fused_ops: fused Gated Delta Net (autoregressive) enabled
graph_reserve: reserving a graph for ubatch with n_tokens =   16, n_seqs =  1, n_outputs =   16
resolve_fused_ops: fused Gated Delta Net (chunked) enabled
resolve_fused_ops: resolving fused Lightning Indexer support:
graph_reserve: reserving a graph for ubatch with n_tokens =    1, n_seqs =  1, n_outputs =    1
resolve_fused_ops: Lightning Indexer enabled
resolve_fused_ops: resolving fused DeepSeek V4 HC support:
graph_reserve: reserving a graph for ubatch with n_tokens =    1, n_seqs =  1, n_outputs =    1
resolve_fused_ops: fused DeepSeek V4 HC pre enabled
graph_reserve: reserving a graph for ubatch with n_tokens =    1, n_seqs =  1, n_outputs =    1
resolve_fused_ops: fused DeepSeek V4 HC comb enabled
graph_reserve: reserving a graph for ubatch with n_tokens =    1, n_seqs =  1, n_outputs =    1
resolve_fused_ops: fused DeepSeek V4 HC post enabled
graph_reserve: reserving a graph for ubatch with n_tokens =    8, n_seqs =  1, n_outputs =    8
graph_reserve: reserving a graph for ubatch with n_tokens =    1, n_seqs =  1, n_outputs =    1
graph_reserve: reserving a graph for ubatch with n_tokens =    8, n_seqs =  1, n_outputs =    8
sched_reserve:  CUDA_Host compute buffer size =     0.03 MiB
sched_reserve: graph nodes  = 100
sched_reserve: graph splits = 1
sched_reserve: reserve took 1.46 ms, sched copies = 1
llama_context: constructing llama_context
llama_context: n_seq_max             = 1
llama_context: n_ctx                 = 256
llama_context: n_ctx_seq             = 256
llama_context: n_batch               = 32
llama_context: n_ubatch              = 8
llama_context: causal_attn           = 1
llama_context: flash_attn            = disabled
llama_context: kv_unified            = false
llama_context: freq_base             = 10000.0
llama_context: freq_scale            = 1
llama_context: n_rs_seq              = 0
llama_context: n_outputs_max         = 32
llama_context: n_outputs_max_per_seq = 1
llama_context: n_ctx_seq (256) > n_ctx_train (128) -- possible training context overflow
set_abort_callback: call
llama_context:        CPU  output buffer size =     0.00 MiB
llama_kv_cache: layer   0: dev = CPU
llama_kv_cache: layer   1: dev = CPU
llama_kv_cache:        CPU KV buffer size =     0.06 MiB
llama_kv_cache: size =    0.06 MiB (   256 cells,   2 layers,  1/1 seqs), K (f16):    0.03 MiB, V (f16):    0.03 MiB
llama_kv_cache: attn_rot_k = 0, n_embd_head_k_all = 16
llama_kv_cache: attn_rot_v = 0, n_embd_head_k_all = 16
llama_context: enumerating backends
llama_context: backend_ptrs.size() = 2
sched_reserve: reserving ...
sched_reserve: max_nodes = 1024
sched_reserve: decode graph slots = 4 (n_tokens <= 4)
sched_reserve: reserving full memory module
sched_reserve: worst-case: n_tokens = 8, n_seqs = 1, n_outputs = 1
resolve_fused_ops: resolving fused Gated Delta Net support:
graph_reserve: reserving a graph for ubatch with n_tokens =    1, n_seqs =  1, n_outputs =    1
resolve_fused_ops: fused Gated Delta Net (autoregressive) enabled
graph_reserve: reserving a graph for ubatch with n_tokens =   16, n_seqs =  1, n_outputs =   16
resolve_fused_ops: fused Gated Delta Net (chunked) enabled
resolve_fused_ops: resolving fused Lightning Indexer support:
graph_reserve: reserving a graph for ubatch with n_tokens =    1, n_seqs =  1, n_outputs =    1
resolve_fused_ops: Lightning Indexer enabled
resolve_fused_ops: resolving fused DeepSeek V4 HC support:
graph_reserve: reserving a graph for ubatch with n_tokens =    1, n_seqs =  1, n_outputs =    1
resolve_fused_ops: fused DeepSeek V4 HC pre enabled
graph_reserve: reserving a graph for ubatch with n_tokens =    1, n_seqs =  1, n_outputs =    1
resolve_fused_ops: fused DeepSeek V4 HC comb enabled
graph_reserve: reserving a graph for ubatch with n_tokens =    1, n_seqs =  1, n_outputs =    1
resolve_fused_ops: fused DeepSeek V4 HC post enabled
graph_reserve: reserving a graph for ubatch with n_tokens =    8, n_seqs =  1, n_outputs =    8
graph_reserve: reserving a graph for ubatch with n_tokens =    1, n_seqs =  1, n_outputs =    1
graph_reserve: reserving a graph for ubatch with n_tokens =    8, n_seqs =  1, n_outputs =    8
sched_reserve:  CUDA_Host compute buffer size =     0.03 MiB
sched_reserve: graph nodes  = 110
sched_reserve: graph splits = 1
sched_reserve: reserve took 2.02 ms, sched copies = 1
~llama_context:      CUDA0 compute buffer size is   0.0000 MiB, matches expectation of   0.0000 MiB
~llama_context:  CUDA_Host compute buffer size is   0.0304 MiB, matches expectation of   0.0304 MiB
~llama_context:      CUDA0 compute buffer size is   0.0000 MiB, matches expectation of   0.0000 MiB
~llama_context:  CUDA_Host compute buffer size is   0.0304 MiB, matches expectation of   0.0304 MiB
llama_model_loader: loaded meta data with 13 key-value pairs and 23 tensors from C:\Users\cadel\AppData\Local\Temp\moe-integration-1702916.gguf (version GGUF V3 (latest))
llama_model_loader: Dumping metadata keys/values. Note: KV overrides do not apply in this output.
llama_model_loader: - kv   0:                       general.architecture str              = llama
llama_model_loader: - kv   1:                       tokenizer.ggml.model str              = no_vocab
llama_model_loader: - kv   2:                           llama.vocab_size u32              = 32
llama_model_loader: - kv   3:                       llama.context_length u32              = 128
llama_model_loader: - kv   4:                     llama.embedding_length u32              = 32
llama_model_loader: - kv   5:                          llama.block_count u32              = 2
llama_model_loader: - kv   6:                  llama.feed_forward_length u32              = 64
llama_model_loader: - kv   7:                 llama.attention.head_count u32              = 2
llama_model_loader: - kv   8:              llama.attention.head_count_kv u32              = 2
llama_model_loader: - kv   9:                 llama.rope.dimension_count u32              = 16
llama_model_loader: - kv  10:                         llama.expert_count u32              = 4
llama_model_loader: - kv  11:                    llama.expert_used_count u32              = 2
llama_model_loader: - kv  12:     llama.attention.layer_norm_rms_epsilon f32              = 0.000010
llama_model_loader: - type  f32:   17 tensors
llama_model_loader: - type q4_0:    6 tensors
print_info: file format = GGUF V3 (latest)
print_info: file type   = (guessed) all F32
print_info: file size   = 0.07 MiB (9.40 BPW) 
llama_prepare_model_devices: using device CUDA0 (NVIDIA GeForce RTX 4060 Laptop GPU) (0000:01:00.0) - 7094 MiB free
load: adding 32 dummy tokens
print_info: arch                  = llama
print_info: vocab_only            = 0
print_info: no_alloc              = 0
print_info: n_ctx_train           = 128
print_info: n_embd_inp            = 32
print_info: n_embd                = 32
print_info: n_embd_out            = 32
print_info: n_layer               = 2
print_info: n_layer_all           = 2
print_info: n_head                = 2
print_info: n_head_kv             = 2
print_info: n_rot                 = 16
print_info: n_swa                 = 0
print_info: is_swa_any            = 0
print_info: n_embd_head_k         = 16
print_info: n_embd_head_v         = 16
print_info: n_gqa                 = 1
print_info: n_embd_k_gqa          = 32
print_info: n_embd_v_gqa          = 32
print_info: f_norm_eps            = 0.0e+00
print_info: f_norm_rms_eps        = 1.0e-05
print_info: f_clamp_kqv           = 0.0e+00
print_info: f_max_alibi_bias      = 0.0e+00
print_info: f_logit_scale         = 0.0e+00
print_info: f_attn_scale          = 0.0e+00
print_info: f_attn_value_scale    = 0.0000
print_info: n_ff                  = 64
print_info: n_expert              = 4
print_info: n_expert_used         = 2
print_info: n_expert_groups       = 0
print_info: n_group_used          = 0
print_info: causal attn           = 1
print_info: pooling type          = -1
print_info: rope type             = 0
print_info: rope scaling          = linear
print_info: freq_base_train       = 10000.0
print_info: freq_scale_train      = 1
print_info: n_ctx_orig_yarn       = 128
print_info: rope_yarn_log_mul     = 0.0000
print_info: rope_finetuned        = unknown
print_info: model type            = ?B
print_info: model params          = 59.81 K
print_info: general.name          = n/a
print_info: vocab type            = no vocab
print_info: n_vocab               = 32
print_info: n_merges              = 0
print_info: max token length      = 0
load_tensors: loading model tensors, this can take a while... (load_mode = mmap)
load_tensors: layer   0 assigned to device CPU, is_swa = 0
load_tensors: layer   1 assigned to device CPU, is_swa = 0
load_tensors: layer   2 assigned to device CPU, is_swa = 0
create_tensor: loading tensor token_embd.weight
create_tensor: loading tensor output_norm.weight
create_tensor: loading tensor output.weight
create_tensor: loading tensor blk.0.attn_norm.weight
create_tensor: loading tensor blk.0.attn_qkv.weight
create_tensor: loading tensor blk.0.attn_q.weight
create_tensor: loading tensor blk.0.attn_k.weight
create_tensor: loading tensor blk.0.attn_v.weight
create_tensor: loading tensor blk.0.attn_q.bias
create_tensor: loading tensor blk.0.attn_k.bias
create_tensor: loading tensor blk.0.attn_v.bias
create_tensor: loading tensor blk.0.attn_output.weight
create_tensor: loading tensor blk.0.attn_output.bias
create_tensor: loading tensor blk.0.ffn_norm.weight
create_tensor: loading tensor rope_freqs.weight
create_tensor: loading tensor blk.0.ffn_gate_inp.weight
create_tensor: loading tensor blk.0.ffn_gate_exps.weight
create_tensor: loading tensor blk.0.ffn_down_exps.weight
create_tensor: loading tensor blk.0.ffn_up_exps.weight
create_tensor: loading tensor blk.1.attn_norm.weight
create_tensor: loading tensor blk.1.attn_qkv.weight
create_tensor: loading tensor blk.1.attn_q.weight
create_tensor: loading tensor blk.1.attn_k.weight
create_tensor: loading tensor blk.1.attn_v.weight
create_tensor: loading tensor blk.1.attn_q.bias
create_tensor: loading tensor blk.1.attn_k.bias
create_tensor: loading tensor blk.1.attn_v.bias
create_tensor: loading tensor blk.1.attn_output.weight
create_tensor: loading tensor blk.1.attn_output.bias
create_tensor: loading tensor blk.1.ffn_norm.weight
create_tensor: loading tensor rope_freqs.weight
create_tensor: loading tensor blk.1.ffn_gate_inp.weight
create_tensor: loading tensor blk.1.ffn_gate_exps.weight
create_tensor: loading tensor blk.1.ffn_down_exps.weight
create_tensor: loading tensor blk.1.ffn_up_exps.weight
create_tensor: loading tensor blk.0.attn_q.scale
create_tensor: loading tensor blk.0.attn_k.scale
create_tensor: loading tensor blk.0.attn_v.scale
create_tensor: loading tensor blk.0.attn_output.scale
create_tensor: loading tensor blk.0.ffn_gate_exps.scale
create_tensor: loading tensor blk.0.ffn_down_exps.scale
create_tensor: loading tensor blk.0.ffn_up_exps.scale
create_tensor: loading tensor blk.0.attn_q.input_scale
create_tensor: loading tensor blk.0.attn_k.input_scale
create_tensor: loading tensor blk.0.attn_v.input_scale
create_tensor: loading tensor blk.0.attn_output.input_scale
create_tensor: loading tensor blk.0.ffn_gate_exps.input_scale
create_tensor: loading tensor blk.0.ffn_down_exps.input_scale
create_tensor: loading tensor blk.0.ffn_up_exps.input_scale
create_tensor: loading tensor blk.1.attn_q.scale
create_tensor: loading tensor blk.1.attn_k.scale
create_tensor: loading tensor blk.1.attn_v.scale
create_tensor: loading tensor blk.1.attn_output.scale
create_tensor: loading tensor blk.1.ffn_gate_exps.scale
create_tensor: loading tensor blk.1.ffn_down_exps.scale
create_tensor: loading tensor blk.1.ffn_up_exps.scale
create_tensor: loading tensor blk.1.attn_q.input_scale
create_tensor: loading tensor blk.1.attn_k.input_scale
create_tensor: loading tensor blk.1.attn_v.input_scale
create_tensor: loading tensor blk.1.attn_output.input_scale
create_tensor: loading tensor blk.1.ffn_gate_exps.input_scale
create_tensor: loading tensor blk.1.ffn_down_exps.input_scale
create_tensor: loading tensor blk.1.ffn_up_exps.input_scale
done_getting_tensors: tensor 'token_embd.weight' (f32) (and 22 others) cannot be used with preferred buffer type CUDA_Host, using CPU instead
load_tensors: offloading 0 repeating layers to GPU
load_tensors: offloaded 0/3 layers to GPU
load_tensors:   CPU_Mapped model buffer size =     0.07 MiB
.....................
llama_model_loader: loaded meta data with 13 key-value pairs and 23 tensors from C:\Users\cadel\AppData\Local\Temp\moe-integration-1702916.gguf (version GGUF V3 (latest))
llama_model_loader: Dumping metadata keys/values. Note: KV overrides do not apply in this output.
llama_model_loader: - kv   0:                       general.architecture str              = llama
llama_model_loader: - kv   1:                       tokenizer.ggml.model str              = no_vocab
llama_model_loader: - kv   2:                           llama.vocab_size u32              = 32
llama_model_loader: - kv   3:                       llama.context_length u32              = 128
llama_model_loader: - kv   4:                     llama.embedding_length u32              = 32
llama_model_loader: - kv   5:                          llama.block_count u32              = 2
llama_model_loader: - kv   6:                  llama.feed_forward_length u32              = 64
llama_model_loader: - kv   7:                 llama.attention.head_count u32              = 2
llama_model_loader: - kv   8:              llama.attention.head_count_kv u32              = 2
llama_model_loader: - kv   9:                 llama.rope.dimension_count u32              = 16
llama_model_loader: - kv  10:                         llama.expert_count u32              = 4
llama_model_loader: - kv  11:                    llama.expert_used_count u32              = 2
llama_model_loader: - kv  12:     llama.attention.layer_norm_rms_epsilon f32              = 0.000010
llama_model_loader: - type  f32:   17 tensors
llama_model_loader: - type q4_0:    6 tensors
print_info: file format = GGUF V3 (latest)
print_info: file type   = (guessed) all F32
print_info: file size   = 0.07 MiB (9.40 BPW) 
llama_prepare_model_devices: using device CUDA0 (NVIDIA GeForce RTX 4060 Laptop GPU) (0000:01:00.0) - 7094 MiB free
load: adding 32 dummy tokens
print_info: arch                  = llama
print_info: vocab_only            = 0
print_info: no_alloc              = 0
print_info: n_ctx_train           = 128
print_info: n_embd_inp            = 32
print_info: n_embd                = 32
print_info: n_embd_out            = 32
print_info: n_layer               = 2
print_info: n_layer_all           = 2
print_info: n_head                = 2
print_info: n_head_kv             = 2
print_info: n_rot                 = 16
print_info: n_swa                 = 0
print_info: is_swa_any            = 0
print_info: n_embd_head_k         = 16
print_info: n_embd_head_v         = 16
print_info: n_gqa                 = 1
print_info: n_embd_k_gqa          = 32
print_info: n_embd_v_gqa          = 32
print_info: f_norm_eps            = 0.0e+00
print_info: f_norm_rms_eps        = 1.0e-05
print_info: f_clamp_kqv           = 0.0e+00
print_info: f_max_alibi_bias      = 0.0e+00
print_info: f_logit_scale         = 0.0e+00
print_info: f_attn_scale          = 0.0e+00
print_info: f_attn_value_scale    = 0.0000
print_info: n_ff                  = 64
print_info: n_expert              = 4
print_info: n_expert_used         = 2
print_info: n_expert_groups       = 0
print_info: n_group_used          = 0
print_info: causal attn           = 1
print_info: pooling type          = -1
print_info: rope type             = 0
print_info: rope scaling          = linear
print_info: freq_base_train       = 10000.0
print_info: freq_scale_train      = 1
print_info: n_ctx_orig_yarn       = 128
print_info: rope_yarn_log_mul     = 0.0000
print_info: rope_finetuned        = unknown
print_info: model type            = ?B
print_info: model params          = 59.81 K
print_info: general.name          = n/a
print_info: vocab type            = no vocab
print_info: n_vocab               = 32
print_info: n_merges              = 0
print_info: max token length      = 0
load_tensors: loading model tensors, this can take a while... (load_mode = mmap)
load_tensors: layer   0 assigned to device CPU, is_swa = 0
load_tensors: layer   1 assigned to device CPU, is_swa = 0
load_tensors: layer   2 assigned to device CPU, is_swa = 0
create_tensor: loading tensor token_embd.weight
create_tensor: loading tensor output_norm.weight
create_tensor: loading tensor output.weight
create_tensor: loading tensor blk.0.attn_norm.weight
create_tensor: loading tensor blk.0.attn_qkv.weight
create_tensor: loading tensor blk.0.attn_q.weight
create_tensor: loading tensor blk.0.attn_k.weight
create_tensor: loading tensor blk.0.attn_v.weight
create_tensor: loading tensor blk.0.attn_q.bias
create_tensor: loading tensor blk.0.attn_k.bias
create_tensor: loading tensor blk.0.attn_v.bias
create_tensor: loading tensor blk.0.attn_output.weight
create_tensor: loading tensor blk.0.attn_output.bias
create_tensor: loading tensor blk.0.ffn_norm.weight
create_tensor: loading tensor rope_freqs.weight
create_tensor: loading tensor blk.0.ffn_gate_inp.weight
create_tensor: loading tensor blk.0.ffn_gate_exps.weight
create_tensor: loading tensor blk.0.ffn_down_exps.weight
create_tensor: loading tensor blk.0.ffn_up_exps.weight
create_tensor: loading tensor blk.1.attn_norm.weight
create_tensor: loading tensor blk.1.attn_qkv.weight
create_tensor: loading tensor blk.1.attn_q.weight
create_tensor: loading tensor blk.1.attn_k.weight
create_tensor: loading tensor blk.1.attn_v.weight
create_tensor: loading tensor blk.1.attn_q.bias
create_tensor: loading tensor blk.1.attn_k.bias
create_tensor: loading tensor blk.1.attn_v.bias
create_tensor: loading tensor blk.1.attn_output.weight
create_tensor: loading tensor blk.1.attn_output.bias
create_tensor: loading tensor blk.1.ffn_norm.weight
create_tensor: loading tensor rope_freqs.weight
create_tensor: loading tensor blk.1.ffn_gate_inp.weight
create_tensor: loading tensor blk.1.ffn_gate_exps.weight
create_tensor: loading tensor blk.1.ffn_down_exps.weight
create_tensor: loading tensor blk.1.ffn_up_exps.weight
create_tensor: loading tensor blk.0.attn_q.scale
create_tensor: loading tensor blk.0.attn_k.scale
create_tensor: loading tensor blk.0.attn_v.scale
create_tensor: loading tensor blk.0.attn_output.scale
create_tensor: loading tensor blk.0.ffn_gate_exps.scale
create_tensor: loading tensor blk.0.ffn_down_exps.scale
create_tensor: loading tensor blk.0.ffn_up_exps.scale
create_tensor: loading tensor blk.0.attn_q.input_scale
create_tensor: loading tensor blk.0.attn_k.input_scale
create_tensor: loading tensor blk.0.attn_v.input_scale
create_tensor: loading tensor blk.0.attn_output.input_scale
create_tensor: loading tensor blk.0.ffn_gate_exps.input_scale
create_tensor: loading tensor blk.0.ffn_down_exps.input_scale
create_tensor: loading tensor blk.0.ffn_up_exps.input_scale
create_tensor: loading tensor blk.1.attn_q.scale
create_tensor: loading tensor blk.1.attn_k.scale
create_tensor: loading tensor blk.1.attn_v.scale
create_tensor: loading tensor blk.1.attn_output.scale
create_tensor: loading tensor blk.1.ffn_gate_exps.scale
create_tensor: loading tensor blk.1.ffn_down_exps.scale
create_tensor: loading tensor blk.1.ffn_up_exps.scale
create_tensor: loading tensor blk.1.attn_q.input_scale
create_tensor: loading tensor blk.1.attn_k.input_scale
create_tensor: loading tensor blk.1.attn_v.input_scale
create_tensor: loading tensor blk.1.attn_output.input_scale
create_tensor: loading tensor blk.1.ffn_gate_exps.input_scale
create_tensor: loading tensor blk.1.ffn_down_exps.input_scale
create_tensor: loading tensor blk.1.ffn_up_exps.input_scale
load_tensors: offloading 0 repeating layers to GPU
load_tensors: offloaded 0/3 layers to GPU
load_tensors:   CPU_Mapped model buffer size =     0.07 MiB
.....................
load_tensors: experimental host-bank MoE enabled, tile weights <= 3712 bytes; this is not a total memory limit
llama_context: constructing llama_context
llama_context: n_seq_max             = 1
llama_context: n_ctx                 = 256
llama_context: n_ctx_seq             = 256
llama_context: n_batch               = 32
llama_context: n_ubatch              = 8
llama_context: causal_attn           = 1
llama_context: flash_attn            = disabled
llama_context: kv_unified            = false
llama_context: freq_base             = 10000.0
llama_context: freq_scale            = 1
llama_context: n_rs_seq              = 0
llama_context: n_outputs_max         = 32
llama_context: n_outputs_max_per_seq = 1
llama_context: n_ctx_seq (256) > n_ctx_train (128) -- possible training context overflow
set_abort_callback: call
llama_context:        CPU  output buffer size =     0.00 MiB
llama_kv_cache: layer   0: dev = CPU
llama_kv_cache: layer   1: dev = CPU
llama_kv_cache:        CPU KV buffer size =     0.06 MiB
llama_kv_cache: size =    0.06 MiB (   256 cells,   2 layers,  1/1 seqs), K (f16):    0.03 MiB, V (f16):    0.03 MiB
llama_kv_cache: attn_rot_k = 0, n_embd_head_k_all = 16
llama_kv_cache: attn_rot_v = 0, n_embd_head_k_all = 16
llama_context: enumerating backends
llama_context: backend_ptrs.size() = 2
sched_reserve: reserving ...
sched_reserve: max_nodes = 1024
sched_reserve: decode graph slots = 4 (n_tokens <= 4)
sched_reserve: reserving full memory module
sched_reserve: worst-case: n_tokens = 8, n_seqs = 1, n_outputs = 1
resolve_fused_ops: resolving fused Gated Delta Net support:
graph_reserve: reserving a graph for ubatch with n_tokens =    1, n_seqs =  1, n_outputs =    1
resolve_fused_ops: fused Gated Delta Net (autoregressive) enabled
graph_reserve: reserving a graph for ubatch with n_tokens =   16, n_seqs =  1, n_outputs =   16
resolve_fused_ops: fused Gated Delta Net (chunked) enabled
resolve_fused_ops: resolving fused Lightning Indexer support:
graph_reserve: reserving a graph for ubatch with n_tokens =    1, n_seqs =  1, n_outputs =    1
resolve_fused_ops: Lightning Indexer enabled
resolve_fused_ops: resolving fused DeepSeek V4 HC support:
graph_reserve: reserving a graph for ubatch with n_tokens =    1, n_seqs =  1, n_outputs =    1
resolve_fused_ops: fused DeepSeek V4 HC pre enabled
graph_reserve: reserving a graph for ubatch with n_tokens =    1, n_seqs =  1, n_outputs =    1
resolve_fused_ops: fused DeepSeek V4 HC comb enabled
graph_reserve: reserving a graph for ubatch with n_tokens =    1, n_seqs =  1, n_outputs =    1
resolve_fused_ops: fused DeepSeek V4 HC post enabled
graph_reserve: reserving a graph for ubatch with n_tokens =    8, n_seqs =  1, n_outputs =    8
graph_reserve: reserving a graph for ubatch with n_tokens =    1, n_seqs =  1, n_outputs =    1
graph_reserve: reserving a graph for ubatch with n_tokens =    8, n_seqs =  1, n_outputs =    8
sched_reserve:  CUDA_Host compute buffer size =     0.03 MiB
sched_reserve: graph nodes  = 110
sched_reserve: graph splits = 1
sched_reserve: reserve took 2.34 ms, sched copies = 1
llama_context: constructing llama_context
llama_context: MoE device=CUDA0 cache=35840 staging=1048576 compute-limit=67108864 bytes
llama_context: n_seq_max             = 1
llama_context: n_ctx                 = 256
llama_context: n_ctx_seq             = 256
llama_context: n_batch               = 32
llama_context: n_ubatch              = 8
llama_context: causal_attn           = 1
llama_context: flash_attn            = disabled
llama_context: kv_unified            = false
llama_context: freq_base             = 10000.0
llama_context: freq_scale            = 1
llama_context: n_rs_seq              = 0
llama_context: n_outputs_max         = 32
llama_context: n_outputs_max_per_seq = 1
llama_context: n_ctx_seq (256) > n_ctx_train (128) -- possible training context overflow
set_abort_callback: call
llama_context:        CPU  output buffer size =     0.00 MiB
llama_kv_cache: layer   0: dev = CPU
llama_kv_cache: layer   1: dev = CPU
llama_kv_cache:        CPU KV buffer size =     0.06 MiB
llama_kv_cache: size =    0.06 MiB (   256 cells,   2 layers,  1/1 seqs), K (f16):    0.03 MiB, V (f16):    0.03 MiB
llama_kv_cache: attn_rot_k = 0, n_embd_head_k_all = 16
llama_kv_cache: attn_rot_v = 0, n_embd_head_k_all = 16
llama_context: enumerating backends
llama_context: backend_ptrs.size() = 2
sched_reserve: reserving ...
sched_reserve: max_nodes = 1024
sched_reserve: decode graph slots = 4 (n_tokens <= 4)
sched_reserve: reserving full memory module
sched_reserve: worst-case: n_tokens = 8, n_seqs = 1, n_outputs = 1
resolve_fused_ops: resolving fused Gated Delta Net support:
graph_reserve: reserving a graph for ubatch with n_tokens =    1, n_seqs =  1, n_outputs =    1
resolve_fused_ops: fused Gated Delta Net (autoregressive) enabled
graph_reserve: reserving a graph for ubatch with n_tokens =   16, n_seqs =  1, n_outputs =   16
resolve_fused_ops: fused Gated Delta Net (chunked) enabled
resolve_fused_ops: resolving fused Lightning Indexer support:
graph_reserve: reserving a graph for ubatch with n_tokens =    1, n_seqs =  1, n_outputs =    1
resolve_fused_ops: Lightning Indexer enabled
resolve_fused_ops: resolving fused DeepSeek V4 HC support:
graph_reserve: reserving a graph for ubatch with n_tokens =    1, n_seqs =  1, n_outputs =    1
resolve_fused_ops: fused DeepSeek V4 HC pre enabled
graph_reserve: reserving a graph for ubatch with n_tokens =    1, n_seqs =  1, n_outputs =    1
resolve_fused_ops: fused DeepSeek V4 HC comb enabled
graph_reserve: reserving a graph for ubatch with n_tokens =    1, n_seqs =  1, n_outputs =    1
resolve_fused_ops: fused DeepSeek V4 HC post enabled
graph_reserve: reserving a graph for ubatch with n_tokens =    8, n_seqs =  1, n_outputs =    8
graph_reserve: reserving a graph for ubatch with n_tokens =    1, n_seqs =  1, n_outputs =    1
graph_reserve: reserving a graph for ubatch with n_tokens =    8, n_seqs =  1, n_outputs =    8
sched_reserve:  CUDA_Host compute buffer size =     0.03 MiB
sched_reserve: graph nodes  = 100
sched_reserve: graph splits = 1
sched_reserve: reserve took 1.24 ms, sched copies = 1
graph_reserve: reserving a graph for ubatch with n_tokens =    4, n_seqs =  1, n_outputs =    4
FT_COMPARE layer=0 relative=6.02387e-08 first=-0.0199519/-0.0199519
FT_COMPARE layer=1 relative=5.8172e-08 first=-0.0420479/-0.0420479
FT_COMPARE layer=0 relative=7.80985e-08 first=0.0447507/0.0447507
FT_COMPARE layer=1 relative=7.68938e-08 first=0.0102823/0.0102823
FT_COMPARE layer=0 relative=7.16838e-08 first=0.0241/0.0241
FT_COMPARE layer=1 relative=8.77255e-08 first=-0.0860274/-0.0860274
FT_COMPARE layer=0 relative=7.74004e-08 first=0.0744783/0.0744783
FT_COMPARE layer=1 relative=9.61649e-08 first=-0.0126512/-0.0126512
FT_COMPARE layer=0 relative=4.19836e-08 first=-0.00313428/-0.00313428
FT_COMPARE layer=1 relative=3.81244e-08 first=-0.0167976/-0.0167976
FT_COMPARE layer=0 relative=5.31039e-08 first=0.051229/0.051229
FT_COMPARE layer=1 relative=5.30977e-08 first=0.0671059/0.0671059
FT_COMPARE layer=0 relative=6.27503e-08 first=-0.0777365/-0.0777365
FT_COMPARE layer=1 relative=8.15829e-08 first=0.0573465/0.0573465
FT_COMPARE layer=0 relative=7.54643e-08 first=-0.0245371/-0.0245371
FT_COMPARE layer=1 relative=8.11782e-08 first=-0.032049/-0.032049
FT_COMPARE layer=0 relative=6.65261e-08 first=0.0725713/0.0725713
FT_COMPARE layer=1 relative=6.4282e-08 first=-0.0770208/-0.0770208
FT_COMPARE layer=0 relative=7.10823e-08 first=0.0325224/0.0325224
FT_COMPARE layer=1 relative=7.54614e-08 first=0.00693451/0.00693451
FT_COMPARE layer=0 relative=6.78766e-08 first=-0.0521743/-0.0521743
FT_COMPARE layer=1 relative=6.95517e-08 first=-0.0457677/-0.0457677
FT_COMPARE layer=0 relative=7.71935e-08 first=-0.0672944/-0.0672944
FT_COMPARE layer=1 relative=7.57664e-08 first=-0.00389062/-0.00389063
FT_COMPARE layer=0 relative=5.32517e-08 first=-0.144339/-0.144339
FT_COMPARE layer=1 relative=5.65708e-08 first=0.0404701/0.0404701
FT_COMPARE layer=0 relative=6.25322e-08 first=-0.0562288/-0.0562288
FT_COMPARE layer=1 relative=5.84223e-08 first=-0.0909325/-0.0909325
FT_COMPARE layer=0 relative=5.72432e-08 first=0.0321663/0.0321663
FT_COMPARE layer=1 relative=5.02616e-08 first=0.022772/0.022772
FT_COMPARE layer=0 relative=1.0661e-07 first=-0.0180101/-0.0180101
FT_COMPARE layer=1 relative=7.29458e-08 first=-0.0429121/-0.0429121
FT_COMPARE layer=0 relative=4.27914e-08 first=-0.0780847/-0.0780847
FT_COMPARE layer=1 relative=7.5526e-08 first=0.0495529/0.0495529
FT_COMPARE layer=0 relative=8.45643e-08 first=0.024671/0.024671
FT_COMPARE layer=1 relative=6.83892e-08 first=-0.0438371/-0.0438371
FT_COMPARE layer=0 relative=5.97567e-08 first=0.0225541/0.0225541
FT_COMPARE layer=1 relative=9.95775e-08 first=-0.0412861/-0.0412861
FT_COMPARE layer=0 relative=5.00242e-08 first=0.0549158/0.0549158
FT_COMPARE layer=1 relative=6.50881e-08 first=-0.0131101/-0.0131101
FT_COMPARE layer=0 relative=4.82214e-08 first=0.0383452/0.0383452
FT_COMPARE layer=1 relative=8.89594e-08 first=0.0222782/0.0222782
FT_COMPARE layer=0 relative=5.14215e-08 first=-0.00875038/-0.00875038
FT_COMPARE layer=1 relative=9.26009e-08 first=-0.026389/-0.026389
FT_COMPARE layer=0 relative=8.60333e-08 first=-0.0563629/-0.0563629
FT_COMPARE layer=1 relative=4.31831e-08 first=-0.0677964/-0.0677964
FT_COMPARE layer=0 relative=5.62067e-08 first=-0.0554611/-0.0554611
FT_COMPARE layer=1 relative=8.57889e-08 first=-0.0201183/-0.0201183
FT_COMPARE layer=0 relative=6.97267e-08 first=0.0920617/0.0920617
FT_COMPARE layer=1 relative=5.71361e-08 first=-0.0462627/-0.0462627
FT_COMPARE layer=0 relative=3.92498e-08 first=0.040777/0.040777
FT_COMPARE layer=1 relative=6.20581e-08 first=-0.0807575/-0.0807575
FT_COMPARE layer=0 relative=7.62447e-08 first=0.0367365/0.0367365
FT_COMPARE layer=1 relative=5.70943e-08 first=-0.111005/-0.111005
FT_COMPARE layer=0 relative=6.87075e-08 first=0.137769/0.137769
FT_COMPARE layer=1 relative=7.26331e-08 first=-0.111755/-0.111755
FT_COMPARE layer=0 relative=6.46747e-08 first=0.0320056/0.0320056
FT_COMPARE layer=1 relative=6.97401e-08 first=-0.0494376/-0.0494376
FT_COMPARE layer=0 relative=6.34858e-08 first=-0.0718717/-0.0718717
FT_COMPARE layer=1 relative=5.74289e-08 first=0.0230986/0.0230986
FT_COMPARE layer=0 relative=8.53237e-08 first=-0.126657/-0.126657
FT_COMPARE layer=1 relative=8.33794e-08 first=-0.0260753/-0.0260753
FT_COMPARE layer=0 relative=6.07277e-08 first=-0.0314835/-0.0314835
FT_COMPARE layer=1 relative=6.4015e-08 first=0.0118076/0.0118076
FT_COMPARE layer=0 relative=5.65997e-08 first=-0.041775/-0.041775
FT_COMPARE layer=1 relative=5.18853e-08 first=0.0709356/0.0709356
FT_COMPARE layer=0 relative=6.69111e-08 first=0.0653112/0.0653112
FT_COMPARE layer=1 relative=4.54427e-08 first=0.0606998/0.0606998
FT_COMPARE layer=0 relative=4.54739e-08 first=-0.02574/-0.02574
FT_COMPARE layer=1 relative=5.4842e-08 first=-0.107054/-0.107054
FT_COMPARE layer=0 relative=6.52974e-08 first=-0.0607794/-0.0607794
FT_COMPARE layer=1 relative=7.26816e-08 first=-0.017193/-0.017193
FT_COMPARE layer=0 relative=7.1724e-08 first=0.0727982/0.0727982
FT_COMPARE layer=1 relative=6.6159e-08 first=-0.0386848/-0.0386848
FT_COMPARE layer=0 relative=7.70391e-08 first=-0.052126/-0.052126
FT_COMPARE layer=1 relative=6.73292e-08 first=0.142216/0.142216
FT_COMPARE layer=0 relative=5.59684e-08 first=-0.0209003/-0.0209003
FT_COMPARE layer=1 relative=7.00434e-08 first=0.123897/0.123897
FT_COMPARE layer=0 relative=7.56138e-08 first=-0.0054297/-0.0054297
FT_COMPARE layer=1 relative=7.2481e-08 first=-0.0472438/-0.0472438
FT_COMPARE layer=0 relative=5.50465e-08 first=0.116102/0.116102
FT_COMPARE layer=1 relative=5.22462e-08 first=-0.0970817/-0.0970817
FT_COMPARE layer=0 relative=7.98525e-08 first=0.029763/0.029763
FT_COMPARE layer=1 relative=7.55201e-08 first=0.0704637/0.0704637
FT_COMPARE layer=0 relative=7.6825e-08 first=-0.0574034/-0.0574033
FT_COMPARE layer=1 relative=6.86714e-08 first=-0.0481622/-0.0481622
FT_COMPARE layer=0 relative=9.3684e-08 first=-0.0872769/-0.0872769
FT_COMPARE layer=1 relative=7.73278e-08 first=0.0390294/0.0390294
FT_COMPARE layer=0 relative=6.03701e-08 first=-0.105145/-0.105145
FT_COMPARE layer=1 relative=8.32509e-08 first=0.0335369/0.0335369
FT_COMPARE layer=0 relative=7.53121e-08 first=-0.0482221/-0.0482221
FT_COMPARE layer=1 relative=7.8911e-08 first=-0.0735208/-0.0735208
FT_COMPARE layer=0 relative=6.41168e-08 first=-0.00594906/-0.00594906
FT_COMPARE layer=1 relative=7.17589e-08 first=0.0529583/0.0529583
FT_COMPARE layer=0 relative=1.34989e-07 first=-0.066592/-0.066592
FT_COMPARE layer=1 relative=6.27413e-08 first=-0.0452275/-0.0452275
set_abort_callback: call
graph_compute: ggml_backend_sched_graph_compute_async failed with error 1
process_ubatch: failed to compute graph, compute status: 1
decode: removing memory module entries for seq_id = 0, pos = [59, +inf)
llama_decode: failed to decode, ret = 2
set_abort_callback: call
graph_compute: ggml_backend_sched_graph_compute_async failed with error -1
host-bank MoE execution failed: MoE routing weight must be finite
process_ubatch: failed to compute graph, compute status: -1
decode: removing memory module entries for seq_id = 0, pos = [59, +inf)
llama_decode: failed to decode, ret = -3
FT_COMPARE layer=0 relative=4.44608e-08 first=-0.0783521/-0.0783521
FT_COMPARE layer=1 relative=7.96559e-08 first=0.085546/0.085546
llama_context: constructing llama_context
llama_init_from_model: failed to initialize the context: host-bank MoE requires one sequence, op_offload=false and offload_kqv=false
llama_context: constructing llama_context
llama_init_from_model: failed to initialize the context: host-bank MoE requires one sequence, op_offload=false and offload_kqv=false
llama_context: constructing llama_context
llama_init_from_model: failed to initialize the context: host-bank MoE requires one sequence, op_offload=false and offload_kqv=false
llama_context: constructing llama_context
llama_init_from_model: failed to initialize the context: moe cache: invalid uniform arena geometry
llama_context: constructing llama_context
llama_init_from_model: failed to initialize the context: host-bank MoE cache requires model.moe_cpu_tile_bytes host-bank setup
~llama_context:      CUDA0 compute buffer size is   0.0000 MiB, matches expectation of   0.0000 MiB
~llama_context:  CUDA_Host compute buffer size is   0.0304 MiB, matches expectation of   0.0304 MiB
~llama_context:      CUDA0 compute buffer size is   0.0000 MiB, matches expectation of   0.0000 MiB
~llama_context:  CUDA_Host compute buffer size is   0.0304 MiB, matches expectation of   0.0304 MiB
llama_context: constructing llama_context
llama_context: MoE device=CUDA0 cache=35840 staging=1048576 compute-limit=67108864 bytes
llama_context: n_seq_max             = 1
llama_context: n_ctx                 = 256
llama_context: n_ctx_seq             = 256
llama_context: n_batch               = 32
llama_context: n_ubatch              = 8
llama_context: causal_attn           = 1
llama_context: flash_attn            = disabled
llama_context: kv_unified            = false
llama_context: freq_base             = 10000.0
llama_context: freq_scale            = 1
llama_context: n_rs_seq              = 0
llama_context: n_outputs_max         = 32
llama_context: n_outputs_max_per_seq = 1
llama_context: n_ctx_seq (256) > n_ctx_train (128) -- possible training context overflow
set_abort_callback: call
llama_context:        CPU  output buffer size =     0.00 MiB
llama_kv_cache: layer   0: dev = CPU
llama_kv_cache: layer   1: dev = CPU
llama_kv_cache:        CPU KV buffer size =     0.06 MiB
llama_kv_cache: size =    0.06 MiB (   256 cells,   2 layers,  1/1 seqs), K (f16):    0.03 MiB, V (f16):    0.03 MiB
llama_kv_cache: attn_rot_k = 0, n_embd_head_k_all = 16
llama_kv_cache: attn_rot_v = 0, n_embd_head_k_all = 16
llama_context: enumerating backends
llama_context: backend_ptrs.size() = 2
sched_reserve: reserving ...
sched_reserve: max_nodes = 1024
sched_reserve: decode graph slots = 4 (n_tokens <= 4)
sched_reserve: reserving full memory module
sched_reserve: worst-case: n_tokens = 8, n_seqs = 1, n_outputs = 1
resolve_fused_ops: resolving fused Gated Delta Net support:
graph_reserve: reserving a graph for ubatch with n_tokens =    1, n_seqs =  1, n_outputs =    1
resolve_fused_ops: fused Gated Delta Net (autoregressive) enabled
graph_reserve: reserving a graph for ubatch with n_tokens =   16, n_seqs =  1, n_outputs =   16
resolve_fused_ops: fused Gated Delta Net (chunked) enabled
resolve_fused_ops: resolving fused Lightning Indexer support:
graph_reserve: reserving a graph for ubatch with n_tokens =    1, n_seqs =  1, n_outputs =    1
resolve_fused_ops: Lightning Indexer enabled
resolve_fused_ops: resolving fused DeepSeek V4 HC support:
graph_reserve: reserving a graph for ubatch with n_tokens =    1, n_seqs =  1, n_outputs =    1
resolve_fused_ops: fused DeepSeek V4 HC pre enabled
graph_reserve: reserving a graph for ubatch with n_tokens =    1, n_seqs =  1, n_outputs =    1
resolve_fused_ops: fused DeepSeek V4 HC comb enabled
graph_reserve: reserving a graph for ubatch with n_tokens =    1, n_seqs =  1, n_outputs =    1
resolve_fused_ops: fused DeepSeek V4 HC post enabled
graph_reserve: reserving a graph for ubatch with n_tokens =    8, n_seqs =  1, n_outputs =    8
graph_reserve: reserving a graph for ubatch with n_tokens =    1, n_seqs =  1, n_outputs =    1
graph_reserve: reserving a graph for ubatch with n_tokens =    8, n_seqs =  1, n_outputs =    8
sched_reserve:  CUDA_Host compute buffer size =     0.03 MiB
sched_reserve: graph nodes  = 100
sched_reserve: graph splits = 1
sched_reserve: reserve took 1.40 ms, sched copies = 1
llama_context: constructing llama_context
llama_context: n_seq_max             = 1
llama_context: n_ctx                 = 256
llama_context: n_ctx_seq             = 256
llama_context: n_batch               = 32
llama_context: n_ubatch              = 8
llama_context: causal_attn           = 1
llama_context: flash_attn            = disabled
llama_context: kv_unified            = false
llama_context: freq_base             = 10000.0
llama_context: freq_scale            = 1
llama_context: n_rs_seq              = 0
llama_context: n_outputs_max         = 32
llama_context: n_outputs_max_per_seq = 1
llama_context: n_ctx_seq (256) > n_ctx_train (128) -- possible training context overflow
set_abort_callback: call
llama_context:        CPU  output buffer size =     0.00 MiB
llama_kv_cache: layer   0: dev = CPU
llama_kv_cache: layer   1: dev = CPU
llama_kv_cache:        CPU KV buffer size =     0.06 MiB
llama_kv_cache: size =    0.06 MiB (   256 cells,   2 layers,  1/1 seqs), K (f16):    0.03 MiB, V (f16):    0.03 MiB
llama_kv_cache: attn_rot_k = 0, n_embd_head_k_all = 16
llama_kv_cache: attn_rot_v = 0, n_embd_head_k_all = 16
llama_context: enumerating backends
llama_context: backend_ptrs.size() = 2
sched_reserve: reserving ...
sched_reserve: max_nodes = 1024
sched_reserve: decode graph slots = 4 (n_tokens <= 4)
sched_reserve: reserving full memory module
sched_reserve: worst-case: n_tokens = 8, n_seqs = 1, n_outputs = 1
resolve_fused_ops: resolving fused Gated Delta Net support:
graph_reserve: reserving a graph for ubatch with n_tokens =    1, n_seqs =  1, n_outputs =    1
resolve_fused_ops: fused Gated Delta Net (autoregressive) enabled
graph_reserve: reserving a graph for ubatch with n_tokens =   16, n_seqs =  1, n_outputs =   16
resolve_fused_ops: fused Gated Delta Net (chunked) enabled
resolve_fused_ops: resolving fused Lightning Indexer support:
graph_reserve: reserving a graph for ubatch with n_tokens =    1, n_seqs =  1, n_outputs =    1
resolve_fused_ops: Lightning Indexer enabled
resolve_fused_ops: resolving fused DeepSeek V4 HC support:
graph_reserve: reserving a graph for ubatch with n_tokens =    1, n_seqs =  1, n_outputs =    1
resolve_fused_ops: fused DeepSeek V4 HC pre enabled
graph_reserve: reserving a graph for ubatch with n_tokens =    1, n_seqs =  1, n_outputs =    1
resolve_fused_ops: fused DeepSeek V4 HC comb enabled
graph_reserve: reserving a graph for ubatch with n_tokens =    1, n_seqs =  1, n_outputs =    1
resolve_fused_ops: fused DeepSeek V4 HC post enabled
graph_reserve: reserving a graph for ubatch with n_tokens =    8, n_seqs =  1, n_outputs =    8
graph_reserve: reserving a graph for ubatch with n_tokens =    1, n_seqs =  1, n_outputs =    1
graph_reserve: reserving a graph for ubatch with n_tokens =    8, n_seqs =  1, n_outputs =    8
sched_reserve:  CUDA_Host compute buffer size =     0.03 MiB
sched_reserve: graph nodes  = 110
sched_reserve: graph splits = 1
sched_reserve: reserve took 2.26 ms, sched copies = 1
FT_COMPARE layer=0 relative=6.02387e-08 first=-0.0199519/-0.0199519
FT_COMPARE layer=1 relative=5.8172e-08 first=-0.0420479/-0.0420479
~llama_context:      CUDA0 compute buffer size is   0.0000 MiB, matches expectation of   0.0000 MiB
~llama_context:  CUDA_Host compute buffer size is   0.0304 MiB, matches expectation of   0.0304 MiB
~llama_context:      CUDA0 compute buffer size is   0.0000 MiB, matches expectation of   0.0000 MiB
~llama_context:  CUDA_Host compute buffer size is   0.0304 MiB, matches expectation of   0.0304 MiB
llama_model_loader: loaded meta data with 13 key-value pairs and 23 tensors from C:\Users\cadel\AppData\Local\Temp\moe-integration-1702916.gguf (version GGUF V3 (latest))
llama_model_loader: Dumping metadata keys/values. Note: KV overrides do not apply in this output.
llama_model_loader: - kv   0:                       general.architecture str              = llama
llama_model_loader: - kv   1:                       tokenizer.ggml.model str              = no_vocab
llama_model_loader: - kv   2:                           llama.vocab_size u32              = 32
llama_model_loader: - kv   3:                       llama.context_length u32              = 128
llama_model_loader: - kv   4:                     llama.embedding_length u32              = 32
llama_model_loader: - kv   5:                          llama.block_count u32              = 2
llama_model_loader: - kv   6:                  llama.feed_forward_length u32              = 64
llama_model_loader: - kv   7:                 llama.attention.head_count u32              = 2
llama_model_loader: - kv   8:              llama.attention.head_count_kv u32              = 2
llama_model_loader: - kv   9:                 llama.rope.dimension_count u32              = 16
llama_model_loader: - kv  10:                         llama.expert_count u32              = 4
llama_model_loader: - kv  11:                    llama.expert_used_count u32              = 2
llama_model_loader: - kv  12:     llama.attention.layer_norm_rms_epsilon f32              = 0.000010
llama_model_loader: - type  f32:   17 tensors
llama_model_loader: - type q8_0:    6 tensors
print_info: file format = GGUF V3 (latest)
print_info: file type   = (guessed) all F32
print_info: file size   = 0.09 MiB (12.69 BPW) 
llama_prepare_model_devices: using device CUDA0 (NVIDIA GeForce RTX 4060 Laptop GPU) (0000:01:00.0) - 7094 MiB free
load: adding 32 dummy tokens
print_info: arch                  = llama
print_info: vocab_only            = 0
print_info: no_alloc              = 0
print_info: n_ctx_train           = 128
print_info: n_embd_inp            = 32
print_info: n_embd                = 32
print_info: n_embd_out            = 32
print_info: n_layer               = 2
print_info: n_layer_all           = 2
print_info: n_head                = 2
print_info: n_head_kv             = 2
print_info: n_rot                 = 16
print_info: n_swa                 = 0
print_info: is_swa_any            = 0
print_info: n_embd_head_k         = 16
print_info: n_embd_head_v         = 16
print_info: n_gqa                 = 1
print_info: n_embd_k_gqa          = 32
print_info: n_embd_v_gqa          = 32
print_info: f_norm_eps            = 0.0e+00
print_info: f_norm_rms_eps        = 1.0e-05
print_info: f_clamp_kqv           = 0.0e+00
print_info: f_max_alibi_bias      = 0.0e+00
print_info: f_logit_scale         = 0.0e+00
print_info: f_attn_scale          = 0.0e+00
print_info: f_attn_value_scale    = 0.0000
print_info: n_ff                  = 64
print_info: n_expert              = 4
print_info: n_expert_used         = 2
print_info: n_expert_groups       = 0
print_info: n_group_used          = 0
print_info: causal attn           = 1
print_info: pooling type          = -1
print_info: rope type             = 0
print_info: rope scaling          = linear
print_info: freq_base_train       = 10000.0
print_info: freq_scale_train      = 1
print_info: n_ctx_orig_yarn       = 128
print_info: rope_yarn_log_mul     = 0.0000
print_info: rope_finetuned        = unknown
print_info: model type            = ?B
print_info: model params          = 59.81 K
print_info: general.name          = n/a
print_info: vocab type            = no vocab
print_info: n_vocab               = 32
print_info: n_merges              = 0
print_info: max token length      = 0
load_tensors: loading model tensors, this can take a while... (load_mode = none)
load_tensors: layer   0 assigned to device CPU, is_swa = 0
load_tensors: layer   1 assigned to device CPU, is_swa = 0
load_tensors: layer   2 assigned to device CPU, is_swa = 0
create_tensor: loading tensor token_embd.weight
create_tensor: loading tensor output_norm.weight
create_tensor: loading tensor output.weight
create_tensor: loading tensor blk.0.attn_norm.weight
create_tensor: loading tensor blk.0.attn_qkv.weight
create_tensor: loading tensor blk.0.attn_q.weight
create_tensor: loading tensor blk.0.attn_k.weight
create_tensor: loading tensor blk.0.attn_v.weight
create_tensor: loading tensor blk.0.attn_q.bias
create_tensor: loading tensor blk.0.attn_k.bias
create_tensor: loading tensor blk.0.attn_v.bias
create_tensor: loading tensor blk.0.attn_output.weight
create_tensor: loading tensor blk.0.attn_output.bias
create_tensor: loading tensor blk.0.ffn_norm.weight
create_tensor: loading tensor rope_freqs.weight
create_tensor: loading tensor blk.0.ffn_gate_inp.weight
create_tensor: loading tensor blk.0.ffn_gate_exps.weight
create_tensor: loading tensor blk.0.ffn_down_exps.weight
create_tensor: loading tensor blk.0.ffn_up_exps.weight
create_tensor: loading tensor blk.1.attn_norm.weight
create_tensor: loading tensor blk.1.attn_qkv.weight
create_tensor: loading tensor blk.1.attn_q.weight
create_tensor: loading tensor blk.1.attn_k.weight
create_tensor: loading tensor blk.1.attn_v.weight
create_tensor: loading tensor blk.1.attn_q.bias
create_tensor: loading tensor blk.1.attn_k.bias
create_tensor: loading tensor blk.1.attn_v.bias
create_tensor: loading tensor blk.1.attn_output.weight
create_tensor: loading tensor blk.1.attn_output.bias
create_tensor: loading tensor blk.1.ffn_norm.weight
create_tensor: loading tensor rope_freqs.weight
create_tensor: loading tensor blk.1.ffn_gate_inp.weight
create_tensor: loading tensor blk.1.ffn_gate_exps.weight
create_tensor: loading tensor blk.1.ffn_down_exps.weight
create_tensor: loading tensor blk.1.ffn_up_exps.weight
create_tensor: loading tensor blk.0.attn_q.scale
create_tensor: loading tensor blk.0.attn_k.scale
create_tensor: loading tensor blk.0.attn_v.scale
create_tensor: loading tensor blk.0.attn_output.scale
create_tensor: loading tensor blk.0.ffn_gate_exps.scale
create_tensor: loading tensor blk.0.ffn_down_exps.scale
create_tensor: loading tensor blk.0.ffn_up_exps.scale
create_tensor: loading tensor blk.0.attn_q.input_scale
create_tensor: loading tensor blk.0.attn_k.input_scale
create_tensor: loading tensor blk.0.attn_v.input_scale
create_tensor: loading tensor blk.0.attn_output.input_scale
create_tensor: loading tensor blk.0.ffn_gate_exps.input_scale
create_tensor: loading tensor blk.0.ffn_down_exps.input_scale
create_tensor: loading tensor blk.0.ffn_up_exps.input_scale
create_tensor: loading tensor blk.1.attn_q.scale
create_tensor: loading tensor blk.1.attn_k.scale
create_tensor: loading tensor blk.1.attn_v.scale
create_tensor: loading tensor blk.1.attn_output.scale
create_tensor: loading tensor blk.1.ffn_gate_exps.scale
create_tensor: loading tensor blk.1.ffn_down_exps.scale
create_tensor: loading tensor blk.1.ffn_up_exps.scale
create_tensor: loading tensor blk.1.attn_q.input_scale
create_tensor: loading tensor blk.1.attn_k.input_scale
create_tensor: loading tensor blk.1.attn_v.input_scale
create_tensor: loading tensor blk.1.attn_output.input_scale
create_tensor: loading tensor blk.1.ffn_gate_exps.input_scale
create_tensor: loading tensor blk.1.ffn_down_exps.input_scale
create_tensor: loading tensor blk.1.ffn_up_exps.input_scale
load_tensors: offloading 0 repeating layers to GPU
load_tensors: offloaded 0/3 layers to GPU
load_tensors:    CUDA_Host model buffer size =     0.09 MiB
load_all_data: buffer type CUDA_Host is not the default buffer type for device CUDA0 for async uploads
.................
llama_model_loader: loaded meta data with 13 key-value pairs and 23 tensors from C:\Users\cadel\AppData\Local\Temp\moe-integration-1702916.gguf (version GGUF V3 (latest))
llama_model_loader: Dumping metadata keys/values. Note: KV overrides do not apply in this output.
llama_model_loader: - kv   0:                       general.architecture str              = llama
llama_model_loader: - kv   1:                       tokenizer.ggml.model str              = no_vocab
llama_model_loader: - kv   2:                           llama.vocab_size u32              = 32
llama_model_loader: - kv   3:                       llama.context_length u32              = 128
llama_model_loader: - kv   4:                     llama.embedding_length u32              = 32
llama_model_loader: - kv   5:                          llama.block_count u32              = 2
llama_model_loader: - kv   6:                  llama.feed_forward_length u32              = 64
llama_model_loader: - kv   7:                 llama.attention.head_count u32              = 2
llama_model_loader: - kv   8:              llama.attention.head_count_kv u32              = 2
llama_model_loader: - kv   9:                 llama.rope.dimension_count u32              = 16
llama_model_loader: - kv  10:                         llama.expert_count u32              = 4
llama_model_loader: - kv  11:                    llama.expert_used_count u32              = 2
llama_model_loader: - kv  12:     llama.attention.layer_norm_rms_epsilon f32              = 0.000010
llama_model_loader: - type  f32:   17 tensors
llama_model_loader: - type q8_0:    6 tensors
print_info: file format = GGUF V3 (latest)
print_info: file type   = (guessed) all F32
print_info: file size   = 0.09 MiB (12.69 BPW) 
llama_prepare_model_devices: using device CUDA0 (NVIDIA GeForce RTX 4060 Laptop GPU) (0000:01:00.0) - 7094 MiB free
load: adding 32 dummy tokens
print_info: arch                  = llama
print_info: vocab_only            = 0
print_info: no_alloc              = 0
print_info: n_ctx_train           = 128
print_info: n_embd_inp            = 32
print_info: n_embd                = 32
print_info: n_embd_out            = 32
print_info: n_layer               = 2
print_info: n_layer_all           = 2
print_info: n_head                = 2
print_info: n_head_kv             = 2
print_info: n_rot                 = 16
print_info: n_swa                 = 0
print_info: is_swa_any            = 0
print_info: n_embd_head_k         = 16
print_info: n_embd_head_v         = 16
print_info: n_gqa                 = 1
print_info: n_embd_k_gqa          = 32
print_info: n_embd_v_gqa          = 32
print_info: f_norm_eps            = 0.0e+00
print_info: f_norm_rms_eps        = 1.0e-05
print_info: f_clamp_kqv           = 0.0e+00
print_info: f_max_alibi_bias      = 0.0e+00
print_info: f_logit_scale         = 0.0e+00
print_info: f_attn_scale          = 0.0e+00
print_info: f_attn_value_scale    = 0.0000
print_info: n_ff                  = 64
print_info: n_expert              = 4
print_info: n_expert_used         = 2
print_info: n_expert_groups       = 0
print_info: n_group_used          = 0
print_info: causal attn           = 1
print_info: pooling type          = -1
print_info: rope type             = 0
print_info: rope scaling          = linear
print_info: freq_base_train       = 10000.0
print_info: freq_scale_train      = 1
print_info: n_ctx_orig_yarn       = 128
print_info: rope_yarn_log_mul     = 0.0000
print_info: rope_finetuned        = unknown
print_info: model type            = ?B
print_info: model params          = 59.81 K
print_info: general.name          = n/a
print_info: vocab type            = no vocab
print_info: n_vocab               = 32
print_info: n_merges              = 0
print_info: max token length      = 0
load_tensors: loading model tensors, this can take a while... (load_mode = none)
load_tensors: layer   0 assigned to device CPU, is_swa = 0
load_tensors: layer   1 assigned to device CPU, is_swa = 0
load_tensors: layer   2 assigned to device CPU, is_swa = 0
create_tensor: loading tensor token_embd.weight
create_tensor: loading tensor output_norm.weight
create_tensor: loading tensor output.weight
create_tensor: loading tensor blk.0.attn_norm.weight
create_tensor: loading tensor blk.0.attn_qkv.weight
create_tensor: loading tensor blk.0.attn_q.weight
create_tensor: loading tensor blk.0.attn_k.weight
create_tensor: loading tensor blk.0.attn_v.weight
create_tensor: loading tensor blk.0.attn_q.bias
create_tensor: loading tensor blk.0.attn_k.bias
create_tensor: loading tensor blk.0.attn_v.bias
create_tensor: loading tensor blk.0.attn_output.weight
create_tensor: loading tensor blk.0.attn_output.bias
create_tensor: loading tensor blk.0.ffn_norm.weight
create_tensor: loading tensor rope_freqs.weight
create_tensor: loading tensor blk.0.ffn_gate_inp.weight
create_tensor: loading tensor blk.0.ffn_gate_exps.weight
create_tensor: loading tensor blk.0.ffn_down_exps.weight
create_tensor: loading tensor blk.0.ffn_up_exps.weight
create_tensor: loading tensor blk.1.attn_norm.weight
create_tensor: loading tensor blk.1.attn_qkv.weight
create_tensor: loading tensor blk.1.attn_q.weight
create_tensor: loading tensor blk.1.attn_k.weight
create_tensor: loading tensor blk.1.attn_v.weight
create_tensor: loading tensor blk.1.attn_q.bias
create_tensor: loading tensor blk.1.attn_k.bias
create_tensor: loading tensor blk.1.attn_v.bias
create_tensor: loading tensor blk.1.attn_output.weight
create_tensor: loading tensor blk.1.attn_output.bias
create_tensor: loading tensor blk.1.ffn_norm.weight
create_tensor: loading tensor rope_freqs.weight
create_tensor: loading tensor blk.1.ffn_gate_inp.weight
create_tensor: loading tensor blk.1.ffn_gate_exps.weight
create_tensor: loading tensor blk.1.ffn_down_exps.weight
create_tensor: loading tensor blk.1.ffn_up_exps.weight
create_tensor: loading tensor blk.0.attn_q.scale
create_tensor: loading tensor blk.0.attn_k.scale
create_tensor: loading tensor blk.0.attn_v.scale
create_tensor: loading tensor blk.0.attn_output.scale
create_tensor: loading tensor blk.0.ffn_gate_exps.scale
create_tensor: loading tensor blk.0.ffn_down_exps.scale
create_tensor: loading tensor blk.0.ffn_up_exps.scale
create_tensor: loading tensor blk.0.attn_q.input_scale
create_tensor: loading tensor blk.0.attn_k.input_scale
create_tensor: loading tensor blk.0.attn_v.input_scale
create_tensor: loading tensor blk.0.attn_output.input_scale
create_tensor: loading tensor blk.0.ffn_gate_exps.input_scale
create_tensor: loading tensor blk.0.ffn_down_exps.input_scale
create_tensor: loading tensor blk.0.ffn_up_exps.input_scale
create_tensor: loading tensor blk.1.attn_q.scale
create_tensor: loading tensor blk.1.attn_k.scale
create_tensor: loading tensor blk.1.attn_v.scale
create_tensor: loading tensor blk.1.attn_output.scale
create_tensor: loading tensor blk.1.ffn_gate_exps.scale
create_tensor: loading tensor blk.1.ffn_down_exps.scale
create_tensor: loading tensor blk.1.ffn_up_exps.scale
create_tensor: loading tensor blk.1.attn_q.input_scale
create_tensor: loading tensor blk.1.attn_k.input_scale
create_tensor: loading tensor blk.1.attn_v.input_scale
create_tensor: loading tensor blk.1.attn_output.input_scale
create_tensor: loading tensor blk.1.ffn_gate_exps.input_scale
create_tensor: loading tensor blk.1.ffn_down_exps.input_scale
create_tensor: loading tensor blk.1.ffn_up_exps.input_scale
load_tensors: offloading 0 repeating layers to GPU
load_tensors: offloaded 0/3 layers to GPU
load_tensors:          CPU model buffer size =     0.09 MiB
load_all_data: no device found for buffer type CPU for async uploads
.................
load_tensors: experimental host-bank MoE enabled, tile weights <= 6784 bytes; this is not a total memory limit
llama_context: constructing llama_context
llama_context: n_seq_max             = 1
llama_context: n_ctx                 = 256
llama_context: n_ctx_seq             = 256
llama_context: n_batch               = 32
llama_context: n_ubatch              = 8
llama_context: causal_attn           = 1
llama_context: flash_attn            = disabled
llama_context: kv_unified            = false
llama_context: freq_base             = 10000.0
llama_context: freq_scale            = 1
llama_context: n_rs_seq              = 0
llama_context: n_outputs_max         = 32
llama_context: n_outputs_max_per_seq = 1
llama_context: n_ctx_seq (256) > n_ctx_train (128) -- possible training context overflow
set_abort_callback: call
llama_context:        CPU  output buffer size =     0.00 MiB
llama_kv_cache: layer   0: dev = CPU
llama_kv_cache: layer   1: dev = CPU
llama_kv_cache:        CPU KV buffer size =     0.06 MiB
llama_kv_cache: size =    0.06 MiB (   256 cells,   2 layers,  1/1 seqs), K (f16):    0.03 MiB, V (f16):    0.03 MiB
llama_kv_cache: attn_rot_k = 0, n_embd_head_k_all = 16
llama_kv_cache: attn_rot_v = 0, n_embd_head_k_all = 16
llama_context: enumerating backends
llama_context: backend_ptrs.size() = 2
sched_reserve: reserving ...
sched_reserve: max_nodes = 1024
sched_reserve: decode graph slots = 4 (n_tokens <= 4)
sched_reserve: reserving full memory module
sched_reserve: worst-case: n_tokens = 8, n_seqs = 1, n_outputs = 1
resolve_fused_ops: resolving fused Gated Delta Net support:
graph_reserve: reserving a graph for ubatch with n_tokens =    1, n_seqs =  1, n_outputs =    1
resolve_fused_ops: fused Gated Delta Net (autoregressive) enabled
graph_reserve: reserving a graph for ubatch with n_tokens =   16, n_seqs =  1, n_outputs =   16
resolve_fused_ops: fused Gated Delta Net (chunked) enabled
resolve_fused_ops: resolving fused Lightning Indexer support:
graph_reserve: reserving a graph for ubatch with n_tokens =    1, n_seqs =  1, n_outputs =    1
resolve_fused_ops: Lightning Indexer enabled
resolve_fused_ops: resolving fused DeepSeek V4 HC support:
graph_reserve: reserving a graph for ubatch with n_tokens =    1, n_seqs =  1, n_outputs =    1
resolve_fused_ops: fused DeepSeek V4 HC pre enabled
graph_reserve: reserving a graph for ubatch with n_tokens =    1, n_seqs =  1, n_outputs =    1
resolve_fused_ops: fused DeepSeek V4 HC comb enabled
graph_reserve: reserving a graph for ubatch with n_tokens =    1, n_seqs =  1, n_outputs =    1
resolve_fused_ops: fused DeepSeek V4 HC post enabled
graph_reserve: reserving a graph for ubatch with n_tokens =    8, n_seqs =  1, n_outputs =    8
graph_reserve: reserving a graph for ubatch with n_tokens =    1, n_seqs =  1, n_outputs =    1
graph_reserve: reserving a graph for ubatch with n_tokens =    8, n_seqs =  1, n_outputs =    8
sched_reserve:  CUDA_Host compute buffer size =     0.03 MiB
sched_reserve: graph nodes  = 110
sched_reserve: graph splits = 1
sched_reserve: reserve took 2.10 ms, sched copies = 1
llama_context: constructing llama_context
llama_context: n_seq_max             = 1
llama_context: n_ctx                 = 256
llama_context: n_ctx_seq             = 256
llama_context: n_batch               = 32
llama_context: n_ubatch              = 8
llama_context: causal_attn           = 1
llama_context: flash_attn            = disabled
llama_context: kv_unified            = false
llama_context: freq_base             = 10000.0
llama_context: freq_scale            = 1
llama_context: n_rs_seq              = 0
llama_context: n_outputs_max         = 32
llama_context: n_outputs_max_per_seq = 1
llama_context: n_ctx_seq (256) > n_ctx_train (128) -- possible training context overflow
set_abort_callback: call
llama_context:        CPU  output buffer size =     0.00 MiB
llama_kv_cache: layer   0: dev = CPU
llama_kv_cache: layer   1: dev = CPU
llama_kv_cache:        CPU KV buffer size =     0.06 MiB
llama_kv_cache: size =    0.06 MiB (   256 cells,   2 layers,  1/1 seqs), K (f16):    0.03 MiB, V (f16):    0.03 MiB
llama_kv_cache: attn_rot_k = 0, n_embd_head_k_all = 16
llama_kv_cache: attn_rot_v = 0, n_embd_head_k_all = 16
llama_context: enumerating backends
llama_context: backend_ptrs.size() = 2
sched_reserve: reserving ...
sched_reserve: max_nodes = 1024
sched_reserve: decode graph slots = 4 (n_tokens <= 4)
sched_reserve: reserving full memory module
sched_reserve: worst-case: n_tokens = 8, n_seqs = 1, n_outputs = 1
resolve_fused_ops: resolving fused Gated Delta Net support:
graph_reserve: reserving a graph for ubatch with n_tokens =    1, n_seqs =  1, n_outputs =    1
resolve_fused_ops: fused Gated Delta Net (autoregressive) enabled
graph_reserve: reserving a graph for ubatch with n_tokens =   16, n_seqs =  1, n_outputs =   16
resolve_fused_ops: fused Gated Delta Net (chunked) enabled
resolve_fused_ops: resolving fused Lightning Indexer support:
graph_reserve: reserving a graph for ubatch with n_tokens =    1, n_seqs =  1, n_outputs =    1
resolve_fused_ops: Lightning Indexer enabled
resolve_fused_ops: resolving fused DeepSeek V4 HC support:
graph_reserve: reserving a graph for ubatch with n_tokens =    1, n_seqs =  1, n_outputs =    1
resolve_fused_ops: fused DeepSeek V4 HC pre enabled
graph_reserve: reserving a graph for ubatch with n_tokens =    1, n_seqs =  1, n_outputs =    1
resolve_fused_ops: fused DeepSeek V4 HC comb enabled
graph_reserve: reserving a graph for ubatch with n_tokens =    1, n_seqs =  1, n_outputs =    1
resolve_fused_ops: fused DeepSeek V4 HC post enabled
graph_reserve: reserving a graph for ubatch with n_tokens =    8, n_seqs =  1, n_outputs =    8
graph_reserve: reserving a graph for ubatch with n_tokens =    1, n_seqs =  1, n_outputs =    1
graph_reserve: reserving a graph for ubatch with n_tokens =    8, n_seqs =  1, n_outputs =    8
sched_reserve:  CUDA_Host compute buffer size =     0.03 MiB
sched_reserve: graph nodes  = 100
sched_reserve: graph splits = 1
sched_reserve: reserve took 1.34 ms, sched copies = 1
graph_reserve: reserving a graph for ubatch with n_tokens =    4, n_seqs =  1, n_outputs =    4
set_abort_callback: call
graph_compute: ggml_backend_sched_graph_compute_async failed with error 1
process_ubatch: failed to compute graph, compute status: 1
decode: removing memory module entries for seq_id = 0, pos = [59, +inf)
llama_decode: failed to decode, ret = 2
set_abort_callback: call
host-bank MoE execution failed: MoE routing weight must be finite
host-bank MoE execution failed: MoE routing weight must be finite
process_ubatch: failed to compute graph, compute status: -1
decode: removing memory module entries for seq_id = 0, pos = [59, +inf)
llama_decode: failed to decode, ret = -3
llama_context: constructing llama_context
llama_init_from_model: failed to initialize the context: host-bank MoE requires one sequence, op_offload=false and offload_kqv=false
llama_context: constructing llama_context
llama_init_from_model: failed to initialize the context: host-bank MoE requires one sequence, op_offload=false and offload_kqv=false
llama_context: constructing llama_context
llama_init_from_model: failed to initialize the context: host-bank MoE requires one sequence, op_offload=false and offload_kqv=false
llama_context: constructing llama_context
llama_init_from_model: failed to initialize the context: moe cache: invalid uniform arena geometry
llama_context: constructing llama_context
llama_init_from_model: failed to initialize the context: host-bank MoE cache requires model.moe_cpu_tile_bytes host-bank setup
~llama_context:      CUDA0 compute buffer size is   0.0000 MiB, matches expectation of   0.0000 MiB
~llama_context:  CUDA_Host compute buffer size is   0.0304 MiB, matches expectation of   0.0304 MiB
~llama_context:      CUDA0 compute buffer size is   0.0000 MiB, matches expectation of   0.0000 MiB
~llama_context:  CUDA_Host compute buffer size is   0.0304 MiB, matches expectation of   0.0304 MiB
llama_context: constructing llama_context
llama_context: n_seq_max             = 1
llama_context: n_ctx                 = 256
llama_context: n_ctx_seq             = 256
llama_context: n_batch               = 32
llama_context: n_ubatch              = 8
llama_context: causal_attn           = 1
llama_context: flash_attn            = disabled
llama_context: kv_unified            = false
llama_context: freq_base             = 10000.0
llama_context: freq_scale            = 1
llama_context: n_rs_seq              = 0
llama_context: n_outputs_max         = 32
llama_context: n_outputs_max_per_seq = 1
llama_context: n_ctx_seq (256) > n_ctx_train (128) -- possible training context overflow
set_abort_callback: call
llama_context:        CPU  output buffer size =     0.00 MiB
llama_kv_cache: layer   0: dev = CPU
llama_kv_cache: layer   1: dev = CPU
llama_kv_cache:        CPU KV buffer size =     0.06 MiB
llama_kv_cache: size =    0.06 MiB (   256 cells,   2 layers,  1/1 seqs), K (f16):    0.03 MiB, V (f16):    0.03 MiB
llama_kv_cache: attn_rot_k = 0, n_embd_head_k_all = 16
llama_kv_cache: attn_rot_v = 0, n_embd_head_k_all = 16
llama_context: enumerating backends
llama_context: backend_ptrs.size() = 2
sched_reserve: reserving ...
sched_reserve: max_nodes = 1024
sched_reserve: decode graph slots = 4 (n_tokens <= 4)
sched_reserve: reserving full memory module
sched_reserve: worst-case: n_tokens = 8, n_seqs = 1, n_outputs = 1
resolve_fused_ops: resolving fused Gated Delta Net support:
graph_reserve: reserving a graph for ubatch with n_tokens =    1, n_seqs =  1, n_outputs =    1
resolve_fused_ops: fused Gated Delta Net (autoregressive) enabled
graph_reserve: reserving a graph for ubatch with n_tokens =   16, n_seqs =  1, n_outputs =   16
resolve_fused_ops: fused Gated Delta Net (chunked) enabled
resolve_fused_ops: resolving fused Lightning Indexer support:
graph_reserve: reserving a graph for ubatch with n_tokens =    1, n_seqs =  1, n_outputs =    1
resolve_fused_ops: Lightning Indexer enabled
resolve_fused_ops: resolving fused DeepSeek V4 HC support:
graph_reserve: reserving a graph for ubatch with n_tokens =    1, n_seqs =  1, n_outputs =    1
resolve_fused_ops: fused DeepSeek V4 HC pre enabled
graph_reserve: reserving a graph for ubatch with n_tokens =    1, n_seqs =  1, n_outputs =    1
resolve_fused_ops: fused DeepSeek V4 HC comb enabled
graph_reserve: reserving a graph for ubatch with n_tokens =    1, n_seqs =  1, n_outputs =    1
resolve_fused_ops: fused DeepSeek V4 HC post enabled
graph_reserve: reserving a graph for ubatch with n_tokens =    8, n_seqs =  1, n_outputs =    8
graph_reserve: reserving a graph for ubatch with n_tokens =    1, n_seqs =  1, n_outputs =    1
graph_reserve: reserving a graph for ubatch with n_tokens =    8, n_seqs =  1, n_outputs =    8
sched_reserve:  CUDA_Host compute buffer size =     0.03 MiB
sched_reserve: graph nodes  = 100
sched_reserve: graph splits = 1
sched_reserve: reserve took 1.24 ms, sched copies = 1
llama_context: constructing llama_context
llama_context: n_seq_max             = 1
llama_context: n_ctx                 = 256
llama_context: n_ctx_seq             = 256
llama_context: n_batch               = 32
llama_context: n_ubatch              = 8
llama_context: causal_attn           = 1
llama_context: flash_attn            = disabled
llama_context: kv_unified            = false
llama_context: freq_base             = 10000.0
llama_context: freq_scale            = 1
llama_context: n_rs_seq              = 0
llama_context: n_outputs_max         = 32
llama_context: n_outputs_max_per_seq = 1
llama_context: n_ctx_seq (256) > n_ctx_train (128) -- possible training context overflow
set_abort_callback: call
llama_context:        CPU  output buffer size =     0.00 MiB
llama_kv_cache: layer   0: dev = CPU
llama_kv_cache: layer   1: dev = CPU
llama_kv_cache:        CPU KV buffer size =     0.06 MiB
llama_kv_cache: size =    0.06 MiB (   256 cells,   2 layers,  1/1 seqs), K (f16):    0.03 MiB, V (f16):    0.03 MiB
llama_kv_cache: attn_rot_k = 0, n_embd_head_k_all = 16
llama_kv_cache: attn_rot_v = 0, n_embd_head_k_all = 16
llama_context: enumerating backends
llama_context: backend_ptrs.size() = 2
sched_reserve: reserving ...
sched_reserve: max_nodes = 1024
sched_reserve: decode graph slots = 4 (n_tokens <= 4)
sched_reserve: reserving full memory module
sched_reserve: worst-case: n_tokens = 8, n_seqs = 1, n_outputs = 1
resolve_fused_ops: resolving fused Gated Delta Net support:
graph_reserve: reserving a graph for ubatch with n_tokens =    1, n_seqs =  1, n_outputs =    1
resolve_fused_ops: fused Gated Delta Net (autoregressive) enabled
graph_reserve: reserving a graph for ubatch with n_tokens =   16, n_seqs =  1, n_outputs =   16
resolve_fused_ops: fused Gated Delta Net (chunked) enabled
resolve_fused_ops: resolving fused Lightning Indexer support:
graph_reserve: reserving a graph for ubatch with n_tokens =    1, n_seqs =  1, n_outputs =    1
resolve_fused_ops: Lightning Indexer enabled
resolve_fused_ops: resolving fused DeepSeek V4 HC support:
graph_reserve: reserving a graph for ubatch with n_tokens =    1, n_seqs =  1, n_outputs =    1
resolve_fused_ops: fused DeepSeek V4 HC pre enabled
graph_reserve: reserving a graph for ubatch with n_tokens =    1, n_seqs =  1, n_outputs =    1
resolve_fused_ops: fused DeepSeek V4 HC comb enabled
graph_reserve: reserving a graph for ubatch with n_tokens =    1, n_seqs =  1, n_outputs =    1
resolve_fused_ops: fused DeepSeek V4 HC post enabled
graph_reserve: reserving a graph for ubatch with n_tokens =    8, n_seqs =  1, n_outputs =    8
graph_reserve: reserving a graph for ubatch with n_tokens =    1, n_seqs =  1, n_outputs =    1
graph_reserve: reserving a graph for ubatch with n_tokens =    8, n_seqs =  1, n_outputs =    8
sched_reserve:  CUDA_Host compute buffer size =     0.03 MiB
sched_reserve: graph nodes  = 110
sched_reserve: graph splits = 1
sched_reserve: reserve took 1.98 ms, sched copies = 1
~llama_context:      CUDA0 compute buffer size is   0.0000 MiB, matches expectation of   0.0000 MiB
~llama_context:  CUDA_Host compute buffer size is   0.0304 MiB, matches expectation of   0.0304 MiB
~llama_context:      CUDA0 compute buffer size is   0.0000 MiB, matches expectation of   0.0000 MiB
~llama_context:  CUDA_Host compute buffer size is   0.0304 MiB, matches expectation of   0.0304 MiB
llama_model_loader: loaded meta data with 13 key-value pairs and 23 tensors from C:\Users\cadel\AppData\Local\Temp\moe-integration-1702916.gguf (version GGUF V3 (latest))
llama_model_loader: Dumping metadata keys/values. Note: KV overrides do not apply in this output.
llama_model_loader: - kv   0:                       general.architecture str              = llama
llama_model_loader: - kv   1:                       tokenizer.ggml.model str              = no_vocab
llama_model_loader: - kv   2:                           llama.vocab_size u32              = 32
llama_model_loader: - kv   3:                       llama.context_length u32              = 128
llama_model_loader: - kv   4:                     llama.embedding_length u32              = 32
llama_model_loader: - kv   5:                          llama.block_count u32              = 2
llama_model_loader: - kv   6:                  llama.feed_forward_length u32              = 64
llama_model_loader: - kv   7:                 llama.attention.head_count u32              = 2
llama_model_loader: - kv   8:              llama.attention.head_count_kv u32              = 2
llama_model_loader: - kv   9:                 llama.rope.dimension_count u32              = 16
llama_model_loader: - kv  10:                         llama.expert_count u32              = 4
llama_model_loader: - kv  11:                    llama.expert_used_count u32              = 2
llama_model_loader: - kv  12:     llama.attention.layer_norm_rms_epsilon f32              = 0.000010
llama_model_loader: - type  f32:   17 tensors
llama_model_loader: - type q8_0:    6 tensors
print_info: file format = GGUF V3 (latest)
print_info: file type   = (guessed) all F32
print_info: file size   = 0.09 MiB (12.69 BPW) 
llama_prepare_model_devices: using device CUDA0 (NVIDIA GeForce RTX 4060 Laptop GPU) (0000:01:00.0) - 7094 MiB free
load: adding 32 dummy tokens
print_info: arch                  = llama
print_info: vocab_only            = 0
print_info: no_alloc              = 0
print_info: n_ctx_train           = 128
print_info: n_embd_inp            = 32
print_info: n_embd                = 32
print_info: n_embd_out            = 32
print_info: n_layer               = 2
print_info: n_layer_all           = 2
print_info: n_head                = 2
print_info: n_head_kv             = 2
print_info: n_rot                 = 16
print_info: n_swa                 = 0
print_info: is_swa_any            = 0
print_info: n_embd_head_k         = 16
print_info: n_embd_head_v         = 16
print_info: n_gqa                 = 1
print_info: n_embd_k_gqa          = 32
print_info: n_embd_v_gqa          = 32
print_info: f_norm_eps            = 0.0e+00
print_info: f_norm_rms_eps        = 1.0e-05
print_info: f_clamp_kqv           = 0.0e+00
print_info: f_max_alibi_bias      = 0.0e+00
print_info: f_logit_scale         = 0.0e+00
print_info: f_attn_scale          = 0.0e+00
print_info: f_attn_value_scale    = 0.0000
print_info: n_ff                  = 64
print_info: n_expert              = 4
print_info: n_expert_used         = 2
print_info: n_expert_groups       = 0
print_info: n_group_used          = 0
print_info: causal attn           = 1
print_info: pooling type          = -1
print_info: rope type             = 0
print_info: rope scaling          = linear
print_info: freq_base_train       = 10000.0
print_info: freq_scale_train      = 1
print_info: n_ctx_orig_yarn       = 128
print_info: rope_yarn_log_mul     = 0.0000
print_info: rope_finetuned        = unknown
print_info: model type            = ?B
print_info: model params          = 59.81 K
print_info: general.name          = n/a
print_info: vocab type            = no vocab
print_info: n_vocab               = 32
print_info: n_merges              = 0
print_info: max token length      = 0
load_tensors: loading model tensors, this can take a while... (load_mode = none)
load_tensors: layer   0 assigned to device CPU, is_swa = 0
load_tensors: layer   1 assigned to device CPU, is_swa = 0
load_tensors: layer   2 assigned to device CPU, is_swa = 0
create_tensor: loading tensor token_embd.weight
create_tensor: loading tensor output_norm.weight
create_tensor: loading tensor output.weight
create_tensor: loading tensor blk.0.attn_norm.weight
create_tensor: loading tensor blk.0.attn_qkv.weight
create_tensor: loading tensor blk.0.attn_q.weight
create_tensor: loading tensor blk.0.attn_k.weight
create_tensor: loading tensor blk.0.attn_v.weight
create_tensor: loading tensor blk.0.attn_q.bias
create_tensor: loading tensor blk.0.attn_k.bias
create_tensor: loading tensor blk.0.attn_v.bias
create_tensor: loading tensor blk.0.attn_output.weight
create_tensor: loading tensor blk.0.attn_output.bias
create_tensor: loading tensor blk.0.ffn_norm.weight
create_tensor: loading tensor rope_freqs.weight
create_tensor: loading tensor blk.0.ffn_gate_inp.weight
create_tensor: loading tensor blk.0.ffn_gate_exps.weight
create_tensor: loading tensor blk.0.ffn_down_exps.weight
create_tensor: loading tensor blk.0.ffn_up_exps.weight
create_tensor: loading tensor blk.1.attn_norm.weight
create_tensor: loading tensor blk.1.attn_qkv.weight
create_tensor: loading tensor blk.1.attn_q.weight
create_tensor: loading tensor blk.1.attn_k.weight
create_tensor: loading tensor blk.1.attn_v.weight
create_tensor: loading tensor blk.1.attn_q.bias
create_tensor: loading tensor blk.1.attn_k.bias
create_tensor: loading tensor blk.1.attn_v.bias
create_tensor: loading tensor blk.1.attn_output.weight
create_tensor: loading tensor blk.1.attn_output.bias
create_tensor: loading tensor blk.1.ffn_norm.weight
create_tensor: loading tensor rope_freqs.weight
create_tensor: loading tensor blk.1.ffn_gate_inp.weight
create_tensor: loading tensor blk.1.ffn_gate_exps.weight
create_tensor: loading tensor blk.1.ffn_down_exps.weight
create_tensor: loading tensor blk.1.ffn_up_exps.weight
create_tensor: loading tensor blk.0.attn_q.scale
create_tensor: loading tensor blk.0.attn_k.scale
create_tensor: loading tensor blk.0.attn_v.scale
create_tensor: loading tensor blk.0.attn_output.scale
create_tensor: loading tensor blk.0.ffn_gate_exps.scale
create_tensor: loading tensor blk.0.ffn_down_exps.scale
create_tensor: loading tensor blk.0.ffn_up_exps.scale
create_tensor: loading tensor blk.0.attn_q.input_scale
create_tensor: loading tensor blk.0.attn_k.input_scale
create_tensor: loading tensor blk.0.attn_v.input_scale
create_tensor: loading tensor blk.0.attn_output.input_scale
create_tensor: loading tensor blk.0.ffn_gate_exps.input_scale
create_tensor: loading tensor blk.0.ffn_down_exps.input_scale
create_tensor: loading tensor blk.0.ffn_up_exps.input_scale
create_tensor: loading tensor blk.1.attn_q.scale
create_tensor: loading tensor blk.1.attn_k.scale
create_tensor: loading tensor blk.1.attn_v.scale
create_tensor: loading tensor blk.1.attn_output.scale
create_tensor: loading tensor blk.1.ffn_gate_exps.scale
create_tensor: loading tensor blk.1.ffn_down_exps.scale
create_tensor: loading tensor blk.1.ffn_up_exps.scale
create_tensor: loading tensor blk.1.attn_q.input_scale
create_tensor: loading tensor blk.1.attn_k.input_scale
create_tensor: loading tensor blk.1.attn_v.input_scale
create_tensor: loading tensor blk.1.attn_output.input_scale
create_tensor: loading tensor blk.1.ffn_gate_exps.input_scale
create_tensor: loading tensor blk.1.ffn_down_exps.input_scale
create_tensor: loading tensor blk.1.ffn_up_exps.input_scale
load_tensors: offloading 0 repeating layers to GPU
load_tensors: offloaded 0/3 layers to GPU
load_tensors:    CUDA_Host model buffer size =     0.09 MiB
load_all_data: buffer type CUDA_Host is not the default buffer type for device CUDA0 for async uploads
.................
llama_model_loader: loaded meta data with 13 key-value pairs and 23 tensors from C:\Users\cadel\AppData\Local\Temp\moe-integration-1702916.gguf (version GGUF V3 (latest))
llama_model_loader: Dumping metadata keys/values. Note: KV overrides do not apply in this output.
llama_model_loader: - kv   0:                       general.architecture str              = llama
llama_model_loader: - kv   1:                       tokenizer.ggml.model str              = no_vocab
llama_model_loader: - kv   2:                           llama.vocab_size u32              = 32
llama_model_loader: - kv   3:                       llama.context_length u32              = 128
llama_model_loader: - kv   4:                     llama.embedding_length u32              = 32
llama_model_loader: - kv   5:                          llama.block_count u32              = 2
llama_model_loader: - kv   6:                  llama.feed_forward_length u32              = 64
llama_model_loader: - kv   7:                 llama.attention.head_count u32              = 2
llama_model_loader: - kv   8:              llama.attention.head_count_kv u32              = 2
llama_model_loader: - kv   9:                 llama.rope.dimension_count u32              = 16
llama_model_loader: - kv  10:                         llama.expert_count u32              = 4
llama_model_loader: - kv  11:                    llama.expert_used_count u32              = 2
llama_model_loader: - kv  12:     llama.attention.layer_norm_rms_epsilon f32              = 0.000010
llama_model_loader: - type  f32:   17 tensors
llama_model_loader: - type q8_0:    6 tensors
print_info: file format = GGUF V3 (latest)
print_info: file type   = (guessed) all F32
print_info: file size   = 0.09 MiB (12.69 BPW) 
llama_prepare_model_devices: using device CUDA0 (NVIDIA GeForce RTX 4060 Laptop GPU) (0000:01:00.0) - 7094 MiB free
load: adding 32 dummy tokens
print_info: arch                  = llama
print_info: vocab_only            = 0
print_info: no_alloc              = 0
print_info: n_ctx_train           = 128
print_info: n_embd_inp            = 32
print_info: n_embd                = 32
print_info: n_embd_out            = 32
print_info: n_layer               = 2
print_info: n_layer_all           = 2
print_info: n_head                = 2
print_info: n_head_kv             = 2
print_info: n_rot                 = 16
print_info: n_swa                 = 0
print_info: is_swa_any            = 0
print_info: n_embd_head_k         = 16
print_info: n_embd_head_v         = 16
print_info: n_gqa                 = 1
print_info: n_embd_k_gqa          = 32
print_info: n_embd_v_gqa          = 32
print_info: f_norm_eps            = 0.0e+00
print_info: f_norm_rms_eps        = 1.0e-05
print_info: f_clamp_kqv           = 0.0e+00
print_info: f_max_alibi_bias      = 0.0e+00
print_info: f_logit_scale         = 0.0e+00
print_info: f_attn_scale          = 0.0e+00
print_info: f_attn_value_scale    = 0.0000
print_info: n_ff                  = 64
print_info: n_expert              = 4
print_info: n_expert_used         = 2
print_info: n_expert_groups       = 0
print_info: n_group_used          = 0
print_info: causal attn           = 1
print_info: pooling type          = -1
print_info: rope type             = 0
print_info: rope scaling          = linear
print_info: freq_base_train       = 10000.0
print_info: freq_scale_train      = 1
print_info: n_ctx_orig_yarn       = 128
print_info: rope_yarn_log_mul     = 0.0000
print_info: rope_finetuned        = unknown
print_info: model type            = ?B
print_info: model params          = 59.81 K
print_info: general.name          = n/a
print_info: vocab type            = no vocab
print_info: n_vocab               = 32
print_info: n_merges              = 0
print_info: max token length      = 0
load_tensors: loading model tensors, this can take a while... (load_mode = none)
load_tensors: layer   0 assigned to device CPU, is_swa = 0
load_tensors: layer   1 assigned to device CPU, is_swa = 0
load_tensors: layer   2 assigned to device CPU, is_swa = 0
create_tensor: loading tensor token_embd.weight
create_tensor: loading tensor output_norm.weight
create_tensor: loading tensor output.weight
create_tensor: loading tensor blk.0.attn_norm.weight
create_tensor: loading tensor blk.0.attn_qkv.weight
create_tensor: loading tensor blk.0.attn_q.weight
create_tensor: loading tensor blk.0.attn_k.weight
create_tensor: loading tensor blk.0.attn_v.weight
create_tensor: loading tensor blk.0.attn_q.bias
create_tensor: loading tensor blk.0.attn_k.bias
create_tensor: loading tensor blk.0.attn_v.bias
create_tensor: loading tensor blk.0.attn_output.weight
create_tensor: loading tensor blk.0.attn_output.bias
create_tensor: loading tensor blk.0.ffn_norm.weight
create_tensor: loading tensor rope_freqs.weight
create_tensor: loading tensor blk.0.ffn_gate_inp.weight
create_tensor: loading tensor blk.0.ffn_gate_exps.weight
create_tensor: loading tensor blk.0.ffn_down_exps.weight
create_tensor: loading tensor blk.0.ffn_up_exps.weight
create_tensor: loading tensor blk.1.attn_norm.weight
create_tensor: loading tensor blk.1.attn_qkv.weight
create_tensor: loading tensor blk.1.attn_q.weight
create_tensor: loading tensor blk.1.attn_k.weight
create_tensor: loading tensor blk.1.attn_v.weight
create_tensor: loading tensor blk.1.attn_q.bias
create_tensor: loading tensor blk.1.attn_k.bias
create_tensor: loading tensor blk.1.attn_v.bias
create_tensor: loading tensor blk.1.attn_output.weight
create_tensor: loading tensor blk.1.attn_output.bias
create_tensor: loading tensor blk.1.ffn_norm.weight
create_tensor: loading tensor rope_freqs.weight
create_tensor: loading tensor blk.1.ffn_gate_inp.weight
create_tensor: loading tensor blk.1.ffn_gate_exps.weight
create_tensor: loading tensor blk.1.ffn_down_exps.weight
create_tensor: loading tensor blk.1.ffn_up_exps.weight
create_tensor: loading tensor blk.0.attn_q.scale
create_tensor: loading tensor blk.0.attn_k.scale
create_tensor: loading tensor blk.0.attn_v.scale
create_tensor: loading tensor blk.0.attn_output.scale
create_tensor: loading tensor blk.0.ffn_gate_exps.scale
create_tensor: loading tensor blk.0.ffn_down_exps.scale
create_tensor: loading tensor blk.0.ffn_up_exps.scale
create_tensor: loading tensor blk.0.attn_q.input_scale
create_tensor: loading tensor blk.0.attn_k.input_scale
create_tensor: loading tensor blk.0.attn_v.input_scale
create_tensor: loading tensor blk.0.attn_output.input_scale
create_tensor: loading tensor blk.0.ffn_gate_exps.input_scale
create_tensor: loading tensor blk.0.ffn_down_exps.input_scale
create_tensor: loading tensor blk.0.ffn_up_exps.input_scale
create_tensor: loading tensor blk.1.attn_q.scale
create_tensor: loading tensor blk.1.attn_k.scale
create_tensor: loading tensor blk.1.attn_v.scale
create_tensor: loading tensor blk.1.attn_output.scale
create_tensor: loading tensor blk.1.ffn_gate_exps.scale
create_tensor: loading tensor blk.1.ffn_down_exps.scale
create_tensor: loading tensor blk.1.ffn_up_exps.scale
create_tensor: loading tensor blk.1.attn_q.input_scale
create_tensor: loading tensor blk.1.attn_k.input_scale
create_tensor: loading tensor blk.1.attn_v.input_scale
create_tensor: loading tensor blk.1.attn_output.input_scale
create_tensor: loading tensor blk.1.ffn_gate_exps.input_scale
create_tensor: loading tensor blk.1.ffn_down_exps.input_scale
create_tensor: loading tensor blk.1.ffn_up_exps.input_scale
load_tensors: offloading 0 repeating layers to GPU
load_tensors: offloaded 0/3 layers to GPU
load_tensors:          CPU model buffer size =     0.09 MiB
load_all_data: no device found for buffer type CPU for async uploads
.................
load_tensors: experimental host-bank MoE enabled, tile weights <= 27136 bytes; this is not a total memory limit
llama_context: constructing llama_context
llama_context: n_seq_max             = 1
llama_context: n_ctx                 = 256
llama_context: n_ctx_seq             = 256
llama_context: n_batch               = 32
llama_context: n_ubatch              = 8
llama_context: causal_attn           = 1
llama_context: flash_attn            = disabled
llama_context: kv_unified            = false
llama_context: freq_base             = 10000.0
llama_context: freq_scale            = 1
llama_context: n_rs_seq              = 0
llama_context: n_outputs_max         = 32
llama_context: n_outputs_max_per_seq = 1
llama_context: n_ctx_seq (256) > n_ctx_train (128) -- possible training context overflow
set_abort_callback: call
llama_context:        CPU  output buffer size =     0.00 MiB
llama_kv_cache: layer   0: dev = CPU
llama_kv_cache: layer   1: dev = CPU
llama_kv_cache:        CPU KV buffer size =     0.06 MiB
llama_kv_cache: size =    0.06 MiB (   256 cells,   2 layers,  1/1 seqs), K (f16):    0.03 MiB, V (f16):    0.03 MiB
llama_kv_cache: attn_rot_k = 0, n_embd_head_k_all = 16
llama_kv_cache: attn_rot_v = 0, n_embd_head_k_all = 16
llama_context: enumerating backends
llama_context: backend_ptrs.size() = 2
sched_reserve: reserving ...
sched_reserve: max_nodes = 1024
sched_reserve: decode graph slots = 4 (n_tokens <= 4)
sched_reserve: reserving full memory module
sched_reserve: worst-case: n_tokens = 8, n_seqs = 1, n_outputs = 1
resolve_fused_ops: resolving fused Gated Delta Net support:
graph_reserve: reserving a graph for ubatch with n_tokens =    1, n_seqs =  1, n_outputs =    1
resolve_fused_ops: fused Gated Delta Net (autoregressive) enabled
graph_reserve: reserving a graph for ubatch with n_tokens =   16, n_seqs =  1, n_outputs =   16
resolve_fused_ops: fused Gated Delta Net (chunked) enabled
resolve_fused_ops: resolving fused Lightning Indexer support:
graph_reserve: reserving a graph for ubatch with n_tokens =    1, n_seqs =  1, n_outputs =    1
resolve_fused_ops: Lightning Indexer enabled
resolve_fused_ops: resolving fused DeepSeek V4 HC support:
graph_reserve: reserving a graph for ubatch with n_tokens =    1, n_seqs =  1, n_outputs =    1
resolve_fused_ops: fused DeepSeek V4 HC pre enabled
graph_reserve: reserving a graph for ubatch with n_tokens =    1, n_seqs =  1, n_outputs =    1
resolve_fused_ops: fused DeepSeek V4 HC comb enabled
graph_reserve: reserving a graph for ubatch with n_tokens =    1, n_seqs =  1, n_outputs =    1
resolve_fused_ops: fused DeepSeek V4 HC post enabled
graph_reserve: reserving a graph for ubatch with n_tokens =    8, n_seqs =  1, n_outputs =    8
graph_reserve: reserving a graph for ubatch with n_tokens =    1, n_seqs =  1, n_outputs =    1
graph_reserve: reserving a graph for ubatch with n_tokens =    8, n_seqs =  1, n_outputs =    8
sched_reserve:  CUDA_Host compute buffer size =     0.03 MiB
sched_reserve: graph nodes  = 110
sched_reserve: graph splits = 1
sched_reserve: reserve took 2.03 ms, sched copies = 1
llama_context: constructing llama_context
llama_context: n_seq_max             = 1
llama_context: n_ctx                 = 256
llama_context: n_ctx_seq             = 256
llama_context: n_batch               = 32
llama_context: n_ubatch              = 8
llama_context: causal_attn           = 1
llama_context: flash_attn            = disabled
llama_context: kv_unified            = false
llama_context: freq_base             = 10000.0
llama_context: freq_scale            = 1
llama_context: n_rs_seq              = 0
llama_context: n_outputs_max         = 32
llama_context: n_outputs_max_per_seq = 1
llama_context: n_ctx_seq (256) > n_ctx_train (128) -- possible training context overflow
set_abort_callback: call
llama_context:        CPU  output buffer size =     0.00 MiB
llama_kv_cache: layer   0: dev = CPU
llama_kv_cache: layer   1: dev = CPU
llama_kv_cache:        CPU KV buffer size =     0.06 MiB
llama_kv_cache: size =    0.06 MiB (   256 cells,   2 layers,  1/1 seqs), K (f16):    0.03 MiB, V (f16):    0.03 MiB
llama_kv_cache: attn_rot_k = 0, n_embd_head_k_all = 16
llama_kv_cache: attn_rot_v = 0, n_embd_head_k_all = 16
llama_context: enumerating backends
llama_context: backend_ptrs.size() = 2
sched_reserve: reserving ...
sched_reserve: max_nodes = 1024
sched_reserve: decode graph slots = 4 (n_tokens <= 4)
sched_reserve: reserving full memory module
sched_reserve: worst-case: n_tokens = 8, n_seqs = 1, n_outputs = 1
resolve_fused_ops: resolving fused Gated Delta Net support:
graph_reserve: reserving a graph for ubatch with n_tokens =    1, n_seqs =  1, n_outputs =    1
resolve_fused_ops: fused Gated Delta Net (autoregressive) enabled
graph_reserve: reserving a graph for ubatch with n_tokens =   16, n_seqs =  1, n_outputs =   16
resolve_fused_ops: fused Gated Delta Net (chunked) enabled
resolve_fused_ops: resolving fused Lightning Indexer support:
graph_reserve: reserving a graph for ubatch with n_tokens =    1, n_seqs =  1, n_outputs =    1
resolve_fused_ops: Lightning Indexer enabled
resolve_fused_ops: resolving fused DeepSeek V4 HC support:
graph_reserve: reserving a graph for ubatch with n_tokens =    1, n_seqs =  1, n_outputs =    1
resolve_fused_ops: fused DeepSeek V4 HC pre enabled
graph_reserve: reserving a graph for ubatch with n_tokens =    1, n_seqs =  1, n_outputs =    1
resolve_fused_ops: fused DeepSeek V4 HC comb enabled
graph_reserve: reserving a graph for ubatch with n_tokens =    1, n_seqs =  1, n_outputs =    1
resolve_fused_ops: fused DeepSeek V4 HC post enabled
graph_reserve: reserving a graph for ubatch with n_tokens =    8, n_seqs =  1, n_outputs =    8
graph_reserve: reserving a graph for ubatch with n_tokens =    1, n_seqs =  1, n_outputs =    1
graph_reserve: reserving a graph for ubatch with n_tokens =    8, n_seqs =  1, n_outputs =    8
sched_reserve:  CUDA_Host compute buffer size =     0.03 MiB
sched_reserve: graph nodes  = 100
sched_reserve: graph splits = 1
sched_reserve: reserve took 1.25 ms, sched copies = 1
graph_reserve: reserving a graph for ubatch with n_tokens =    4, n_seqs =  1, n_outputs =    4
set_abort_callback: call
graph_compute: ggml_backend_sched_graph_compute_async failed with error 1
process_ubatch: failed to compute graph, compute status: 1
decode: removing memory module entries for seq_id = 0, pos = [59, +inf)
llama_decode: failed to decode, ret = 2
set_abort_callback: call
host-bank MoE execution failed: MoE routing weight must be finite
host-bank MoE execution failed: MoE routing weight must be finite
process_ubatch: failed to compute graph, compute status: -1
decode: removing memory module entries for seq_id = 0, pos = [59, +inf)
llama_decode: failed to decode, ret = -3
llama_context: constructing llama_context
llama_init_from_model: failed to initialize the context: host-bank MoE requires one sequence, op_offload=false and offload_kqv=false
llama_context: constructing llama_context
llama_init_from_model: failed to initialize the context: host-bank MoE requires one sequence, op_offload=false and offload_kqv=false
llama_context: constructing llama_context
llama_init_from_model: failed to initialize the context: host-bank MoE requires one sequence, op_offload=false and offload_kqv=false
llama_context: constructing llama_context
llama_init_from_model: failed to initialize the context: moe cache: invalid uniform arena geometry
llama_context: constructing llama_context
llama_init_from_model: failed to initialize the context: host-bank MoE cache requires model.moe_cpu_tile_bytes host-bank setup
~llama_context:      CUDA0 compute buffer size is   0.0000 MiB, matches expectation of   0.0000 MiB
~llama_context:  CUDA_Host compute buffer size is   0.0304 MiB, matches expectation of   0.0304 MiB
~llama_context:      CUDA0 compute buffer size is   0.0000 MiB, matches expectation of   0.0000 MiB
~llama_context:  CUDA_Host compute buffer size is   0.0304 MiB, matches expectation of   0.0304 MiB
llama_context: constructing llama_context
llama_context: n_seq_max             = 1
llama_context: n_ctx                 = 256
llama_context: n_ctx_seq             = 256
llama_context: n_batch               = 32
llama_context: n_ubatch              = 8
llama_context: causal_attn           = 1
llama_context: flash_attn            = disabled
llama_context: kv_unified            = false
llama_context: freq_base             = 10000.0
llama_context: freq_scale            = 1
llama_context: n_rs_seq              = 0
llama_context: n_outputs_max         = 32
llama_context: n_outputs_max_per_seq = 1
llama_context: n_ctx_seq (256) > n_ctx_train (128) -- possible training context overflow
set_abort_callback: call
llama_context:        CPU  output buffer size =     0.00 MiB
llama_kv_cache: layer   0: dev = CPU
llama_kv_cache: layer   1: dev = CPU
llama_kv_cache:        CPU KV buffer size =     0.06 MiB
llama_kv_cache: size =    0.06 MiB (   256 cells,   2 layers,  1/1 seqs), K (f16):    0.03 MiB, V (f16):    0.03 MiB
llama_kv_cache: attn_rot_k = 0, n_embd_head_k_all = 16
llama_kv_cache: attn_rot_v = 0, n_embd_head_k_all = 16
llama_context: enumerating backends
llama_context: backend_ptrs.size() = 2
sched_reserve: reserving ...
sched_reserve: max_nodes = 1024
sched_reserve: decode graph slots = 4 (n_tokens <= 4)
sched_reserve: reserving full memory module
sched_reserve: worst-case: n_tokens = 8, n_seqs = 1, n_outputs = 1
resolve_fused_ops: resolving fused Gated Delta Net support:
graph_reserve: reserving a graph for ubatch with n_tokens =    1, n_seqs =  1, n_outputs =    1
resolve_fused_ops: fused Gated Delta Net (autoregressive) enabled
graph_reserve: reserving a graph for ubatch with n_tokens =   16, n_seqs =  1, n_outputs =   16
resolve_fused_ops: fused Gated Delta Net (chunked) enabled
resolve_fused_ops: resolving fused Lightning Indexer support:
graph_reserve: reserving a graph for ubatch with n_tokens =    1, n_seqs =  1, n_outputs =    1
resolve_fused_ops: Lightning Indexer enabled
resolve_fused_ops: resolving fused DeepSeek V4 HC support:
graph_reserve: reserving a graph for ubatch with n_tokens =    1, n_seqs =  1, n_outputs =    1
resolve_fused_ops: fused DeepSeek V4 HC pre enabled
graph_reserve: reserving a graph for ubatch with n_tokens =    1, n_seqs =  1, n_outputs =    1
resolve_fused_ops: fused DeepSeek V4 HC comb enabled
graph_reserve: reserving a graph for ubatch with n_tokens =    1, n_seqs =  1, n_outputs =    1
resolve_fused_ops: fused DeepSeek V4 HC post enabled
graph_reserve: reserving a graph for ubatch with n_tokens =    8, n_seqs =  1, n_outputs =    8
graph_reserve: reserving a graph for ubatch with n_tokens =    1, n_seqs =  1, n_outputs =    1
graph_reserve: reserving a graph for ubatch with n_tokens =    8, n_seqs =  1, n_outputs =    8
sched_reserve:  CUDA_Host compute buffer size =     0.03 MiB
sched_reserve: graph nodes  = 100
sched_reserve: graph splits = 1
sched_reserve: reserve took 1.16 ms, sched copies = 1
llama_context: constructing llama_context
llama_context: n_seq_max             = 1
llama_context: n_ctx                 = 256
llama_context: n_ctx_seq             = 256
llama_context: n_batch               = 32
llama_context: n_ubatch              = 8
llama_context: causal_attn           = 1
llama_context: flash_attn            = disabled
llama_context: kv_unified            = false
llama_context: freq_base             = 10000.0
llama_context: freq_scale            = 1
llama_context: n_rs_seq              = 0
llama_context: n_outputs_max         = 32
llama_context: n_outputs_max_per_seq = 1
llama_context: n_ctx_seq (256) > n_ctx_train (128) -- possible training context overflow
set_abort_callback: call
llama_context:        CPU  output buffer size =     0.00 MiB
llama_kv_cache: layer   0: dev = CPU
llama_kv_cache: layer   1: dev = CPU
llama_kv_cache:        CPU KV buffer size =     0.06 MiB
llama_kv_cache: size =    0.06 MiB (   256 cells,   2 layers,  1/1 seqs), K (f16):    0.03 MiB, V (f16):    0.03 MiB
llama_kv_cache: attn_rot_k = 0, n_embd_head_k_all = 16
llama_kv_cache: attn_rot_v = 0, n_embd_head_k_all = 16
llama_context: enumerating backends
llama_context: backend_ptrs.size() = 2
sched_reserve: reserving ...
sched_reserve: max_nodes = 1024
sched_reserve: decode graph slots = 4 (n_tokens <= 4)
sched_reserve: reserving full memory module
sched_reserve: worst-case: n_tokens = 8, n_seqs = 1, n_outputs = 1
resolve_fused_ops: resolving fused Gated Delta Net support:
graph_reserve: reserving a graph for ubatch with n_tokens =    1, n_seqs =  1, n_outputs =    1
resolve_fused_ops: fused Gated Delta Net (autoregressive) enabled
graph_reserve: reserving a graph for ubatch with n_tokens =   16, n_seqs =  1, n_outputs =   16
resolve_fused_ops: fused Gated Delta Net (chunked) enabled
resolve_fused_ops: resolving fused Lightning Indexer support:
graph_reserve: reserving a graph for ubatch with n_tokens =    1, n_seqs =  1, n_outputs =    1
resolve_fused_ops: Lightning Indexer enabled
resolve_fused_ops: resolving fused DeepSeek V4 HC support:
graph_reserve: reserving a graph for ubatch with n_tokens =    1, n_seqs =  1, n_outputs =    1
resolve_fused_ops: fused DeepSeek V4 HC pre enabled
graph_reserve: reserving a graph for ubatch with n_tokens =    1, n_seqs =  1, n_outputs =    1
resolve_fused_ops: fused DeepSeek V4 HC comb enabled
graph_reserve: reserving a graph for ubatch with n_tokens =    1, n_seqs =  1, n_outputs =    1
resolve_fused_ops: fused DeepSeek V4 HC post enabled
graph_reserve: reserving a graph for ubatch with n_tokens =    8, n_seqs =  1, n_outputs =    8
graph_reserve: reserving a graph for ubatch with n_tokens =    1, n_seqs =  1, n_outputs =    1
graph_reserve: reserving a graph for ubatch with n_tokens =    8, n_seqs =  1, n_outputs =    8
sched_reserve:  CUDA_Host compute buffer size =     0.03 MiB
sched_reserve: graph nodes  = 110
sched_reserve: graph splits = 1
sched_reserve: reserve took 2.03 ms, sched copies = 1
~llama_context:      CUDA0 compute buffer size is   0.0000 MiB, matches expectation of   0.0000 MiB
~llama_context:  CUDA_Host compute buffer size is   0.0304 MiB, matches expectation of   0.0304 MiB
~llama_context:      CUDA0 compute buffer size is   0.0000 MiB, matches expectation of   0.0000 MiB
~llama_context:  CUDA_Host compute buffer size is   0.0304 MiB, matches expectation of   0.0304 MiB
llama_model_loader: loaded meta data with 13 key-value pairs and 23 tensors from C:\Users\cadel\AppData\Local\Temp\moe-integration-1702916.gguf (version GGUF V3 (latest))
llama_model_loader: Dumping metadata keys/values. Note: KV overrides do not apply in this output.
llama_model_loader: - kv   0:                       general.architecture str              = llama
llama_model_loader: - kv   1:                       tokenizer.ggml.model str              = no_vocab
llama_model_loader: - kv   2:                           llama.vocab_size u32              = 32
llama_model_loader: - kv   3:                       llama.context_length u32              = 128
llama_model_loader: - kv   4:                     llama.embedding_length u32              = 32
llama_model_loader: - kv   5:                          llama.block_count u32              = 2
llama_model_loader: - kv   6:                  llama.feed_forward_length u32              = 64
llama_model_loader: - kv   7:                 llama.attention.head_count u32              = 2
llama_model_loader: - kv   8:              llama.attention.head_count_kv u32              = 2
llama_model_loader: - kv   9:                 llama.rope.dimension_count u32              = 16
llama_model_loader: - kv  10:                         llama.expert_count u32              = 4
llama_model_loader: - kv  11:                    llama.expert_used_count u32              = 2
llama_model_loader: - kv  12:     llama.attention.layer_norm_rms_epsilon f32              = 0.000010
llama_model_loader: - type  f32:   17 tensors
llama_model_loader: - type q8_0:    6 tensors
print_info: file format = GGUF V3 (latest)
print_info: file type   = (guessed) all F32
print_info: file size   = 0.09 MiB (12.69 BPW) 
llama_prepare_model_devices: using device CUDA0 (NVIDIA GeForce RTX 4060 Laptop GPU) (0000:01:00.0) - 7094 MiB free
load: adding 32 dummy tokens
print_info: arch                  = llama
print_info: vocab_only            = 0
print_info: no_alloc              = 0
print_info: n_ctx_train           = 128
print_info: n_embd_inp            = 32
print_info: n_embd                = 32
print_info: n_embd_out            = 32
print_info: n_layer               = 2
print_info: n_layer_all           = 2
print_info: n_head                = 2
print_info: n_head_kv             = 2
print_info: n_rot                 = 16
print_info: n_swa                 = 0
print_info: is_swa_any            = 0
print_info: n_embd_head_k         = 16
print_info: n_embd_head_v         = 16
print_info: n_gqa                 = 1
print_info: n_embd_k_gqa          = 32
print_info: n_embd_v_gqa          = 32
print_info: f_norm_eps            = 0.0e+00
print_info: f_norm_rms_eps        = 1.0e-05
print_info: f_clamp_kqv           = 0.0e+00
print_info: f_max_alibi_bias      = 0.0e+00
print_info: f_logit_scale         = 0.0e+00
print_info: f_attn_scale          = 0.0e+00
print_info: f_attn_value_scale    = 0.0000
print_info: n_ff                  = 64
print_info: n_expert              = 4
print_info: n_expert_used         = 2
print_info: n_expert_groups       = 0
print_info: n_group_used          = 0
print_info: causal attn           = 1
print_info: pooling type          = -1
print_info: rope type             = 0
print_info: rope scaling          = linear
print_info: freq_base_train       = 10000.0
print_info: freq_scale_train      = 1
print_info: n_ctx_orig_yarn       = 128
print_info: rope_yarn_log_mul     = 0.0000
print_info: rope_finetuned        = unknown
print_info: model type            = ?B
print_info: model params          = 59.81 K
print_info: general.name          = n/a
print_info: vocab type            = no vocab
print_info: n_vocab               = 32
print_info: n_merges              = 0
print_info: max token length      = 0
load_tensors: loading model tensors, this can take a while... (load_mode = none)
load_tensors: layer   0 assigned to device CPU, is_swa = 0
load_tensors: layer   1 assigned to device CPU, is_swa = 0
load_tensors: layer   2 assigned to device CPU, is_swa = 0
create_tensor: loading tensor token_embd.weight
create_tensor: loading tensor output_norm.weight
create_tensor: loading tensor output.weight
create_tensor: loading tensor blk.0.attn_norm.weight
create_tensor: loading tensor blk.0.attn_qkv.weight
create_tensor: loading tensor blk.0.attn_q.weight
create_tensor: loading tensor blk.0.attn_k.weight
create_tensor: loading tensor blk.0.attn_v.weight
create_tensor: loading tensor blk.0.attn_q.bias
create_tensor: loading tensor blk.0.attn_k.bias
create_tensor: loading tensor blk.0.attn_v.bias
create_tensor: loading tensor blk.0.attn_output.weight
create_tensor: loading tensor blk.0.attn_output.bias
create_tensor: loading tensor blk.0.ffn_norm.weight
create_tensor: loading tensor rope_freqs.weight
create_tensor: loading tensor blk.0.ffn_gate_inp.weight
create_tensor: loading tensor blk.0.ffn_gate_exps.weight
create_tensor: loading tensor blk.0.ffn_down_exps.weight
create_tensor: loading tensor blk.0.ffn_up_exps.weight
create_tensor: loading tensor blk.1.attn_norm.weight
create_tensor: loading tensor blk.1.attn_qkv.weight
create_tensor: loading tensor blk.1.attn_q.weight
create_tensor: loading tensor blk.1.attn_k.weight
create_tensor: loading tensor blk.1.attn_v.weight
create_tensor: loading tensor blk.1.attn_q.bias
create_tensor: loading tensor blk.1.attn_k.bias
create_tensor: loading tensor blk.1.attn_v.bias
create_tensor: loading tensor blk.1.attn_output.weight
create_tensor: loading tensor blk.1.attn_output.bias
create_tensor: loading tensor blk.1.ffn_norm.weight
create_tensor: loading tensor rope_freqs.weight
create_tensor: loading tensor blk.1.ffn_gate_inp.weight
create_tensor: loading tensor blk.1.ffn_gate_exps.weight
create_tensor: loading tensor blk.1.ffn_down_exps.weight
create_tensor: loading tensor blk.1.ffn_up_exps.weight
create_tensor: loading tensor blk.0.attn_q.scale
create_tensor: loading tensor blk.0.attn_k.scale
create_tensor: loading tensor blk.0.attn_v.scale
create_tensor: loading tensor blk.0.attn_output.scale
create_tensor: loading tensor blk.0.ffn_gate_exps.scale
create_tensor: loading tensor blk.0.ffn_down_exps.scale
create_tensor: loading tensor blk.0.ffn_up_exps.scale
create_tensor: loading tensor blk.0.attn_q.input_scale
create_tensor: loading tensor blk.0.attn_k.input_scale
create_tensor: loading tensor blk.0.attn_v.input_scale
create_tensor: loading tensor blk.0.attn_output.input_scale
create_tensor: loading tensor blk.0.ffn_gate_exps.input_scale
create_tensor: loading tensor blk.0.ffn_down_exps.input_scale
create_tensor: loading tensor blk.0.ffn_up_exps.input_scale
create_tensor: loading tensor blk.1.attn_q.scale
create_tensor: loading tensor blk.1.attn_k.scale
create_tensor: loading tensor blk.1.attn_v.scale
create_tensor: loading tensor blk.1.attn_output.scale
create_tensor: loading tensor blk.1.ffn_gate_exps.scale
create_tensor: loading tensor blk.1.ffn_down_exps.scale
create_tensor: loading tensor blk.1.ffn_up_exps.scale
create_tensor: loading tensor blk.1.attn_q.input_scale
create_tensor: loading tensor blk.1.attn_k.input_scale
create_tensor: loading tensor blk.1.attn_v.input_scale
create_tensor: loading tensor blk.1.attn_output.input_scale
create_tensor: loading tensor blk.1.ffn_gate_exps.input_scale
create_tensor: loading tensor blk.1.ffn_down_exps.input_scale
create_tensor: loading tensor blk.1.ffn_up_exps.input_scale
load_tensors: offloading 0 repeating layers to GPU
load_tensors: offloaded 0/3 layers to GPU
load_tensors:    CUDA_Host model buffer size =     0.09 MiB
load_all_data: buffer type CUDA_Host is not the default buffer type for device CUDA0 for async uploads
.................
llama_model_loader: loaded meta data with 13 key-value pairs and 23 tensors from C:\Users\cadel\AppData\Local\Temp\moe-integration-1702916.gguf (version GGUF V3 (latest))
llama_model_loader: Dumping metadata keys/values. Note: KV overrides do not apply in this output.
llama_model_loader: - kv   0:                       general.architecture str              = llama
llama_model_loader: - kv   1:                       tokenizer.ggml.model str              = no_vocab
llama_model_loader: - kv   2:                           llama.vocab_size u32              = 32
llama_model_loader: - kv   3:                       llama.context_length u32              = 128
llama_model_loader: - kv   4:                     llama.embedding_length u32              = 32
llama_model_loader: - kv   5:                          llama.block_count u32              = 2
llama_model_loader: - kv   6:                  llama.feed_forward_length u32              = 64
llama_model_loader: - kv   7:                 llama.attention.head_count u32              = 2
llama_model_loader: - kv   8:              llama.attention.head_count_kv u32              = 2
llama_model_loader: - kv   9:                 llama.rope.dimension_count u32              = 16
llama_model_loader: - kv  10:                         llama.expert_count u32              = 4
llama_model_loader: - kv  11:                    llama.expert_used_count u32              = 2
llama_model_loader: - kv  12:     llama.attention.layer_norm_rms_epsilon f32              = 0.000010
llama_model_loader: - type  f32:   17 tensors
llama_model_loader: - type q8_0:    6 tensors
print_info: file format = GGUF V3 (latest)
print_info: file type   = (guessed) all F32
print_info: file size   = 0.09 MiB (12.69 BPW) 
llama_prepare_model_devices: using device CUDA0 (NVIDIA GeForce RTX 4060 Laptop GPU) (0000:01:00.0) - 7094 MiB free
load: adding 32 dummy tokens
print_info: arch                  = llama
print_info: vocab_only            = 0
print_info: no_alloc              = 0
print_info: n_ctx_train           = 128
print_info: n_embd_inp            = 32
print_info: n_embd                = 32
print_info: n_embd_out            = 32
print_info: n_layer               = 2
print_info: n_layer_all           = 2
print_info: n_head                = 2
print_info: n_head_kv             = 2
print_info: n_rot                 = 16
print_info: n_swa                 = 0
print_info: is_swa_any            = 0
print_info: n_embd_head_k         = 16
print_info: n_embd_head_v         = 16
print_info: n_gqa                 = 1
print_info: n_embd_k_gqa          = 32
print_info: n_embd_v_gqa          = 32
print_info: f_norm_eps            = 0.0e+00
print_info: f_norm_rms_eps        = 1.0e-05
print_info: f_clamp_kqv           = 0.0e+00
print_info: f_max_alibi_bias      = 0.0e+00
print_info: f_logit_scale         = 0.0e+00
print_info: f_attn_scale          = 0.0e+00
print_info: f_attn_value_scale    = 0.0000
print_info: n_ff                  = 64
print_info: n_expert              = 4
print_info: n_expert_used         = 2
print_info: n_expert_groups       = 0
print_info: n_group_used          = 0
print_info: causal attn           = 1
print_info: pooling type          = -1
print_info: rope type             = 0
print_info: rope scaling          = linear
print_info: freq_base_train       = 10000.0
print_info: freq_scale_train      = 1
print_info: n_ctx_orig_yarn       = 128
print_info: rope_yarn_log_mul     = 0.0000
print_info: rope_finetuned        = unknown
print_info: model type            = ?B
print_info: model params          = 59.81 K
print_info: general.name          = n/a
print_info: vocab type            = no vocab
print_info: n_vocab               = 32
print_info: n_merges              = 0
print_info: max token length      = 0
load_tensors: loading model tensors, this can take a while... (load_mode = none)
load_tensors: layer   0 assigned to device CPU, is_swa = 0
load_tensors: layer   1 assigned to device CPU, is_swa = 0
load_tensors: layer   2 assigned to device CPU, is_swa = 0
create_tensor: loading tensor token_embd.weight
create_tensor: loading tensor output_norm.weight
create_tensor: loading tensor output.weight
create_tensor: loading tensor blk.0.attn_norm.weight
create_tensor: loading tensor blk.0.attn_qkv.weight
create_tensor: loading tensor blk.0.attn_q.weight
create_tensor: loading tensor blk.0.attn_k.weight
create_tensor: loading tensor blk.0.attn_v.weight
create_tensor: loading tensor blk.0.attn_q.bias
create_tensor: loading tensor blk.0.attn_k.bias
create_tensor: loading tensor blk.0.attn_v.bias
create_tensor: loading tensor blk.0.attn_output.weight
create_tensor: loading tensor blk.0.attn_output.bias
create_tensor: loading tensor blk.0.ffn_norm.weight
create_tensor: loading tensor rope_freqs.weight
create_tensor: loading tensor blk.0.ffn_gate_inp.weight
create_tensor: loading tensor blk.0.ffn_gate_exps.weight
create_tensor: loading tensor blk.0.ffn_down_exps.weight
create_tensor: loading tensor blk.0.ffn_up_exps.weight
create_tensor: loading tensor blk.1.attn_norm.weight
create_tensor: loading tensor blk.1.attn_qkv.weight
create_tensor: loading tensor blk.1.attn_q.weight
create_tensor: loading tensor blk.1.attn_k.weight
create_tensor: loading tensor blk.1.attn_v.weight
create_tensor: loading tensor blk.1.attn_q.bias
create_tensor: loading tensor blk.1.attn_k.bias
create_tensor: loading tensor blk.1.attn_v.bias
create_tensor: loading tensor blk.1.attn_output.weight
create_tensor: loading tensor blk.1.attn_output.bias
create_tensor: loading tensor blk.1.ffn_norm.weight
create_tensor: loading tensor rope_freqs.weight
create_tensor: loading tensor blk.1.ffn_gate_inp.weight
create_tensor: loading tensor blk.1.ffn_gate_exps.weight
create_tensor: loading tensor blk.1.ffn_down_exps.weight
create_tensor: loading tensor blk.1.ffn_up_exps.weight
create_tensor: loading tensor blk.0.attn_q.scale
create_tensor: loading tensor blk.0.attn_k.scale
create_tensor: loading tensor blk.0.attn_v.scale
create_tensor: loading tensor blk.0.attn_output.scale
create_tensor: loading tensor blk.0.ffn_gate_exps.scale
create_tensor: loading tensor blk.0.ffn_down_exps.scale
create_tensor: loading tensor blk.0.ffn_up_exps.scale
create_tensor: loading tensor blk.0.attn_q.input_scale
create_tensor: loading tensor blk.0.attn_k.input_scale
create_tensor: loading tensor blk.0.attn_v.input_scale
create_tensor: loading tensor blk.0.attn_output.input_scale
create_tensor: loading tensor blk.0.ffn_gate_exps.input_scale
create_tensor: loading tensor blk.0.ffn_down_exps.input_scale
create_tensor: loading tensor blk.0.ffn_up_exps.input_scale
create_tensor: loading tensor blk.1.attn_q.scale
create_tensor: loading tensor blk.1.attn_k.scale
create_tensor: loading tensor blk.1.attn_v.scale
create_tensor: loading tensor blk.1.attn_output.scale
create_tensor: loading tensor blk.1.ffn_gate_exps.scale
create_tensor: loading tensor blk.1.ffn_down_exps.scale
create_tensor: loading tensor blk.1.ffn_up_exps.scale
create_tensor: loading tensor blk.1.attn_q.input_scale
create_tensor: loading tensor blk.1.attn_k.input_scale
create_tensor: loading tensor blk.1.attn_v.input_scale
create_tensor: loading tensor blk.1.attn_output.input_scale
create_tensor: loading tensor blk.1.ffn_gate_exps.input_scale
create_tensor: loading tensor blk.1.ffn_down_exps.input_scale
create_tensor: loading tensor blk.1.ffn_up_exps.input_scale
load_tensors: offloading 0 repeating layers to GPU
load_tensors: offloaded 0/3 layers to GPU
load_tensors:          CPU model buffer size =     0.09 MiB
load_all_data: no device found for buffer type CPU for async uploads
.................
load_tensors: experimental host-bank MoE enabled, tile weights <= 6784 bytes; this is not a total memory limit
llama_context: constructing llama_context
llama_context: n_seq_max             = 1
llama_context: n_ctx                 = 256
llama_context: n_ctx_seq             = 256
llama_context: n_batch               = 32
llama_context: n_ubatch              = 8
llama_context: causal_attn           = 1
llama_context: flash_attn            = disabled
llama_context: kv_unified            = false
llama_context: freq_base             = 10000.0
llama_context: freq_scale            = 1
llama_context: n_rs_seq              = 0
llama_context: n_outputs_max         = 32
llama_context: n_outputs_max_per_seq = 1
llama_context: n_ctx_seq (256) > n_ctx_train (128) -- possible training context overflow
set_abort_callback: call
llama_context:        CPU  output buffer size =     0.00 MiB
llama_kv_cache: layer   0: dev = CPU
llama_kv_cache: layer   1: dev = CPU
llama_kv_cache:        CPU KV buffer size =     0.06 MiB
llama_kv_cache: size =    0.06 MiB (   256 cells,   2 layers,  1/1 seqs), K (f16):    0.03 MiB, V (f16):    0.03 MiB
llama_kv_cache: attn_rot_k = 0, n_embd_head_k_all = 16
llama_kv_cache: attn_rot_v = 0, n_embd_head_k_all = 16
llama_context: enumerating backends
llama_context: backend_ptrs.size() = 2
sched_reserve: reserving ...
sched_reserve: max_nodes = 1024
sched_reserve: decode graph slots = 4 (n_tokens <= 4)
sched_reserve: reserving full memory module
sched_reserve: worst-case: n_tokens = 8, n_seqs = 1, n_outputs = 1
resolve_fused_ops: resolving fused Gated Delta Net support:
graph_reserve: reserving a graph for ubatch with n_tokens =    1, n_seqs =  1, n_outputs =    1
resolve_fused_ops: fused Gated Delta Net (autoregressive) enabled
graph_reserve: reserving a graph for ubatch with n_tokens =   16, n_seqs =  1, n_outputs =   16
resolve_fused_ops: fused Gated Delta Net (chunked) enabled
resolve_fused_ops: resolving fused Lightning Indexer support:
graph_reserve: reserving a graph for ubatch with n_tokens =    1, n_seqs =  1, n_outputs =    1
resolve_fused_ops: Lightning Indexer enabled
resolve_fused_ops: resolving fused DeepSeek V4 HC support:
graph_reserve: reserving a graph for ubatch with n_tokens =    1, n_seqs =  1, n_outputs =    1
resolve_fused_ops: fused DeepSeek V4 HC pre enabled
graph_reserve: reserving a graph for ubatch with n_tokens =    1, n_seqs =  1, n_outputs =    1
resolve_fused_ops: fused DeepSeek V4 HC comb enabled
graph_reserve: reserving a graph for ubatch with n_tokens =    1, n_seqs =  1, n_outputs =    1
resolve_fused_ops: fused DeepSeek V4 HC post enabled
graph_reserve: reserving a graph for ubatch with n_tokens =    8, n_seqs =  1, n_outputs =    8
graph_reserve: reserving a graph for ubatch with n_tokens =    1, n_seqs =  1, n_outputs =    1
graph_reserve: reserving a graph for ubatch with n_tokens =    8, n_seqs =  1, n_outputs =    8
sched_reserve:  CUDA_Host compute buffer size =     0.03 MiB
sched_reserve: graph nodes  = 110
sched_reserve: graph splits = 1
sched_reserve: reserve took 2.12 ms, sched copies = 1
llama_context: constructing llama_context
llama_context: MoE device=CUDA0 cache=64512 staging=1048576 compute-limit=67108864 bytes
llama_context: n_seq_max             = 1
llama_context: n_ctx                 = 256
llama_context: n_ctx_seq             = 256
llama_context: n_batch               = 32
llama_context: n_ubatch              = 8
llama_context: causal_attn           = 1
llama_context: flash_attn            = disabled
llama_context: kv_unified            = false
llama_context: freq_base             = 10000.0
llama_context: freq_scale            = 1
llama_context: n_rs_seq              = 0
llama_context: n_outputs_max         = 32
llama_context: n_outputs_max_per_seq = 1
llama_context: n_ctx_seq (256) > n_ctx_train (128) -- possible training context overflow
set_abort_callback: call
llama_context:        CPU  output buffer size =     0.00 MiB
llama_kv_cache: layer   0: dev = CPU
llama_kv_cache: layer   1: dev = CPU
llama_kv_cache:        CPU KV buffer size =     0.06 MiB
llama_kv_cache: size =    0.06 MiB (   256 cells,   2 layers,  1/1 seqs), K (f16):    0.03 MiB, V (f16):    0.03 MiB
llama_kv_cache: attn_rot_k = 0, n_embd_head_k_all = 16
llama_kv_cache: attn_rot_v = 0, n_embd_head_k_all = 16
llama_context: enumerating backends
llama_context: backend_ptrs.size() = 2
sched_reserve: reserving ...
sched_reserve: max_nodes = 1024
sched_reserve: decode graph slots = 4 (n_tokens <= 4)
sched_reserve: reserving full memory module
sched_reserve: worst-case: n_tokens = 8, n_seqs = 1, n_outputs = 1
resolve_fused_ops: resolving fused Gated Delta Net support:
graph_reserve: reserving a graph for ubatch with n_tokens =    1, n_seqs =  1, n_outputs =    1
resolve_fused_ops: fused Gated Delta Net (autoregressive) enabled
graph_reserve: reserving a graph for ubatch with n_tokens =   16, n_seqs =  1, n_outputs =   16
resolve_fused_ops: fused Gated Delta Net (chunked) enabled
resolve_fused_ops: resolving fused Lightning Indexer support:
graph_reserve: reserving a graph for ubatch with n_tokens =    1, n_seqs =  1, n_outputs =    1
resolve_fused_ops: Lightning Indexer enabled
resolve_fused_ops: resolving fused DeepSeek V4 HC support:
graph_reserve: reserving a graph for ubatch with n_tokens =    1, n_seqs =  1, n_outputs =    1
resolve_fused_ops: fused DeepSeek V4 HC pre enabled
graph_reserve: reserving a graph for ubatch with n_tokens =    1, n_seqs =  1, n_outputs =    1
resolve_fused_ops: fused DeepSeek V4 HC comb enabled
graph_reserve: reserving a graph for ubatch with n_tokens =    1, n_seqs =  1, n_outputs =    1
resolve_fused_ops: fused DeepSeek V4 HC post enabled
graph_reserve: reserving a graph for ubatch with n_tokens =    8, n_seqs =  1, n_outputs =    8
graph_reserve: reserving a graph for ubatch with n_tokens =    1, n_seqs =  1, n_outputs =    1
graph_reserve: reserving a graph for ubatch with n_tokens =    8, n_seqs =  1, n_outputs =    8
sched_reserve:  CUDA_Host compute buffer size =     0.03 MiB
sched_reserve: graph nodes  = 100
sched_reserve: graph splits = 1
sched_reserve: reserve took 1.25 ms, sched copies = 1
graph_reserve: reserving a graph for ubatch with n_tokens =    4, n_seqs =  1, n_outputs =    4
FT_COMPARE layer=0 relative=5.86352e-08 first=-0.0187013/-0.0187013
FT_COMPARE layer=1 relative=7.66009e-08 first=-0.0419768/-0.0419768
FT_COMPARE layer=0 relative=9.3019e-08 first=0.0358069/0.0358069
FT_COMPARE layer=1 relative=6.1272e-08 first=0.011616/0.011616
FT_COMPARE layer=0 relative=5.31945e-08 first=0.0213439/0.0213439
FT_COMPARE layer=1 relative=1.50019e-07 first=-0.092614/-0.092614
FT_COMPARE layer=0 relative=7.3621e-08 first=0.0855978/0.0855978
FT_COMPARE layer=1 relative=9.66618e-08 first=-0.0187929/-0.0187929
FT_COMPARE layer=0 relative=0.000635241 first=0.00414208/0.00413306
FT_COMPARE layer=1 relative=0.000437165 first=-0.0248834/-0.0248686
FT_COMPARE layer=0 relative=5.22103e-08 first=0.0559175/0.0559175
FT_COMPARE layer=1 relative=7.07627e-08 first=0.0579792/0.0579792
FT_COMPARE layer=0 relative=6.96739e-08 first=-0.0919033/-0.0919033
FT_COMPARE layer=1 relative=7.57449e-08 first=0.0636693/0.0636693
FT_COMPARE layer=0 relative=5.66266e-08 first=-0.0281172/-0.0281172
FT_COMPARE layer=1 relative=8.74766e-08 first=-0.0332556/-0.0332556
FT_COMPARE layer=0 relative=6.89931e-08 first=0.082242/0.082242
FT_COMPARE layer=1 relative=8.01816e-08 first=-0.0771213/-0.0771213
FT_COMPARE layer=0 relative=7.02455e-08 first=0.0363642/0.0363642
FT_COMPARE layer=1 relative=5.96979e-08 first=0.00800687/0.00800686
FT_COMPARE layer=0 relative=8.0304e-08 first=-0.0569435/-0.0569435
FT_COMPARE layer=1 relative=7.97944e-08 first=-0.0530606/-0.0530606
FT_COMPARE layer=0 relative=8.60597e-08 first=-0.0766064/-0.0766064
FT_COMPARE layer=1 relative=6.6007e-08 first=-0.00534402/-0.00534402
FT_COMPARE layer=0 relative=5.10011e-08 first=-0.137705/-0.137705
FT_COMPARE layer=1 relative=6.77091e-08 first=0.0506742/0.0506742
FT_COMPARE layer=0 relative=6.80529e-08 first=-0.0561576/-0.0561576
FT_COMPARE layer=1 relative=7.19601e-08 first=-0.0939992/-0.0939992
FT_COMPARE layer=0 relative=8.2376e-08 first=0.0286691/0.0286691
FT_COMPARE layer=1 relative=8.32393e-08 first=0.0126032/0.0126032
FT_COMPARE layer=0 relative=6.54149e-08 first=-0.0117783/-0.0117783
FT_COMPARE layer=1 relative=6.17183e-08 first=-0.0405898/-0.0405898
FT_COMPARE layer=0 relative=4.40302e-08 first=-0.0690706/-0.0690706
FT_COMPARE layer=1 relative=1.26062e-07 first=0.0343799/0.0343799
FT_COMPARE layer=0 relative=8.10219e-08 first=0.0401293/0.0401293
FT_COMPARE layer=1 relative=6.96249e-08 first=-0.0380184/-0.0380184
FT_COMPARE layer=0 relative=9.08202e-08 first=0.0237336/0.0237336
FT_COMPARE layer=1 relative=1.15268e-07 first=-0.0382701/-0.0382701
FT_COMPARE layer=0 relative=7.78208e-08 first=0.0473551/0.0473552
FT_COMPARE layer=1 relative=5.50659e-08 first=-0.0144949/-0.0144949
FT_COMPARE layer=0 relative=6.45774e-08 first=0.041963/0.041963
FT_COMPARE layer=1 relative=6.53304e-08 first=0.00904446/0.00904446
FT_COMPARE layer=0 relative=1.31519e-07 first=-0.0142288/-0.0142288
FT_COMPARE layer=1 relative=5.57595e-08 first=-0.0288348/-0.0288348
FT_COMPARE layer=0 relative=7.08341e-08 first=-0.061876/-0.061876
FT_COMPARE layer=1 relative=9.93528e-08 first=-0.0744214/-0.0744214
FT_COMPARE layer=0 relative=7.5325e-08 first=-0.0563715/-0.0563715
FT_COMPARE layer=1 relative=7.96368e-08 first=-0.0251247/-0.0251247
FT_COMPARE layer=0 relative=6.30505e-08 first=0.102106/0.102106
FT_COMPARE layer=1 relative=7.05745e-08 first=-0.0546911/-0.0546911
FT_COMPARE layer=0 relative=8.46739e-08 first=0.0406743/0.0406743
FT_COMPARE layer=1 relative=7.06998e-08 first=-0.0827718/-0.0827718
FT_COMPARE layer=0 relative=7.68963e-08 first=0.0414721/0.0414721
FT_COMPARE layer=1 relative=8.57088e-08 first=-0.112119/-0.112119
FT_COMPARE layer=0 relative=6.15802e-08 first=0.150238/0.150238
FT_COMPARE layer=1 relative=6.73959e-08 first=-0.110625/-0.110625
FT_COMPARE layer=0 relative=6.3701e-08 first=0.037424/0.037424
FT_COMPARE layer=1 relative=7.3466e-08 first=-0.0622828/-0.0622828
FT_COMPARE layer=0 relative=1.09408e-07 first=-0.0783272/-0.0783272
FT_COMPARE layer=1 relative=6.55646e-08 first=0.021854/0.021854
FT_COMPARE layer=0 relative=3.79457e-08 first=-0.133329/-0.133329
FT_COMPARE layer=1 relative=9.5898e-08 first=-0.0276939/-0.0276939
FT_COMPARE layer=0 relative=1.16342e-07 first=-0.0270857/-0.0270857
FT_COMPARE layer=1 relative=5.57825e-08 first=0.0060925/0.0060925
FT_COMPARE layer=0 relative=7.83473e-08 first=-0.0383565/-0.0383565
FT_COMPARE layer=1 relative=8.60719e-08 first=0.0611259/0.0611259
FT_COMPARE layer=0 relative=7.81797e-08 first=0.0582117/0.0582117
FT_COMPARE layer=1 relative=7.84037e-08 first=0.0495844/0.0495844
FT_COMPARE layer=0 relative=5.95353e-08 first=-0.0224194/-0.0224194
FT_COMPARE layer=1 relative=3.40146e-08 first=-0.0969474/-0.0969474
FT_COMPARE layer=0 relative=7.18737e-08 first=-0.0661118/-0.0661118
FT_COMPARE layer=1 relative=6.80537e-08 first=-0.0199025/-0.0199025
FT_COMPARE layer=0 relative=6.39782e-08 first=0.0809671/0.0809671
FT_COMPARE layer=1 relative=6.58141e-08 first=-0.0364732/-0.0364732
FT_COMPARE layer=0 relative=8.86189e-08 first=-0.0610482/-0.0610482
FT_COMPARE layer=1 relative=7.61168e-08 first=0.134431/0.134431
FT_COMPARE layer=0 relative=7.10321e-08 first=-0.0183517/-0.0183517
FT_COMPARE layer=1 relative=6.55295e-08 first=0.127764/0.127764
FT_COMPARE layer=0 relative=6.9707e-08 first=-0.0171669/-0.0171669
FT_COMPARE layer=1 relative=5.86643e-08 first=-0.0489414/-0.0489414
FT_COMPARE layer=0 relative=5.22839e-08 first=0.122848/0.122848
FT_COMPARE layer=1 relative=7.78686e-08 first=-0.095736/-0.095736
FT_COMPARE layer=0 relative=9.51562e-08 first=0.0325134/0.0325134
FT_COMPARE layer=1 relative=6.12633e-08 first=0.0807401/0.0807401
FT_COMPARE layer=0 relative=4.95995e-08 first=-0.0649603/-0.0649603
FT_COMPARE layer=1 relative=9.66438e-08 first=-0.0631945/-0.0631944
FT_COMPARE layer=0 relative=9.26445e-08 first=-0.0964821/-0.096482
FT_COMPARE layer=1 relative=7.47902e-08 first=0.0395529/0.0395529
FT_COMPARE layer=0 relative=5.70133e-08 first=-0.0973621/-0.0973621
FT_COMPARE layer=1 relative=8.48614e-08 first=0.0349918/0.0349918
FT_COMPARE layer=0 relative=1.18022e-07 first=-0.0522752/-0.0522752
FT_COMPARE layer=1 relative=6.0877e-08 first=-0.0613544/-0.0613544
FT_COMPARE layer=0 relative=8.2396e-08 first=-0.0103005/-0.0103005
FT_COMPARE layer=1 relative=7.5952e-08 first=0.049998/0.049998
FT_COMPARE layer=0 relative=5.80974e-08 first=-0.0623951/-0.0623951
FT_COMPARE layer=1 relative=8.43415e-08 first=-0.0432541/-0.0432541
set_abort_callback: call
graph_compute: ggml_backend_sched_graph_compute_async failed with error 1
process_ubatch: failed to compute graph, compute status: 1
decode: removing memory module entries for seq_id = 0, pos = [59, +inf)
llama_decode: failed to decode, ret = 2
set_abort_callback: call
graph_compute: ggml_backend_sched_graph_compute_async failed with error -1
host-bank MoE execution failed: MoE routing weight must be finite
process_ubatch: failed to compute graph, compute status: -1
decode: removing memory module entries for seq_id = 0, pos = [59, +inf)
llama_decode: failed to decode, ret = -3
FT_COMPARE layer=0 relative=6.22653e-08 first=-0.0685309/-0.0685309
FT_COMPARE layer=1 relative=7.2134e-08 first=0.0742322/0.0742322
llama_context: constructing llama_context
llama_init_from_model: failed to initialize the context: host-bank MoE requires one sequence, op_offload=false and offload_kqv=false
llama_context: constructing llama_context
llama_init_from_model: failed to initialize the context: host-bank MoE requires one sequence, op_offload=false and offload_kqv=false
llama_context: constructing llama_context
llama_init_from_model: failed to initialize the context: host-bank MoE requires one sequence, op_offload=false and offload_kqv=false
llama_context: constructing llama_context
llama_init_from_model: failed to initialize the context: moe cache: invalid uniform arena geometry
llama_context: constructing llama_context
llama_init_from_model: failed to initialize the context: host-bank MoE cache requires model.moe_cpu_tile_bytes host-bank setup
~llama_context:      CUDA0 compute buffer size is   0.0000 MiB, matches expectation of   0.0000 MiB
~llama_context:  CUDA_Host compute buffer size is   0.0304 MiB, matches expectation of   0.0304 MiB
~llama_context:      CUDA0 compute buffer size is   0.0000 MiB, matches expectation of   0.0000 MiB
~llama_context:  CUDA_Host compute buffer size is   0.0304 MiB, matches expectation of   0.0304 MiB
llama_context: constructing llama_context
llama_context: MoE device=CUDA0 cache=64512 staging=1048576 compute-limit=67108864 bytes
llama_context: n_seq_max             = 1
llama_context: n_ctx                 = 256
llama_context: n_ctx_seq             = 256
llama_context: n_batch               = 32
llama_context: n_ubatch              = 8
llama_context: causal_attn           = 1
llama_context: flash_attn            = disabled
llama_context: kv_unified            = false
llama_context: freq_base             = 10000.0
llama_context: freq_scale            = 1
llama_context: n_rs_seq              = 0
llama_context: n_outputs_max         = 32
llama_context: n_outputs_max_per_seq = 1
llama_context: n_ctx_seq (256) > n_ctx_train (128) -- possible training context overflow
set_abort_callback: call
llama_context:        CPU  output buffer size =     0.00 MiB
llama_kv_cache: layer   0: dev = CPU
llama_kv_cache: layer   1: dev = CPU
llama_kv_cache:        CPU KV buffer size =     0.06 MiB
llama_kv_cache: size =    0.06 MiB (   256 cells,   2 layers,  1/1 seqs), K (f16):    0.03 MiB, V (f16):    0.03 MiB
llama_kv_cache: attn_rot_k = 0, n_embd_head_k_all = 16
llama_kv_cache: attn_rot_v = 0, n_embd_head_k_all = 16
llama_context: enumerating backends
llama_context: backend_ptrs.size() = 2
sched_reserve: reserving ...
sched_reserve: max_nodes = 1024
sched_reserve: decode graph slots = 4 (n_tokens <= 4)
sched_reserve: reserving full memory module
sched_reserve: worst-case: n_tokens = 8, n_seqs = 1, n_outputs = 1
resolve_fused_ops: resolving fused Gated Delta Net support:
graph_reserve: reserving a graph for ubatch with n_tokens =    1, n_seqs =  1, n_outputs =    1
resolve_fused_ops: fused Gated Delta Net (autoregressive) enabled
graph_reserve: reserving a graph for ubatch with n_tokens =   16, n_seqs =  1, n_outputs =   16
resolve_fused_ops: fused Gated Delta Net (chunked) enabled
resolve_fused_ops: resolving fused Lightning Indexer support:
graph_reserve: reserving a graph for ubatch with n_tokens =    1, n_seqs =  1, n_outputs =    1
resolve_fused_ops: Lightning Indexer enabled
resolve_fused_ops: resolving fused DeepSeek V4 HC support:
graph_reserve: reserving a graph for ubatch with n_tokens =    1, n_seqs =  1, n_outputs =    1
resolve_fused_ops: fused DeepSeek V4 HC pre enabled
graph_reserve: reserving a graph for ubatch with n_tokens =    1, n_seqs =  1, n_outputs =    1
resolve_fused_ops: fused DeepSeek V4 HC comb enabled
graph_reserve: reserving a graph for ubatch with n_tokens =    1, n_seqs =  1, n_outputs =    1
resolve_fused_ops: fused DeepSeek V4 HC post enabled
graph_reserve: reserving a graph for ubatch with n_tokens =    8, n_seqs =  1, n_outputs =    8
graph_reserve: reserving a graph for ubatch with n_tokens =    1, n_seqs =  1, n_outputs =    1
graph_reserve: reserving a graph for ubatch with n_tokens =    8, n_seqs =  1, n_outputs =    8
sched_reserve:  CUDA_Host compute buffer size =     0.03 MiB
sched_reserve: graph nodes  = 100
sched_reserve: graph splits = 1
sched_reserve: reserve took 1.30 ms, sched copies = 1
llama_context: constructing llama_context
llama_context: n_seq_max             = 1
llama_context: n_ctx                 = 256
llama_context: n_ctx_seq             = 256
llama_context: n_batch               = 32
llama_context: n_ubatch              = 8
llama_context: causal_attn           = 1
llama_context: flash_attn            = disabled
llama_context: kv_unified            = false
llama_context: freq_base             = 10000.0
llama_context: freq_scale            = 1
llama_context: n_rs_seq              = 0
llama_context: n_outputs_max         = 32
llama_context: n_outputs_max_per_seq = 1
llama_context: n_ctx_seq (256) > n_ctx_train (128) -- possible training context overflow
set_abort_callback: call
llama_context:        CPU  output buffer size =     0.00 MiB
llama_kv_cache: layer   0: dev = CPU
llama_kv_cache: layer   1: dev = CPU
llama_kv_cache:        CPU KV buffer size =     0.06 MiB
llama_kv_cache: size =    0.06 MiB (   256 cells,   2 layers,  1/1 seqs), K (f16):    0.03 MiB, V (f16):    0.03 MiB
llama_kv_cache: attn_rot_k = 0, n_embd_head_k_all = 16
llama_kv_cache: attn_rot_v = 0, n_embd_head_k_all = 16
llama_context: enumerating backends
llama_context: backend_ptrs.size() = 2
sched_reserve: reserving ...
sched_reserve: max_nodes = 1024
sched_reserve: decode graph slots = 4 (n_tokens <= 4)
sched_reserve: reserving full memory module
sched_reserve: worst-case: n_tokens = 8, n_seqs = 1, n_outputs = 1
resolve_fused_ops: resolving fused Gated Delta Net support:
graph_reserve: reserving a graph for ubatch with n_tokens =    1, n_seqs =  1, n_outputs =    1
resolve_fused_ops: fused Gated Delta Net (autoregressive) enabled
graph_reserve: reserving a graph for ubatch with n_tokens =   16, n_seqs =  1, n_outputs =   16
resolve_fused_ops: fused Gated Delta Net (chunked) enabled
resolve_fused_ops: resolving fused Lightning Indexer support:
graph_reserve: reserving a graph for ubatch with n_tokens =    1, n_seqs =  1, n_outputs =    1
resolve_fused_ops: Lightning Indexer enabled
resolve_fused_ops: resolving fused DeepSeek V4 HC support:
graph_reserve: reserving a graph for ubatch with n_tokens =    1, n_seqs =  1, n_outputs =    1
resolve_fused_ops: fused DeepSeek V4 HC pre enabled
graph_reserve: reserving a graph for ubatch with n_tokens =    1, n_seqs =  1, n_outputs =    1
resolve_fused_ops: fused DeepSeek V4 HC comb enabled
graph_reserve: reserving a graph for ubatch with n_tokens =    1, n_seqs =  1, n_outputs =    1
resolve_fused_ops: fused DeepSeek V4 HC post enabled
graph_reserve: reserving a graph for ubatch with n_tokens =    8, n_seqs =  1, n_outputs =    8
graph_reserve: reserving a graph for ubatch with n_tokens =    1, n_seqs =  1, n_outputs =    1
graph_reserve: reserving a graph for ubatch with n_tokens =    8, n_seqs =  1, n_outputs =    8
sched_reserve:  CUDA_Host compute buffer size =     0.03 MiB
sched_reserve: graph nodes  = 110
sched_reserve: graph splits = 1
sched_reserve: reserve took 2.07 ms, sched copies = 1
FT_COMPARE layer=0 relative=5.86352e-08 first=-0.0187013/-0.0187013
FT_COMPARE layer=1 relative=7.66009e-08 first=-0.0419768/-0.0419768
~llama_context:      CUDA0 compute buffer size is   0.0000 MiB, matches expectation of   0.0000 MiB
~llama_context:  CUDA_Host compute buffer size is   0.0304 MiB, matches expectation of   0.0304 MiB
~llama_context:      CUDA0 compute buffer size is   0.0000 MiB, matches expectation of   0.0000 MiB
~llama_context:  CUDA_Host compute buffer size is   0.0304 MiB, matches expectation of   0.0304 MiB
llama_model_loader: loaded meta data with 13 key-value pairs and 23 tensors from C:\Users\cadel\AppData\Local\Temp\moe-integration-1702916.gguf (version GGUF V3 (latest))
llama_model_loader: Dumping metadata keys/values. Note: KV overrides do not apply in this output.
llama_model_loader: - kv   0:                       general.architecture str              = llama
llama_model_loader: - kv   1:                       tokenizer.ggml.model str              = no_vocab
llama_model_loader: - kv   2:                           llama.vocab_size u32              = 32
llama_model_loader: - kv   3:                       llama.context_length u32              = 128
llama_model_loader: - kv   4:                     llama.embedding_length u32              = 32
llama_model_loader: - kv   5:                          llama.block_count u32              = 2
llama_model_loader: - kv   6:                  llama.feed_forward_length u32              = 64
llama_model_loader: - kv   7:                 llama.attention.head_count u32              = 2
llama_model_loader: - kv   8:              llama.attention.head_count_kv u32              = 2
llama_model_loader: - kv   9:                 llama.rope.dimension_count u32              = 16
llama_model_loader: - kv  10:                         llama.expert_count u32              = 4
llama_model_loader: - kv  11:                    llama.expert_used_count u32              = 2
llama_model_loader: - kv  12:     llama.attention.layer_norm_rms_epsilon f32              = 0.000010
llama_model_loader: - type  f32:   17 tensors
llama_model_loader: - type q8_0:    6 tensors
print_info: file format = GGUF V3 (latest)
print_info: file type   = (guessed) all F32
print_info: file size   = 0.09 MiB (12.69 BPW) 
llama_prepare_model_devices: using device CUDA0 (NVIDIA GeForce RTX 4060 Laptop GPU) (0000:01:00.0) - 7094 MiB free
load: adding 32 dummy tokens
print_info: arch                  = llama
print_info: vocab_only            = 0
print_info: no_alloc              = 0
print_info: n_ctx_train           = 128
print_info: n_embd_inp            = 32
print_info: n_embd                = 32
print_info: n_embd_out            = 32
print_info: n_layer               = 2
print_info: n_layer_all           = 2
print_info: n_head                = 2
print_info: n_head_kv             = 2
print_info: n_rot                 = 16
print_info: n_swa                 = 0
print_info: is_swa_any            = 0
print_info: n_embd_head_k         = 16
print_info: n_embd_head_v         = 16
print_info: n_gqa                 = 1
print_info: n_embd_k_gqa          = 32
print_info: n_embd_v_gqa          = 32
print_info: f_norm_eps            = 0.0e+00
print_info: f_norm_rms_eps        = 1.0e-05
print_info: f_clamp_kqv           = 0.0e+00
print_info: f_max_alibi_bias      = 0.0e+00
print_info: f_logit_scale         = 0.0e+00
print_info: f_attn_scale          = 0.0e+00
print_info: f_attn_value_scale    = 0.0000
print_info: n_ff                  = 64
print_info: n_expert              = 4
print_info: n_expert_used         = 2
print_info: n_expert_groups       = 0
print_info: n_group_used          = 0
print_info: causal attn           = 1
print_info: pooling type          = -1
print_info: rope type             = 0
print_info: rope scaling          = linear
print_info: freq_base_train       = 10000.0
print_info: freq_scale_train      = 1
print_info: n_ctx_orig_yarn       = 128
print_info: rope_yarn_log_mul     = 0.0000
print_info: rope_finetuned        = unknown
print_info: model type            = ?B
print_info: model params          = 59.81 K
print_info: general.name          = n/a
print_info: vocab type            = no vocab
print_info: n_vocab               = 32
print_info: n_merges              = 0
print_info: max token length      = 0
load_tensors: loading model tensors, this can take a while... (load_mode = mmap)
load_tensors: layer   0 assigned to device CPU, is_swa = 0
load_tensors: layer   1 assigned to device CPU, is_swa = 0
load_tensors: layer   2 assigned to device CPU, is_swa = 0
create_tensor: loading tensor token_embd.weight
create_tensor: loading tensor output_norm.weight
create_tensor: loading tensor output.weight
create_tensor: loading tensor blk.0.attn_norm.weight
create_tensor: loading tensor blk.0.attn_qkv.weight
create_tensor: loading tensor blk.0.attn_q.weight
create_tensor: loading tensor blk.0.attn_k.weight
create_tensor: loading tensor blk.0.attn_v.weight
create_tensor: loading tensor blk.0.attn_q.bias
create_tensor: loading tensor blk.0.attn_k.bias
create_tensor: loading tensor blk.0.attn_v.bias
create_tensor: loading tensor blk.0.attn_output.weight
create_tensor: loading tensor blk.0.attn_output.bias
create_tensor: loading tensor blk.0.ffn_norm.weight
create_tensor: loading tensor rope_freqs.weight
create_tensor: loading tensor blk.0.ffn_gate_inp.weight
create_tensor: loading tensor blk.0.ffn_gate_exps.weight
create_tensor: loading tensor blk.0.ffn_down_exps.weight
create_tensor: loading tensor blk.0.ffn_up_exps.weight
create_tensor: loading tensor blk.1.attn_norm.weight
create_tensor: loading tensor blk.1.attn_qkv.weight
create_tensor: loading tensor blk.1.attn_q.weight
create_tensor: loading tensor blk.1.attn_k.weight
create_tensor: loading tensor blk.1.attn_v.weight
create_tensor: loading tensor blk.1.attn_q.bias
create_tensor: loading tensor blk.1.attn_k.bias
create_tensor: loading tensor blk.1.attn_v.bias
create_tensor: loading tensor blk.1.attn_output.weight
create_tensor: loading tensor blk.1.attn_output.bias
create_tensor: loading tensor blk.1.ffn_norm.weight
create_tensor: loading tensor rope_freqs.weight
create_tensor: loading tensor blk.1.ffn_gate_inp.weight
create_tensor: loading tensor blk.1.ffn_gate_exps.weight
create_tensor: loading tensor blk.1.ffn_down_exps.weight
create_tensor: loading tensor blk.1.ffn_up_exps.weight
create_tensor: loading tensor blk.0.attn_q.scale
create_tensor: loading tensor blk.0.attn_k.scale
create_tensor: loading tensor blk.0.attn_v.scale
create_tensor: loading tensor blk.0.attn_output.scale
create_tensor: loading tensor blk.0.ffn_gate_exps.scale
create_tensor: loading tensor blk.0.ffn_down_exps.scale
create_tensor: loading tensor blk.0.ffn_up_exps.scale
create_tensor: loading tensor blk.0.attn_q.input_scale
create_tensor: loading tensor blk.0.attn_k.input_scale
create_tensor: loading tensor blk.0.attn_v.input_scale
create_tensor: loading tensor blk.0.attn_output.input_scale
create_tensor: loading tensor blk.0.ffn_gate_exps.input_scale
create_tensor: loading tensor blk.0.ffn_down_exps.input_scale
create_tensor: loading tensor blk.0.ffn_up_exps.input_scale
create_tensor: loading tensor blk.1.attn_q.scale
create_tensor: loading tensor blk.1.attn_k.scale
create_tensor: loading tensor blk.1.attn_v.scale
create_tensor: loading tensor blk.1.attn_output.scale
create_tensor: loading tensor blk.1.ffn_gate_exps.scale
create_tensor: loading tensor blk.1.ffn_down_exps.scale
create_tensor: loading tensor blk.1.ffn_up_exps.scale
create_tensor: loading tensor blk.1.attn_q.input_scale
create_tensor: loading tensor blk.1.attn_k.input_scale
create_tensor: loading tensor blk.1.attn_v.input_scale
create_tensor: loading tensor blk.1.attn_output.input_scale
create_tensor: loading tensor blk.1.ffn_gate_exps.input_scale
create_tensor: loading tensor blk.1.ffn_down_exps.input_scale
create_tensor: loading tensor blk.1.ffn_up_exps.input_scale
done_getting_tensors: tensor 'token_embd.weight' (f32) (and 22 others) cannot be used with preferred buffer type CUDA_Host, using CPU instead
load_tensors: offloading 0 repeating layers to GPU
load_tensors: offloaded 0/3 layers to GPU
load_tensors:   CPU_Mapped model buffer size =     0.09 MiB
.................
llama_model_loader: loaded meta data with 13 key-value pairs and 23 tensors from C:\Users\cadel\AppData\Local\Temp\moe-integration-1702916.gguf (version GGUF V3 (latest))
llama_model_loader: Dumping metadata keys/values. Note: KV overrides do not apply in this output.
llama_model_loader: - kv   0:                       general.architecture str              = llama
llama_model_loader: - kv   1:                       tokenizer.ggml.model str              = no_vocab
llama_model_loader: - kv   2:                           llama.vocab_size u32              = 32
llama_model_loader: - kv   3:                       llama.context_length u32              = 128
llama_model_loader: - kv   4:                     llama.embedding_length u32              = 32
llama_model_loader: - kv   5:                          llama.block_count u32              = 2
llama_model_loader: - kv   6:                  llama.feed_forward_length u32              = 64
llama_model_loader: - kv   7:                 llama.attention.head_count u32              = 2
llama_model_loader: - kv   8:              llama.attention.head_count_kv u32              = 2
llama_model_loader: - kv   9:                 llama.rope.dimension_count u32              = 16
llama_model_loader: - kv  10:                         llama.expert_count u32              = 4
llama_model_loader: - kv  11:                    llama.expert_used_count u32              = 2
llama_model_loader: - kv  12:     llama.attention.layer_norm_rms_epsilon f32              = 0.000010
llama_model_loader: - type  f32:   17 tensors
llama_model_loader: - type q8_0:    6 tensors
print_info: file format = GGUF V3 (latest)
print_info: file type   = (guessed) all F32
print_info: file size   = 0.09 MiB (12.69 BPW) 
llama_prepare_model_devices: using device CUDA0 (NVIDIA GeForce RTX 4060 Laptop GPU) (0000:01:00.0) - 7094 MiB free
load: adding 32 dummy tokens
print_info: arch                  = llama
print_info: vocab_only            = 0
print_info: no_alloc              = 0
print_info: n_ctx_train           = 128
print_info: n_embd_inp            = 32
print_info: n_embd                = 32
print_info: n_embd_out            = 32
print_info: n_layer               = 2
print_info: n_layer_all           = 2
print_info: n_head                = 2
print_info: n_head_kv             = 2
print_info: n_rot                 = 16
print_info: n_swa                 = 0
print_info: is_swa_any            = 0
print_info: n_embd_head_k         = 16
print_info: n_embd_head_v         = 16
print_info: n_gqa                 = 1
print_info: n_embd_k_gqa          = 32
print_info: n_embd_v_gqa          = 32
print_info: f_norm_eps            = 0.0e+00
print_info: f_norm_rms_eps        = 1.0e-05
print_info: f_clamp_kqv           = 0.0e+00
print_info: f_max_alibi_bias      = 0.0e+00
print_info: f_logit_scale         = 0.0e+00
print_info: f_attn_scale          = 0.0e+00
print_info: f_attn_value_scale    = 0.0000
print_info: n_ff                  = 64
print_info: n_expert              = 4
print_info: n_expert_used         = 2
print_info: n_expert_groups       = 0
print_info: n_group_used          = 0
print_info: causal attn           = 1
print_info: pooling type          = -1
print_info: rope type             = 0
print_info: rope scaling          = linear
print_info: freq_base_train       = 10000.0
print_info: freq_scale_train      = 1
print_info: n_ctx_orig_yarn       = 128
print_info: rope_yarn_log_mul     = 0.0000
print_info: rope_finetuned        = unknown
print_info: model type            = ?B
print_info: model params          = 59.81 K
print_info: general.name          = n/a
print_info: vocab type            = no vocab
print_info: n_vocab               = 32
print_info: n_merges              = 0
print_info: max token length      = 0
load_tensors: loading model tensors, this can take a while... (load_mode = mmap)
load_tensors: layer   0 assigned to device CPU, is_swa = 0
load_tensors: layer   1 assigned to device CPU, is_swa = 0
load_tensors: layer   2 assigned to device CPU, is_swa = 0
create_tensor: loading tensor token_embd.weight
create_tensor: loading tensor output_norm.weight
create_tensor: loading tensor output.weight
create_tensor: loading tensor blk.0.attn_norm.weight
create_tensor: loading tensor blk.0.attn_qkv.weight
create_tensor: loading tensor blk.0.attn_q.weight
create_tensor: loading tensor blk.0.attn_k.weight
create_tensor: loading tensor blk.0.attn_v.weight
create_tensor: loading tensor blk.0.attn_q.bias
create_tensor: loading tensor blk.0.attn_k.bias
create_tensor: loading tensor blk.0.attn_v.bias
create_tensor: loading tensor blk.0.attn_output.weight
create_tensor: loading tensor blk.0.attn_output.bias
create_tensor: loading tensor blk.0.ffn_norm.weight
create_tensor: loading tensor rope_freqs.weight
create_tensor: loading tensor blk.0.ffn_gate_inp.weight
create_tensor: loading tensor blk.0.ffn_gate_exps.weight
create_tensor: loading tensor blk.0.ffn_down_exps.weight
create_tensor: loading tensor blk.0.ffn_up_exps.weight
create_tensor: loading tensor blk.1.attn_norm.weight
create_tensor: loading tensor blk.1.attn_qkv.weight
create_tensor: loading tensor blk.1.attn_q.weight
create_tensor: loading tensor blk.1.attn_k.weight
create_tensor: loading tensor blk.1.attn_v.weight
create_tensor: loading tensor blk.1.attn_q.bias
create_tensor: loading tensor blk.1.attn_k.bias
create_tensor: loading tensor blk.1.attn_v.bias
create_tensor: loading tensor blk.1.attn_output.weight
create_tensor: loading tensor blk.1.attn_output.bias
create_tensor: loading tensor blk.1.ffn_norm.weight
create_tensor: loading tensor rope_freqs.weight
create_tensor: loading tensor blk.1.ffn_gate_inp.weight
create_tensor: loading tensor blk.1.ffn_gate_exps.weight
create_tensor: loading tensor blk.1.ffn_down_exps.weight
create_tensor: loading tensor blk.1.ffn_up_exps.weight
create_tensor: loading tensor blk.0.attn_q.scale
create_tensor: loading tensor blk.0.attn_k.scale
create_tensor: loading tensor blk.0.attn_v.scale
create_tensor: loading tensor blk.0.attn_output.scale
create_tensor: loading tensor blk.0.ffn_gate_exps.scale
create_tensor: loading tensor blk.0.ffn_down_exps.scale
create_tensor: loading tensor blk.0.ffn_up_exps.scale
create_tensor: loading tensor blk.0.attn_q.input_scale
create_tensor: loading tensor blk.0.attn_k.input_scale
create_tensor: loading tensor blk.0.attn_v.input_scale
create_tensor: loading tensor blk.0.attn_output.input_scale
create_tensor: loading tensor blk.0.ffn_gate_exps.input_scale
create_tensor: loading tensor blk.0.ffn_down_exps.input_scale
create_tensor: loading tensor blk.0.ffn_up_exps.input_scale
create_tensor: loading tensor blk.1.attn_q.scale
create_tensor: loading tensor blk.1.attn_k.scale
create_tensor: loading tensor blk.1.attn_v.scale
create_tensor: loading tensor blk.1.attn_output.scale
create_tensor: loading tensor blk.1.ffn_gate_exps.scale
create_tensor: loading tensor blk.1.ffn_down_exps.scale
create_tensor: loading tensor blk.1.ffn_up_exps.scale
create_tensor: loading tensor blk.1.attn_q.input_scale
create_tensor: loading tensor blk.1.attn_k.input_scale
create_tensor: loading tensor blk.1.attn_v.input_scale
create_tensor: loading tensor blk.1.attn_output.input_scale
create_tensor: loading tensor blk.1.ffn_gate_exps.input_scale
create_tensor: loading tensor blk.1.ffn_down_exps.input_scale
create_tensor: loading tensor blk.1.ffn_up_exps.input_scale
load_tensors: offloading 0 repeating layers to GPU
load_tensors: offloaded 0/3 layers to GPU
load_tensors:   CPU_Mapped model buffer size =     0.09 MiB
.................
load_tensors: experimental host-bank MoE enabled, tile weights <= 6784 bytes; this is not a total memory limit
llama_context: constructing llama_context
llama_context: n_seq_max             = 1
llama_context: n_ctx                 = 256
llama_context: n_ctx_seq             = 256
llama_context: n_batch               = 32
llama_context: n_ubatch              = 8
llama_context: causal_attn           = 1
llama_context: flash_attn            = disabled
llama_context: kv_unified            = false
llama_context: freq_base             = 10000.0
llama_context: freq_scale            = 1
llama_context: n_rs_seq              = 0
llama_context: n_outputs_max         = 32
llama_context: n_outputs_max_per_seq = 1
llama_context: n_ctx_seq (256) > n_ctx_train (128) -- possible training context overflow
set_abort_callback: call
llama_context:        CPU  output buffer size =     0.00 MiB
llama_kv_cache: layer   0: dev = CPU
llama_kv_cache: layer   1: dev = CPU
llama_kv_cache:        CPU KV buffer size =     0.06 MiB
llama_kv_cache: size =    0.06 MiB (   256 cells,   2 layers,  1/1 seqs), K (f16):    0.03 MiB, V (f16):    0.03 MiB
llama_kv_cache: attn_rot_k = 0, n_embd_head_k_all = 16
llama_kv_cache: attn_rot_v = 0, n_embd_head_k_all = 16
llama_context: enumerating backends
llama_context: backend_ptrs.size() = 2
sched_reserve: reserving ...
sched_reserve: max_nodes = 1024
sched_reserve: decode graph slots = 4 (n_tokens <= 4)
sched_reserve: reserving full memory module
sched_reserve: worst-case: n_tokens = 8, n_seqs = 1, n_outputs = 1
resolve_fused_ops: resolving fused Gated Delta Net support:
graph_reserve: reserving a graph for ubatch with n_tokens =    1, n_seqs =  1, n_outputs =    1
resolve_fused_ops: fused Gated Delta Net (autoregressive) enabled
graph_reserve: reserving a graph for ubatch with n_tokens =   16, n_seqs =  1, n_outputs =   16
resolve_fused_ops: fused Gated Delta Net (chunked) enabled
resolve_fused_ops: resolving fused Lightning Indexer support:
graph_reserve: reserving a graph for ubatch with n_tokens =    1, n_seqs =  1, n_outputs =    1
resolve_fused_ops: Lightning Indexer enabled
resolve_fused_ops: resolving fused DeepSeek V4 HC support:
graph_reserve: reserving a graph for ubatch with n_tokens =    1, n_seqs =  1, n_outputs =    1
resolve_fused_ops: fused DeepSeek V4 HC pre enabled
graph_reserve: reserving a graph for ubatch with n_tokens =    1, n_seqs =  1, n_outputs =    1
resolve_fused_ops: fused DeepSeek V4 HC comb enabled
graph_reserve: reserving a graph for ubatch with n_tokens =    1, n_seqs =  1, n_outputs =    1
resolve_fused_ops: fused DeepSeek V4 HC post enabled
graph_reserve: reserving a graph for ubatch with n_tokens =    8, n_seqs =  1, n_outputs =    8
graph_reserve: reserving a graph for ubatch with n_tokens =    1, n_seqs =  1, n_outputs =    1
graph_reserve: reserving a graph for ubatch with n_tokens =    8, n_seqs =  1, n_outputs =    8
sched_reserve:  CUDA_Host compute buffer size =     0.03 MiB
sched_reserve: graph nodes  = 110
sched_reserve: graph splits = 1
sched_reserve: reserve took 2.45 ms, sched copies = 1
llama_context: constructing llama_context
llama_context: n_seq_max             = 1
llama_context: n_ctx                 = 256
llama_context: n_ctx_seq             = 256
llama_context: n_batch               = 32
llama_context: n_ubatch              = 8
llama_context: causal_attn           = 1
llama_context: flash_attn            = disabled
llama_context: kv_unified            = false
llama_context: freq_base             = 10000.0
llama_context: freq_scale            = 1
llama_context: n_rs_seq              = 0
llama_context: n_outputs_max         = 32
llama_context: n_outputs_max_per_seq = 1
llama_context: n_ctx_seq (256) > n_ctx_train (128) -- possible training context overflow
set_abort_callback: call
llama_context:        CPU  output buffer size =     0.00 MiB
llama_kv_cache: layer   0: dev = CPU
llama_kv_cache: layer   1: dev = CPU
llama_kv_cache:        CPU KV buffer size =     0.06 MiB
llama_kv_cache: size =    0.06 MiB (   256 cells,   2 layers,  1/1 seqs), K (f16):    0.03 MiB, V (f16):    0.03 MiB
llama_kv_cache: attn_rot_k = 0, n_embd_head_k_all = 16
llama_kv_cache: attn_rot_v = 0, n_embd_head_k_all = 16
llama_context: enumerating backends
llama_context: backend_ptrs.size() = 2
sched_reserve: reserving ...
sched_reserve: max_nodes = 1024
sched_reserve: decode graph slots = 4 (n_tokens <= 4)
sched_reserve: reserving full memory module
sched_reserve: worst-case: n_tokens = 8, n_seqs = 1, n_outputs = 1
resolve_fused_ops: resolving fused Gated Delta Net support:
graph_reserve: reserving a graph for ubatch with n_tokens =    1, n_seqs =  1, n_outputs =    1
resolve_fused_ops: fused Gated Delta Net (autoregressive) enabled
graph_reserve: reserving a graph for ubatch with n_tokens =   16, n_seqs =  1, n_outputs =   16
resolve_fused_ops: fused Gated Delta Net (chunked) enabled
resolve_fused_ops: resolving fused Lightning Indexer support:
graph_reserve: reserving a graph for ubatch with n_tokens =    1, n_seqs =  1, n_outputs =    1
resolve_fused_ops: Lightning Indexer enabled
resolve_fused_ops: resolving fused DeepSeek V4 HC support:
graph_reserve: reserving a graph for ubatch with n_tokens =    1, n_seqs =  1, n_outputs =    1
resolve_fused_ops: fused DeepSeek V4 HC pre enabled
graph_reserve: reserving a graph for ubatch with n_tokens =    1, n_seqs =  1, n_outputs =    1
resolve_fused_ops: fused DeepSeek V4 HC comb enabled
graph_reserve: reserving a graph for ubatch with n_tokens =    1, n_seqs =  1, n_outputs =    1
resolve_fused_ops: fused DeepSeek V4 HC post enabled
graph_reserve: reserving a graph for ubatch with n_tokens =    8, n_seqs =  1, n_outputs =    8
graph_reserve: reserving a graph for ubatch with n_tokens =    1, n_seqs =  1, n_outputs =    1
graph_reserve: reserving a graph for ubatch with n_tokens =    8, n_seqs =  1, n_outputs =    8
sched_reserve:  CUDA_Host compute buffer size =     0.03 MiB
sched_reserve: graph nodes  = 100
sched_reserve: graph splits = 1
sched_reserve: reserve took 1.28 ms, sched copies = 1
graph_reserve: reserving a graph for ubatch with n_tokens =    4, n_seqs =  1, n_outputs =    4
set_abort_callback: call
graph_compute: ggml_backend_sched_graph_compute_async failed with error 1
process_ubatch: failed to compute graph, compute status: 1
decode: removing memory module entries for seq_id = 0, pos = [59, +inf)
llama_decode: failed to decode, ret = 2
set_abort_callback: call
host-bank MoE execution failed: MoE routing weight must be finite
host-bank MoE execution failed: MoE routing weight must be finite
process_ubatch: failed to compute graph, compute status: -1
decode: removing memory module entries for seq_id = 0, pos = [59, +inf)
llama_decode: failed to decode, ret = -3
llama_context: constructing llama_context
llama_init_from_model: failed to initialize the context: host-bank MoE requires one sequence, op_offload=false and offload_kqv=false
llama_context: constructing llama_context
llama_init_from_model: failed to initialize the context: host-bank MoE requires one sequence, op_offload=false and offload_kqv=false
llama_context: constructing llama_context
llama_init_from_model: failed to initialize the context: host-bank MoE requires one sequence, op_offload=false and offload_kqv=false
llama_context: constructing llama_context
llama_init_from_model: failed to initialize the context: moe cache: invalid uniform arena geometry
llama_context: constructing llama_context
llama_init_from_model: failed to initialize the context: host-bank MoE cache requires model.moe_cpu_tile_bytes host-bank setup
~llama_context:      CUDA0 compute buffer size is   0.0000 MiB, matches expectation of   0.0000 MiB
~llama_context:  CUDA_Host compute buffer size is   0.0304 MiB, matches expectation of   0.0304 MiB
~llama_context:      CUDA0 compute buffer size is   0.0000 MiB, matches expectation of   0.0000 MiB
~llama_context:  CUDA_Host compute buffer size is   0.0304 MiB, matches expectation of   0.0304 MiB
llama_context: constructing llama_context
llama_context: n_seq_max             = 1
llama_context: n_ctx                 = 256
llama_context: n_ctx_seq             = 256
llama_context: n_batch               = 32
llama_context: n_ubatch              = 8
llama_context: causal_attn           = 1
llama_context: flash_attn            = disabled
llama_context: kv_unified            = false
llama_context: freq_base             = 10000.0
llama_context: freq_scale            = 1
llama_context: n_rs_seq              = 0
llama_context: n_outputs_max         = 32
llama_context: n_outputs_max_per_seq = 1
llama_context: n_ctx_seq (256) > n_ctx_train (128) -- possible training context overflow
set_abort_callback: call
llama_context:        CPU  output buffer size =     0.00 MiB
llama_kv_cache: layer   0: dev = CPU
llama_kv_cache: layer   1: dev = CPU
llama_kv_cache:        CPU KV buffer size =     0.06 MiB
llama_kv_cache: size =    0.06 MiB (   256 cells,   2 layers,  1/1 seqs), K (f16):    0.03 MiB, V (f16):    0.03 MiB
llama_kv_cache: attn_rot_k = 0, n_embd_head_k_all = 16
llama_kv_cache: attn_rot_v = 0, n_embd_head_k_all = 16
llama_context: enumerating backends
llama_context: backend_ptrs.size() = 2
sched_reserve: reserving ...
sched_reserve: max_nodes = 1024
sched_reserve: decode graph slots = 4 (n_tokens <= 4)
sched_reserve: reserving full memory module
sched_reserve: worst-case: n_tokens = 8, n_seqs = 1, n_outputs = 1
resolve_fused_ops: resolving fused Gated Delta Net support:
graph_reserve: reserving a graph for ubatch with n_tokens =    1, n_seqs =  1, n_outputs =    1
resolve_fused_ops: fused Gated Delta Net (autoregressive) enabled
graph_reserve: reserving a graph for ubatch with n_tokens =   16, n_seqs =  1, n_outputs =   16
resolve_fused_ops: fused Gated Delta Net (chunked) enabled
resolve_fused_ops: resolving fused Lightning Indexer support:
graph_reserve: reserving a graph for ubatch with n_tokens =    1, n_seqs =  1, n_outputs =    1
resolve_fused_ops: Lightning Indexer enabled
resolve_fused_ops: resolving fused DeepSeek V4 HC support:
graph_reserve: reserving a graph for ubatch with n_tokens =    1, n_seqs =  1, n_outputs =    1
resolve_fused_ops: fused DeepSeek V4 HC pre enabled
graph_reserve: reserving a graph for ubatch with n_tokens =    1, n_seqs =  1, n_outputs =    1
resolve_fused_ops: fused DeepSeek V4 HC comb enabled
graph_reserve: reserving a graph for ubatch with n_tokens =    1, n_seqs =  1, n_outputs =    1
resolve_fused_ops: fused DeepSeek V4 HC post enabled
graph_reserve: reserving a graph for ubatch with n_tokens =    8, n_seqs =  1, n_outputs =    8
graph_reserve: reserving a graph for ubatch with n_tokens =    1, n_seqs =  1, n_outputs =    1
graph_reserve: reserving a graph for ubatch with n_tokens =    8, n_seqs =  1, n_outputs =    8
sched_reserve:  CUDA_Host compute buffer size =     0.03 MiB
sched_reserve: graph nodes  = 100
sched_reserve: graph splits = 1
sched_reserve: reserve took 1.52 ms, sched copies = 1
llama_context: constructing llama_context
llama_context: n_seq_max             = 1
llama_context: n_ctx                 = 256
llama_context: n_ctx_seq             = 256
llama_context: n_batch               = 32
llama_context: n_ubatch              = 8
llama_context: causal_attn           = 1
llama_context: flash_attn            = disabled
llama_context: kv_unified            = false
llama_context: freq_base             = 10000.0
llama_context: freq_scale            = 1
llama_context: n_rs_seq              = 0
llama_context: n_outputs_max         = 32
llama_context: n_outputs_max_per_seq = 1
llama_context: n_ctx_seq (256) > n_ctx_train (128) -- possible training context overflow
set_abort_callback: call
llama_context:        CPU  output buffer size =     0.00 MiB
llama_kv_cache: layer   0: dev = CPU
llama_kv_cache: layer   1: dev = CPU
llama_kv_cache:        CPU KV buffer size =     0.06 MiB
llama_kv_cache: size =    0.06 MiB (   256 cells,   2 layers,  1/1 seqs), K (f16):    0.03 MiB, V (f16):    0.03 MiB
llama_kv_cache: attn_rot_k = 0, n_embd_head_k_all = 16
llama_kv_cache: attn_rot_v = 0, n_embd_head_k_all = 16
llama_context: enumerating backends
llama_context: backend_ptrs.size() = 2
sched_reserve: reserving ...
sched_reserve: max_nodes = 1024
sched_reserve: decode graph slots = 4 (n_tokens <= 4)
sched_reserve: reserving full memory module
sched_reserve: worst-case: n_tokens = 8, n_seqs = 1, n_outputs = 1
resolve_fused_ops: resolving fused Gated Delta Net support:
graph_reserve: reserving a graph for ubatch with n_tokens =    1, n_seqs =  1, n_outputs =    1
resolve_fused_ops: fused Gated Delta Net (autoregressive) enabled
graph_reserve: reserving a graph for ubatch with n_tokens =   16, n_seqs =  1, n_outputs =   16
resolve_fused_ops: fused Gated Delta Net (chunked) enabled
resolve_fused_ops: resolving fused Lightning Indexer support:
graph_reserve: reserving a graph for ubatch with n_tokens =    1, n_seqs =  1, n_outputs =    1
resolve_fused_ops: Lightning Indexer enabled
resolve_fused_ops: resolving fused DeepSeek V4 HC support:
graph_reserve: reserving a graph for ubatch with n_tokens =    1, n_seqs =  1, n_outputs =    1
resolve_fused_ops: fused DeepSeek V4 HC pre enabled
graph_reserve: reserving a graph for ubatch with n_tokens =    1, n_seqs =  1, n_outputs =    1
resolve_fused_ops: fused DeepSeek V4 HC comb enabled
graph_reserve: reserving a graph for ubatch with n_tokens =    1, n_seqs =  1, n_outputs =    1
resolve_fused_ops: fused DeepSeek V4 HC post enabled
graph_reserve: reserving a graph for ubatch with n_tokens =    8, n_seqs =  1, n_outputs =    8
graph_reserve: reserving a graph for ubatch with n_tokens =    1, n_seqs =  1, n_outputs =    1
graph_reserve: reserving a graph for ubatch with n_tokens =    8, n_seqs =  1, n_outputs =    8
sched_reserve:  CUDA_Host compute buffer size =     0.03 MiB
sched_reserve: graph nodes  = 110
sched_reserve: graph splits = 1
sched_reserve: reserve took 2.17 ms, sched copies = 1
~llama_context:      CUDA0 compute buffer size is   0.0000 MiB, matches expectation of   0.0000 MiB
~llama_context:  CUDA_Host compute buffer size is   0.0304 MiB, matches expectation of   0.0304 MiB
~llama_context:      CUDA0 compute buffer size is   0.0000 MiB, matches expectation of   0.0000 MiB
~llama_context:  CUDA_Host compute buffer size is   0.0304 MiB, matches expectation of   0.0304 MiB
llama_model_loader: loaded meta data with 13 key-value pairs and 23 tensors from C:\Users\cadel\AppData\Local\Temp\moe-integration-1702916.gguf (version GGUF V3 (latest))
llama_model_loader: Dumping metadata keys/values. Note: KV overrides do not apply in this output.
llama_model_loader: - kv   0:                       general.architecture str              = llama
llama_model_loader: - kv   1:                       tokenizer.ggml.model str              = no_vocab
llama_model_loader: - kv   2:                           llama.vocab_size u32              = 32
llama_model_loader: - kv   3:                       llama.context_length u32              = 128
llama_model_loader: - kv   4:                     llama.embedding_length u32              = 32
llama_model_loader: - kv   5:                          llama.block_count u32              = 2
llama_model_loader: - kv   6:                  llama.feed_forward_length u32              = 64
llama_model_loader: - kv   7:                 llama.attention.head_count u32              = 2
llama_model_loader: - kv   8:              llama.attention.head_count_kv u32              = 2
llama_model_loader: - kv   9:                 llama.rope.dimension_count u32              = 16
llama_model_loader: - kv  10:                         llama.expert_count u32              = 4
llama_model_loader: - kv  11:                    llama.expert_used_count u32              = 2
llama_model_loader: - kv  12:     llama.attention.layer_norm_rms_epsilon f32              = 0.000010
llama_model_loader: - type  f32:   17 tensors
llama_model_loader: - type q8_0:    6 tensors
print_info: file format = GGUF V3 (latest)
print_info: file type   = (guessed) all F32
print_info: file size   = 0.09 MiB (12.69 BPW) 
llama_prepare_model_devices: using device CUDA0 (NVIDIA GeForce RTX 4060 Laptop GPU) (0000:01:00.0) - 7094 MiB free
load: adding 32 dummy tokens
print_info: arch                  = llama
print_info: vocab_only            = 0
print_info: no_alloc              = 0
print_info: n_ctx_train           = 128
print_info: n_embd_inp            = 32
print_info: n_embd                = 32
print_info: n_embd_out            = 32
print_info: n_layer               = 2
print_info: n_layer_all           = 2
print_info: n_head                = 2
print_info: n_head_kv             = 2
print_info: n_rot                 = 16
print_info: n_swa                 = 0
print_info: is_swa_any            = 0
print_info: n_embd_head_k         = 16
print_info: n_embd_head_v         = 16
print_info: n_gqa                 = 1
print_info: n_embd_k_gqa          = 32
print_info: n_embd_v_gqa          = 32
print_info: f_norm_eps            = 0.0e+00
print_info: f_norm_rms_eps        = 1.0e-05
print_info: f_clamp_kqv           = 0.0e+00
print_info: f_max_alibi_bias      = 0.0e+00
print_info: f_logit_scale         = 0.0e+00
print_info: f_attn_scale          = 0.0e+00
print_info: f_attn_value_scale    = 0.0000
print_info: n_ff                  = 64
print_info: n_expert              = 4
print_info: n_expert_used         = 2
print_info: n_expert_groups       = 0
print_info: n_group_used          = 0
print_info: causal attn           = 1
print_info: pooling type          = -1
print_info: rope type             = 0
print_info: rope scaling          = linear
print_info: freq_base_train       = 10000.0
print_info: freq_scale_train      = 1
print_info: n_ctx_orig_yarn       = 128
print_info: rope_yarn_log_mul     = 0.0000
print_info: rope_finetuned        = unknown
print_info: model type            = ?B
print_info: model params          = 59.81 K
print_info: general.name          = n/a
print_info: vocab type            = no vocab
print_info: n_vocab               = 32
print_info: n_merges              = 0
print_info: max token length      = 0
load_tensors: loading model tensors, this can take a while... (load_mode = mmap)
load_tensors: layer   0 assigned to device CPU, is_swa = 0
load_tensors: layer   1 assigned to device CPU, is_swa = 0
load_tensors: layer   2 assigned to device CPU, is_swa = 0
create_tensor: loading tensor token_embd.weight
create_tensor: loading tensor output_norm.weight
create_tensor: loading tensor output.weight
create_tensor: loading tensor blk.0.attn_norm.weight
create_tensor: loading tensor blk.0.attn_qkv.weight
create_tensor: loading tensor blk.0.attn_q.weight
create_tensor: loading tensor blk.0.attn_k.weight
create_tensor: loading tensor blk.0.attn_v.weight
create_tensor: loading tensor blk.0.attn_q.bias
create_tensor: loading tensor blk.0.attn_k.bias
create_tensor: loading tensor blk.0.attn_v.bias
create_tensor: loading tensor blk.0.attn_output.weight
create_tensor: loading tensor blk.0.attn_output.bias
create_tensor: loading tensor blk.0.ffn_norm.weight
create_tensor: loading tensor rope_freqs.weight
create_tensor: loading tensor blk.0.ffn_gate_inp.weight
create_tensor: loading tensor blk.0.ffn_gate_exps.weight
create_tensor: loading tensor blk.0.ffn_down_exps.weight
create_tensor: loading tensor blk.0.ffn_up_exps.weight
create_tensor: loading tensor blk.1.attn_norm.weight
create_tensor: loading tensor blk.1.attn_qkv.weight
create_tensor: loading tensor blk.1.attn_q.weight
create_tensor: loading tensor blk.1.attn_k.weight
create_tensor: loading tensor blk.1.attn_v.weight
create_tensor: loading tensor blk.1.attn_q.bias
create_tensor: loading tensor blk.1.attn_k.bias
create_tensor: loading tensor blk.1.attn_v.bias
create_tensor: loading tensor blk.1.attn_output.weight
create_tensor: loading tensor blk.1.attn_output.bias
create_tensor: loading tensor blk.1.ffn_norm.weight
create_tensor: loading tensor rope_freqs.weight
create_tensor: loading tensor blk.1.ffn_gate_inp.weight
create_tensor: loading tensor blk.1.ffn_gate_exps.weight
create_tensor: loading tensor blk.1.ffn_down_exps.weight
create_tensor: loading tensor blk.1.ffn_up_exps.weight
create_tensor: loading tensor blk.0.attn_q.scale
create_tensor: loading tensor blk.0.attn_k.scale
create_tensor: loading tensor blk.0.attn_v.scale
create_tensor: loading tensor blk.0.attn_output.scale
create_tensor: loading tensor blk.0.ffn_gate_exps.scale
create_tensor: loading tensor blk.0.ffn_down_exps.scale
create_tensor: loading tensor blk.0.ffn_up_exps.scale
create_tensor: loading tensor blk.0.attn_q.input_scale
create_tensor: loading tensor blk.0.attn_k.input_scale
create_tensor: loading tensor blk.0.attn_v.input_scale
create_tensor: loading tensor blk.0.attn_output.input_scale
create_tensor: loading tensor blk.0.ffn_gate_exps.input_scale
create_tensor: loading tensor blk.0.ffn_down_exps.input_scale
create_tensor: loading tensor blk.0.ffn_up_exps.input_scale
create_tensor: loading tensor blk.1.attn_q.scale
create_tensor: loading tensor blk.1.attn_k.scale
create_tensor: loading tensor blk.1.attn_v.scale
create_tensor: loading tensor blk.1.attn_output.scale
create_tensor: loading tensor blk.1.ffn_gate_exps.scale
create_tensor: loading tensor blk.1.ffn_down_exps.scale
create_tensor: loading tensor blk.1.ffn_up_exps.scale
create_tensor: loading tensor blk.1.attn_q.input_scale
create_tensor: loading tensor blk.1.attn_k.input_scale
create_tensor: loading tensor blk.1.attn_v.input_scale
create_tensor: loading tensor blk.1.attn_output.input_scale
create_tensor: loading tensor blk.1.ffn_gate_exps.input_scale
create_tensor: loading tensor blk.1.ffn_down_exps.input_scale
create_tensor: loading tensor blk.1.ffn_up_exps.input_scale
done_getting_tensors: tensor 'token_embd.weight' (f32) (and 22 others) cannot be used with preferred buffer type CUDA_Host, using CPU instead
load_tensors: offloading 0 repeating layers to GPU
load_tensors: offloaded 0/3 layers to GPU
load_tensors:   CPU_Mapped model buffer size =     0.09 MiB
.................
llama_model_loader: loaded meta data with 13 key-value pairs and 23 tensors from C:\Users\cadel\AppData\Local\Temp\moe-integration-1702916.gguf (version GGUF V3 (latest))
llama_model_loader: Dumping metadata keys/values. Note: KV overrides do not apply in this output.
llama_model_loader: - kv   0:                       general.architecture str              = llama
llama_model_loader: - kv   1:                       tokenizer.ggml.model str              = no_vocab
llama_model_loader: - kv   2:                           llama.vocab_size u32              = 32
llama_model_loader: - kv   3:                       llama.context_length u32              = 128
llama_model_loader: - kv   4:                     llama.embedding_length u32              = 32
llama_model_loader: - kv   5:                          llama.block_count u32              = 2
llama_model_loader: - kv   6:                  llama.feed_forward_length u32              = 64
llama_model_loader: - kv   7:                 llama.attention.head_count u32              = 2
llama_model_loader: - kv   8:              llama.attention.head_count_kv u32              = 2
llama_model_loader: - kv   9:                 llama.rope.dimension_count u32              = 16
llama_model_loader: - kv  10:                         llama.expert_count u32              = 4
llama_model_loader: - kv  11:                    llama.expert_used_count u32              = 2
llama_model_loader: - kv  12:     llama.attention.layer_norm_rms_epsilon f32              = 0.000010
llama_model_loader: - type  f32:   17 tensors
llama_model_loader: - type q8_0:    6 tensors
print_info: file format = GGUF V3 (latest)
print_info: file type   = (guessed) all F32
print_info: file size   = 0.09 MiB (12.69 BPW) 
llama_prepare_model_devices: using device CUDA0 (NVIDIA GeForce RTX 4060 Laptop GPU) (0000:01:00.0) - 7094 MiB free
load: adding 32 dummy tokens
print_info: arch                  = llama
print_info: vocab_only            = 0
print_info: no_alloc              = 0
print_info: n_ctx_train           = 128
print_info: n_embd_inp            = 32
print_info: n_embd                = 32
print_info: n_embd_out            = 32
print_info: n_layer               = 2
print_info: n_layer_all           = 2
print_info: n_head                = 2
print_info: n_head_kv             = 2
print_info: n_rot                 = 16
print_info: n_swa                 = 0
print_info: is_swa_any            = 0
print_info: n_embd_head_k         = 16
print_info: n_embd_head_v         = 16
print_info: n_gqa                 = 1
print_info: n_embd_k_gqa          = 32
print_info: n_embd_v_gqa          = 32
print_info: f_norm_eps            = 0.0e+00
print_info: f_norm_rms_eps        = 1.0e-05
print_info: f_clamp_kqv           = 0.0e+00
print_info: f_max_alibi_bias      = 0.0e+00
print_info: f_logit_scale         = 0.0e+00
print_info: f_attn_scale          = 0.0e+00
print_info: f_attn_value_scale    = 0.0000
print_info: n_ff                  = 64
print_info: n_expert              = 4
print_info: n_expert_used         = 2
print_info: n_expert_groups       = 0
print_info: n_group_used          = 0
print_info: causal attn           = 1
print_info: pooling type          = -1
print_info: rope type             = 0
print_info: rope scaling          = linear
print_info: freq_base_train       = 10000.0
print_info: freq_scale_train      = 1
print_info: n_ctx_orig_yarn       = 128
print_info: rope_yarn_log_mul     = 0.0000
print_info: rope_finetuned        = unknown
print_info: model type            = ?B
print_info: model params          = 59.81 K
print_info: general.name          = n/a
print_info: vocab type            = no vocab
print_info: n_vocab               = 32
print_info: n_merges              = 0
print_info: max token length      = 0
load_tensors: loading model tensors, this can take a while... (load_mode = mmap)
load_tensors: layer   0 assigned to device CPU, is_swa = 0
load_tensors: layer   1 assigned to device CPU, is_swa = 0
load_tensors: layer   2 assigned to device CPU, is_swa = 0
create_tensor: loading tensor token_embd.weight
create_tensor: loading tensor output_norm.weight
create_tensor: loading tensor output.weight
create_tensor: loading tensor blk.0.attn_norm.weight
create_tensor: loading tensor blk.0.attn_qkv.weight
create_tensor: loading tensor blk.0.attn_q.weight
create_tensor: loading tensor blk.0.attn_k.weight
create_tensor: loading tensor blk.0.attn_v.weight
create_tensor: loading tensor blk.0.attn_q.bias
create_tensor: loading tensor blk.0.attn_k.bias
create_tensor: loading tensor blk.0.attn_v.bias
create_tensor: loading tensor blk.0.attn_output.weight
create_tensor: loading tensor blk.0.attn_output.bias
create_tensor: loading tensor blk.0.ffn_norm.weight
create_tensor: loading tensor rope_freqs.weight
create_tensor: loading tensor blk.0.ffn_gate_inp.weight
create_tensor: loading tensor blk.0.ffn_gate_exps.weight
create_tensor: loading tensor blk.0.ffn_down_exps.weight
create_tensor: loading tensor blk.0.ffn_up_exps.weight
create_tensor: loading tensor blk.1.attn_norm.weight
create_tensor: loading tensor blk.1.attn_qkv.weight
create_tensor: loading tensor blk.1.attn_q.weight
create_tensor: loading tensor blk.1.attn_k.weight
create_tensor: loading tensor blk.1.attn_v.weight
create_tensor: loading tensor blk.1.attn_q.bias
create_tensor: loading tensor blk.1.attn_k.bias
create_tensor: loading tensor blk.1.attn_v.bias
create_tensor: loading tensor blk.1.attn_output.weight
create_tensor: loading tensor blk.1.attn_output.bias
create_tensor: loading tensor blk.1.ffn_norm.weight
create_tensor: loading tensor rope_freqs.weight
create_tensor: loading tensor blk.1.ffn_gate_inp.weight
create_tensor: loading tensor blk.1.ffn_gate_exps.weight
create_tensor: loading tensor blk.1.ffn_down_exps.weight
create_tensor: loading tensor blk.1.ffn_up_exps.weight
create_tensor: loading tensor blk.0.attn_q.scale
create_tensor: loading tensor blk.0.attn_k.scale
create_tensor: loading tensor blk.0.attn_v.scale
create_tensor: loading tensor blk.0.attn_output.scale
create_tensor: loading tensor blk.0.ffn_gate_exps.scale
create_tensor: loading tensor blk.0.ffn_down_exps.scale
create_tensor: loading tensor blk.0.ffn_up_exps.scale
create_tensor: loading tensor blk.0.attn_q.input_scale
create_tensor: loading tensor blk.0.attn_k.input_scale
create_tensor: loading tensor blk.0.attn_v.input_scale
create_tensor: loading tensor blk.0.attn_output.input_scale
create_tensor: loading tensor blk.0.ffn_gate_exps.input_scale
create_tensor: loading tensor blk.0.ffn_down_exps.input_scale
create_tensor: loading tensor blk.0.ffn_up_exps.input_scale
create_tensor: loading tensor blk.1.attn_q.scale
create_tensor: loading tensor blk.1.attn_k.scale
create_tensor: loading tensor blk.1.attn_v.scale
create_tensor: loading tensor blk.1.attn_output.scale
create_tensor: loading tensor blk.1.ffn_gate_exps.scale
create_tensor: loading tensor blk.1.ffn_down_exps.scale
create_tensor: loading tensor blk.1.ffn_up_exps.scale
create_tensor: loading tensor blk.1.attn_q.input_scale
create_tensor: loading tensor blk.1.attn_k.input_scale
create_tensor: loading tensor blk.1.attn_v.input_scale
create_tensor: loading tensor blk.1.attn_output.input_scale
create_tensor: loading tensor blk.1.ffn_gate_exps.input_scale
create_tensor: loading tensor blk.1.ffn_down_exps.input_scale
create_tensor: loading tensor blk.1.ffn_up_exps.input_scale
load_tensors: offloading 0 repeating layers to GPU
load_tensors: offloaded 0/3 layers to GPU
load_tensors:   CPU_Mapped model buffer size =     0.09 MiB
.................
load_tensors: experimental host-bank MoE enabled, tile weights <= 27136 bytes; this is not a total memory limit
llama_context: constructing llama_context
llama_context: n_seq_max             = 1
llama_context: n_ctx                 = 256
llama_context: n_ctx_seq             = 256
llama_context: n_batch               = 32
llama_context: n_ubatch              = 8
llama_context: causal_attn           = 1
llama_context: flash_attn            = disabled
llama_context: kv_unified            = false
llama_context: freq_base             = 10000.0
llama_context: freq_scale            = 1
llama_context: n_rs_seq              = 0
llama_context: n_outputs_max         = 32
llama_context: n_outputs_max_per_seq = 1
llama_context: n_ctx_seq (256) > n_ctx_train (128) -- possible training context overflow
set_abort_callback: call
llama_context:        CPU  output buffer size =     0.00 MiB
llama_kv_cache: layer   0: dev = CPU
llama_kv_cache: layer   1: dev = CPU
llama_kv_cache:        CPU KV buffer size =     0.06 MiB
llama_kv_cache: size =    0.06 MiB (   256 cells,   2 layers,  1/1 seqs), K (f16):    0.03 MiB, V (f16):    0.03 MiB
llama_kv_cache: attn_rot_k = 0, n_embd_head_k_all = 16
llama_kv_cache: attn_rot_v = 0, n_embd_head_k_all = 16
llama_context: enumerating backends
llama_context: backend_ptrs.size() = 2
sched_reserve: reserving ...
sched_reserve: max_nodes = 1024
sched_reserve: decode graph slots = 4 (n_tokens <= 4)
sched_reserve: reserving full memory module
sched_reserve: worst-case: n_tokens = 8, n_seqs = 1, n_outputs = 1
resolve_fused_ops: resolving fused Gated Delta Net support:
graph_reserve: reserving a graph for ubatch with n_tokens =    1, n_seqs =  1, n_outputs =    1
resolve_fused_ops: fused Gated Delta Net (autoregressive) enabled
graph_reserve: reserving a graph for ubatch with n_tokens =   16, n_seqs =  1, n_outputs =   16
resolve_fused_ops: fused Gated Delta Net (chunked) enabled
resolve_fused_ops: resolving fused Lightning Indexer support:
graph_reserve: reserving a graph for ubatch with n_tokens =    1, n_seqs =  1, n_outputs =    1
resolve_fused_ops: Lightning Indexer enabled
resolve_fused_ops: resolving fused DeepSeek V4 HC support:
graph_reserve: reserving a graph for ubatch with n_tokens =    1, n_seqs =  1, n_outputs =    1
resolve_fused_ops: fused DeepSeek V4 HC pre enabled
graph_reserve: reserving a graph for ubatch with n_tokens =    1, n_seqs =  1, n_outputs =    1
resolve_fused_ops: fused DeepSeek V4 HC comb enabled
graph_reserve: reserving a graph for ubatch with n_tokens =    1, n_seqs =  1, n_outputs =    1
resolve_fused_ops: fused DeepSeek V4 HC post enabled
graph_reserve: reserving a graph for ubatch with n_tokens =    8, n_seqs =  1, n_outputs =    8
graph_reserve: reserving a graph for ubatch with n_tokens =    1, n_seqs =  1, n_outputs =    1
graph_reserve: reserving a graph for ubatch with n_tokens =    8, n_seqs =  1, n_outputs =    8
sched_reserve:  CUDA_Host compute buffer size =     0.03 MiB
sched_reserve: graph nodes  = 110
sched_reserve: graph splits = 1
sched_reserve: reserve took 2.65 ms, sched copies = 1
llama_context: constructing llama_context
llama_context: n_seq_max             = 1
llama_context: n_ctx                 = 256
llama_context: n_ctx_seq             = 256
llama_context: n_batch               = 32
llama_context: n_ubatch              = 8
llama_context: causal_attn           = 1
llama_context: flash_attn            = disabled
llama_context: kv_unified            = false
llama_context: freq_base             = 10000.0
llama_context: freq_scale            = 1
llama_context: n_rs_seq              = 0
llama_context: n_outputs_max         = 32
llama_context: n_outputs_max_per_seq = 1
llama_context: n_ctx_seq (256) > n_ctx_train (128) -- possible training context overflow
set_abort_callback: call
llama_context:        CPU  output buffer size =     0.00 MiB
llama_kv_cache: layer   0: dev = CPU
llama_kv_cache: layer   1: dev = CPU
llama_kv_cache:        CPU KV buffer size =     0.06 MiB
llama_kv_cache: size =    0.06 MiB (   256 cells,   2 layers,  1/1 seqs), K (f16):    0.03 MiB, V (f16):    0.03 MiB
llama_kv_cache: attn_rot_k = 0, n_embd_head_k_all = 16
llama_kv_cache: attn_rot_v = 0, n_embd_head_k_all = 16
llama_context: enumerating backends
llama_context: backend_ptrs.size() = 2
sched_reserve: reserving ...
sched_reserve: max_nodes = 1024
sched_reserve: decode graph slots = 4 (n_tokens <= 4)
sched_reserve: reserving full memory module
sched_reserve: worst-case: n_tokens = 8, n_seqs = 1, n_outputs = 1
resolve_fused_ops: resolving fused Gated Delta Net support:
graph_reserve: reserving a graph for ubatch with n_tokens =    1, n_seqs =  1, n_outputs =    1
resolve_fused_ops: fused Gated Delta Net (autoregressive) enabled
graph_reserve: reserving a graph for ubatch with n_tokens =   16, n_seqs =  1, n_outputs =   16
resolve_fused_ops: fused Gated Delta Net (chunked) enabled
resolve_fused_ops: resolving fused Lightning Indexer support:
graph_reserve: reserving a graph for ubatch with n_tokens =    1, n_seqs =  1, n_outputs =    1
resolve_fused_ops: Lightning Indexer enabled
resolve_fused_ops: resolving fused DeepSeek V4 HC support:
graph_reserve: reserving a graph for ubatch with n_tokens =    1, n_seqs =  1, n_outputs =    1
resolve_fused_ops: fused DeepSeek V4 HC pre enabled
graph_reserve: reserving a graph for ubatch with n_tokens =    1, n_seqs =  1, n_outputs =    1
resolve_fused_ops: fused DeepSeek V4 HC comb enabled
graph_reserve: reserving a graph for ubatch with n_tokens =    1, n_seqs =  1, n_outputs =    1
resolve_fused_ops: fused DeepSeek V4 HC post enabled
graph_reserve: reserving a graph for ubatch with n_tokens =    8, n_seqs =  1, n_outputs =    8
graph_reserve: reserving a graph for ubatch with n_tokens =    1, n_seqs =  1, n_outputs =    1
graph_reserve: reserving a graph for ubatch with n_tokens =    8, n_seqs =  1, n_outputs =    8
sched_reserve:  CUDA_Host compute buffer size =     0.03 MiB
sched_reserve: graph nodes  = 100
sched_reserve: graph splits = 1
sched_reserve: reserve took 1.25 ms, sched copies = 1
graph_reserve: reserving a graph for ubatch with n_tokens =    4, n_seqs =  1, n_outputs =    4
set_abort_callback: call
graph_compute: ggml_backend_sched_graph_compute_async failed with error 1
process_ubatch: failed to compute graph, compute status: 1
decode: removing memory module entries for seq_id = 0, pos = [59, +inf)
llama_decode: failed to decode, ret = 2
set_abort_callback: call
host-bank MoE execution failed: MoE routing weight must be finite
host-bank MoE execution failed: MoE routing weight must be finite
process_ubatch: failed to compute graph, compute status: -1
decode: removing memory module entries for seq_id = 0, pos = [59, +inf)
llama_decode: failed to decode, ret = -3
llama_context: constructing llama_context
llama_init_from_model: failed to initialize the context: host-bank MoE requires one sequence, op_offload=false and offload_kqv=false
llama_context: constructing llama_context
llama_init_from_model: failed to initialize the context: host-bank MoE requires one sequence, op_offload=false and offload_kqv=false
llama_context: constructing llama_context
llama_init_from_model: failed to initialize the context: host-bank MoE requires one sequence, op_offload=false and offload_kqv=false
llama_context: constructing llama_context
llama_init_from_model: failed to initialize the context: moe cache: invalid uniform arena geometry
llama_context: constructing llama_context
llama_init_from_model: failed to initialize the context: host-bank MoE cache requires model.moe_cpu_tile_bytes host-bank setup
~llama_context:      CUDA0 compute buffer size is   0.0000 MiB, matches expectation of   0.0000 MiB
~llama_context:  CUDA_Host compute buffer size is   0.0304 MiB, matches expectation of   0.0304 MiB
~llama_context:      CUDA0 compute buffer size is   0.0000 MiB, matches expectation of   0.0000 MiB
~llama_context:  CUDA_Host compute buffer size is   0.0304 MiB, matches expectation of   0.0304 MiB
llama_context: constructing llama_context
llama_context: n_seq_max             = 1
llama_context: n_ctx                 = 256
llama_context: n_ctx_seq             = 256
llama_context: n_batch               = 32
llama_context: n_ubatch              = 8
llama_context: causal_attn           = 1
llama_context: flash_attn            = disabled
llama_context: kv_unified            = false
llama_context: freq_base             = 10000.0
llama_context: freq_scale            = 1
llama_context: n_rs_seq              = 0
llama_context: n_outputs_max         = 32
llama_context: n_outputs_max_per_seq = 1
llama_context: n_ctx_seq (256) > n_ctx_train (128) -- possible training context overflow
set_abort_callback: call
llama_context:        CPU  output buffer size =     0.00 MiB
llama_kv_cache: layer   0: dev = CPU
llama_kv_cache: layer   1: dev = CPU
llama_kv_cache:        CPU KV buffer size =     0.06 MiB
llama_kv_cache: size =    0.06 MiB (   256 cells,   2 layers,  1/1 seqs), K (f16):    0.03 MiB, V (f16):    0.03 MiB
llama_kv_cache: attn_rot_k = 0, n_embd_head_k_all = 16
llama_kv_cache: attn_rot_v = 0, n_embd_head_k_all = 16
llama_context: enumerating backends
llama_context: backend_ptrs.size() = 2
sched_reserve: reserving ...
sched_reserve: max_nodes = 1024
sched_reserve: decode graph slots = 4 (n_tokens <= 4)
sched_reserve: reserving full memory module
sched_reserve: worst-case: n_tokens = 8, n_seqs = 1, n_outputs = 1
resolve_fused_ops: resolving fused Gated Delta Net support:
graph_reserve: reserving a graph for ubatch with n_tokens =    1, n_seqs =  1, n_outputs =    1
resolve_fused_ops: fused Gated Delta Net (autoregressive) enabled
graph_reserve: reserving a graph for ubatch with n_tokens =   16, n_seqs =  1, n_outputs =   16
resolve_fused_ops: fused Gated Delta Net (chunked) enabled
resolve_fused_ops: resolving fused Lightning Indexer support:
graph_reserve: reserving a graph for ubatch with n_tokens =    1, n_seqs =  1, n_outputs =    1
resolve_fused_ops: Lightning Indexer enabled
resolve_fused_ops: resolving fused DeepSeek V4 HC support:
graph_reserve: reserving a graph for ubatch with n_tokens =    1, n_seqs =  1, n_outputs =    1
resolve_fused_ops: fused DeepSeek V4 HC pre enabled
graph_reserve: reserving a graph for ubatch with n_tokens =    1, n_seqs =  1, n_outputs =    1
resolve_fused_ops: fused DeepSeek V4 HC comb enabled
graph_reserve: reserving a graph for ubatch with n_tokens =    1, n_seqs =  1, n_outputs =    1
resolve_fused_ops: fused DeepSeek V4 HC post enabled
graph_reserve: reserving a graph for ubatch with n_tokens =    8, n_seqs =  1, n_outputs =    8
graph_reserve: reserving a graph for ubatch with n_tokens =    1, n_seqs =  1, n_outputs =    1
graph_reserve: reserving a graph for ubatch with n_tokens =    8, n_seqs =  1, n_outputs =    8
sched_reserve:  CUDA_Host compute buffer size =     0.03 MiB
sched_reserve: graph nodes  = 100
sched_reserve: graph splits = 1
sched_reserve: reserve took 1.55 ms, sched copies = 1
llama_context: constructing llama_context
llama_context: n_seq_max             = 1
llama_context: n_ctx                 = 256
llama_context: n_ctx_seq             = 256
llama_context: n_batch               = 32
llama_context: n_ubatch              = 8
llama_context: causal_attn           = 1
llama_context: flash_attn            = disabled
llama_context: kv_unified            = false
llama_context: freq_base             = 10000.0
llama_context: freq_scale            = 1
llama_context: n_rs_seq              = 0
llama_context: n_outputs_max         = 32
llama_context: n_outputs_max_per_seq = 1
llama_context: n_ctx_seq (256) > n_ctx_train (128) -- possible training context overflow
set_abort_callback: call
llama_context:        CPU  output buffer size =     0.00 MiB
llama_kv_cache: layer   0: dev = CPU
llama_kv_cache: layer   1: dev = CPU
llama_kv_cache:        CPU KV buffer size =     0.06 MiB
llama_kv_cache: size =    0.06 MiB (   256 cells,   2 layers,  1/1 seqs), K (f16):    0.03 MiB, V (f16):    0.03 MiB
llama_kv_cache: attn_rot_k = 0, n_embd_head_k_all = 16
llama_kv_cache: attn_rot_v = 0, n_embd_head_k_all = 16
llama_context: enumerating backends
llama_context: backend_ptrs.size() = 2
sched_reserve: reserving ...
sched_reserve: max_nodes = 1024
sched_reserve: decode graph slots = 4 (n_tokens <= 4)
sched_reserve: reserving full memory module
sched_reserve: worst-case: n_tokens = 8, n_seqs = 1, n_outputs = 1
resolve_fused_ops: resolving fused Gated Delta Net support:
graph_reserve: reserving a graph for ubatch with n_tokens =    1, n_seqs =  1, n_outputs =    1
resolve_fused_ops: fused Gated Delta Net (autoregressive) enabled
graph_reserve: reserving a graph for ubatch with n_tokens =   16, n_seqs =  1, n_outputs =   16
resolve_fused_ops: fused Gated Delta Net (chunked) enabled
resolve_fused_ops: resolving fused Lightning Indexer support:
graph_reserve: reserving a graph for ubatch with n_tokens =    1, n_seqs =  1, n_outputs =    1
resolve_fused_ops: Lightning Indexer enabled
resolve_fused_ops: resolving fused DeepSeek V4 HC support:
graph_reserve: reserving a graph for ubatch with n_tokens =    1, n_seqs =  1, n_outputs =    1
resolve_fused_ops: fused DeepSeek V4 HC pre enabled
graph_reserve: reserving a graph for ubatch with n_tokens =    1, n_seqs =  1, n_outputs =    1
resolve_fused_ops: fused DeepSeek V4 HC comb enabled
graph_reserve: reserving a graph for ubatch with n_tokens =    1, n_seqs =  1, n_outputs =    1
resolve_fused_ops: fused DeepSeek V4 HC post enabled
graph_reserve: reserving a graph for ubatch with n_tokens =    8, n_seqs =  1, n_outputs =    8
graph_reserve: reserving a graph for ubatch with n_tokens =    1, n_seqs =  1, n_outputs =    1
graph_reserve: reserving a graph for ubatch with n_tokens =    8, n_seqs =  1, n_outputs =    8
sched_reserve:  CUDA_Host compute buffer size =     0.03 MiB
sched_reserve: graph nodes  = 110
sched_reserve: graph splits = 1
sched_reserve: reserve took 2.07 ms, sched copies = 1
~llama_context:      CUDA0 compute buffer size is   0.0000 MiB, matches expectation of   0.0000 MiB
~llama_context:  CUDA_Host compute buffer size is   0.0304 MiB, matches expectation of   0.0304 MiB
~llama_context:      CUDA0 compute buffer size is   0.0000 MiB, matches expectation of   0.0000 MiB
~llama_context:  CUDA_Host compute buffer size is   0.0304 MiB, matches expectation of   0.0304 MiB
llama_model_loader: loaded meta data with 13 key-value pairs and 23 tensors from C:\Users\cadel\AppData\Local\Temp\moe-integration-1702916.gguf (version GGUF V3 (latest))
llama_model_loader: Dumping metadata keys/values. Note: KV overrides do not apply in this output.
llama_model_loader: - kv   0:                       general.architecture str              = llama
llama_model_loader: - kv   1:                       tokenizer.ggml.model str              = no_vocab
llama_model_loader: - kv   2:                           llama.vocab_size u32              = 32
llama_model_loader: - kv   3:                       llama.context_length u32              = 128
llama_model_loader: - kv   4:                     llama.embedding_length u32              = 32
llama_model_loader: - kv   5:                          llama.block_count u32              = 2
llama_model_loader: - kv   6:                  llama.feed_forward_length u32              = 64
llama_model_loader: - kv   7:                 llama.attention.head_count u32              = 2
llama_model_loader: - kv   8:              llama.attention.head_count_kv u32              = 2
llama_model_loader: - kv   9:                 llama.rope.dimension_count u32              = 16
llama_model_loader: - kv  10:                         llama.expert_count u32              = 4
llama_model_loader: - kv  11:                    llama.expert_used_count u32              = 2
llama_model_loader: - kv  12:     llama.attention.layer_norm_rms_epsilon f32              = 0.000010
llama_model_loader: - type  f32:   17 tensors
llama_model_loader: - type q8_0:    6 tensors
print_info: file format = GGUF V3 (latest)
print_info: file type   = (guessed) all F32
print_info: file size   = 0.09 MiB (12.69 BPW) 
llama_prepare_model_devices: using device CUDA0 (NVIDIA GeForce RTX 4060 Laptop GPU) (0000:01:00.0) - 7094 MiB free
load: adding 32 dummy tokens
print_info: arch                  = llama
print_info: vocab_only            = 0
print_info: no_alloc              = 0
print_info: n_ctx_train           = 128
print_info: n_embd_inp            = 32
print_info: n_embd                = 32
print_info: n_embd_out            = 32
print_info: n_layer               = 2
print_info: n_layer_all           = 2
print_info: n_head                = 2
print_info: n_head_kv             = 2
print_info: n_rot                 = 16
print_info: n_swa                 = 0
print_info: is_swa_any            = 0
print_info: n_embd_head_k         = 16
print_info: n_embd_head_v         = 16
print_info: n_gqa                 = 1
print_info: n_embd_k_gqa          = 32
print_info: n_embd_v_gqa          = 32
print_info: f_norm_eps            = 0.0e+00
print_info: f_norm_rms_eps        = 1.0e-05
print_info: f_clamp_kqv           = 0.0e+00
print_info: f_max_alibi_bias      = 0.0e+00
print_info: f_logit_scale         = 0.0e+00
print_info: f_attn_scale          = 0.0e+00
print_info: f_attn_value_scale    = 0.0000
print_info: n_ff                  = 64
print_info: n_expert              = 4
print_info: n_expert_used         = 2
print_info: n_expert_groups       = 0
print_info: n_group_used          = 0
print_info: causal attn           = 1
print_info: pooling type          = -1
print_info: rope type             = 0
print_info: rope scaling          = linear
print_info: freq_base_train       = 10000.0
print_info: freq_scale_train      = 1
print_info: n_ctx_orig_yarn       = 128
print_info: rope_yarn_log_mul     = 0.0000
print_info: rope_finetuned        = unknown
print_info: model type            = ?B
print_info: model params          = 59.81 K
print_info: general.name          = n/a
print_info: vocab type            = no vocab
print_info: n_vocab               = 32
print_info: n_merges              = 0
print_info: max token length      = 0
load_tensors: loading model tensors, this can take a while... (load_mode = mmap)
load_tensors: layer   0 assigned to device CPU, is_swa = 0
load_tensors: layer   1 assigned to device CPU, is_swa = 0
load_tensors: layer   2 assigned to device CPU, is_swa = 0
create_tensor: loading tensor token_embd.weight
create_tensor: loading tensor output_norm.weight
create_tensor: loading tensor output.weight
create_tensor: loading tensor blk.0.attn_norm.weight
create_tensor: loading tensor blk.0.attn_qkv.weight
create_tensor: loading tensor blk.0.attn_q.weight
create_tensor: loading tensor blk.0.attn_k.weight
create_tensor: loading tensor blk.0.attn_v.weight
create_tensor: loading tensor blk.0.attn_q.bias
create_tensor: loading tensor blk.0.attn_k.bias
create_tensor: loading tensor blk.0.attn_v.bias
create_tensor: loading tensor blk.0.attn_output.weight
create_tensor: loading tensor blk.0.attn_output.bias
create_tensor: loading tensor blk.0.ffn_norm.weight
create_tensor: loading tensor rope_freqs.weight
create_tensor: loading tensor blk.0.ffn_gate_inp.weight
create_tensor: loading tensor blk.0.ffn_gate_exps.weight
create_tensor: loading tensor blk.0.ffn_down_exps.weight
create_tensor: loading tensor blk.0.ffn_up_exps.weight
create_tensor: loading tensor blk.1.attn_norm.weight
create_tensor: loading tensor blk.1.attn_qkv.weight
create_tensor: loading tensor blk.1.attn_q.weight
create_tensor: loading tensor blk.1.attn_k.weight
create_tensor: loading tensor blk.1.attn_v.weight
create_tensor: loading tensor blk.1.attn_q.bias
create_tensor: loading tensor blk.1.attn_k.bias
create_tensor: loading tensor blk.1.attn_v.bias
create_tensor: loading tensor blk.1.attn_output.weight
create_tensor: loading tensor blk.1.attn_output.bias
create_tensor: loading tensor blk.1.ffn_norm.weight
create_tensor: loading tensor rope_freqs.weight
create_tensor: loading tensor blk.1.ffn_gate_inp.weight
create_tensor: loading tensor blk.1.ffn_gate_exps.weight
create_tensor: loading tensor blk.1.ffn_down_exps.weight
create_tensor: loading tensor blk.1.ffn_up_exps.weight
create_tensor: loading tensor blk.0.attn_q.scale
create_tensor: loading tensor blk.0.attn_k.scale
create_tensor: loading tensor blk.0.attn_v.scale
create_tensor: loading tensor blk.0.attn_output.scale
create_tensor: loading tensor blk.0.ffn_gate_exps.scale
create_tensor: loading tensor blk.0.ffn_down_exps.scale
create_tensor: loading tensor blk.0.ffn_up_exps.scale
create_tensor: loading tensor blk.0.attn_q.input_scale
create_tensor: loading tensor blk.0.attn_k.input_scale
create_tensor: loading tensor blk.0.attn_v.input_scale
create_tensor: loading tensor blk.0.attn_output.input_scale
create_tensor: loading tensor blk.0.ffn_gate_exps.input_scale
create_tensor: loading tensor blk.0.ffn_down_exps.input_scale
create_tensor: loading tensor blk.0.ffn_up_exps.input_scale
create_tensor: loading tensor blk.1.attn_q.scale
create_tensor: loading tensor blk.1.attn_k.scale
create_tensor: loading tensor blk.1.attn_v.scale
create_tensor: loading tensor blk.1.attn_output.scale
create_tensor: loading tensor blk.1.ffn_gate_exps.scale
create_tensor: loading tensor blk.1.ffn_down_exps.scale
create_tensor: loading tensor blk.1.ffn_up_exps.scale
create_tensor: loading tensor blk.1.attn_q.input_scale
create_tensor: loading tensor blk.1.attn_k.input_scale
create_tensor: loading tensor blk.1.attn_v.input_scale
create_tensor: loading tensor blk.1.attn_output.input_scale
create_tensor: loading tensor blk.1.ffn_gate_exps.input_scale
create_tensor: loading tensor blk.1.ffn_down_exps.input_scale
create_tensor: loading tensor blk.1.ffn_up_exps.input_scale
done_getting_tensors: tensor 'token_embd.weight' (f32) (and 22 others) cannot be used with preferred buffer type CUDA_Host, using CPU instead
load_tensors: offloading 0 repeating layers to GPU
load_tensors: offloaded 0/3 layers to GPU
load_tensors:   CPU_Mapped model buffer size =     0.09 MiB
.................
llama_model_loader: loaded meta data with 13 key-value pairs and 23 tensors from C:\Users\cadel\AppData\Local\Temp\moe-integration-1702916.gguf (version GGUF V3 (latest))
llama_model_loader: Dumping metadata keys/values. Note: KV overrides do not apply in this output.
llama_model_loader: - kv   0:                       general.architecture str              = llama
llama_model_loader: - kv   1:                       tokenizer.ggml.model str              = no_vocab
llama_model_loader: - kv   2:                           llama.vocab_size u32              = 32
llama_model_loader: - kv   3:                       llama.context_length u32              = 128
llama_model_loader: - kv   4:                     llama.embedding_length u32              = 32
llama_model_loader: - kv   5:                          llama.block_count u32              = 2
llama_model_loader: - kv   6:                  llama.feed_forward_length u32              = 64
llama_model_loader: - kv   7:                 llama.attention.head_count u32              = 2
llama_model_loader: - kv   8:              llama.attention.head_count_kv u32              = 2
llama_model_loader: - kv   9:                 llama.rope.dimension_count u32              = 16
llama_model_loader: - kv  10:                         llama.expert_count u32              = 4
llama_model_loader: - kv  11:                    llama.expert_used_count u32              = 2
llama_model_loader: - kv  12:     llama.attention.layer_norm_rms_epsilon f32              = 0.000010
llama_model_loader: - type  f32:   17 tensors
llama_model_loader: - type q8_0:    6 tensors
print_info: file format = GGUF V3 (latest)
print_info: file type   = (guessed) all F32
print_info: file size   = 0.09 MiB (12.69 BPW) 
llama_prepare_model_devices: using device CUDA0 (NVIDIA GeForce RTX 4060 Laptop GPU) (0000:01:00.0) - 7094 MiB free
load: adding 32 dummy tokens
print_info: arch                  = llama
print_info: vocab_only            = 0
print_info: no_alloc              = 0
print_info: n_ctx_train           = 128
print_info: n_embd_inp            = 32
print_info: n_embd                = 32
print_info: n_embd_out            = 32
print_info: n_layer               = 2
print_info: n_layer_all           = 2
print_info: n_head                = 2
print_info: n_head_kv             = 2
print_info: n_rot                 = 16
print_info: n_swa                 = 0
print_info: is_swa_any            = 0
print_info: n_embd_head_k         = 16
print_info: n_embd_head_v         = 16
print_info: n_gqa                 = 1
print_info: n_embd_k_gqa          = 32
print_info: n_embd_v_gqa          = 32
print_info: f_norm_eps            = 0.0e+00
print_info: f_norm_rms_eps        = 1.0e-05
print_info: f_clamp_kqv           = 0.0e+00
print_info: f_max_alibi_bias      = 0.0e+00
print_info: f_logit_scale         = 0.0e+00
print_info: f_attn_scale          = 0.0e+00
print_info: f_attn_value_scale    = 0.0000
print_info: n_ff                  = 64
print_info: n_expert              = 4
print_info: n_expert_used         = 2
print_info: n_expert_groups       = 0
print_info: n_group_used          = 0
print_info: causal attn           = 1
print_info: pooling type          = -1
print_info: rope type             = 0
print_info: rope scaling          = linear
print_info: freq_base_train       = 10000.0
print_info: freq_scale_train      = 1
print_info: n_ctx_orig_yarn       = 128
print_info: rope_yarn_log_mul     = 0.0000
print_info: rope_finetuned        = unknown
print_info: model type            = ?B
print_info: model params          = 59.81 K
print_info: general.name          = n/a
print_info: vocab type            = no vocab
print_info: n_vocab               = 32
print_info: n_merges              = 0
print_info: max token length      = 0
load_tensors: loading model tensors, this can take a while... (load_mode = mmap)
load_tensors: layer   0 assigned to device CPU, is_swa = 0
load_tensors: layer   1 assigned to device CPU, is_swa = 0
load_tensors: layer   2 assigned to device CPU, is_swa = 0
create_tensor: loading tensor token_embd.weight
create_tensor: loading tensor output_norm.weight
create_tensor: loading tensor output.weight
create_tensor: loading tensor blk.0.attn_norm.weight
create_tensor: loading tensor blk.0.attn_qkv.weight
create_tensor: loading tensor blk.0.attn_q.weight
create_tensor: loading tensor blk.0.attn_k.weight
create_tensor: loading tensor blk.0.attn_v.weight
create_tensor: loading tensor blk.0.attn_q.bias
create_tensor: loading tensor blk.0.attn_k.bias
create_tensor: loading tensor blk.0.attn_v.bias
create_tensor: loading tensor blk.0.attn_output.weight
create_tensor: loading tensor blk.0.attn_output.bias
create_tensor: loading tensor blk.0.ffn_norm.weight
create_tensor: loading tensor rope_freqs.weight
create_tensor: loading tensor blk.0.ffn_gate_inp.weight
create_tensor: loading tensor blk.0.ffn_gate_exps.weight
create_tensor: loading tensor blk.0.ffn_down_exps.weight
create_tensor: loading tensor blk.0.ffn_up_exps.weight
create_tensor: loading tensor blk.1.attn_norm.weight
create_tensor: loading tensor blk.1.attn_qkv.weight
create_tensor: loading tensor blk.1.attn_q.weight
create_tensor: loading tensor blk.1.attn_k.weight
create_tensor: loading tensor blk.1.attn_v.weight
create_tensor: loading tensor blk.1.attn_q.bias
create_tensor: loading tensor blk.1.attn_k.bias
create_tensor: loading tensor blk.1.attn_v.bias
create_tensor: loading tensor blk.1.attn_output.weight
create_tensor: loading tensor blk.1.attn_output.bias
create_tensor: loading tensor blk.1.ffn_norm.weight
create_tensor: loading tensor rope_freqs.weight
create_tensor: loading tensor blk.1.ffn_gate_inp.weight
create_tensor: loading tensor blk.1.ffn_gate_exps.weight
create_tensor: loading tensor blk.1.ffn_down_exps.weight
create_tensor: loading tensor blk.1.ffn_up_exps.weight
create_tensor: loading tensor blk.0.attn_q.scale
create_tensor: loading tensor blk.0.attn_k.scale
create_tensor: loading tensor blk.0.attn_v.scale
create_tensor: loading tensor blk.0.attn_output.scale
create_tensor: loading tensor blk.0.ffn_gate_exps.scale
create_tensor: loading tensor blk.0.ffn_down_exps.scale
create_tensor: loading tensor blk.0.ffn_up_exps.scale
create_tensor: loading tensor blk.0.attn_q.input_scale
create_tensor: loading tensor blk.0.attn_k.input_scale
create_tensor: loading tensor blk.0.attn_v.input_scale
create_tensor: loading tensor blk.0.attn_output.input_scale
create_tensor: loading tensor blk.0.ffn_gate_exps.input_scale
create_tensor: loading tensor blk.0.ffn_down_exps.input_scale
create_tensor: loading tensor blk.0.ffn_up_exps.input_scale
create_tensor: loading tensor blk.1.attn_q.scale
create_tensor: loading tensor blk.1.attn_k.scale
create_tensor: loading tensor blk.1.attn_v.scale
create_tensor: loading tensor blk.1.attn_output.scale
create_tensor: loading tensor blk.1.ffn_gate_exps.scale
create_tensor: loading tensor blk.1.ffn_down_exps.scale
create_tensor: loading tensor blk.1.ffn_up_exps.scale
create_tensor: loading tensor blk.1.attn_q.input_scale
create_tensor: loading tensor blk.1.attn_k.input_scale
create_tensor: loading tensor blk.1.attn_v.input_scale
create_tensor: loading tensor blk.1.attn_output.input_scale
create_tensor: loading tensor blk.1.ffn_gate_exps.input_scale
create_tensor: loading tensor blk.1.ffn_down_exps.input_scale
create_tensor: loading tensor blk.1.ffn_up_exps.input_scale
load_tensors: offloading 0 repeating layers to GPU
load_tensors: offloaded 0/3 layers to GPU
load_tensors:   CPU_Mapped model buffer size =     0.09 MiB
.................
load_tensors: experimental host-bank MoE enabled, tile weights <= 6784 bytes; this is not a total memory limit
llama_context: constructing llama_context
llama_context: n_seq_max             = 1
llama_context: n_ctx                 = 256
llama_context: n_ctx_seq             = 256
llama_context: n_batch               = 32
llama_context: n_ubatch              = 8
llama_context: causal_attn           = 1
llama_context: flash_attn            = disabled
llama_context: kv_unified            = false
llama_context: freq_base             = 10000.0
llama_context: freq_scale            = 1
llama_context: n_rs_seq              = 0
llama_context: n_outputs_max         = 32
llama_context: n_outputs_max_per_seq = 1
llama_context: n_ctx_seq (256) > n_ctx_train (128) -- possible training context overflow
set_abort_callback: call
llama_context:        CPU  output buffer size =     0.00 MiB
llama_kv_cache: layer   0: dev = CPU
llama_kv_cache: layer   1: dev = CPU
llama_kv_cache:        CPU KV buffer size =     0.06 MiB
llama_kv_cache: size =    0.06 MiB (   256 cells,   2 layers,  1/1 seqs), K (f16):    0.03 MiB, V (f16):    0.03 MiB
llama_kv_cache: attn_rot_k = 0, n_embd_head_k_all = 16
llama_kv_cache: attn_rot_v = 0, n_embd_head_k_all = 16
llama_context: enumerating backends
llama_context: backend_ptrs.size() = 2
sched_reserve: reserving ...
sched_reserve: max_nodes = 1024
sched_reserve: decode graph slots = 4 (n_tokens <= 4)
sched_reserve: reserving full memory module
sched_reserve: worst-case: n_tokens = 8, n_seqs = 1, n_outputs = 1
resolve_fused_ops: resolving fused Gated Delta Net support:
graph_reserve: reserving a graph for ubatch with n_tokens =    1, n_seqs =  1, n_outputs =    1
resolve_fused_ops: fused Gated Delta Net (autoregressive) enabled
graph_reserve: reserving a graph for ubatch with n_tokens =   16, n_seqs =  1, n_outputs =   16
resolve_fused_ops: fused Gated Delta Net (chunked) enabled
resolve_fused_ops: resolving fused Lightning Indexer support:
graph_reserve: reserving a graph for ubatch with n_tokens =    1, n_seqs =  1, n_outputs =    1
resolve_fused_ops: Lightning Indexer enabled
resolve_fused_ops: resolving fused DeepSeek V4 HC support:
graph_reserve: reserving a graph for ubatch with n_tokens =    1, n_seqs =  1, n_outputs =    1
resolve_fused_ops: fused DeepSeek V4 HC pre enabled
graph_reserve: reserving a graph for ubatch with n_tokens =    1, n_seqs =  1, n_outputs =    1
resolve_fused_ops: fused DeepSeek V4 HC comb enabled
graph_reserve: reserving a graph for ubatch with n_tokens =    1, n_seqs =  1, n_outputs =    1
resolve_fused_ops: fused DeepSeek V4 HC post enabled
graph_reserve: reserving a graph for ubatch with n_tokens =    8, n_seqs =  1, n_outputs =    8
graph_reserve: reserving a graph for ubatch with n_tokens =    1, n_seqs =  1, n_outputs =    1
graph_reserve: reserving a graph for ubatch with n_tokens =    8, n_seqs =  1, n_outputs =    8
sched_reserve:  CUDA_Host compute buffer size =     0.03 MiB
sched_reserve: graph nodes  = 110
sched_reserve: graph splits = 1
sched_reserve: reserve took 2.40 ms, sched copies = 1
llama_context: constructing llama_context
llama_context: MoE device=CUDA0 cache=64512 staging=1048576 compute-limit=67108864 bytes
llama_context: n_seq_max             = 1
llama_context: n_ctx                 = 256
llama_context: n_ctx_seq             = 256
llama_context: n_batch               = 32
llama_context: n_ubatch              = 8
llama_context: causal_attn           = 1
llama_context: flash_attn            = disabled
llama_context: kv_unified            = false
llama_context: freq_base             = 10000.0
llama_context: freq_scale            = 1
llama_context: n_rs_seq              = 0
llama_context: n_outputs_max         = 32
llama_context: n_outputs_max_per_seq = 1
llama_context: n_ctx_seq (256) > n_ctx_train (128) -- possible training context overflow
set_abort_callback: call
llama_context:        CPU  output buffer size =     0.00 MiB
llama_kv_cache: layer   0: dev = CPU
llama_kv_cache: layer   1: dev = CPU
llama_kv_cache:        CPU KV buffer size =     0.06 MiB
llama_kv_cache: size =    0.06 MiB (   256 cells,   2 layers,  1/1 seqs), K (f16):    0.03 MiB, V (f16):    0.03 MiB
llama_kv_cache: attn_rot_k = 0, n_embd_head_k_all = 16
llama_kv_cache: attn_rot_v = 0, n_embd_head_k_all = 16
llama_context: enumerating backends
llama_context: backend_ptrs.size() = 2
sched_reserve: reserving ...
sched_reserve: max_nodes = 1024
sched_reserve: decode graph slots = 4 (n_tokens <= 4)
sched_reserve: reserving full memory module
sched_reserve: worst-case: n_tokens = 8, n_seqs = 1, n_outputs = 1
resolve_fused_ops: resolving fused Gated Delta Net support:
graph_reserve: reserving a graph for ubatch with n_tokens =    1, n_seqs =  1, n_outputs =    1
resolve_fused_ops: fused Gated Delta Net (autoregressive) enabled
graph_reserve: reserving a graph for ubatch with n_tokens =   16, n_seqs =  1, n_outputs =   16
resolve_fused_ops: fused Gated Delta Net (chunked) enabled
resolve_fused_ops: resolving fused Lightning Indexer support:
graph_reserve: reserving a graph for ubatch with n_tokens =    1, n_seqs =  1, n_outputs =    1
resolve_fused_ops: Lightning Indexer enabled
resolve_fused_ops: resolving fused DeepSeek V4 HC support:
graph_reserve: reserving a graph for ubatch with n_tokens =    1, n_seqs =  1, n_outputs =    1
resolve_fused_ops: fused DeepSeek V4 HC pre enabled
graph_reserve: reserving a graph for ubatch with n_tokens =    1, n_seqs =  1, n_outputs =    1
resolve_fused_ops: fused DeepSeek V4 HC comb enabled
graph_reserve: reserving a graph for ubatch with n_tokens =    1, n_seqs =  1, n_outputs =    1
resolve_fused_ops: fused DeepSeek V4 HC post enabled
graph_reserve: reserving a graph for ubatch with n_tokens =    8, n_seqs =  1, n_outputs =    8
graph_reserve: reserving a graph for ubatch with n_tokens =    1, n_seqs =  1, n_outputs =    1
graph_reserve: reserving a graph for ubatch with n_tokens =    8, n_seqs =  1, n_outputs =    8
sched_reserve:  CUDA_Host compute buffer size =     0.03 MiB
sched_reserve: graph nodes  = 100
sched_reserve: graph splits = 1
sched_reserve: reserve took 1.22 ms, sched copies = 1
graph_reserve: reserving a graph for ubatch with n_tokens =    4, n_seqs =  1, n_outputs =    4
FT_COMPARE layer=0 relative=5.86352e-08 first=-0.0187013/-0.0187013
FT_COMPARE layer=1 relative=7.66009e-08 first=-0.0419768/-0.0419768
FT_COMPARE layer=0 relative=9.3019e-08 first=0.0358069/0.0358069
FT_COMPARE layer=1 relative=6.1272e-08 first=0.011616/0.011616
FT_COMPARE layer=0 relative=5.31945e-08 first=0.0213439/0.0213439
FT_COMPARE layer=1 relative=1.50019e-07 first=-0.092614/-0.092614
FT_COMPARE layer=0 relative=7.3621e-08 first=0.0855978/0.0855978
FT_COMPARE layer=1 relative=9.66618e-08 first=-0.0187929/-0.0187929
FT_COMPARE layer=0 relative=0.000635241 first=0.00414208/0.00413306
FT_COMPARE layer=1 relative=0.000437165 first=-0.0248834/-0.0248686
FT_COMPARE layer=0 relative=5.22103e-08 first=0.0559175/0.0559175
FT_COMPARE layer=1 relative=7.07627e-08 first=0.0579792/0.0579792
FT_COMPARE layer=0 relative=6.96739e-08 first=-0.0919033/-0.0919033
FT_COMPARE layer=1 relative=7.57449e-08 first=0.0636693/0.0636693
FT_COMPARE layer=0 relative=5.66266e-08 first=-0.0281172/-0.0281172
FT_COMPARE layer=1 relative=8.74766e-08 first=-0.0332556/-0.0332556
FT_COMPARE layer=0 relative=6.89931e-08 first=0.082242/0.082242
FT_COMPARE layer=1 relative=8.01816e-08 first=-0.0771213/-0.0771213
FT_COMPARE layer=0 relative=7.02455e-08 first=0.0363642/0.0363642
FT_COMPARE layer=1 relative=5.96979e-08 first=0.00800687/0.00800686
FT_COMPARE layer=0 relative=8.0304e-08 first=-0.0569435/-0.0569435
FT_COMPARE layer=1 relative=7.97944e-08 first=-0.0530606/-0.0530606
FT_COMPARE layer=0 relative=8.60597e-08 first=-0.0766064/-0.0766064
FT_COMPARE layer=1 relative=6.6007e-08 first=-0.00534402/-0.00534402
FT_COMPARE layer=0 relative=5.10011e-08 first=-0.137705/-0.137705
FT_COMPARE layer=1 relative=6.77091e-08 first=0.0506742/0.0506742
FT_COMPARE layer=0 relative=6.80529e-08 first=-0.0561576/-0.0561576
FT_COMPARE layer=1 relative=7.19601e-08 first=-0.0939992/-0.0939992
FT_COMPARE layer=0 relative=8.2376e-08 first=0.0286691/0.0286691
FT_COMPARE layer=1 relative=8.32393e-08 first=0.0126032/0.0126032
FT_COMPARE layer=0 relative=6.54149e-08 first=-0.0117783/-0.0117783
FT_COMPARE layer=1 relative=6.17183e-08 first=-0.0405898/-0.0405898
FT_COMPARE layer=0 relative=4.40302e-08 first=-0.0690706/-0.0690706
FT_COMPARE layer=1 relative=1.26062e-07 first=0.0343799/0.0343799
FT_COMPARE layer=0 relative=8.10219e-08 first=0.0401293/0.0401293
FT_COMPARE layer=1 relative=6.96249e-08 first=-0.0380184/-0.0380184
FT_COMPARE layer=0 relative=9.08202e-08 first=0.0237336/0.0237336
FT_COMPARE layer=1 relative=1.15268e-07 first=-0.0382701/-0.0382701
FT_COMPARE layer=0 relative=7.78208e-08 first=0.0473551/0.0473552
FT_COMPARE layer=1 relative=5.50659e-08 first=-0.0144949/-0.0144949
FT_COMPARE layer=0 relative=6.45774e-08 first=0.041963/0.041963
FT_COMPARE layer=1 relative=6.53304e-08 first=0.00904446/0.00904446
FT_COMPARE layer=0 relative=1.31519e-07 first=-0.0142288/-0.0142288
FT_COMPARE layer=1 relative=5.57595e-08 first=-0.0288348/-0.0288348
FT_COMPARE layer=0 relative=7.08341e-08 first=-0.061876/-0.061876
FT_COMPARE layer=1 relative=9.93528e-08 first=-0.0744214/-0.0744214
FT_COMPARE layer=0 relative=7.5325e-08 first=-0.0563715/-0.0563715
FT_COMPARE layer=1 relative=7.96368e-08 first=-0.0251247/-0.0251247
FT_COMPARE layer=0 relative=6.30505e-08 first=0.102106/0.102106
FT_COMPARE layer=1 relative=7.05745e-08 first=-0.0546911/-0.0546911
FT_COMPARE layer=0 relative=8.46739e-08 first=0.0406743/0.0406743
FT_COMPARE layer=1 relative=7.06998e-08 first=-0.0827718/-0.0827718
FT_COMPARE layer=0 relative=7.68963e-08 first=0.0414721/0.0414721
FT_COMPARE layer=1 relative=8.57088e-08 first=-0.112119/-0.112119
FT_COMPARE layer=0 relative=6.15802e-08 first=0.150238/0.150238
FT_COMPARE layer=1 relative=6.73959e-08 first=-0.110625/-0.110625
FT_COMPARE layer=0 relative=6.3701e-08 first=0.037424/0.037424
FT_COMPARE layer=1 relative=7.3466e-08 first=-0.0622828/-0.0622828
FT_COMPARE layer=0 relative=1.09408e-07 first=-0.0783272/-0.0783272
FT_COMPARE layer=1 relative=6.55646e-08 first=0.021854/0.021854
FT_COMPARE layer=0 relative=3.79457e-08 first=-0.133329/-0.133329
FT_COMPARE layer=1 relative=9.5898e-08 first=-0.0276939/-0.0276939
FT_COMPARE layer=0 relative=1.16342e-07 first=-0.0270857/-0.0270857
FT_COMPARE layer=1 relative=5.57825e-08 first=0.0060925/0.0060925
FT_COMPARE layer=0 relative=7.83473e-08 first=-0.0383565/-0.0383565
FT_COMPARE layer=1 relative=8.60719e-08 first=0.0611259/0.0611259
FT_COMPARE layer=0 relative=7.81797e-08 first=0.0582117/0.0582117
FT_COMPARE layer=1 relative=7.84037e-08 first=0.0495844/0.0495844
FT_COMPARE layer=0 relative=5.95353e-08 first=-0.0224194/-0.0224194
FT_COMPARE layer=1 relative=3.40146e-08 first=-0.0969474/-0.0969474
FT_COMPARE layer=0 relative=7.18737e-08 first=-0.0661118/-0.0661118
FT_COMPARE layer=1 relative=6.80537e-08 first=-0.0199025/-0.0199025
FT_COMPARE layer=0 relative=6.39782e-08 first=0.0809671/0.0809671
FT_COMPARE layer=1 relative=6.58141e-08 first=-0.0364732/-0.0364732
FT_COMPARE layer=0 relative=8.86189e-08 first=-0.0610482/-0.0610482
FT_COMPARE layer=1 relative=7.61168e-08 first=0.134431/0.134431
FT_COMPARE layer=0 relative=7.10321e-08 first=-0.0183517/-0.0183517
FT_COMPARE layer=1 relative=6.55295e-08 first=0.127764/0.127764
FT_COMPARE layer=0 relative=6.9707e-08 first=-0.0171669/-0.0171669
FT_COMPARE layer=1 relative=5.86643e-08 first=-0.0489414/-0.0489414
FT_COMPARE layer=0 relative=5.22839e-08 first=0.122848/0.122848
FT_COMPARE layer=1 relative=7.78686e-08 first=-0.095736/-0.095736
FT_COMPARE layer=0 relative=9.51562e-08 first=0.0325134/0.0325134
FT_COMPARE layer=1 relative=6.12633e-08 first=0.0807401/0.0807401
FT_COMPARE layer=0 relative=4.95995e-08 first=-0.0649603/-0.0649603
FT_COMPARE layer=1 relative=9.66438e-08 first=-0.0631945/-0.0631944
FT_COMPARE layer=0 relative=9.26445e-08 first=-0.0964821/-0.096482
FT_COMPARE layer=1 relative=7.47902e-08 first=0.0395529/0.0395529
FT_COMPARE layer=0 relative=5.70133e-08 first=-0.0973621/-0.0973621
FT_COMPARE layer=1 relative=8.48614e-08 first=0.0349918/0.0349918
FT_COMPARE layer=0 relative=1.18022e-07 first=-0.0522752/-0.0522752
FT_COMPARE layer=1 relative=6.0877e-08 first=-0.0613544/-0.0613544
FT_COMPARE layer=0 relative=8.2396e-08 first=-0.0103005/-0.0103005
FT_COMPARE layer=1 relative=7.5952e-08 first=0.049998/0.049998
FT_COMPARE layer=0 relative=5.80974e-08 first=-0.0623951/-0.0623951
FT_COMPARE layer=1 relative=8.43415e-08 first=-0.0432541/-0.0432541
set_abort_callback: call
graph_compute: ggml_backend_sched_graph_compute_async failed with error 1
process_ubatch: failed to compute graph, compute status: 1
decode: removing memory module entries for seq_id = 0, pos = [59, +inf)
llama_decode: failed to decode, ret = 2
set_abort_callback: call
graph_compute: ggml_backend_sched_graph_compute_async failed with error -1
host-bank MoE execution failed: MoE routing weight must be finite
process_ubatch: failed to compute graph, compute status: -1
decode: removing memory module entries for seq_id = 0, pos = [59, +inf)
llama_decode: failed to decode, ret = -3
FT_COMPARE layer=0 relative=6.22653e-08 first=-0.0685309/-0.0685309
FT_COMPARE layer=1 relative=7.2134e-08 first=0.0742322/0.0742322
llama_context: constructing llama_context
llama_init_from_model: failed to initialize the context: host-bank MoE requires one sequence, op_offload=false and offload_kqv=false
llama_context: constructing llama_context
llama_init_from_model: failed to initialize the context: host-bank MoE requires one sequence, op_offload=false and offload_kqv=false
llama_context: constructing llama_context
llama_init_from_model: failed to initialize the context: host-bank MoE requires one sequence, op_offload=false and offload_kqv=false
llama_context: constructing llama_context
llama_init_from_model: failed to initialize the context: moe cache: invalid uniform arena geometry
llama_context: constructing llama_context
llama_init_from_model: failed to initialize the context: host-bank MoE cache requires model.moe_cpu_tile_bytes host-bank setup
~llama_context:      CUDA0 compute buffer size is   0.0000 MiB, matches expectation of   0.0000 MiB
~llama_context:  CUDA_Host compute buffer size is   0.0304 MiB, matches expectation of   0.0304 MiB
~llama_context:      CUDA0 compute buffer size is   0.0000 MiB, matches expectation of   0.0000 MiB
~llama_context:  CUDA_Host compute buffer size is   0.0304 MiB, matches expectation of   0.0304 MiB
llama_context: constructing llama_context
llama_context: MoE device=CUDA0 cache=64512 staging=1048576 compute-limit=67108864 bytes
llama_context: n_seq_max             = 1
llama_context: n_ctx                 = 256
llama_context: n_ctx_seq             = 256
llama_context: n_batch               = 32
llama_context: n_ubatch              = 8
llama_context: causal_attn           = 1
llama_context: flash_attn            = disabled
llama_context: kv_unified            = false
llama_context: freq_base             = 10000.0
llama_context: freq_scale            = 1
llama_context: n_rs_seq              = 0
llama_context: n_outputs_max         = 32
llama_context: n_outputs_max_per_seq = 1
llama_context: n_ctx_seq (256) > n_ctx_train (128) -- possible training context overflow
set_abort_callback: call
llama_context:        CPU  output buffer size =     0.00 MiB
llama_kv_cache: layer   0: dev = CPU
llama_kv_cache: layer   1: dev = CPU
llama_kv_cache:        CPU KV buffer size =     0.06 MiB
llama_kv_cache: size =    0.06 MiB (   256 cells,   2 layers,  1/1 seqs), K (f16):    0.03 MiB, V (f16):    0.03 MiB
llama_kv_cache: attn_rot_k = 0, n_embd_head_k_all = 16
llama_kv_cache: attn_rot_v = 0, n_embd_head_k_all = 16
llama_context: enumerating backends
llama_context: backend_ptrs.size() = 2
sched_reserve: reserving ...
sched_reserve: max_nodes = 1024
sched_reserve: decode graph slots = 4 (n_tokens <= 4)
sched_reserve: reserving full memory module
sched_reserve: worst-case: n_tokens = 8, n_seqs = 1, n_outputs = 1
resolve_fused_ops: resolving fused Gated Delta Net support:
graph_reserve: reserving a graph for ubatch with n_tokens =    1, n_seqs =  1, n_outputs =    1
resolve_fused_ops: fused Gated Delta Net (autoregressive) enabled
graph_reserve: reserving a graph for ubatch with n_tokens =   16, n_seqs =  1, n_outputs =   16
resolve_fused_ops: fused Gated Delta Net (chunked) enabled
resolve_fused_ops: resolving fused Lightning Indexer support:
graph_reserve: reserving a graph for ubatch with n_tokens =    1, n_seqs =  1, n_outputs =    1
resolve_fused_ops: Lightning Indexer enabled
resolve_fused_ops: resolving fused DeepSeek V4 HC support:
graph_reserve: reserving a graph for ubatch with n_tokens =    1, n_seqs =  1, n_outputs =    1
resolve_fused_ops: fused DeepSeek V4 HC pre enabled
graph_reserve: reserving a graph for ubatch with n_tokens =    1, n_seqs =  1, n_outputs =    1
resolve_fused_ops: fused DeepSeek V4 HC comb enabled
graph_reserve: reserving a graph for ubatch with n_tokens =    1, n_seqs =  1, n_outputs =    1
resolve_fused_ops: fused DeepSeek V4 HC post enabled
graph_reserve: reserving a graph for ubatch with n_tokens =    8, n_seqs =  1, n_outputs =    8
graph_reserve: reserving a graph for ubatch with n_tokens =    1, n_seqs =  1, n_outputs =    1
graph_reserve: reserving a graph for ubatch with n_tokens =    8, n_seqs =  1, n_outputs =    8
sched_reserve:  CUDA_Host compute buffer size =     0.03 MiB
sched_reserve: graph nodes  = 100
sched_reserve: graph splits = 1
sched_reserve: reserve took 1.10 ms, sched copies = 1
llama_context: constructing llama_context
llama_context: n_seq_max             = 1
llama_context: n_ctx                 = 256
llama_context: n_ctx_seq             = 256
llama_context: n_batch               = 32
llama_context: n_ubatch              = 8
llama_context: causal_attn           = 1
llama_context: flash_attn            = disabled
llama_context: kv_unified            = false
llama_context: freq_base             = 10000.0
llama_context: freq_scale            = 1
llama_context: n_rs_seq              = 0
llama_context: n_outputs_max         = 32
llama_context: n_outputs_max_per_seq = 1
llama_context: n_ctx_seq (256) > n_ctx_train (128) -- possible training context overflow
set_abort_callback: call
llama_context:        CPU  output buffer size =     0.00 MiB
llama_kv_cache: layer   0: dev = CPU
llama_kv_cache: layer   1: dev = CPU
llama_kv_cache:        CPU KV buffer size =     0.06 MiB
llama_kv_cache: size =    0.06 MiB (   256 cells,   2 layers,  1/1 seqs), K (f16):    0.03 MiB, V (f16):    0.03 MiB
llama_kv_cache: attn_rot_k = 0, n_embd_head_k_all = 16
llama_kv_cache: attn_rot_v = 0, n_embd_head_k_all = 16
llama_context: enumerating backends
llama_context: backend_ptrs.size() = 2
sched_reserve: reserving ...
sched_reserve: max_nodes = 1024
sched_reserve: decode graph slots = 4 (n_tokens <= 4)
sched_reserve: reserving full memory module
sched_reserve: worst-case: n_tokens = 8, n_seqs = 1, n_outputs = 1
resolve_fused_ops: resolving fused Gated Delta Net support:
graph_reserve: reserving a graph for ubatch with n_tokens =    1, n_seqs =  1, n_outputs =    1
resolve_fused_ops: fused Gated Delta Net (autoregressive) enabled
graph_reserve: reserving a graph for ubatch with n_tokens =   16, n_seqs =  1, n_outputs =   16
resolve_fused_ops: fused Gated Delta Net (chunked) enabled
resolve_fused_ops: resolving fused Lightning Indexer support:
graph_reserve: reserving a graph for ubatch with n_tokens =    1, n_seqs =  1, n_outputs =    1
resolve_fused_ops: Lightning Indexer enabled
resolve_fused_ops: resolving fused DeepSeek V4 HC support:
graph_reserve: reserving a graph for ubatch with n_tokens =    1, n_seqs =  1, n_outputs =    1
resolve_fused_ops: fused DeepSeek V4 HC pre enabled
graph_reserve: reserving a graph for ubatch with n_tokens =    1, n_seqs =  1, n_outputs =    1
resolve_fused_ops: fused DeepSeek V4 HC comb enabled
graph_reserve: reserving a graph for ubatch with n_tokens =    1, n_seqs =  1, n_outputs =    1
resolve_fused_ops: fused DeepSeek V4 HC post enabled
graph_reserve: reserving a graph for ubatch with n_tokens =    8, n_seqs =  1, n_outputs =    8
graph_reserve: reserving a graph for ubatch with n_tokens =    1, n_seqs =  1, n_outputs =    1
graph_reserve: reserving a graph for ubatch with n_tokens =    8, n_seqs =  1, n_outputs =    8
sched_reserve:  CUDA_Host compute buffer size =     0.03 MiB
sched_reserve: graph nodes  = 110
sched_reserve: graph splits = 1
sched_reserve: reserve took 2.07 ms, sched copies = 1
FT_COMPARE layer=0 relative=5.86352e-08 first=-0.0187013/-0.0187013
FT_COMPARE layer=1 relative=7.66009e-08 first=-0.0419768/-0.0419768
~llama_context:      CUDA0 compute buffer size is   0.0000 MiB, matches expectation of   0.0000 MiB
~llama_context:  CUDA_Host compute buffer size is   0.0304 MiB, matches expectation of   0.0304 MiB
~llama_context:      CUDA0 compute buffer size is   0.0000 MiB, matches expectation of   0.0000 MiB
~llama_context:  CUDA_Host compute buffer size is   0.0304 MiB, matches expectation of   0.0304 MiB
llama_model_loader: additional 1 GGUFs metadata loaded.
llama_model_loader: loaded meta data with 16 key-value pairs and 23 tensors from C:\Users\cadel\AppData\Local\Temp\moe-integration-1702916.gguf-00001-of-00002.gguf (version GGUF V3 (latest))
llama_model_loader: Dumping metadata keys/values. Note: KV overrides do not apply in this output.
llama_model_loader: - kv   0:                       general.architecture str              = llama
llama_model_loader: - kv   1:                       tokenizer.ggml.model str              = no_vocab
llama_model_loader: - kv   2:                           llama.vocab_size u32              = 32
llama_model_loader: - kv   3:                       llama.context_length u32              = 128
llama_model_loader: - kv   4:                     llama.embedding_length u32              = 32
llama_model_loader: - kv   5:                          llama.block_count u32              = 2
llama_model_loader: - kv   6:                  llama.feed_forward_length u32              = 64
llama_model_loader: - kv   7:                 llama.attention.head_count u32              = 2
llama_model_loader: - kv   8:              llama.attention.head_count_kv u32              = 2
llama_model_loader: - kv   9:                 llama.rope.dimension_count u32              = 16
llama_model_loader: - kv  10:                         llama.expert_count u32              = 7
llama_model_loader: - kv  11:                    llama.expert_used_count u32              = 2
llama_model_loader: - kv  12:     llama.attention.layer_norm_rms_epsilon f32              = 0.000010
llama_model_loader: - kv  13:                                   split.no u16              = 0
llama_model_loader: - kv  14:                                split.count u16              = 2
llama_model_loader: - kv  15:                        split.tensors.count i32              = 23
llama_model_loader: - type  f32:   17 tensors
llama_model_loader: - type q8_0:    6 tensors
print_info: file format = GGUF V3 (latest)
print_info: file type   = (guessed) all F32
print_info: file size   = 0.13 MiB (11.13 BPW) 
llama_prepare_model_devices: using device CUDA0 (NVIDIA GeForce RTX 4060 Laptop GPU) (0000:01:00.0) - 7094 MiB free
load: adding 32 dummy tokens
print_info: arch                  = llama
print_info: vocab_only            = 0
print_info: no_alloc              = 0
print_info: n_ctx_train           = 128
print_info: n_embd_inp            = 32
print_info: n_embd                = 32
print_info: n_embd_out            = 32
print_info: n_layer               = 2
print_info: n_layer_all           = 2
print_info: n_head                = 2
print_info: n_head_kv             = 2
print_info: n_rot                 = 16
print_info: n_swa                 = 0
print_info: is_swa_any            = 0
print_info: n_embd_head_k         = 16
print_info: n_embd_head_v         = 16
print_info: n_gqa                 = 1
print_info: n_embd_k_gqa          = 32
print_info: n_embd_v_gqa          = 32
print_info: f_norm_eps            = 0.0e+00
print_info: f_norm_rms_eps        = 1.0e-05
print_info: f_clamp_kqv           = 0.0e+00
print_info: f_max_alibi_bias      = 0.0e+00
print_info: f_logit_scale         = 0.0e+00
print_info: f_attn_scale          = 0.0e+00
print_info: f_attn_value_scale    = 0.0000
print_info: n_ff                  = 64
print_info: n_expert              = 7
print_info: n_expert_used         = 2
print_info: n_expert_groups       = 0
print_info: n_group_used          = 0
print_info: causal attn           = 1
print_info: pooling type          = -1
print_info: rope type             = 0
print_info: rope scaling          = linear
print_info: freq_base_train       = 10000.0
print_info: freq_scale_train      = 1
print_info: n_ctx_orig_yarn       = 128
print_info: rope_yarn_log_mul     = 0.0000
print_info: rope_finetuned        = unknown
print_info: model type            = ?B
print_info: model params          = 96.86 K
print_info: general.name          = n/a
print_info: vocab type            = no vocab
print_info: n_vocab               = 32
print_info: n_merges              = 0
print_info: max token length      = 0
load_tensors: loading model tensors, this can take a while... (load_mode = mmap)
load_tensors: layer   0 assigned to device CPU, is_swa = 0
load_tensors: layer   1 assigned to device CPU, is_swa = 0
load_tensors: layer   2 assigned to device CPU, is_swa = 0
create_tensor: loading tensor token_embd.weight
create_tensor: loading tensor output_norm.weight
create_tensor: loading tensor output.weight
create_tensor: loading tensor blk.0.attn_norm.weight
create_tensor: loading tensor blk.0.attn_qkv.weight
create_tensor: loading tensor blk.0.attn_q.weight
create_tensor: loading tensor blk.0.attn_k.weight
create_tensor: loading tensor blk.0.attn_v.weight
create_tensor: loading tensor blk.0.attn_q.bias
create_tensor: loading tensor blk.0.attn_k.bias
create_tensor: loading tensor blk.0.attn_v.bias
create_tensor: loading tensor blk.0.attn_output.weight
create_tensor: loading tensor blk.0.attn_output.bias
create_tensor: loading tensor blk.0.ffn_norm.weight
create_tensor: loading tensor rope_freqs.weight
create_tensor: loading tensor blk.0.ffn_gate_inp.weight
create_tensor: loading tensor blk.0.ffn_gate_exps.weight
create_tensor: loading tensor blk.0.ffn_down_exps.weight
create_tensor: loading tensor blk.0.ffn_up_exps.weight
create_tensor: loading tensor blk.1.attn_norm.weight
create_tensor: loading tensor blk.1.attn_qkv.weight
create_tensor: loading tensor blk.1.attn_q.weight
create_tensor: loading tensor blk.1.attn_k.weight
create_tensor: loading tensor blk.1.attn_v.weight
create_tensor: loading tensor blk.1.attn_q.bias
create_tensor: loading tensor blk.1.attn_k.bias
create_tensor: loading tensor blk.1.attn_v.bias
create_tensor: loading tensor blk.1.attn_output.weight
create_tensor: loading tensor blk.1.attn_output.bias
create_tensor: loading tensor blk.1.ffn_norm.weight
create_tensor: loading tensor rope_freqs.weight
create_tensor: loading tensor blk.1.ffn_gate_inp.weight
create_tensor: loading tensor blk.1.ffn_gate_exps.weight
create_tensor: loading tensor blk.1.ffn_down_exps.weight
create_tensor: loading tensor blk.1.ffn_up_exps.weight
create_tensor: loading tensor blk.0.attn_q.scale
create_tensor: loading tensor blk.0.attn_k.scale
create_tensor: loading tensor blk.0.attn_v.scale
create_tensor: loading tensor blk.0.attn_output.scale
create_tensor: loading tensor blk.0.ffn_gate_exps.scale
create_tensor: loading tensor blk.0.ffn_down_exps.scale
create_tensor: loading tensor blk.0.ffn_up_exps.scale
create_tensor: loading tensor blk.0.attn_q.input_scale
create_tensor: loading tensor blk.0.attn_k.input_scale
create_tensor: loading tensor blk.0.attn_v.input_scale
create_tensor: loading tensor blk.0.attn_output.input_scale
create_tensor: loading tensor blk.0.ffn_gate_exps.input_scale
create_tensor: loading tensor blk.0.ffn_down_exps.input_scale
create_tensor: loading tensor blk.0.ffn_up_exps.input_scale
create_tensor: loading tensor blk.1.attn_q.scale
create_tensor: loading tensor blk.1.attn_k.scale
create_tensor: loading tensor blk.1.attn_v.scale
create_tensor: loading tensor blk.1.attn_output.scale
create_tensor: loading tensor blk.1.ffn_gate_exps.scale
create_tensor: loading tensor blk.1.ffn_down_exps.scale
create_tensor: loading tensor blk.1.ffn_up_exps.scale
create_tensor: loading tensor blk.1.attn_q.input_scale
create_tensor: loading tensor blk.1.attn_k.input_scale
create_tensor: loading tensor blk.1.attn_v.input_scale
create_tensor: loading tensor blk.1.attn_output.input_scale
create_tensor: loading tensor blk.1.ffn_gate_exps.input_scale
create_tensor: loading tensor blk.1.ffn_down_exps.input_scale
create_tensor: loading tensor blk.1.ffn_up_exps.input_scale
done_getting_tensors: tensor 'token_embd.weight' (f32) (and 22 others) cannot be used with preferred buffer type CUDA_Host, using CPU instead
load_tensors: offloading 0 repeating layers to GPU
load_tensors: offloaded 0/3 layers to GPU
load_tensors:   CPU_Mapped model buffer size =     0.08 MiB
load_tensors:   CPU_Mapped model buffer size =     0.05 MiB
..................
llama_model_loader: additional 1 GGUFs metadata loaded.
llama_model_loader: loaded meta data with 16 key-value pairs and 23 tensors from C:\Users\cadel\AppData\Local\Temp\moe-integration-1702916.gguf-00001-of-00002.gguf (version GGUF V3 (latest))
llama_model_loader: Dumping metadata keys/values. Note: KV overrides do not apply in this output.
llama_model_loader: - kv   0:                       general.architecture str              = llama
llama_model_loader: - kv   1:                       tokenizer.ggml.model str              = no_vocab
llama_model_loader: - kv   2:                           llama.vocab_size u32              = 32
llama_model_loader: - kv   3:                       llama.context_length u32              = 128
llama_model_loader: - kv   4:                     llama.embedding_length u32              = 32
llama_model_loader: - kv   5:                          llama.block_count u32              = 2
llama_model_loader: - kv   6:                  llama.feed_forward_length u32              = 64
llama_model_loader: - kv   7:                 llama.attention.head_count u32              = 2
llama_model_loader: - kv   8:              llama.attention.head_count_kv u32              = 2
llama_model_loader: - kv   9:                 llama.rope.dimension_count u32              = 16
llama_model_loader: - kv  10:                         llama.expert_count u32              = 7
llama_model_loader: - kv  11:                    llama.expert_used_count u32              = 2
llama_model_loader: - kv  12:     llama.attention.layer_norm_rms_epsilon f32              = 0.000010
llama_model_loader: - kv  13:                                   split.no u16              = 0
llama_model_loader: - kv  14:                                split.count u16              = 2
llama_model_loader: - kv  15:                        split.tensors.count i32              = 23
llama_model_loader: - type  f32:   17 tensors
llama_model_loader: - type q8_0:    6 tensors
print_info: file format = GGUF V3 (latest)
print_info: file type   = (guessed) all F32
print_info: file size   = 0.13 MiB (11.13 BPW) 
llama_prepare_model_devices: using device CUDA0 (NVIDIA GeForce RTX 4060 Laptop GPU) (0000:01:00.0) - 7094 MiB free
load: adding 32 dummy tokens
print_info: arch                  = llama
print_info: vocab_only            = 0
print_info: no_alloc              = 0
print_info: n_ctx_train           = 128
print_info: n_embd_inp            = 32
print_info: n_embd                = 32
print_info: n_embd_out            = 32
print_info: n_layer               = 2
print_info: n_layer_all           = 2
print_info: n_head                = 2
print_info: n_head_kv             = 2
print_info: n_rot                 = 16
print_info: n_swa                 = 0
print_info: is_swa_any            = 0
print_info: n_embd_head_k         = 16
print_info: n_embd_head_v         = 16
print_info: n_gqa                 = 1
print_info: n_embd_k_gqa          = 32
print_info: n_embd_v_gqa          = 32
print_info: f_norm_eps            = 0.0e+00
print_info: f_norm_rms_eps        = 1.0e-05
print_info: f_clamp_kqv           = 0.0e+00
print_info: f_max_alibi_bias      = 0.0e+00
print_info: f_logit_scale         = 0.0e+00
print_info: f_attn_scale          = 0.0e+00
print_info: f_attn_value_scale    = 0.0000
print_info: n_ff                  = 64
print_info: n_expert              = 7
print_info: n_expert_used         = 2
print_info: n_expert_groups       = 0
print_info: n_group_used          = 0
print_info: causal attn           = 1
print_info: pooling type          = -1
print_info: rope type             = 0
print_info: rope scaling          = linear
print_info: freq_base_train       = 10000.0
print_info: freq_scale_train      = 1
print_info: n_ctx_orig_yarn       = 128
print_info: rope_yarn_log_mul     = 0.0000
print_info: rope_finetuned        = unknown
print_info: model type            = ?B
print_info: model params          = 96.86 K
print_info: general.name          = n/a
print_info: vocab type            = no vocab
print_info: n_vocab               = 32
print_info: n_merges              = 0
print_info: max token length      = 0
load_tensors: loading model tensors, this can take a while... (load_mode = mmap)
load_tensors: layer   0 assigned to device CPU, is_swa = 0
load_tensors: layer   1 assigned to device CPU, is_swa = 0
load_tensors: layer   2 assigned to device CPU, is_swa = 0
create_tensor: loading tensor token_embd.weight
create_tensor: loading tensor output_norm.weight
create_tensor: loading tensor output.weight
create_tensor: loading tensor blk.0.attn_norm.weight
create_tensor: loading tensor blk.0.attn_qkv.weight
create_tensor: loading tensor blk.0.attn_q.weight
create_tensor: loading tensor blk.0.attn_k.weight
create_tensor: loading tensor blk.0.attn_v.weight
create_tensor: loading tensor blk.0.attn_q.bias
create_tensor: loading tensor blk.0.attn_k.bias
create_tensor: loading tensor blk.0.attn_v.bias
create_tensor: loading tensor blk.0.attn_output.weight
create_tensor: loading tensor blk.0.attn_output.bias
create_tensor: loading tensor blk.0.ffn_norm.weight
create_tensor: loading tensor rope_freqs.weight
create_tensor: loading tensor blk.0.ffn_gate_inp.weight
create_tensor: loading tensor blk.0.ffn_gate_exps.weight
create_tensor: loading tensor blk.0.ffn_down_exps.weight
create_tensor: loading tensor blk.0.ffn_up_exps.weight
create_tensor: loading tensor blk.1.attn_norm.weight
create_tensor: loading tensor blk.1.attn_qkv.weight
create_tensor: loading tensor blk.1.attn_q.weight
create_tensor: loading tensor blk.1.attn_k.weight
create_tensor: loading tensor blk.1.attn_v.weight
create_tensor: loading tensor blk.1.attn_q.bias
create_tensor: loading tensor blk.1.attn_k.bias
create_tensor: loading tensor blk.1.attn_v.bias
create_tensor: loading tensor blk.1.attn_output.weight
create_tensor: loading tensor blk.1.attn_output.bias
create_tensor: loading tensor blk.1.ffn_norm.weight
create_tensor: loading tensor rope_freqs.weight
create_tensor: loading tensor blk.1.ffn_gate_inp.weight
create_tensor: loading tensor blk.1.ffn_gate_exps.weight
create_tensor: loading tensor blk.1.ffn_down_exps.weight
create_tensor: loading tensor blk.1.ffn_up_exps.weight
create_tensor: loading tensor blk.0.attn_q.scale
create_tensor: loading tensor blk.0.attn_k.scale
create_tensor: loading tensor blk.0.attn_v.scale
create_tensor: loading tensor blk.0.attn_output.scale
create_tensor: loading tensor blk.0.ffn_gate_exps.scale
create_tensor: loading tensor blk.0.ffn_down_exps.scale
create_tensor: loading tensor blk.0.ffn_up_exps.scale
create_tensor: loading tensor blk.0.attn_q.input_scale
create_tensor: loading tensor blk.0.attn_k.input_scale
create_tensor: loading tensor blk.0.attn_v.input_scale
create_tensor: loading tensor blk.0.attn_output.input_scale
create_tensor: loading tensor blk.0.ffn_gate_exps.input_scale
create_tensor: loading tensor blk.0.ffn_down_exps.input_scale
create_tensor: loading tensor blk.0.ffn_up_exps.input_scale
create_tensor: loading tensor blk.1.attn_q.scale
create_tensor: loading tensor blk.1.attn_k.scale
create_tensor: loading tensor blk.1.attn_v.scale
create_tensor: loading tensor blk.1.attn_output.scale
create_tensor: loading tensor blk.1.ffn_gate_exps.scale
create_tensor: loading tensor blk.1.ffn_down_exps.scale
create_tensor: loading tensor blk.1.ffn_up_exps.scale
create_tensor: loading tensor blk.1.attn_q.input_scale
create_tensor: loading tensor blk.1.attn_k.input_scale
create_tensor: loading tensor blk.1.attn_v.input_scale
create_tensor: loading tensor blk.1.attn_output.input_scale
create_tensor: loading tensor blk.1.ffn_gate_exps.input_scale
create_tensor: loading tensor blk.1.ffn_down_exps.input_scale
create_tensor: loading tensor blk.1.ffn_up_exps.input_scale
load_tensors: offloading 0 repeating layers to GPU
load_tensors: offloaded 0/3 layers to GPU
load_tensors:   CPU_Mapped model buffer size =     0.08 MiB
load_tensors:   CPU_Mapped model buffer size =     0.05 MiB
..................
load_tensors: experimental host-bank MoE enabled, tile weights <= 6784 bytes; this is not a total memory limit
llama_context: constructing llama_context
llama_context: n_seq_max             = 1
llama_context: n_ctx                 = 256
llama_context: n_ctx_seq             = 256
llama_context: n_batch               = 32
llama_context: n_ubatch              = 8
llama_context: causal_attn           = 1
llama_context: flash_attn            = disabled
llama_context: kv_unified            = false
llama_context: freq_base             = 10000.0
llama_context: freq_scale            = 1
llama_context: n_rs_seq              = 0
llama_context: n_outputs_max         = 32
llama_context: n_outputs_max_per_seq = 1
llama_context: n_ctx_seq (256) > n_ctx_train (128) -- possible training context overflow
set_abort_callback: call
llama_context:        CPU  output buffer size =     0.00 MiB
llama_kv_cache: layer   0: dev = CPU
llama_kv_cache: layer   1: dev = CPU
llama_kv_cache:        CPU KV buffer size =     0.06 MiB
llama_kv_cache: size =    0.06 MiB (   256 cells,   2 layers,  1/1 seqs), K (f16):    0.03 MiB, V (f16):    0.03 MiB
llama_kv_cache: attn_rot_k = 0, n_embd_head_k_all = 16
llama_kv_cache: attn_rot_v = 0, n_embd_head_k_all = 16
llama_context: enumerating backends
llama_context: backend_ptrs.size() = 2
sched_reserve: reserving ...
sched_reserve: max_nodes = 1024
sched_reserve: decode graph slots = 4 (n_tokens <= 4)
sched_reserve: reserving full memory module
sched_reserve: worst-case: n_tokens = 8, n_seqs = 1, n_outputs = 1
resolve_fused_ops: resolving fused Gated Delta Net support:
graph_reserve: reserving a graph for ubatch with n_tokens =    1, n_seqs =  1, n_outputs =    1
resolve_fused_ops: fused Gated Delta Net (autoregressive) enabled
graph_reserve: reserving a graph for ubatch with n_tokens =   16, n_seqs =  1, n_outputs =   16
resolve_fused_ops: fused Gated Delta Net (chunked) enabled
resolve_fused_ops: resolving fused Lightning Indexer support:
graph_reserve: reserving a graph for ubatch with n_tokens =    1, n_seqs =  1, n_outputs =    1
resolve_fused_ops: Lightning Indexer enabled
resolve_fused_ops: resolving fused DeepSeek V4 HC support:
graph_reserve: reserving a graph for ubatch with n_tokens =    1, n_seqs =  1, n_outputs =    1
resolve_fused_ops: fused DeepSeek V4 HC pre enabled
graph_reserve: reserving a graph for ubatch with n_tokens =    1, n_seqs =  1, n_outputs =    1
resolve_fused_ops: fused DeepSeek V4 HC comb enabled
graph_reserve: reserving a graph for ubatch with n_tokens =    1, n_seqs =  1, n_outputs =    1
resolve_fused_ops: fused DeepSeek V4 HC post enabled
graph_reserve: reserving a graph for ubatch with n_tokens =    8, n_seqs =  1, n_outputs =    8
graph_reserve: reserving a graph for ubatch with n_tokens =    1, n_seqs =  1, n_outputs =    1
graph_reserve: reserving a graph for ubatch with n_tokens =    8, n_seqs =  1, n_outputs =    8
sched_reserve:  CUDA_Host compute buffer size =     0.03 MiB
sched_reserve: graph nodes  = 110
sched_reserve: graph splits = 1
sched_reserve: reserve took 2.65 ms, sched copies = 1
llama_context: constructing llama_context
llama_context: n_seq_max             = 1
llama_context: n_ctx                 = 256
llama_context: n_ctx_seq             = 256
llama_context: n_batch               = 32
llama_context: n_ubatch              = 8
llama_context: causal_attn           = 1
llama_context: flash_attn            = disabled
llama_context: kv_unified            = false
llama_context: freq_base             = 10000.0
llama_context: freq_scale            = 1
llama_context: n_rs_seq              = 0
llama_context: n_outputs_max         = 32
llama_context: n_outputs_max_per_seq = 1
llama_context: n_ctx_seq (256) > n_ctx_train (128) -- possible training context overflow
set_abort_callback: call
llama_context:        CPU  output buffer size =     0.00 MiB
llama_kv_cache: layer   0: dev = CPU
llama_kv_cache: layer   1: dev = CPU
llama_kv_cache:        CPU KV buffer size =     0.06 MiB
llama_kv_cache: size =    0.06 MiB (   256 cells,   2 layers,  1/1 seqs), K (f16):    0.03 MiB, V (f16):    0.03 MiB
llama_kv_cache: attn_rot_k = 0, n_embd_head_k_all = 16
llama_kv_cache: attn_rot_v = 0, n_embd_head_k_all = 16
llama_context: enumerating backends
llama_context: backend_ptrs.size() = 2
sched_reserve: reserving ...
sched_reserve: max_nodes = 1024
sched_reserve: decode graph slots = 4 (n_tokens <= 4)
sched_reserve: reserving full memory module
sched_reserve: worst-case: n_tokens = 8, n_seqs = 1, n_outputs = 1
resolve_fused_ops: resolving fused Gated Delta Net support:
graph_reserve: reserving a graph for ubatch with n_tokens =    1, n_seqs =  1, n_outputs =    1
resolve_fused_ops: fused Gated Delta Net (autoregressive) enabled
graph_reserve: reserving a graph for ubatch with n_tokens =   16, n_seqs =  1, n_outputs =   16
resolve_fused_ops: fused Gated Delta Net (chunked) enabled
resolve_fused_ops: resolving fused Lightning Indexer support:
graph_reserve: reserving a graph for ubatch with n_tokens =    1, n_seqs =  1, n_outputs =    1
resolve_fused_ops: Lightning Indexer enabled
resolve_fused_ops: resolving fused DeepSeek V4 HC support:
graph_reserve: reserving a graph for ubatch with n_tokens =    1, n_seqs =  1, n_outputs =    1
resolve_fused_ops: fused DeepSeek V4 HC pre enabled
graph_reserve: reserving a graph for ubatch with n_tokens =    1, n_seqs =  1, n_outputs =    1
resolve_fused_ops: fused DeepSeek V4 HC comb enabled
graph_reserve: reserving a graph for ubatch with n_tokens =    1, n_seqs =  1, n_outputs =    1
resolve_fused_ops: fused DeepSeek V4 HC post enabled
graph_reserve: reserving a graph for ubatch with n_tokens =    8, n_seqs =  1, n_outputs =    8
graph_reserve: reserving a graph for ubatch with n_tokens =    1, n_seqs =  1, n_outputs =    1
graph_reserve: reserving a graph for ubatch with n_tokens =    8, n_seqs =  1, n_outputs =    8
sched_reserve:  CUDA_Host compute buffer size =     0.03 MiB
sched_reserve: graph nodes  = 100
sched_reserve: graph splits = 1
sched_reserve: reserve took 1.30 ms, sched copies = 1
graph_reserve: reserving a graph for ubatch with n_tokens =    4, n_seqs =  1, n_outputs =    4
set_abort_callback: call
graph_compute: ggml_backend_sched_graph_compute_async failed with error 1
process_ubatch: failed to compute graph, compute status: 1
decode: removing memory module entries for seq_id = 0, pos = [59, +inf)
llama_decode: failed to decode, ret = 2
set_abort_callback: call
host-bank MoE execution failed: MoE routing weight must be finite
host-bank MoE execution failed: MoE routing weight must be finite
process_ubatch: failed to compute graph, compute status: -1
decode: removing memory module entries for seq_id = 0, pos = [59, +inf)
llama_decode: failed to decode, ret = -3
llama_context: constructing llama_context
llama_init_from_model: failed to initialize the context: host-bank MoE requires one sequence, op_offload=false and offload_kqv=false
llama_context: constructing llama_context
llama_init_from_model: failed to initialize the context: host-bank MoE requires one sequence, op_offload=false and offload_kqv=false
llama_context: constructing llama_context
llama_init_from_model: failed to initialize the context: host-bank MoE requires one sequence, op_offload=false and offload_kqv=false
llama_context: constructing llama_context
llama_init_from_model: failed to initialize the context: moe cache: invalid uniform arena geometry
llama_context: constructing llama_context
llama_init_from_model: failed to initialize the context: host-bank MoE cache requires model.moe_cpu_tile_bytes host-bank setup
~llama_context:      CUDA0 compute buffer size is   0.0000 MiB, matches expectation of   0.0000 MiB
~llama_context:  CUDA_Host compute buffer size is   0.0304 MiB, matches expectation of   0.0304 MiB
~llama_context:      CUDA0 compute buffer size is   0.0000 MiB, matches expectation of   0.0000 MiB
~llama_context:  CUDA_Host compute buffer size is   0.0304 MiB, matches expectation of   0.0304 MiB
llama_context: constructing llama_context
llama_context: n_seq_max             = 1
llama_context: n_ctx                 = 256
llama_context: n_ctx_seq             = 256
llama_context: n_batch               = 32
llama_context: n_ubatch              = 8
llama_context: causal_attn           = 1
llama_context: flash_attn            = disabled
llama_context: kv_unified            = false
llama_context: freq_base             = 10000.0
llama_context: freq_scale            = 1
llama_context: n_rs_seq              = 0
llama_context: n_outputs_max         = 32
llama_context: n_outputs_max_per_seq = 1
llama_context: n_ctx_seq (256) > n_ctx_train (128) -- possible training context overflow
set_abort_callback: call
llama_context:        CPU  output buffer size =     0.00 MiB
llama_kv_cache: layer   0: dev = CPU
llama_kv_cache: layer   1: dev = CPU
llama_kv_cache:        CPU KV buffer size =     0.06 MiB
llama_kv_cache: size =    0.06 MiB (   256 cells,   2 layers,  1/1 seqs), K (f16):    0.03 MiB, V (f16):    0.03 MiB
llama_kv_cache: attn_rot_k = 0, n_embd_head_k_all = 16
llama_kv_cache: attn_rot_v = 0, n_embd_head_k_all = 16
llama_context: enumerating backends
llama_context: backend_ptrs.size() = 2
sched_reserve: reserving ...
sched_reserve: max_nodes = 1024
sched_reserve: decode graph slots = 4 (n_tokens <= 4)
sched_reserve: reserving full memory module
sched_reserve: worst-case: n_tokens = 8, n_seqs = 1, n_outputs = 1
resolve_fused_ops: resolving fused Gated Delta Net support:
graph_reserve: reserving a graph for ubatch with n_tokens =    1, n_seqs =  1, n_outputs =    1
resolve_fused_ops: fused Gated Delta Net (autoregressive) enabled
graph_reserve: reserving a graph for ubatch with n_tokens =   16, n_seqs =  1, n_outputs =   16
resolve_fused_ops: fused Gated Delta Net (chunked) enabled
resolve_fused_ops: resolving fused Lightning Indexer support:
graph_reserve: reserving a graph for ubatch with n_tokens =    1, n_seqs =  1, n_outputs =    1
resolve_fused_ops: Lightning Indexer enabled
resolve_fused_ops: resolving fused DeepSeek V4 HC support:
graph_reserve: reserving a graph for ubatch with n_tokens =    1, n_seqs =  1, n_outputs =    1
resolve_fused_ops: fused DeepSeek V4 HC pre enabled
graph_reserve: reserving a graph for ubatch with n_tokens =    1, n_seqs =  1, n_outputs =    1
resolve_fused_ops: fused DeepSeek V4 HC comb enabled
graph_reserve: reserving a graph for ubatch with n_tokens =    1, n_seqs =  1, n_outputs =    1
resolve_fused_ops: fused DeepSeek V4 HC post enabled
graph_reserve: reserving a graph for ubatch with n_tokens =    8, n_seqs =  1, n_outputs =    8
graph_reserve: reserving a graph for ubatch with n_tokens =    1, n_seqs =  1, n_outputs =    1
graph_reserve: reserving a graph for ubatch with n_tokens =    8, n_seqs =  1, n_outputs =    8
sched_reserve:  CUDA_Host compute buffer size =     0.03 MiB
sched_reserve: graph nodes  = 100
sched_reserve: graph splits = 1
sched_reserve: reserve took 1.73 ms, sched copies = 1
llama_context: constructing llama_context
llama_context: n_seq_max             = 1
llama_context: n_ctx                 = 256
llama_context: n_ctx_seq             = 256
llama_context: n_batch               = 32
llama_context: n_ubatch              = 8
llama_context: causal_attn           = 1
llama_context: flash_attn            = disabled
llama_context: kv_unified            = false
llama_context: freq_base             = 10000.0
llama_context: freq_scale            = 1
llama_context: n_rs_seq              = 0
llama_context: n_outputs_max         = 32
llama_context: n_outputs_max_per_seq = 1
llama_context: n_ctx_seq (256) > n_ctx_train (128) -- possible training context overflow
set_abort_callback: call
llama_context:        CPU  output buffer size =     0.00 MiB
llama_kv_cache: layer   0: dev = CPU
llama_kv_cache: layer   1: dev = CPU
llama_kv_cache:        CPU KV buffer size =     0.06 MiB
llama_kv_cache: size =    0.06 MiB (   256 cells,   2 layers,  1/1 seqs), K (f16):    0.03 MiB, V (f16):    0.03 MiB
llama_kv_cache: attn_rot_k = 0, n_embd_head_k_all = 16
llama_kv_cache: attn_rot_v = 0, n_embd_head_k_all = 16
llama_context: enumerating backends
llama_context: backend_ptrs.size() = 2
sched_reserve: reserving ...
sched_reserve: max_nodes = 1024
sched_reserve: decode graph slots = 4 (n_tokens <= 4)
sched_reserve: reserving full memory module
sched_reserve: worst-case: n_tokens = 8, n_seqs = 1, n_outputs = 1
resolve_fused_ops: resolving fused Gated Delta Net support:
graph_reserve: reserving a graph for ubatch with n_tokens =    1, n_seqs =  1, n_outputs =    1
resolve_fused_ops: fused Gated Delta Net (autoregressive) enabled
graph_reserve: reserving a graph for ubatch with n_tokens =   16, n_seqs =  1, n_outputs =   16
resolve_fused_ops: fused Gated Delta Net (chunked) enabled
resolve_fused_ops: resolving fused Lightning Indexer support:
graph_reserve: reserving a graph for ubatch with n_tokens =    1, n_seqs =  1, n_outputs =    1
resolve_fused_ops: Lightning Indexer enabled
resolve_fused_ops: resolving fused DeepSeek V4 HC support:
graph_reserve: reserving a graph for ubatch with n_tokens =    1, n_seqs =  1, n_outputs =    1
resolve_fused_ops: fused DeepSeek V4 HC pre enabled
graph_reserve: reserving a graph for ubatch with n_tokens =    1, n_seqs =  1, n_outputs =    1
resolve_fused_ops: fused DeepSeek V4 HC comb enabled
graph_reserve: reserving a graph for ubatch with n_tokens =    1, n_seqs =  1, n_outputs =    1
resolve_fused_ops: fused DeepSeek V4 HC post enabled
graph_reserve: reserving a graph for ubatch with n_tokens =    8, n_seqs =  1, n_outputs =    8
graph_reserve: reserving a graph for ubatch with n_tokens =    1, n_seqs =  1, n_outputs =    1
graph_reserve: reserving a graph for ubatch with n_tokens =    8, n_seqs =  1, n_outputs =    8
sched_reserve:  CUDA_Host compute buffer size =     0.03 MiB
sched_reserve: graph nodes  = 110
sched_reserve: graph splits = 1
sched_reserve: reserve took 2.22 ms, sched copies = 1
~llama_context:      CUDA0 compute buffer size is   0.0000 MiB, matches expectation of   0.0000 MiB
~llama_context:  CUDA_Host compute buffer size is   0.0304 MiB, matches expectation of   0.0304 MiB
~llama_context:      CUDA0 compute buffer size is   0.0000 MiB, matches expectation of   0.0000 MiB
~llama_context:  CUDA_Host compute buffer size is   0.0304 MiB, matches expectation of   0.0304 MiB
llama_model_loader: loaded meta data with 22 key-value pairs and 38 tensors from C:\Users\cadel\AppData\Local\Temp\moe-integration-1702916.gguf (version GGUF V3 (latest))
llama_model_loader: Dumping metadata keys/values. Note: KV overrides do not apply in this output.
llama_model_loader: - kv   0:                       general.architecture str              = qwen35moe
llama_model_loader: - kv   1:                       tokenizer.ggml.model str              = no_vocab
llama_model_loader: - kv   2:                       qwen35moe.vocab_size u32              = 32
llama_model_loader: - kv   3:                   qwen35moe.context_length u32              = 128
llama_model_loader: - kv   4:                 qwen35moe.embedding_length u32              = 32
llama_model_loader: - kv   5:                      qwen35moe.block_count u32              = 2
llama_model_loader: - kv   6:              qwen35moe.feed_forward_length u32              = 64
llama_model_loader: - kv   7:             qwen35moe.attention.head_count u32              = 2
llama_model_loader: - kv   8:          qwen35moe.attention.head_count_kv u32              = 2
llama_model_loader: - kv   9:             qwen35moe.rope.dimension_count u32              = 16
llama_model_loader: - kv  10:                     qwen35moe.expert_count u32              = 4
llama_model_loader: - kv  11:                qwen35moe.expert_used_count u32              = 2
llama_model_loader: - kv  12: qwen35moe.attention.layer_norm_rms_epsilon f32              = 0.000010
llama_model_loader: - kv  13:       qwen35moe.expert_feed_forward_length u32              = 64
llama_model_loader: - kv  14: qwen35moe.expert_shared_feed_forward_length u32              = 64
llama_model_loader: - kv  15:          qwen35moe.full_attention_interval u32              = 2
llama_model_loader: - kv  16:                  qwen35moe.ssm.conv_kernel u32              = 4
llama_model_loader: - kv  17:                   qwen35moe.ssm.inner_size u32              = 32
llama_model_loader: - kv  18:                   qwen35moe.ssm.state_size u32              = 16
llama_model_loader: - kv  19:               qwen35moe.ssm.time_step_rank u32              = 2
llama_model_loader: - kv  20:                  qwen35moe.ssm.group_count u32              = 1
llama_model_loader: - kv  21:          qwen35moe.rope.dimension_sections arr[i32,4]       = [4, 2, 2, 0]
llama_model_loader: - type  f32:   38 tensors
print_info: file format = GGUF V3 (latest)
print_info: file type   = (guessed) all F32
print_info: file size   = 0.28 MiB (32.00 BPW) 
llama_prepare_model_devices: using device CUDA0 (NVIDIA GeForce RTX 4060 Laptop GPU) (0000:01:00.0) - 7094 MiB free
load: adding 32 dummy tokens
print_info: arch                  = qwen35moe
print_info: vocab_only            = 0
print_info: no_alloc              = 0
print_info: n_ctx_train           = 128
print_info: n_embd_inp            = 32
print_info: n_embd                = 32
print_info: n_embd_out            = 32
print_info: n_layer               = 2
print_info: n_layer_all           = 2
print_info: n_head                = 2
print_info: n_head_kv             = 2
print_info: n_rot                 = 16
print_info: n_swa                 = 0
print_info: is_swa_any            = 0
print_info: n_embd_head_k         = 16
print_info: n_embd_head_v         = 16
print_info: n_gqa                 = 1
print_info: n_embd_k_gqa          = 32
print_info: n_embd_v_gqa          = 32
print_info: f_norm_eps            = 0.0e+00
print_info: f_norm_rms_eps        = 1.0e-05
print_info: f_clamp_kqv           = 0.0e+00
print_info: f_max_alibi_bias      = 0.0e+00
print_info: f_logit_scale         = 0.0e+00
print_info: f_attn_scale          = 0.0e+00
print_info: f_attn_value_scale    = 0.0000
print_info: n_ff                  = 64
print_info: n_expert              = 4
print_info: n_expert_used         = 2
print_info: n_expert_groups       = 0
print_info: n_group_used          = 0
print_info: causal attn           = 1
print_info: pooling type          = -1
print_info: rope type             = 40
print_info: rope scaling          = linear
print_info: freq_base_train       = 10000.0
print_info: freq_scale_train      = 1
print_info: n_ctx_orig_yarn       = 128
print_info: rope_yarn_log_mul     = 0.0000
print_info: rope_finetuned        = unknown
print_info: mrope sections        = [4, 2, 2, 0]
print_info: ssm_d_conv            = 4
print_info: ssm_d_inner           = 32
print_info: ssm_d_state           = 16
print_info: ssm_dt_rank           = 2
print_info: ssm_n_group           = 1
print_info: ssm_dt_b_c_rms        = 0
print_info: model type            = ?B
print_info: model params          = 73.62 K
print_info: general.name          = n/a
print_info: vocab type            = no vocab
print_info: n_vocab               = 32
print_info: n_merges              = 0
print_info: max token length      = 0
load_tensors: loading model tensors, this can take a while... (load_mode = none)
load_tensors: layer   0 assigned to device CPU, is_swa = 0
load_tensors: layer   1 assigned to device CPU, is_swa = 0
load_tensors: layer   2 assigned to device CPU, is_swa = 0
create_tensor: loading tensor token_embd.weight
create_tensor: loading tensor output_norm.weight
create_tensor: loading tensor output.weight
create_tensor: loading tensor blk.0.attn_norm.weight
create_tensor: loading tensor blk.0.post_attention_norm.weight
create_tensor: loading tensor blk.0.attn_qkv.weight
create_tensor: loading tensor blk.0.attn_gate.weight
create_tensor: loading tensor blk.0.ssm_conv1d.weight
create_tensor: loading tensor blk.0.ssm_dt.bias
create_tensor: loading tensor blk.0.ssm_a
create_tensor: loading tensor blk.0.ssm_beta.weight
create_tensor: loading tensor blk.0.ssm_alpha.weight
create_tensor: loading tensor blk.0.ssm_norm.weight
create_tensor: loading tensor blk.0.ssm_out.weight
create_tensor: loading tensor blk.0.ffn_gate_inp.weight
create_tensor: loading tensor blk.0.ffn_down_exps.weight
create_tensor: loading tensor blk.0.ffn_gate_up_exps.weight
create_tensor: loading tensor blk.0.ffn_gate_exps.weight
create_tensor: loading tensor blk.0.ffn_up_exps.weight
create_tensor: loading tensor blk.0.ffn_gate_inp_shexp.weight
create_tensor: loading tensor blk.0.ffn_gate_shexp.weight
create_tensor: loading tensor blk.0.ffn_up_shexp.weight
create_tensor: loading tensor blk.0.ffn_down_shexp.weight
create_tensor: loading tensor blk.1.attn_norm.weight
create_tensor: loading tensor blk.1.post_attention_norm.weight
create_tensor: loading tensor blk.1.attn_qkv.weight
create_tensor: loading tensor blk.1.attn_q.weight
create_tensor: loading tensor blk.1.attn_k.weight
create_tensor: loading tensor blk.1.attn_v.weight
create_tensor: loading tensor blk.1.attn_q.bias
create_tensor: loading tensor blk.1.attn_k.bias
create_tensor: loading tensor blk.1.attn_v.bias
create_tensor: loading tensor blk.1.attn_output.weight
create_tensor: loading tensor blk.1.attn_q_norm.weight
create_tensor: loading tensor blk.1.attn_k_norm.weight
create_tensor: loading tensor blk.1.ffn_gate_inp.weight
create_tensor: loading tensor blk.1.ffn_down_exps.weight
create_tensor: loading tensor blk.1.ffn_gate_up_exps.weight
create_tensor: loading tensor blk.1.ffn_gate_exps.weight
create_tensor: loading tensor blk.1.ffn_up_exps.weight
create_tensor: loading tensor blk.1.ffn_gate_inp_shexp.weight
create_tensor: loading tensor blk.1.ffn_gate_shexp.weight
create_tensor: loading tensor blk.1.ffn_up_shexp.weight
create_tensor: loading tensor blk.1.ffn_down_shexp.weight
create_tensor: loading tensor blk.0.attn_qkv.scale
create_tensor: loading tensor blk.0.attn_gate.scale
create_tensor: loading tensor blk.0.ffn_gate_shexp.scale
create_tensor: loading tensor blk.0.ffn_down_shexp.scale
create_tensor: loading tensor blk.0.ffn_up_shexp.scale
create_tensor: loading tensor blk.0.ffn_gate_exps.scale
create_tensor: loading tensor blk.0.ffn_down_exps.scale
create_tensor: loading tensor blk.0.ffn_up_exps.scale
create_tensor: loading tensor blk.0.ssm_out.scale
create_tensor: loading tensor blk.0.ssm_alpha.scale
create_tensor: loading tensor blk.0.ssm_beta.scale
create_tensor: loading tensor blk.0.attn_qkv.input_scale
create_tensor: loading tensor blk.0.attn_gate.input_scale
create_tensor: loading tensor blk.0.ffn_gate_exps.input_scale
create_tensor: loading tensor blk.0.ffn_down_exps.input_scale
create_tensor: loading tensor blk.0.ffn_up_exps.input_scale
create_tensor: loading tensor blk.0.ffn_gate_shexp.input_scale
create_tensor: loading tensor blk.0.ffn_down_shexp.input_scale
create_tensor: loading tensor blk.0.ffn_up_shexp.input_scale
create_tensor: loading tensor blk.0.ssm_out.input_scale
create_tensor: loading tensor blk.0.ssm_alpha.input_scale
create_tensor: loading tensor blk.0.ssm_beta.input_scale
create_tensor: loading tensor blk.1.attn_q.scale
create_tensor: loading tensor blk.1.attn_k.scale
create_tensor: loading tensor blk.1.attn_v.scale
create_tensor: loading tensor blk.1.attn_output.scale
create_tensor: loading tensor blk.1.ffn_gate_shexp.scale
create_tensor: loading tensor blk.1.ffn_down_shexp.scale
create_tensor: loading tensor blk.1.ffn_up_shexp.scale
create_tensor: loading tensor blk.1.ffn_gate_exps.scale
create_tensor: loading tensor blk.1.ffn_down_exps.scale
create_tensor: loading tensor blk.1.ffn_up_exps.scale
create_tensor: loading tensor blk.1.attn_q.input_scale
create_tensor: loading tensor blk.1.attn_k.input_scale
create_tensor: loading tensor blk.1.attn_v.input_scale
create_tensor: loading tensor blk.1.attn_output.input_scale
create_tensor: loading tensor blk.1.ffn_gate_exps.input_scale
create_tensor: loading tensor blk.1.ffn_down_exps.input_scale
create_tensor: loading tensor blk.1.ffn_up_exps.input_scale
create_tensor: loading tensor blk.1.ffn_gate_shexp.input_scale
create_tensor: loading tensor blk.1.ffn_down_shexp.input_scale
create_tensor: loading tensor blk.1.ffn_up_shexp.input_scale
done_getting_tensors: tensor 'blk.0.ssm_conv1d.weight' (f32) (and 0 others) cannot be used with preferred buffer type CUDA_Host, using CPU instead
load_tensors: offloading 0 repeating layers to GPU
load_tensors: offloaded 0/3 layers to GPU
load_tensors:          CPU model buffer size =     0.00 MiB
load_tensors:    CUDA_Host model buffer size =     0.28 MiB
load_all_data: no device found for buffer type CPU for async uploads
load_all_data: buffer type CUDA_Host is not the default buffer type for device CUDA0 for async uploads
......................
llama_model_loader: loaded meta data with 22 key-value pairs and 38 tensors from C:\Users\cadel\AppData\Local\Temp\moe-integration-1702916.gguf (version GGUF V3 (latest))
llama_model_loader: Dumping metadata keys/values. Note: KV overrides do not apply in this output.
llama_model_loader: - kv   0:                       general.architecture str              = qwen35moe
llama_model_loader: - kv   1:                       tokenizer.ggml.model str              = no_vocab
llama_model_loader: - kv   2:                       qwen35moe.vocab_size u32              = 32
llama_model_loader: - kv   3:                   qwen35moe.context_length u32              = 128
llama_model_loader: - kv   4:                 qwen35moe.embedding_length u32              = 32
llama_model_loader: - kv   5:                      qwen35moe.block_count u32              = 2
llama_model_loader: - kv   6:              qwen35moe.feed_forward_length u32              = 64
llama_model_loader: - kv   7:             qwen35moe.attention.head_count u32              = 2
llama_model_loader: - kv   8:          qwen35moe.attention.head_count_kv u32              = 2
llama_model_loader: - kv   9:             qwen35moe.rope.dimension_count u32              = 16
llama_model_loader: - kv  10:                     qwen35moe.expert_count u32              = 4
llama_model_loader: - kv  11:                qwen35moe.expert_used_count u32              = 2
llama_model_loader: - kv  12: qwen35moe.attention.layer_norm_rms_epsilon f32              = 0.000010
llama_model_loader: - kv  13:       qwen35moe.expert_feed_forward_length u32              = 64
llama_model_loader: - kv  14: qwen35moe.expert_shared_feed_forward_length u32              = 64
llama_model_loader: - kv  15:          qwen35moe.full_attention_interval u32              = 2
llama_model_loader: - kv  16:                  qwen35moe.ssm.conv_kernel u32              = 4
llama_model_loader: - kv  17:                   qwen35moe.ssm.inner_size u32              = 32
llama_model_loader: - kv  18:                   qwen35moe.ssm.state_size u32              = 16
llama_model_loader: - kv  19:               qwen35moe.ssm.time_step_rank u32              = 2
llama_model_loader: - kv  20:                  qwen35moe.ssm.group_count u32              = 1
llama_model_loader: - kv  21:          qwen35moe.rope.dimension_sections arr[i32,4]       = [4, 2, 2, 0]
llama_model_loader: - type  f32:   38 tensors
print_info: file format = GGUF V3 (latest)
print_info: file type   = (guessed) all F32
print_info: file size   = 0.28 MiB (32.00 BPW) 
llama_prepare_model_devices: using device CUDA0 (NVIDIA GeForce RTX 4060 Laptop GPU) (0000:01:00.0) - 7094 MiB free
load: adding 32 dummy tokens
print_info: arch                  = qwen35moe
print_info: vocab_only            = 0
print_info: no_alloc              = 0
print_info: n_ctx_train           = 128
print_info: n_embd_inp            = 32
print_info: n_embd                = 32
print_info: n_embd_out            = 32
print_info: n_layer               = 2
print_info: n_layer_all           = 2
print_info: n_head                = 2
print_info: n_head_kv             = 2
print_info: n_rot                 = 16
print_info: n_swa                 = 0
print_info: is_swa_any            = 0
print_info: n_embd_head_k         = 16
print_info: n_embd_head_v         = 16
print_info: n_gqa                 = 1
print_info: n_embd_k_gqa          = 32
print_info: n_embd_v_gqa          = 32
print_info: f_norm_eps            = 0.0e+00
print_info: f_norm_rms_eps        = 1.0e-05
print_info: f_clamp_kqv           = 0.0e+00
print_info: f_max_alibi_bias      = 0.0e+00
print_info: f_logit_scale         = 0.0e+00
print_info: f_attn_scale          = 0.0e+00
print_info: f_attn_value_scale    = 0.0000
print_info: n_ff                  = 64
print_info: n_expert              = 4
print_info: n_expert_used         = 2
print_info: n_expert_groups       = 0
print_info: n_group_used          = 0
print_info: causal attn           = 1
print_info: pooling type          = -1
print_info: rope type             = 40
print_info: rope scaling          = linear
print_info: freq_base_train       = 10000.0
print_info: freq_scale_train      = 1
print_info: n_ctx_orig_yarn       = 128
print_info: rope_yarn_log_mul     = 0.0000
print_info: rope_finetuned        = unknown
print_info: mrope sections        = [4, 2, 2, 0]
print_info: ssm_d_conv            = 4
print_info: ssm_d_inner           = 32
print_info: ssm_d_state           = 16
print_info: ssm_dt_rank           = 2
print_info: ssm_n_group           = 1
print_info: ssm_dt_b_c_rms        = 0
print_info: model type            = ?B
print_info: model params          = 73.62 K
print_info: general.name          = n/a
print_info: vocab type            = no vocab
print_info: n_vocab               = 32
print_info: n_merges              = 0
print_info: max token length      = 0
load_tensors: loading model tensors, this can take a while... (load_mode = none)
load_tensors: layer   0 assigned to device CPU, is_swa = 0
load_tensors: layer   1 assigned to device CPU, is_swa = 0
load_tensors: layer   2 assigned to device CPU, is_swa = 0
create_tensor: loading tensor token_embd.weight
create_tensor: loading tensor output_norm.weight
create_tensor: loading tensor output.weight
create_tensor: loading tensor blk.0.attn_norm.weight
create_tensor: loading tensor blk.0.post_attention_norm.weight
create_tensor: loading tensor blk.0.attn_qkv.weight
create_tensor: loading tensor blk.0.attn_gate.weight
create_tensor: loading tensor blk.0.ssm_conv1d.weight
create_tensor: loading tensor blk.0.ssm_dt.bias
create_tensor: loading tensor blk.0.ssm_a
create_tensor: loading tensor blk.0.ssm_beta.weight
create_tensor: loading tensor blk.0.ssm_alpha.weight
create_tensor: loading tensor blk.0.ssm_norm.weight
create_tensor: loading tensor blk.0.ssm_out.weight
create_tensor: loading tensor blk.0.ffn_gate_inp.weight
create_tensor: loading tensor blk.0.ffn_down_exps.weight
create_tensor: loading tensor blk.0.ffn_gate_up_exps.weight
create_tensor: loading tensor blk.0.ffn_gate_exps.weight
create_tensor: loading tensor blk.0.ffn_up_exps.weight
create_tensor: loading tensor blk.0.ffn_gate_inp_shexp.weight
create_tensor: loading tensor blk.0.ffn_gate_shexp.weight
create_tensor: loading tensor blk.0.ffn_up_shexp.weight
create_tensor: loading tensor blk.0.ffn_down_shexp.weight
create_tensor: loading tensor blk.1.attn_norm.weight
create_tensor: loading tensor blk.1.post_attention_norm.weight
create_tensor: loading tensor blk.1.attn_qkv.weight
create_tensor: loading tensor blk.1.attn_q.weight
create_tensor: loading tensor blk.1.attn_k.weight
create_tensor: loading tensor blk.1.attn_v.weight
create_tensor: loading tensor blk.1.attn_q.bias
create_tensor: loading tensor blk.1.attn_k.bias
create_tensor: loading tensor blk.1.attn_v.bias
create_tensor: loading tensor blk.1.attn_output.weight
create_tensor: loading tensor blk.1.attn_q_norm.weight
create_tensor: loading tensor blk.1.attn_k_norm.weight
create_tensor: loading tensor blk.1.ffn_gate_inp.weight
create_tensor: loading tensor blk.1.ffn_down_exps.weight
create_tensor: loading tensor blk.1.ffn_gate_up_exps.weight
create_tensor: loading tensor blk.1.ffn_gate_exps.weight
create_tensor: loading tensor blk.1.ffn_up_exps.weight
create_tensor: loading tensor blk.1.ffn_gate_inp_shexp.weight
create_tensor: loading tensor blk.1.ffn_gate_shexp.weight
create_tensor: loading tensor blk.1.ffn_up_shexp.weight
create_tensor: loading tensor blk.1.ffn_down_shexp.weight
create_tensor: loading tensor blk.0.attn_qkv.scale
create_tensor: loading tensor blk.0.attn_gate.scale
create_tensor: loading tensor blk.0.ffn_gate_shexp.scale
create_tensor: loading tensor blk.0.ffn_down_shexp.scale
create_tensor: loading tensor blk.0.ffn_up_shexp.scale
create_tensor: loading tensor blk.0.ffn_gate_exps.scale
create_tensor: loading tensor blk.0.ffn_down_exps.scale
create_tensor: loading tensor blk.0.ffn_up_exps.scale
create_tensor: loading tensor blk.0.ssm_out.scale
create_tensor: loading tensor blk.0.ssm_alpha.scale
create_tensor: loading tensor blk.0.ssm_beta.scale
create_tensor: loading tensor blk.0.attn_qkv.input_scale
create_tensor: loading tensor blk.0.attn_gate.input_scale
create_tensor: loading tensor blk.0.ffn_gate_exps.input_scale
create_tensor: loading tensor blk.0.ffn_down_exps.input_scale
create_tensor: loading tensor blk.0.ffn_up_exps.input_scale
create_tensor: loading tensor blk.0.ffn_gate_shexp.input_scale
create_tensor: loading tensor blk.0.ffn_down_shexp.input_scale
create_tensor: loading tensor blk.0.ffn_up_shexp.input_scale
create_tensor: loading tensor blk.0.ssm_out.input_scale
create_tensor: loading tensor blk.0.ssm_alpha.input_scale
create_tensor: loading tensor blk.0.ssm_beta.input_scale
create_tensor: loading tensor blk.1.attn_q.scale
create_tensor: loading tensor blk.1.attn_k.scale
create_tensor: loading tensor blk.1.attn_v.scale
create_tensor: loading tensor blk.1.attn_output.scale
create_tensor: loading tensor blk.1.ffn_gate_shexp.scale
create_tensor: loading tensor blk.1.ffn_down_shexp.scale
create_tensor: loading tensor blk.1.ffn_up_shexp.scale
create_tensor: loading tensor blk.1.ffn_gate_exps.scale
create_tensor: loading tensor blk.1.ffn_down_exps.scale
create_tensor: loading tensor blk.1.ffn_up_exps.scale
create_tensor: loading tensor blk.1.attn_q.input_scale
create_tensor: loading tensor blk.1.attn_k.input_scale
create_tensor: loading tensor blk.1.attn_v.input_scale
create_tensor: loading tensor blk.1.attn_output.input_scale
create_tensor: loading tensor blk.1.ffn_gate_exps.input_scale
create_tensor: loading tensor blk.1.ffn_down_exps.input_scale
create_tensor: loading tensor blk.1.ffn_up_exps.input_scale
create_tensor: loading tensor blk.1.ffn_gate_shexp.input_scale
create_tensor: loading tensor blk.1.ffn_down_shexp.input_scale
create_tensor: loading tensor blk.1.ffn_up_shexp.input_scale
load_tensors: offloading 0 repeating layers to GPU
load_tensors: offloaded 0/3 layers to GPU
load_tensors:          CPU model buffer size =     0.28 MiB
load_all_data: no device found for buffer type CPU for async uploads
......................
load_tensors: experimental host-bank MoE enabled, tile weights <= 24832 bytes; this is not a total memory limit
llama_context: constructing llama_context
llama_context: n_seq_max             = 1
llama_context: n_ctx                 = 256
llama_context: n_ctx_seq             = 256
llama_context: n_batch               = 32
llama_context: n_ubatch              = 8
llama_context: causal_attn           = 1
llama_context: flash_attn            = disabled
llama_context: kv_unified            = false
llama_context: freq_base             = 10000.0
llama_context: freq_scale            = 1
llama_context: n_rs_seq              = 0
llama_context: n_outputs_max         = 32
llama_context: n_outputs_max_per_seq = 1
llama_context: n_ctx_seq (256) > n_ctx_train (128) -- possible training context overflow
set_abort_callback: call
llama_context:        CPU  output buffer size =     0.00 MiB
llama_kv_cache: layer   0: filtered
llama_kv_cache: layer   1: dev = CPU
llama_kv_cache:        CPU KV buffer size =     0.03 MiB
llama_kv_cache: size =    0.03 MiB (   256 cells,   1 layers,  1/1 seqs), K (f16):    0.02 MiB, V (f16):    0.02 MiB
llama_kv_cache: attn_rot_k = 0, n_embd_head_k_all = 16
llama_kv_cache: attn_rot_v = 0, n_embd_head_k_all = 16
llama_memory_recurrent, layer   0: dev = CPU
llama_memory_recurrent: layer   1: skipped
llama_memory_recurrent:        CPU RS buffer size =     0.00 MiB
llama_memory_recurrent: size =    0.00 MiB (     1 cells,   2 layers,  1 seqs  0 rs_seq), R (f32):    0.00 MiB, S (f32):    0.00 MiB
llama_context: enumerating backends
llama_context: backend_ptrs.size() = 2
sched_reserve: reserving ...
sched_reserve: max_nodes = 1216
sched_reserve: decode graph slots = 4 (n_tokens <= 4)
sched_reserve: reserving full memory module
sched_reserve: worst-case: n_tokens = 8, n_seqs = 1, n_outputs = 1
resolve_fused_ops: resolving fused Gated Delta Net support:
graph_reserve: reserving a graph for ubatch with n_tokens =    1, n_seqs =  1, n_outputs =    1
resolve_fused_ops: fused Gated Delta Net (autoregressive) enabled
graph_reserve: reserving a graph for ubatch with n_tokens =   16, n_seqs =  1, n_outputs =   16
resolve_fused_ops: fused Gated Delta Net (chunked) enabled
resolve_fused_ops: resolving fused Lightning Indexer support:
graph_reserve: reserving a graph for ubatch with n_tokens =    1, n_seqs =  1, n_outputs =    1
resolve_fused_ops: Lightning Indexer enabled
resolve_fused_ops: resolving fused DeepSeek V4 HC support:
graph_reserve: reserving a graph for ubatch with n_tokens =    1, n_seqs =  1, n_outputs =    1
resolve_fused_ops: fused DeepSeek V4 HC pre enabled
graph_reserve: reserving a graph for ubatch with n_tokens =    1, n_seqs =  1, n_outputs =    1
resolve_fused_ops: fused DeepSeek V4 HC comb enabled
graph_reserve: reserving a graph for ubatch with n_tokens =    1, n_seqs =  1, n_outputs =    1
resolve_fused_ops: fused DeepSeek V4 HC post enabled
graph_reserve: reserving a graph for ubatch with n_tokens =    8, n_seqs =  1, n_outputs =    8
graph_reserve: reserving a graph for ubatch with n_tokens =    1, n_seqs =  1, n_outputs =    1
graph_reserve: reserving a graph for ubatch with n_tokens =    8, n_seqs =  1, n_outputs =    8
sched_reserve:  CUDA_Host compute buffer size =     0.03 MiB
sched_reserve: graph nodes  = 162
sched_reserve: graph splits = 1
sched_reserve: reserve took 2.10 ms, sched copies = 1
llama_context: constructing llama_context
llama_context: n_seq_max             = 1
llama_context: n_ctx                 = 256
llama_context: n_ctx_seq             = 256
llama_context: n_batch               = 32
llama_context: n_ubatch              = 8
llama_context: causal_attn           = 1
llama_context: flash_attn            = disabled
llama_context: kv_unified            = false
llama_context: freq_base             = 10000.0
llama_context: freq_scale            = 1
llama_context: n_rs_seq              = 0
llama_context: n_outputs_max         = 32
llama_context: n_outputs_max_per_seq = 1
llama_context: n_ctx_seq (256) > n_ctx_train (128) -- possible training context overflow
set_abort_callback: call
llama_context:        CPU  output buffer size =     0.00 MiB
llama_kv_cache: layer   0: filtered
llama_kv_cache: layer   1: dev = CPU
llama_kv_cache:        CPU KV buffer size =     0.03 MiB
llama_kv_cache: size =    0.03 MiB (   256 cells,   1 layers,  1/1 seqs), K (f16):    0.02 MiB, V (f16):    0.02 MiB
llama_kv_cache: attn_rot_k = 0, n_embd_head_k_all = 16
llama_kv_cache: attn_rot_v = 0, n_embd_head_k_all = 16
llama_memory_recurrent, layer   0: dev = CPU
llama_memory_recurrent: layer   1: skipped
llama_memory_recurrent:        CPU RS buffer size =     0.00 MiB
llama_memory_recurrent: size =    0.00 MiB (     1 cells,   2 layers,  1 seqs  0 rs_seq), R (f32):    0.00 MiB, S (f32):    0.00 MiB
llama_context: enumerating backends
llama_context: backend_ptrs.size() = 2
sched_reserve: reserving ...
sched_reserve: max_nodes = 1216
sched_reserve: decode graph slots = 4 (n_tokens <= 4)
sched_reserve: reserving full memory module
sched_reserve: worst-case: n_tokens = 8, n_seqs = 1, n_outputs = 1
resolve_fused_ops: resolving fused Gated Delta Net support:
graph_reserve: reserving a graph for ubatch with n_tokens =    1, n_seqs =  1, n_outputs =    1
resolve_fused_ops: fused Gated Delta Net (autoregressive) enabled
graph_reserve: reserving a graph for ubatch with n_tokens =   16, n_seqs =  1, n_outputs =   16
resolve_fused_ops: fused Gated Delta Net (chunked) enabled
resolve_fused_ops: resolving fused Lightning Indexer support:
graph_reserve: reserving a graph for ubatch with n_tokens =    1, n_seqs =  1, n_outputs =    1
resolve_fused_ops: Lightning Indexer enabled
resolve_fused_ops: resolving fused DeepSeek V4 HC support:
graph_reserve: reserving a graph for ubatch with n_tokens =    1, n_seqs =  1, n_outputs =    1
resolve_fused_ops: fused DeepSeek V4 HC pre enabled
graph_reserve: reserving a graph for ubatch with n_tokens =    1, n_seqs =  1, n_outputs =    1
resolve_fused_ops: fused DeepSeek V4 HC comb enabled
graph_reserve: reserving a graph for ubatch with n_tokens =    1, n_seqs =  1, n_outputs =    1
resolve_fused_ops: fused DeepSeek V4 HC post enabled
graph_reserve: reserving a graph for ubatch with n_tokens =    8, n_seqs =  1, n_outputs =    8
graph_reserve: reserving a graph for ubatch with n_tokens =    1, n_seqs =  1, n_outputs =    1
graph_reserve: reserving a graph for ubatch with n_tokens =    8, n_seqs =  1, n_outputs =    8
sched_reserve:  CUDA_Host compute buffer size =     0.03 MiB
sched_reserve: graph nodes  = 152
sched_reserve: graph splits = 1
sched_reserve: reserve took 2.51 ms, sched copies = 1
graph_reserve: reserving a graph for ubatch with n_tokens =    4, n_seqs =  1, n_outputs =    4
state_write_data: writing state
state_write_data: - writing model info
state_write_data: - writing memory module
state_write_data: writing state
state_write_data: - writing model info
state_write_data: - writing memory module
state_write_data: writing state
state_write_data: - writing model info
state_write_data: - writing memory module
state_write_data: writing state
state_write_data: - writing model info
state_write_data: - writing memory module
state_read_data: reading state
state_read_data: - reading model info
state_read_data: - reading memory module
state_read_data: reading state
state_read_data: - reading model info
state_read_data: - reading memory module
state_read_data: reading state
state_read_data: - reading model info
state_read_data: - reading memory module
state_write_data: writing state
state_write_data: - writing model info
state_write_data: - writing memory module
state_write_data: writing state
state_write_data: - writing model info
state_write_data: - writing memory module
set_abort_callback: call
graph_compute: ggml_backend_sched_graph_compute_async failed with error 1
process_ubatch: failed to compute graph, compute status: 1
decode: removing memory module entries for seq_id = 0, pos = [62, +inf)
llama_decode: failed to decode, ret = 2
set_abort_callback: call
state_read_data: reading state
state_read_data: - reading model info
state_read_data: - reading memory module
host-bank MoE execution failed: MoE routing weight must be finite
host-bank MoE execution failed: MoE routing weight must be finite
process_ubatch: failed to compute graph, compute status: -1
decode: removing memory module entries for seq_id = 0, pos = [62, +inf)
llama_decode: failed to decode, ret = -3
state_read_data: reading state
state_read_data: - reading model info
state_read_data: - reading memory module
llama_context: constructing llama_context
llama_init_from_model: failed to initialize the context: host-bank MoE requires one sequence, op_offload=false and offload_kqv=false
llama_context: constructing llama_context
llama_init_from_model: failed to initialize the context: host-bank MoE requires one sequence, op_offload=false and offload_kqv=false
llama_context: constructing llama_context
llama_init_from_model: failed to initialize the context: host-bank MoE requires one sequence, op_offload=false and offload_kqv=false
llama_context: constructing llama_context
llama_init_from_model: failed to initialize the context: moe cache: invalid uniform arena geometry
llama_context: constructing llama_context
llama_init_from_model: failed to initialize the context: host-bank MoE cache requires model.moe_cpu_tile_bytes host-bank setup
~llama_context:      CUDA0 compute buffer size is   0.0000 MiB, matches expectation of   0.0000 MiB
~llama_context:  CUDA_Host compute buffer size is   0.0318 MiB, matches expectation of   0.0318 MiB
~llama_context:      CUDA0 compute buffer size is   0.0000 MiB, matches expectation of   0.0000 MiB
~llama_context:  CUDA_Host compute buffer size is   0.0318 MiB, matches expectation of   0.0318 MiB
llama_context: constructing llama_context
llama_context: n_seq_max             = 1
llama_context: n_ctx                 = 256
llama_context: n_ctx_seq             = 256
llama_context: n_batch               = 32
llama_context: n_ubatch              = 8
llama_context: causal_attn           = 1
llama_context: flash_attn            = disabled
llama_context: kv_unified            = false
llama_context: freq_base             = 10000.0
llama_context: freq_scale            = 1
llama_context: n_rs_seq              = 0
llama_context: n_outputs_max         = 32
llama_context: n_outputs_max_per_seq = 1
llama_context: n_ctx_seq (256) > n_ctx_train (128) -- possible training context overflow
set_abort_callback: call
llama_context:        CPU  output buffer size =     0.00 MiB
llama_kv_cache: layer   0: filtered
llama_kv_cache: layer   1: dev = CPU
llama_kv_cache:        CPU KV buffer size =     0.03 MiB
llama_kv_cache: size =    0.03 MiB (   256 cells,   1 layers,  1/1 seqs), K (f16):    0.02 MiB, V (f16):    0.02 MiB
llama_kv_cache: attn_rot_k = 0, n_embd_head_k_all = 16
llama_kv_cache: attn_rot_v = 0, n_embd_head_k_all = 16
llama_memory_recurrent, layer   0: dev = CPU
llama_memory_recurrent: layer   1: skipped
llama_memory_recurrent:        CPU RS buffer size =     0.00 MiB
llama_memory_recurrent: size =    0.00 MiB (     1 cells,   2 layers,  1 seqs  0 rs_seq), R (f32):    0.00 MiB, S (f32):    0.00 MiB
llama_context: enumerating backends
llama_context: backend_ptrs.size() = 2
sched_reserve: reserving ...
sched_reserve: max_nodes = 1216
sched_reserve: decode graph slots = 4 (n_tokens <= 4)
sched_reserve: reserving full memory module
sched_reserve: worst-case: n_tokens = 8, n_seqs = 1, n_outputs = 1
resolve_fused_ops: resolving fused Gated Delta Net support:
graph_reserve: reserving a graph for ubatch with n_tokens =    1, n_seqs =  1, n_outputs =    1
resolve_fused_ops: fused Gated Delta Net (autoregressive) enabled
graph_reserve: reserving a graph for ubatch with n_tokens =   16, n_seqs =  1, n_outputs =   16
resolve_fused_ops: fused Gated Delta Net (chunked) enabled
resolve_fused_ops: resolving fused Lightning Indexer support:
graph_reserve: reserving a graph for ubatch with n_tokens =    1, n_seqs =  1, n_outputs =    1
resolve_fused_ops: Lightning Indexer enabled
resolve_fused_ops: resolving fused DeepSeek V4 HC support:
graph_reserve: reserving a graph for ubatch with n_tokens =    1, n_seqs =  1, n_outputs =    1
resolve_fused_ops: fused DeepSeek V4 HC pre enabled
graph_reserve: reserving a graph for ubatch with n_tokens =    1, n_seqs =  1, n_outputs =    1
resolve_fused_ops: fused DeepSeek V4 HC comb enabled
graph_reserve: reserving a graph for ubatch with n_tokens =    1, n_seqs =  1, n_outputs =    1
resolve_fused_ops: fused DeepSeek V4 HC post enabled
graph_reserve: reserving a graph for ubatch with n_tokens =    8, n_seqs =  1, n_outputs =    8
graph_reserve: reserving a graph for ubatch with n_tokens =    1, n_seqs =  1, n_outputs =    1
graph_reserve: reserving a graph for ubatch with n_tokens =    8, n_seqs =  1, n_outputs =    8
sched_reserve:  CUDA_Host compute buffer size =     0.03 MiB
sched_reserve: graph nodes  = 152
sched_reserve: graph splits = 1
sched_reserve: reserve took 1.82 ms, sched copies = 1
llama_context: constructing llama_context
llama_context: n_seq_max             = 1
llama_context: n_ctx                 = 256
llama_context: n_ctx_seq             = 256
llama_context: n_batch               = 32
llama_context: n_ubatch              = 8
llama_context: causal_attn           = 1
llama_context: flash_attn            = disabled
llama_context: kv_unified            = false
llama_context: freq_base             = 10000.0
llama_context: freq_scale            = 1
llama_context: n_rs_seq              = 0
llama_context: n_outputs_max         = 32
llama_context: n_outputs_max_per_seq = 1
llama_context: n_ctx_seq (256) > n_ctx_train (128) -- possible training context overflow
set_abort_callback: call
llama_context:        CPU  output buffer size =     0.00 MiB
llama_kv_cache: layer   0: filtered
llama_kv_cache: layer   1: dev = CPU
llama_kv_cache:        CPU KV buffer size =     0.03 MiB
llama_kv_cache: size =    0.03 MiB (   256 cells,   1 layers,  1/1 seqs), K (f16):    0.02 MiB, V (f16):    0.02 MiB
llama_kv_cache: attn_rot_k = 0, n_embd_head_k_all = 16
llama_kv_cache: attn_rot_v = 0, n_embd_head_k_all = 16
llama_memory_recurrent, layer   0: dev = CPU
llama_memory_recurrent: layer   1: skipped
llama_memory_recurrent:        CPU RS buffer size =     0.00 MiB
llama_memory_recurrent: size =    0.00 MiB (     1 cells,   2 layers,  1 seqs  0 rs_seq), R (f32):    0.00 MiB, S (f32):    0.00 MiB
llama_context: enumerating backends
llama_context: backend_ptrs.size() = 2
sched_reserve: reserving ...
sched_reserve: max_nodes = 1216
sched_reserve: decode graph slots = 4 (n_tokens <= 4)
sched_reserve: reserving full memory module
sched_reserve: worst-case: n_tokens = 8, n_seqs = 1, n_outputs = 1
resolve_fused_ops: resolving fused Gated Delta Net support:
graph_reserve: reserving a graph for ubatch with n_tokens =    1, n_seqs =  1, n_outputs =    1
resolve_fused_ops: fused Gated Delta Net (autoregressive) enabled
graph_reserve: reserving a graph for ubatch with n_tokens =   16, n_seqs =  1, n_outputs =   16
resolve_fused_ops: fused Gated Delta Net (chunked) enabled
resolve_fused_ops: resolving fused Lightning Indexer support:
graph_reserve: reserving a graph for ubatch with n_tokens =    1, n_seqs =  1, n_outputs =    1
resolve_fused_ops: Lightning Indexer enabled
resolve_fused_ops: resolving fused DeepSeek V4 HC support:
graph_reserve: reserving a graph for ubatch with n_tokens =    1, n_seqs =  1, n_outputs =    1
resolve_fused_ops: fused DeepSeek V4 HC pre enabled
graph_reserve: reserving a graph for ubatch with n_tokens =    1, n_seqs =  1, n_outputs =    1
resolve_fused_ops: fused DeepSeek V4 HC comb enabled
graph_reserve: reserving a graph for ubatch with n_tokens =    1, n_seqs =  1, n_outputs =    1
resolve_fused_ops: fused DeepSeek V4 HC post enabled
graph_reserve: reserving a graph for ubatch with n_tokens =    8, n_seqs =  1, n_outputs =    8
graph_reserve: reserving a graph for ubatch with n_tokens =    1, n_seqs =  1, n_outputs =    1
graph_reserve: reserving a graph for ubatch with n_tokens =    8, n_seqs =  1, n_outputs =    8
sched_reserve:  CUDA_Host compute buffer size =     0.03 MiB
sched_reserve: graph nodes  = 162
sched_reserve: graph splits = 1
sched_reserve: reserve took 2.35 ms, sched copies = 1
~llama_context:      CUDA0 compute buffer size is   0.0000 MiB, matches expectation of   0.0000 MiB
~llama_context:  CUDA_Host compute buffer size is   0.0318 MiB, matches expectation of   0.0318 MiB
~llama_context:      CUDA0 compute buffer size is   0.0000 MiB, matches expectation of   0.0000 MiB
~llama_context:  CUDA_Host compute buffer size is   0.0318 MiB, matches expectation of   0.0318 MiB
llama_model_loader: loaded meta data with 22 key-value pairs and 38 tensors from C:\Users\cadel\AppData\Local\Temp\moe-integration-1702916.gguf (version GGUF V3 (latest))
llama_model_loader: Dumping metadata keys/values. Note: KV overrides do not apply in this output.
llama_model_loader: - kv   0:                       general.architecture str              = qwen35moe
llama_model_loader: - kv   1:                       tokenizer.ggml.model str              = no_vocab
llama_model_loader: - kv   2:                       qwen35moe.vocab_size u32              = 32
llama_model_loader: - kv   3:                   qwen35moe.context_length u32              = 128
llama_model_loader: - kv   4:                 qwen35moe.embedding_length u32              = 32
llama_model_loader: - kv   5:                      qwen35moe.block_count u32              = 2
llama_model_loader: - kv   6:              qwen35moe.feed_forward_length u32              = 64
llama_model_loader: - kv   7:             qwen35moe.attention.head_count u32              = 2
llama_model_loader: - kv   8:          qwen35moe.attention.head_count_kv u32              = 2
llama_model_loader: - kv   9:             qwen35moe.rope.dimension_count u32              = 16
llama_model_loader: - kv  10:                     qwen35moe.expert_count u32              = 4
llama_model_loader: - kv  11:                qwen35moe.expert_used_count u32              = 2
llama_model_loader: - kv  12: qwen35moe.attention.layer_norm_rms_epsilon f32              = 0.000010
llama_model_loader: - kv  13:       qwen35moe.expert_feed_forward_length u32              = 64
llama_model_loader: - kv  14: qwen35moe.expert_shared_feed_forward_length u32              = 64
llama_model_loader: - kv  15:          qwen35moe.full_attention_interval u32              = 2
llama_model_loader: - kv  16:                  qwen35moe.ssm.conv_kernel u32              = 4
llama_model_loader: - kv  17:                   qwen35moe.ssm.inner_size u32              = 32
llama_model_loader: - kv  18:                   qwen35moe.ssm.state_size u32              = 16
llama_model_loader: - kv  19:               qwen35moe.ssm.time_step_rank u32              = 2
llama_model_loader: - kv  20:                  qwen35moe.ssm.group_count u32              = 1
llama_model_loader: - kv  21:          qwen35moe.rope.dimension_sections arr[i32,4]       = [4, 2, 2, 0]
llama_model_loader: - type  f32:   38 tensors
print_info: file format = GGUF V3 (latest)
print_info: file type   = (guessed) all F32
print_info: file size   = 0.28 MiB (32.00 BPW) 
llama_prepare_model_devices: using device CUDA0 (NVIDIA GeForce RTX 4060 Laptop GPU) (0000:01:00.0) - 7094 MiB free
load: adding 32 dummy tokens
print_info: arch                  = qwen35moe
print_info: vocab_only            = 0
print_info: no_alloc              = 0
print_info: n_ctx_train           = 128
print_info: n_embd_inp            = 32
print_info: n_embd                = 32
print_info: n_embd_out            = 32
print_info: n_layer               = 2
print_info: n_layer_all           = 2
print_info: n_head                = 2
print_info: n_head_kv             = 2
print_info: n_rot                 = 16
print_info: n_swa                 = 0
print_info: is_swa_any            = 0
print_info: n_embd_head_k         = 16
print_info: n_embd_head_v         = 16
print_info: n_gqa                 = 1
print_info: n_embd_k_gqa          = 32
print_info: n_embd_v_gqa          = 32
print_info: f_norm_eps            = 0.0e+00
print_info: f_norm_rms_eps        = 1.0e-05
print_info: f_clamp_kqv           = 0.0e+00
print_info: f_max_alibi_bias      = 0.0e+00
print_info: f_logit_scale         = 0.0e+00
print_info: f_attn_scale          = 0.0e+00
print_info: f_attn_value_scale    = 0.0000
print_info: n_ff                  = 64
print_info: n_expert              = 4
print_info: n_expert_used         = 2
print_info: n_expert_groups       = 0
print_info: n_group_used          = 0
print_info: causal attn           = 1
print_info: pooling type          = -1
print_info: rope type             = 40
print_info: rope scaling          = linear
print_info: freq_base_train       = 10000.0
print_info: freq_scale_train      = 1
print_info: n_ctx_orig_yarn       = 128
print_info: rope_yarn_log_mul     = 0.0000
print_info: rope_finetuned        = unknown
print_info: mrope sections        = [4, 2, 2, 0]
print_info: ssm_d_conv            = 4
print_info: ssm_d_inner           = 32
print_info: ssm_d_state           = 16
print_info: ssm_dt_rank           = 2
print_info: ssm_n_group           = 1
print_info: ssm_dt_b_c_rms        = 0
print_info: model type            = ?B
print_info: model params          = 73.62 K
print_info: general.name          = n/a
print_info: vocab type            = no vocab
print_info: n_vocab               = 32
print_info: n_merges              = 0
print_info: max token length      = 0
load_tensors: loading model tensors, this can take a while... (load_mode = none)
load_tensors: layer   0 assigned to device CPU, is_swa = 0
load_tensors: layer   1 assigned to device CPU, is_swa = 0
load_tensors: layer   2 assigned to device CPU, is_swa = 0
create_tensor: loading tensor token_embd.weight
create_tensor: loading tensor output_norm.weight
create_tensor: loading tensor output.weight
create_tensor: loading tensor blk.0.attn_norm.weight
create_tensor: loading tensor blk.0.post_attention_norm.weight
create_tensor: loading tensor blk.0.attn_qkv.weight
create_tensor: loading tensor blk.0.attn_gate.weight
create_tensor: loading tensor blk.0.ssm_conv1d.weight
create_tensor: loading tensor blk.0.ssm_dt.bias
create_tensor: loading tensor blk.0.ssm_a
create_tensor: loading tensor blk.0.ssm_beta.weight
create_tensor: loading tensor blk.0.ssm_alpha.weight
create_tensor: loading tensor blk.0.ssm_norm.weight
create_tensor: loading tensor blk.0.ssm_out.weight
create_tensor: loading tensor blk.0.ffn_gate_inp.weight
create_tensor: loading tensor blk.0.ffn_down_exps.weight
create_tensor: loading tensor blk.0.ffn_gate_up_exps.weight
create_tensor: loading tensor blk.0.ffn_gate_exps.weight
create_tensor: loading tensor blk.0.ffn_up_exps.weight
create_tensor: loading tensor blk.0.ffn_gate_inp_shexp.weight
create_tensor: loading tensor blk.0.ffn_gate_shexp.weight
create_tensor: loading tensor blk.0.ffn_up_shexp.weight
create_tensor: loading tensor blk.0.ffn_down_shexp.weight
create_tensor: loading tensor blk.1.attn_norm.weight
create_tensor: loading tensor blk.1.post_attention_norm.weight
create_tensor: loading tensor blk.1.attn_qkv.weight
create_tensor: loading tensor blk.1.attn_q.weight
create_tensor: loading tensor blk.1.attn_k.weight
create_tensor: loading tensor blk.1.attn_v.weight
create_tensor: loading tensor blk.1.attn_q.bias
create_tensor: loading tensor blk.1.attn_k.bias
create_tensor: loading tensor blk.1.attn_v.bias
create_tensor: loading tensor blk.1.attn_output.weight
create_tensor: loading tensor blk.1.attn_q_norm.weight
create_tensor: loading tensor blk.1.attn_k_norm.weight
create_tensor: loading tensor blk.1.ffn_gate_inp.weight
create_tensor: loading tensor blk.1.ffn_down_exps.weight
create_tensor: loading tensor blk.1.ffn_gate_up_exps.weight
create_tensor: loading tensor blk.1.ffn_gate_exps.weight
create_tensor: loading tensor blk.1.ffn_up_exps.weight
create_tensor: loading tensor blk.1.ffn_gate_inp_shexp.weight
create_tensor: loading tensor blk.1.ffn_gate_shexp.weight
create_tensor: loading tensor blk.1.ffn_up_shexp.weight
create_tensor: loading tensor blk.1.ffn_down_shexp.weight
create_tensor: loading tensor blk.0.attn_qkv.scale
create_tensor: loading tensor blk.0.attn_gate.scale
create_tensor: loading tensor blk.0.ffn_gate_shexp.scale
create_tensor: loading tensor blk.0.ffn_down_shexp.scale
create_tensor: loading tensor blk.0.ffn_up_shexp.scale
create_tensor: loading tensor blk.0.ffn_gate_exps.scale
create_tensor: loading tensor blk.0.ffn_down_exps.scale
create_tensor: loading tensor blk.0.ffn_up_exps.scale
create_tensor: loading tensor blk.0.ssm_out.scale
create_tensor: loading tensor blk.0.ssm_alpha.scale
create_tensor: loading tensor blk.0.ssm_beta.scale
create_tensor: loading tensor blk.0.attn_qkv.input_scale
create_tensor: loading tensor blk.0.attn_gate.input_scale
create_tensor: loading tensor blk.0.ffn_gate_exps.input_scale
create_tensor: loading tensor blk.0.ffn_down_exps.input_scale
create_tensor: loading tensor blk.0.ffn_up_exps.input_scale
create_tensor: loading tensor blk.0.ffn_gate_shexp.input_scale
create_tensor: loading tensor blk.0.ffn_down_shexp.input_scale
create_tensor: loading tensor blk.0.ffn_up_shexp.input_scale
create_tensor: loading tensor blk.0.ssm_out.input_scale
create_tensor: loading tensor blk.0.ssm_alpha.input_scale
create_tensor: loading tensor blk.0.ssm_beta.input_scale
create_tensor: loading tensor blk.1.attn_q.scale
create_tensor: loading tensor blk.1.attn_k.scale
create_tensor: loading tensor blk.1.attn_v.scale
create_tensor: loading tensor blk.1.attn_output.scale
create_tensor: loading tensor blk.1.ffn_gate_shexp.scale
create_tensor: loading tensor blk.1.ffn_down_shexp.scale
create_tensor: loading tensor blk.1.ffn_up_shexp.scale
create_tensor: loading tensor blk.1.ffn_gate_exps.scale
create_tensor: loading tensor blk.1.ffn_down_exps.scale
create_tensor: loading tensor blk.1.ffn_up_exps.scale
create_tensor: loading tensor blk.1.attn_q.input_scale
create_tensor: loading tensor blk.1.attn_k.input_scale
create_tensor: loading tensor blk.1.attn_v.input_scale
create_tensor: loading tensor blk.1.attn_output.input_scale
create_tensor: loading tensor blk.1.ffn_gate_exps.input_scale
create_tensor: loading tensor blk.1.ffn_down_exps.input_scale
create_tensor: loading tensor blk.1.ffn_up_exps.input_scale
create_tensor: loading tensor blk.1.ffn_gate_shexp.input_scale
create_tensor: loading tensor blk.1.ffn_down_shexp.input_scale
create_tensor: loading tensor blk.1.ffn_up_shexp.input_scale
done_getting_tensors: tensor 'blk.0.ssm_conv1d.weight' (f32) (and 0 others) cannot be used with preferred buffer type CUDA_Host, using CPU instead
load_tensors: offloading 0 repeating layers to GPU
load_tensors: offloaded 0/3 layers to GPU
load_tensors:          CPU model buffer size =     0.00 MiB
load_tensors:    CUDA_Host model buffer size =     0.28 MiB
load_all_data: no device found for buffer type CPU for async uploads
load_all_data: buffer type CUDA_Host is not the default buffer type for device CUDA0 for async uploads
......................
llama_model_loader: loaded meta data with 22 key-value pairs and 38 tensors from C:\Users\cadel\AppData\Local\Temp\moe-integration-1702916.gguf (version GGUF V3 (latest))
llama_model_loader: Dumping metadata keys/values. Note: KV overrides do not apply in this output.
llama_model_loader: - kv   0:                       general.architecture str              = qwen35moe
llama_model_loader: - kv   1:                       tokenizer.ggml.model str              = no_vocab
llama_model_loader: - kv   2:                       qwen35moe.vocab_size u32              = 32
llama_model_loader: - kv   3:                   qwen35moe.context_length u32              = 128
llama_model_loader: - kv   4:                 qwen35moe.embedding_length u32              = 32
llama_model_loader: - kv   5:                      qwen35moe.block_count u32              = 2
llama_model_loader: - kv   6:              qwen35moe.feed_forward_length u32              = 64
llama_model_loader: - kv   7:             qwen35moe.attention.head_count u32              = 2
llama_model_loader: - kv   8:          qwen35moe.attention.head_count_kv u32              = 2
llama_model_loader: - kv   9:             qwen35moe.rope.dimension_count u32              = 16
llama_model_loader: - kv  10:                     qwen35moe.expert_count u32              = 4
llama_model_loader: - kv  11:                qwen35moe.expert_used_count u32              = 2
llama_model_loader: - kv  12: qwen35moe.attention.layer_norm_rms_epsilon f32              = 0.000010
llama_model_loader: - kv  13:       qwen35moe.expert_feed_forward_length u32              = 64
llama_model_loader: - kv  14: qwen35moe.expert_shared_feed_forward_length u32              = 64
llama_model_loader: - kv  15:          qwen35moe.full_attention_interval u32              = 2
llama_model_loader: - kv  16:                  qwen35moe.ssm.conv_kernel u32              = 4
llama_model_loader: - kv  17:                   qwen35moe.ssm.inner_size u32              = 32
llama_model_loader: - kv  18:                   qwen35moe.ssm.state_size u32              = 16
llama_model_loader: - kv  19:               qwen35moe.ssm.time_step_rank u32              = 2
llama_model_loader: - kv  20:                  qwen35moe.ssm.group_count u32              = 1
llama_model_loader: - kv  21:          qwen35moe.rope.dimension_sections arr[i32,4]       = [4, 2, 2, 0]
llama_model_loader: - type  f32:   38 tensors
print_info: file format = GGUF V3 (latest)
print_info: file type   = (guessed) all F32
print_info: file size   = 0.28 MiB (32.00 BPW) 
llama_prepare_model_devices: using device CUDA0 (NVIDIA GeForce RTX 4060 Laptop GPU) (0000:01:00.0) - 7094 MiB free
load: adding 32 dummy tokens
print_info: arch                  = qwen35moe
print_info: vocab_only            = 0
print_info: no_alloc              = 0
print_info: n_ctx_train           = 128
print_info: n_embd_inp            = 32
print_info: n_embd                = 32
print_info: n_embd_out            = 32
print_info: n_layer               = 2
print_info: n_layer_all           = 2
print_info: n_head                = 2
print_info: n_head_kv             = 2
print_info: n_rot                 = 16
print_info: n_swa                 = 0
print_info: is_swa_any            = 0
print_info: n_embd_head_k         = 16
print_info: n_embd_head_v         = 16
print_info: n_gqa                 = 1
print_info: n_embd_k_gqa          = 32
print_info: n_embd_v_gqa          = 32
print_info: f_norm_eps            = 0.0e+00
print_info: f_norm_rms_eps        = 1.0e-05
print_info: f_clamp_kqv           = 0.0e+00
print_info: f_max_alibi_bias      = 0.0e+00
print_info: f_logit_scale         = 0.0e+00
print_info: f_attn_scale          = 0.0e+00
print_info: f_attn_value_scale    = 0.0000
print_info: n_ff                  = 64
print_info: n_expert              = 4
print_info: n_expert_used         = 2
print_info: n_expert_groups       = 0
print_info: n_group_used          = 0
print_info: causal attn           = 1
print_info: pooling type          = -1
print_info: rope type             = 40
print_info: rope scaling          = linear
print_info: freq_base_train       = 10000.0
print_info: freq_scale_train      = 1
print_info: n_ctx_orig_yarn       = 128
print_info: rope_yarn_log_mul     = 0.0000
print_info: rope_finetuned        = unknown
print_info: mrope sections        = [4, 2, 2, 0]
print_info: ssm_d_conv            = 4
print_info: ssm_d_inner           = 32
print_info: ssm_d_state           = 16
print_info: ssm_dt_rank           = 2
print_info: ssm_n_group           = 1
print_info: ssm_dt_b_c_rms        = 0
print_info: model type            = ?B
print_info: model params          = 73.62 K
print_info: general.name          = n/a
print_info: vocab type            = no vocab
print_info: n_vocab               = 32
print_info: n_merges              = 0
print_info: max token length      = 0
load_tensors: loading model tensors, this can take a while... (load_mode = none)
load_tensors: layer   0 assigned to device CPU, is_swa = 0
load_tensors: layer   1 assigned to device CPU, is_swa = 0
load_tensors: layer   2 assigned to device CPU, is_swa = 0
create_tensor: loading tensor token_embd.weight
create_tensor: loading tensor output_norm.weight
create_tensor: loading tensor output.weight
create_tensor: loading tensor blk.0.attn_norm.weight
create_tensor: loading tensor blk.0.post_attention_norm.weight
create_tensor: loading tensor blk.0.attn_qkv.weight
create_tensor: loading tensor blk.0.attn_gate.weight
create_tensor: loading tensor blk.0.ssm_conv1d.weight
create_tensor: loading tensor blk.0.ssm_dt.bias
create_tensor: loading tensor blk.0.ssm_a
create_tensor: loading tensor blk.0.ssm_beta.weight
create_tensor: loading tensor blk.0.ssm_alpha.weight
create_tensor: loading tensor blk.0.ssm_norm.weight
create_tensor: loading tensor blk.0.ssm_out.weight
create_tensor: loading tensor blk.0.ffn_gate_inp.weight
create_tensor: loading tensor blk.0.ffn_down_exps.weight
create_tensor: loading tensor blk.0.ffn_gate_up_exps.weight
create_tensor: loading tensor blk.0.ffn_gate_exps.weight
create_tensor: loading tensor blk.0.ffn_up_exps.weight
create_tensor: loading tensor blk.0.ffn_gate_inp_shexp.weight
create_tensor: loading tensor blk.0.ffn_gate_shexp.weight
create_tensor: loading tensor blk.0.ffn_up_shexp.weight
create_tensor: loading tensor blk.0.ffn_down_shexp.weight
create_tensor: loading tensor blk.1.attn_norm.weight
create_tensor: loading tensor blk.1.post_attention_norm.weight
create_tensor: loading tensor blk.1.attn_qkv.weight
create_tensor: loading tensor blk.1.attn_q.weight
create_tensor: loading tensor blk.1.attn_k.weight
create_tensor: loading tensor blk.1.attn_v.weight
create_tensor: loading tensor blk.1.attn_q.bias
create_tensor: loading tensor blk.1.attn_k.bias
create_tensor: loading tensor blk.1.attn_v.bias
create_tensor: loading tensor blk.1.attn_output.weight
create_tensor: loading tensor blk.1.attn_q_norm.weight
create_tensor: loading tensor blk.1.attn_k_norm.weight
create_tensor: loading tensor blk.1.ffn_gate_inp.weight
create_tensor: loading tensor blk.1.ffn_down_exps.weight
create_tensor: loading tensor blk.1.ffn_gate_up_exps.weight
create_tensor: loading tensor blk.1.ffn_gate_exps.weight
create_tensor: loading tensor blk.1.ffn_up_exps.weight
create_tensor: loading tensor blk.1.ffn_gate_inp_shexp.weight
create_tensor: loading tensor blk.1.ffn_gate_shexp.weight
create_tensor: loading tensor blk.1.ffn_up_shexp.weight
create_tensor: loading tensor blk.1.ffn_down_shexp.weight
create_tensor: loading tensor blk.0.attn_qkv.scale
create_tensor: loading tensor blk.0.attn_gate.scale
create_tensor: loading tensor blk.0.ffn_gate_shexp.scale
create_tensor: loading tensor blk.0.ffn_down_shexp.scale
create_tensor: loading tensor blk.0.ffn_up_shexp.scale
create_tensor: loading tensor blk.0.ffn_gate_exps.scale
create_tensor: loading tensor blk.0.ffn_down_exps.scale
create_tensor: loading tensor blk.0.ffn_up_exps.scale
create_tensor: loading tensor blk.0.ssm_out.scale
create_tensor: loading tensor blk.0.ssm_alpha.scale
create_tensor: loading tensor blk.0.ssm_beta.scale
create_tensor: loading tensor blk.0.attn_qkv.input_scale
create_tensor: loading tensor blk.0.attn_gate.input_scale
create_tensor: loading tensor blk.0.ffn_gate_exps.input_scale
create_tensor: loading tensor blk.0.ffn_down_exps.input_scale
create_tensor: loading tensor blk.0.ffn_up_exps.input_scale
create_tensor: loading tensor blk.0.ffn_gate_shexp.input_scale
create_tensor: loading tensor blk.0.ffn_down_shexp.input_scale
create_tensor: loading tensor blk.0.ffn_up_shexp.input_scale
create_tensor: loading tensor blk.0.ssm_out.input_scale
create_tensor: loading tensor blk.0.ssm_alpha.input_scale
create_tensor: loading tensor blk.0.ssm_beta.input_scale
create_tensor: loading tensor blk.1.attn_q.scale
create_tensor: loading tensor blk.1.attn_k.scale
create_tensor: loading tensor blk.1.attn_v.scale
create_tensor: loading tensor blk.1.attn_output.scale
create_tensor: loading tensor blk.1.ffn_gate_shexp.scale
create_tensor: loading tensor blk.1.ffn_down_shexp.scale
create_tensor: loading tensor blk.1.ffn_up_shexp.scale
create_tensor: loading tensor blk.1.ffn_gate_exps.scale
create_tensor: loading tensor blk.1.ffn_down_exps.scale
create_tensor: loading tensor blk.1.ffn_up_exps.scale
create_tensor: loading tensor blk.1.attn_q.input_scale
create_tensor: loading tensor blk.1.attn_k.input_scale
create_tensor: loading tensor blk.1.attn_v.input_scale
create_tensor: loading tensor blk.1.attn_output.input_scale
create_tensor: loading tensor blk.1.ffn_gate_exps.input_scale
create_tensor: loading tensor blk.1.ffn_down_exps.input_scale
create_tensor: loading tensor blk.1.ffn_up_exps.input_scale
create_tensor: loading tensor blk.1.ffn_gate_shexp.input_scale
create_tensor: loading tensor blk.1.ffn_down_shexp.input_scale
create_tensor: loading tensor blk.1.ffn_up_shexp.input_scale
load_tensors: offloading 0 repeating layers to GPU
load_tensors: offloaded 0/3 layers to GPU
load_tensors:          CPU model buffer size =     0.28 MiB
load_all_data: no device found for buffer type CPU for async uploads
......................
load_tensors: experimental host-bank MoE enabled, tile weights <= 99328 bytes; this is not a total memory limit
llama_context: constructing llama_context
llama_context: n_seq_max             = 1
llama_context: n_ctx                 = 256
llama_context: n_ctx_seq             = 256
llama_context: n_batch               = 32
llama_context: n_ubatch              = 8
llama_context: causal_attn           = 1
llama_context: flash_attn            = disabled
llama_context: kv_unified            = false
llama_context: freq_base             = 10000.0
llama_context: freq_scale            = 1
llama_context: n_rs_seq              = 0
llama_context: n_outputs_max         = 32
llama_context: n_outputs_max_per_seq = 1
llama_context: n_ctx_seq (256) > n_ctx_train (128) -- possible training context overflow
set_abort_callback: call
llama_context:        CPU  output buffer size =     0.00 MiB
llama_kv_cache: layer   0: filtered
llama_kv_cache: layer   1: dev = CPU
llama_kv_cache:        CPU KV buffer size =     0.03 MiB
llama_kv_cache: size =    0.03 MiB (   256 cells,   1 layers,  1/1 seqs), K (f16):    0.02 MiB, V (f16):    0.02 MiB
llama_kv_cache: attn_rot_k = 0, n_embd_head_k_all = 16
llama_kv_cache: attn_rot_v = 0, n_embd_head_k_all = 16
llama_memory_recurrent, layer   0: dev = CPU
llama_memory_recurrent: layer   1: skipped
llama_memory_recurrent:        CPU RS buffer size =     0.00 MiB
llama_memory_recurrent: size =    0.00 MiB (     1 cells,   2 layers,  1 seqs  0 rs_seq), R (f32):    0.00 MiB, S (f32):    0.00 MiB
llama_context: enumerating backends
llama_context: backend_ptrs.size() = 2
sched_reserve: reserving ...
sched_reserve: max_nodes = 1216
sched_reserve: decode graph slots = 4 (n_tokens <= 4)
sched_reserve: reserving full memory module
sched_reserve: worst-case: n_tokens = 8, n_seqs = 1, n_outputs = 1
resolve_fused_ops: resolving fused Gated Delta Net support:
graph_reserve: reserving a graph for ubatch with n_tokens =    1, n_seqs =  1, n_outputs =    1
resolve_fused_ops: fused Gated Delta Net (autoregressive) enabled
graph_reserve: reserving a graph for ubatch with n_tokens =   16, n_seqs =  1, n_outputs =   16
resolve_fused_ops: fused Gated Delta Net (chunked) enabled
resolve_fused_ops: resolving fused Lightning Indexer support:
graph_reserve: reserving a graph for ubatch with n_tokens =    1, n_seqs =  1, n_outputs =    1
resolve_fused_ops: Lightning Indexer enabled
resolve_fused_ops: resolving fused DeepSeek V4 HC support:
graph_reserve: reserving a graph for ubatch with n_tokens =    1, n_seqs =  1, n_outputs =    1
resolve_fused_ops: fused DeepSeek V4 HC pre enabled
graph_reserve: reserving a graph for ubatch with n_tokens =    1, n_seqs =  1, n_outputs =    1
resolve_fused_ops: fused DeepSeek V4 HC comb enabled
graph_reserve: reserving a graph for ubatch with n_tokens =    1, n_seqs =  1, n_outputs =    1
resolve_fused_ops: fused DeepSeek V4 HC post enabled
graph_reserve: reserving a graph for ubatch with n_tokens =    8, n_seqs =  1, n_outputs =    8
graph_reserve: reserving a graph for ubatch with n_tokens =    1, n_seqs =  1, n_outputs =    1
graph_reserve: reserving a graph for ubatch with n_tokens =    8, n_seqs =  1, n_outputs =    8
sched_reserve:  CUDA_Host compute buffer size =     0.03 MiB
sched_reserve: graph nodes  = 162
sched_reserve: graph splits = 1
sched_reserve: reserve took 2.53 ms, sched copies = 1
llama_context: constructing llama_context
llama_context: n_seq_max             = 1
llama_context: n_ctx                 = 256
llama_context: n_ctx_seq             = 256
llama_context: n_batch               = 32
llama_context: n_ubatch              = 8
llama_context: causal_attn           = 1
llama_context: flash_attn            = disabled
llama_context: kv_unified            = false
llama_context: freq_base             = 10000.0
llama_context: freq_scale            = 1
llama_context: n_rs_seq              = 0
llama_context: n_outputs_max         = 32
llama_context: n_outputs_max_per_seq = 1
llama_context: n_ctx_seq (256) > n_ctx_train (128) -- possible training context overflow
set_abort_callback: call
llama_context:        CPU  output buffer size =     0.00 MiB
llama_kv_cache: layer   0: filtered
llama_kv_cache: layer   1: dev = CPU
llama_kv_cache:        CPU KV buffer size =     0.03 MiB
llama_kv_cache: size =    0.03 MiB (   256 cells,   1 layers,  1/1 seqs), K (f16):    0.02 MiB, V (f16):    0.02 MiB
llama_kv_cache: attn_rot_k = 0, n_embd_head_k_all = 16
llama_kv_cache: attn_rot_v = 0, n_embd_head_k_all = 16
llama_memory_recurrent, layer   0: dev = CPU
llama_memory_recurrent: layer   1: skipped
llama_memory_recurrent:        CPU RS buffer size =     0.00 MiB
llama_memory_recurrent: size =    0.00 MiB (     1 cells,   2 layers,  1 seqs  0 rs_seq), R (f32):    0.00 MiB, S (f32):    0.00 MiB
llama_context: enumerating backends
llama_context: backend_ptrs.size() = 2
sched_reserve: reserving ...
sched_reserve: max_nodes = 1216
sched_reserve: decode graph slots = 4 (n_tokens <= 4)
sched_reserve: reserving full memory module
sched_reserve: worst-case: n_tokens = 8, n_seqs = 1, n_outputs = 1
resolve_fused_ops: resolving fused Gated Delta Net support:
graph_reserve: reserving a graph for ubatch with n_tokens =    1, n_seqs =  1, n_outputs =    1
resolve_fused_ops: fused Gated Delta Net (autoregressive) enabled
graph_reserve: reserving a graph for ubatch with n_tokens =   16, n_seqs =  1, n_outputs =   16
resolve_fused_ops: fused Gated Delta Net (chunked) enabled
resolve_fused_ops: resolving fused Lightning Indexer support:
graph_reserve: reserving a graph for ubatch with n_tokens =    1, n_seqs =  1, n_outputs =    1
resolve_fused_ops: Lightning Indexer enabled
resolve_fused_ops: resolving fused DeepSeek V4 HC support:
graph_reserve: reserving a graph for ubatch with n_tokens =    1, n_seqs =  1, n_outputs =    1
resolve_fused_ops: fused DeepSeek V4 HC pre enabled
graph_reserve: reserving a graph for ubatch with n_tokens =    1, n_seqs =  1, n_outputs =    1
resolve_fused_ops: fused DeepSeek V4 HC comb enabled
graph_reserve: reserving a graph for ubatch with n_tokens =    1, n_seqs =  1, n_outputs =    1
resolve_fused_ops: fused DeepSeek V4 HC post enabled
graph_reserve: reserving a graph for ubatch with n_tokens =    8, n_seqs =  1, n_outputs =    8
graph_reserve: reserving a graph for ubatch with n_tokens =    1, n_seqs =  1, n_outputs =    1
graph_reserve: reserving a graph for ubatch with n_tokens =    8, n_seqs =  1, n_outputs =    8
sched_reserve:  CUDA_Host compute buffer size =     0.03 MiB
sched_reserve: graph nodes  = 152
sched_reserve: graph splits = 1
sched_reserve: reserve took 2.41 ms, sched copies = 1
graph_reserve: reserving a graph for ubatch with n_tokens =    4, n_seqs =  1, n_outputs =    4
state_write_data: writing state
state_write_data: - writing model info
state_write_data: - writing memory module
state_write_data: writing state
state_write_data: - writing model info
state_write_data: - writing memory module
state_write_data: writing state
state_write_data: - writing model info
state_write_data: - writing memory module
state_write_data: writing state
state_write_data: - writing model info
state_write_data: - writing memory module
state_read_data: reading state
state_read_data: - reading model info
state_read_data: - reading memory module
state_read_data: reading state
state_read_data: - reading model info
state_read_data: - reading memory module
state_read_data: reading state
state_read_data: - reading model info
state_read_data: - reading memory module
state_write_data: writing state
state_write_data: - writing model info
state_write_data: - writing memory module
state_write_data: writing state
state_write_data: - writing model info
state_write_data: - writing memory module
set_abort_callback: call
graph_compute: ggml_backend_sched_graph_compute_async failed with error 1
process_ubatch: failed to compute graph, compute status: 1
decode: removing memory module entries for seq_id = 0, pos = [62, +inf)
llama_decode: failed to decode, ret = 2
set_abort_callback: call
state_read_data: reading state
state_read_data: - reading model info
state_read_data: - reading memory module
host-bank MoE execution failed: MoE routing weight must be finite
host-bank MoE execution failed: MoE routing weight must be finite
process_ubatch: failed to compute graph, compute status: -1
decode: removing memory module entries for seq_id = 0, pos = [62, +inf)
llama_decode: failed to decode, ret = -3
state_read_data: reading state
state_read_data: - reading model info
state_read_data: - reading memory module
llama_context: constructing llama_context
llama_init_from_model: failed to initialize the context: host-bank MoE requires one sequence, op_offload=false and offload_kqv=false
llama_context: constructing llama_context
llama_init_from_model: failed to initialize the context: host-bank MoE requires one sequence, op_offload=false and offload_kqv=false
llama_context: constructing llama_context
llama_init_from_model: failed to initialize the context: host-bank MoE requires one sequence, op_offload=false and offload_kqv=false
llama_context: constructing llama_context
llama_init_from_model: failed to initialize the context: moe cache: invalid uniform arena geometry
llama_context: constructing llama_context
llama_init_from_model: failed to initialize the context: host-bank MoE cache requires model.moe_cpu_tile_bytes host-bank setup
~llama_context:      CUDA0 compute buffer size is   0.0000 MiB, matches expectation of   0.0000 MiB
~llama_context:  CUDA_Host compute buffer size is   0.0318 MiB, matches expectation of   0.0318 MiB
~llama_context:      CUDA0 compute buffer size is   0.0000 MiB, matches expectation of   0.0000 MiB
~llama_context:  CUDA_Host compute buffer size is   0.0318 MiB, matches expectation of   0.0318 MiB
llama_context: constructing llama_context
llama_context: n_seq_max             = 1
llama_context: n_ctx                 = 256
llama_context: n_ctx_seq             = 256
llama_context: n_batch               = 32
llama_context: n_ubatch              = 8
llama_context: causal_attn           = 1
llama_context: flash_attn            = disabled
llama_context: kv_unified            = false
llama_context: freq_base             = 10000.0
llama_context: freq_scale            = 1
llama_context: n_rs_seq              = 0
llama_context: n_outputs_max         = 32
llama_context: n_outputs_max_per_seq = 1
llama_context: n_ctx_seq (256) > n_ctx_train (128) -- possible training context overflow
set_abort_callback: call
llama_context:        CPU  output buffer size =     0.00 MiB
llama_kv_cache: layer   0: filtered
llama_kv_cache: layer   1: dev = CPU
llama_kv_cache:        CPU KV buffer size =     0.03 MiB
llama_kv_cache: size =    0.03 MiB (   256 cells,   1 layers,  1/1 seqs), K (f16):    0.02 MiB, V (f16):    0.02 MiB
llama_kv_cache: attn_rot_k = 0, n_embd_head_k_all = 16
llama_kv_cache: attn_rot_v = 0, n_embd_head_k_all = 16
llama_memory_recurrent, layer   0: dev = CPU
llama_memory_recurrent: layer   1: skipped
llama_memory_recurrent:        CPU RS buffer size =     0.00 MiB
llama_memory_recurrent: size =    0.00 MiB (     1 cells,   2 layers,  1 seqs  0 rs_seq), R (f32):    0.00 MiB, S (f32):    0.00 MiB
llama_context: enumerating backends
llama_context: backend_ptrs.size() = 2
sched_reserve: reserving ...
sched_reserve: max_nodes = 1216
sched_reserve: decode graph slots = 4 (n_tokens <= 4)
sched_reserve: reserving full memory module
sched_reserve: worst-case: n_tokens = 8, n_seqs = 1, n_outputs = 1
resolve_fused_ops: resolving fused Gated Delta Net support:
graph_reserve: reserving a graph for ubatch with n_tokens =    1, n_seqs =  1, n_outputs =    1
resolve_fused_ops: fused Gated Delta Net (autoregressive) enabled
graph_reserve: reserving a graph for ubatch with n_tokens =   16, n_seqs =  1, n_outputs =   16
resolve_fused_ops: fused Gated Delta Net (chunked) enabled
resolve_fused_ops: resolving fused Lightning Indexer support:
graph_reserve: reserving a graph for ubatch with n_tokens =    1, n_seqs =  1, n_outputs =    1
resolve_fused_ops: Lightning Indexer enabled
resolve_fused_ops: resolving fused DeepSeek V4 HC support:
graph_reserve: reserving a graph for ubatch with n_tokens =    1, n_seqs =  1, n_outputs =    1
resolve_fused_ops: fused DeepSeek V4 HC pre enabled
graph_reserve: reserving a graph for ubatch with n_tokens =    1, n_seqs =  1, n_outputs =    1
resolve_fused_ops: fused DeepSeek V4 HC comb enabled
graph_reserve: reserving a graph for ubatch with n_tokens =    1, n_seqs =  1, n_outputs =    1
resolve_fused_ops: fused DeepSeek V4 HC post enabled
graph_reserve: reserving a graph for ubatch with n_tokens =    8, n_seqs =  1, n_outputs =    8
graph_reserve: reserving a graph for ubatch with n_tokens =    1, n_seqs =  1, n_outputs =    1
graph_reserve: reserving a graph for ubatch with n_tokens =    8, n_seqs =  1, n_outputs =    8
sched_reserve:  CUDA_Host compute buffer size =     0.03 MiB
sched_reserve: graph nodes  = 152
sched_reserve: graph splits = 1
sched_reserve: reserve took 2.27 ms, sched copies = 1
llama_context: constructing llama_context
llama_context: n_seq_max             = 1
llama_context: n_ctx                 = 256
llama_context: n_ctx_seq             = 256
llama_context: n_batch               = 32
llama_context: n_ubatch              = 8
llama_context: causal_attn           = 1
llama_context: flash_attn            = disabled
llama_context: kv_unified            = false
llama_context: freq_base             = 10000.0
llama_context: freq_scale            = 1
llama_context: n_rs_seq              = 0
llama_context: n_outputs_max         = 32
llama_context: n_outputs_max_per_seq = 1
llama_context: n_ctx_seq (256) > n_ctx_train (128) -- possible training context overflow
set_abort_callback: call
llama_context:        CPU  output buffer size =     0.00 MiB
llama_kv_cache: layer   0: filtered
llama_kv_cache: layer   1: dev = CPU
llama_kv_cache:        CPU KV buffer size =     0.03 MiB
llama_kv_cache: size =    0.03 MiB (   256 cells,   1 layers,  1/1 seqs), K (f16):    0.02 MiB, V (f16):    0.02 MiB
llama_kv_cache: attn_rot_k = 0, n_embd_head_k_all = 16
llama_kv_cache: attn_rot_v = 0, n_embd_head_k_all = 16
llama_memory_recurrent, layer   0: dev = CPU
llama_memory_recurrent: layer   1: skipped
llama_memory_recurrent:        CPU RS buffer size =     0.00 MiB
llama_memory_recurrent: size =    0.00 MiB (     1 cells,   2 layers,  1 seqs  0 rs_seq), R (f32):    0.00 MiB, S (f32):    0.00 MiB
llama_context: enumerating backends
llama_context: backend_ptrs.size() = 2
sched_reserve: reserving ...
sched_reserve: max_nodes = 1216
sched_reserve: decode graph slots = 4 (n_tokens <= 4)
sched_reserve: reserving full memory module
sched_reserve: worst-case: n_tokens = 8, n_seqs = 1, n_outputs = 1
resolve_fused_ops: resolving fused Gated Delta Net support:
graph_reserve: reserving a graph for ubatch with n_tokens =    1, n_seqs =  1, n_outputs =    1
resolve_fused_ops: fused Gated Delta Net (autoregressive) enabled
graph_reserve: reserving a graph for ubatch with n_tokens =   16, n_seqs =  1, n_outputs =   16
resolve_fused_ops: fused Gated Delta Net (chunked) enabled
resolve_fused_ops: resolving fused Lightning Indexer support:
graph_reserve: reserving a graph for ubatch with n_tokens =    1, n_seqs =  1, n_outputs =    1
resolve_fused_ops: Lightning Indexer enabled
resolve_fused_ops: resolving fused DeepSeek V4 HC support:
graph_reserve: reserving a graph for ubatch with n_tokens =    1, n_seqs =  1, n_outputs =    1
resolve_fused_ops: fused DeepSeek V4 HC pre enabled
graph_reserve: reserving a graph for ubatch with n_tokens =    1, n_seqs =  1, n_outputs =    1
resolve_fused_ops: fused DeepSeek V4 HC comb enabled
graph_reserve: reserving a graph for ubatch with n_tokens =    1, n_seqs =  1, n_outputs =    1
resolve_fused_ops: fused DeepSeek V4 HC post enabled
graph_reserve: reserving a graph for ubatch with n_tokens =    8, n_seqs =  1, n_outputs =    8
graph_reserve: reserving a graph for ubatch with n_tokens =    1, n_seqs =  1, n_outputs =    1
graph_reserve: reserving a graph for ubatch with n_tokens =    8, n_seqs =  1, n_outputs =    8
sched_reserve:  CUDA_Host compute buffer size =     0.03 MiB
sched_reserve: graph nodes  = 162
sched_reserve: graph splits = 1
sched_reserve: reserve took 2.56 ms, sched copies = 1
~llama_context:      CUDA0 compute buffer size is   0.0000 MiB, matches expectation of   0.0000 MiB
~llama_context:  CUDA_Host compute buffer size is   0.0318 MiB, matches expectation of   0.0318 MiB
~llama_context:      CUDA0 compute buffer size is   0.0000 MiB, matches expectation of   0.0000 MiB
~llama_context:  CUDA_Host compute buffer size is   0.0318 MiB, matches expectation of   0.0318 MiB
llama_model_loader: loaded meta data with 22 key-value pairs and 38 tensors from C:\Users\cadel\AppData\Local\Temp\moe-integration-1702916.gguf (version GGUF V3 (latest))
llama_model_loader: Dumping metadata keys/values. Note: KV overrides do not apply in this output.
llama_model_loader: - kv   0:                       general.architecture str              = qwen35moe
llama_model_loader: - kv   1:                       tokenizer.ggml.model str              = no_vocab
llama_model_loader: - kv   2:                       qwen35moe.vocab_size u32              = 32
llama_model_loader: - kv   3:                   qwen35moe.context_length u32              = 128
llama_model_loader: - kv   4:                 qwen35moe.embedding_length u32              = 32
llama_model_loader: - kv   5:                      qwen35moe.block_count u32              = 2
llama_model_loader: - kv   6:              qwen35moe.feed_forward_length u32              = 64
llama_model_loader: - kv   7:             qwen35moe.attention.head_count u32              = 2
llama_model_loader: - kv   8:          qwen35moe.attention.head_count_kv u32              = 2
llama_model_loader: - kv   9:             qwen35moe.rope.dimension_count u32              = 16
llama_model_loader: - kv  10:                     qwen35moe.expert_count u32              = 4
llama_model_loader: - kv  11:                qwen35moe.expert_used_count u32              = 2
llama_model_loader: - kv  12: qwen35moe.attention.layer_norm_rms_epsilon f32              = 0.000010
llama_model_loader: - kv  13:       qwen35moe.expert_feed_forward_length u32              = 64
llama_model_loader: - kv  14: qwen35moe.expert_shared_feed_forward_length u32              = 64
llama_model_loader: - kv  15:          qwen35moe.full_attention_interval u32              = 2
llama_model_loader: - kv  16:                  qwen35moe.ssm.conv_kernel u32              = 4
llama_model_loader: - kv  17:                   qwen35moe.ssm.inner_size u32              = 32
llama_model_loader: - kv  18:                   qwen35moe.ssm.state_size u32              = 16
llama_model_loader: - kv  19:               qwen35moe.ssm.time_step_rank u32              = 2
llama_model_loader: - kv  20:                  qwen35moe.ssm.group_count u32              = 1
llama_model_loader: - kv  21:          qwen35moe.rope.dimension_sections arr[i32,4]       = [4, 2, 2, 0]
llama_model_loader: - type  f32:   38 tensors
print_info: file format = GGUF V3 (latest)
print_info: file type   = (guessed) all F32
print_info: file size   = 0.28 MiB (32.00 BPW) 
llama_prepare_model_devices: using device CUDA0 (NVIDIA GeForce RTX 4060 Laptop GPU) (0000:01:00.0) - 7094 MiB free
load: adding 32 dummy tokens
print_info: arch                  = qwen35moe
print_info: vocab_only            = 0
print_info: no_alloc              = 0
print_info: n_ctx_train           = 128
print_info: n_embd_inp            = 32
print_info: n_embd                = 32
print_info: n_embd_out            = 32
print_info: n_layer               = 2
print_info: n_layer_all           = 2
print_info: n_head                = 2
print_info: n_head_kv             = 2
print_info: n_rot                 = 16
print_info: n_swa                 = 0
print_info: is_swa_any            = 0
print_info: n_embd_head_k         = 16
print_info: n_embd_head_v         = 16
print_info: n_gqa                 = 1
print_info: n_embd_k_gqa          = 32
print_info: n_embd_v_gqa          = 32
print_info: f_norm_eps            = 0.0e+00
print_info: f_norm_rms_eps        = 1.0e-05
print_info: f_clamp_kqv           = 0.0e+00
print_info: f_max_alibi_bias      = 0.0e+00
print_info: f_logit_scale         = 0.0e+00
print_info: f_attn_scale          = 0.0e+00
print_info: f_attn_value_scale    = 0.0000
print_info: n_ff                  = 64
print_info: n_expert              = 4
print_info: n_expert_used         = 2
print_info: n_expert_groups       = 0
print_info: n_group_used          = 0
print_info: causal attn           = 1
print_info: pooling type          = -1
print_info: rope type             = 40
print_info: rope scaling          = linear
print_info: freq_base_train       = 10000.0
print_info: freq_scale_train      = 1
print_info: n_ctx_orig_yarn       = 128
print_info: rope_yarn_log_mul     = 0.0000
print_info: rope_finetuned        = unknown
print_info: mrope sections        = [4, 2, 2, 0]
print_info: ssm_d_conv            = 4
print_info: ssm_d_inner           = 32
print_info: ssm_d_state           = 16
print_info: ssm_dt_rank           = 2
print_info: ssm_n_group           = 1
print_info: ssm_dt_b_c_rms        = 0
print_info: model type            = ?B
print_info: model params          = 73.62 K
print_info: general.name          = n/a
print_info: vocab type            = no vocab
print_info: n_vocab               = 32
print_info: n_merges              = 0
print_info: max token length      = 0
load_tensors: loading model tensors, this can take a while... (load_mode = none)
load_tensors: layer   0 assigned to device CPU, is_swa = 0
load_tensors: layer   1 assigned to device CPU, is_swa = 0
load_tensors: layer   2 assigned to device CPU, is_swa = 0
create_tensor: loading tensor token_embd.weight
create_tensor: loading tensor output_norm.weight
create_tensor: loading tensor output.weight
create_tensor: loading tensor blk.0.attn_norm.weight
create_tensor: loading tensor blk.0.post_attention_norm.weight
create_tensor: loading tensor blk.0.attn_qkv.weight
create_tensor: loading tensor blk.0.attn_gate.weight
create_tensor: loading tensor blk.0.ssm_conv1d.weight
create_tensor: loading tensor blk.0.ssm_dt.bias
create_tensor: loading tensor blk.0.ssm_a
create_tensor: loading tensor blk.0.ssm_beta.weight
create_tensor: loading tensor blk.0.ssm_alpha.weight
create_tensor: loading tensor blk.0.ssm_norm.weight
create_tensor: loading tensor blk.0.ssm_out.weight
create_tensor: loading tensor blk.0.ffn_gate_inp.weight
create_tensor: loading tensor blk.0.ffn_down_exps.weight
create_tensor: loading tensor blk.0.ffn_gate_up_exps.weight
create_tensor: loading tensor blk.0.ffn_gate_exps.weight
create_tensor: loading tensor blk.0.ffn_up_exps.weight
create_tensor: loading tensor blk.0.ffn_gate_inp_shexp.weight
create_tensor: loading tensor blk.0.ffn_gate_shexp.weight
create_tensor: loading tensor blk.0.ffn_up_shexp.weight
create_tensor: loading tensor blk.0.ffn_down_shexp.weight
create_tensor: loading tensor blk.1.attn_norm.weight
create_tensor: loading tensor blk.1.post_attention_norm.weight
create_tensor: loading tensor blk.1.attn_qkv.weight
create_tensor: loading tensor blk.1.attn_q.weight
create_tensor: loading tensor blk.1.attn_k.weight
create_tensor: loading tensor blk.1.attn_v.weight
create_tensor: loading tensor blk.1.attn_q.bias
create_tensor: loading tensor blk.1.attn_k.bias
create_tensor: loading tensor blk.1.attn_v.bias
create_tensor: loading tensor blk.1.attn_output.weight
create_tensor: loading tensor blk.1.attn_q_norm.weight
create_tensor: loading tensor blk.1.attn_k_norm.weight
create_tensor: loading tensor blk.1.ffn_gate_inp.weight
create_tensor: loading tensor blk.1.ffn_down_exps.weight
create_tensor: loading tensor blk.1.ffn_gate_up_exps.weight
create_tensor: loading tensor blk.1.ffn_gate_exps.weight
create_tensor: loading tensor blk.1.ffn_up_exps.weight
create_tensor: loading tensor blk.1.ffn_gate_inp_shexp.weight
create_tensor: loading tensor blk.1.ffn_gate_shexp.weight
create_tensor: loading tensor blk.1.ffn_up_shexp.weight
create_tensor: loading tensor blk.1.ffn_down_shexp.weight
create_tensor: loading tensor blk.0.attn_qkv.scale
create_tensor: loading tensor blk.0.attn_gate.scale
create_tensor: loading tensor blk.0.ffn_gate_shexp.scale
create_tensor: loading tensor blk.0.ffn_down_shexp.scale
create_tensor: loading tensor blk.0.ffn_up_shexp.scale
create_tensor: loading tensor blk.0.ffn_gate_exps.scale
create_tensor: loading tensor blk.0.ffn_down_exps.scale
create_tensor: loading tensor blk.0.ffn_up_exps.scale
create_tensor: loading tensor blk.0.ssm_out.scale
create_tensor: loading tensor blk.0.ssm_alpha.scale
create_tensor: loading tensor blk.0.ssm_beta.scale
create_tensor: loading tensor blk.0.attn_qkv.input_scale
create_tensor: loading tensor blk.0.attn_gate.input_scale
create_tensor: loading tensor blk.0.ffn_gate_exps.input_scale
create_tensor: loading tensor blk.0.ffn_down_exps.input_scale
create_tensor: loading tensor blk.0.ffn_up_exps.input_scale
create_tensor: loading tensor blk.0.ffn_gate_shexp.input_scale
create_tensor: loading tensor blk.0.ffn_down_shexp.input_scale
create_tensor: loading tensor blk.0.ffn_up_shexp.input_scale
create_tensor: loading tensor blk.0.ssm_out.input_scale
create_tensor: loading tensor blk.0.ssm_alpha.input_scale
create_tensor: loading tensor blk.0.ssm_beta.input_scale
create_tensor: loading tensor blk.1.attn_q.scale
create_tensor: loading tensor blk.1.attn_k.scale
create_tensor: loading tensor blk.1.attn_v.scale
create_tensor: loading tensor blk.1.attn_output.scale
create_tensor: loading tensor blk.1.ffn_gate_shexp.scale
create_tensor: loading tensor blk.1.ffn_down_shexp.scale
create_tensor: loading tensor blk.1.ffn_up_shexp.scale
create_tensor: loading tensor blk.1.ffn_gate_exps.scale
create_tensor: loading tensor blk.1.ffn_down_exps.scale
create_tensor: loading tensor blk.1.ffn_up_exps.scale
create_tensor: loading tensor blk.1.attn_q.input_scale
create_tensor: loading tensor blk.1.attn_k.input_scale
create_tensor: loading tensor blk.1.attn_v.input_scale
create_tensor: loading tensor blk.1.attn_output.input_scale
create_tensor: loading tensor blk.1.ffn_gate_exps.input_scale
create_tensor: loading tensor blk.1.ffn_down_exps.input_scale
create_tensor: loading tensor blk.1.ffn_up_exps.input_scale
create_tensor: loading tensor blk.1.ffn_gate_shexp.input_scale
create_tensor: loading tensor blk.1.ffn_down_shexp.input_scale
create_tensor: loading tensor blk.1.ffn_up_shexp.input_scale
done_getting_tensors: tensor 'blk.0.ssm_conv1d.weight' (f32) (and 0 others) cannot be used with preferred buffer type CUDA_Host, using CPU instead
load_tensors: offloading 0 repeating layers to GPU
load_tensors: offloaded 0/3 layers to GPU
load_tensors:          CPU model buffer size =     0.00 MiB
load_tensors:    CUDA_Host model buffer size =     0.28 MiB
load_all_data: no device found for buffer type CPU for async uploads
load_all_data: buffer type CUDA_Host is not the default buffer type for device CUDA0 for async uploads
......................
llama_model_loader: loaded meta data with 22 key-value pairs and 38 tensors from C:\Users\cadel\AppData\Local\Temp\moe-integration-1702916.gguf (version GGUF V3 (latest))
llama_model_loader: Dumping metadata keys/values. Note: KV overrides do not apply in this output.
llama_model_loader: - kv   0:                       general.architecture str              = qwen35moe
llama_model_loader: - kv   1:                       tokenizer.ggml.model str              = no_vocab
llama_model_loader: - kv   2:                       qwen35moe.vocab_size u32              = 32
llama_model_loader: - kv   3:                   qwen35moe.context_length u32              = 128
llama_model_loader: - kv   4:                 qwen35moe.embedding_length u32              = 32
llama_model_loader: - kv   5:                      qwen35moe.block_count u32              = 2
llama_model_loader: - kv   6:              qwen35moe.feed_forward_length u32              = 64
llama_model_loader: - kv   7:             qwen35moe.attention.head_count u32              = 2
llama_model_loader: - kv   8:          qwen35moe.attention.head_count_kv u32              = 2
llama_model_loader: - kv   9:             qwen35moe.rope.dimension_count u32              = 16
llama_model_loader: - kv  10:                     qwen35moe.expert_count u32              = 4
llama_model_loader: - kv  11:                qwen35moe.expert_used_count u32              = 2
llama_model_loader: - kv  12: qwen35moe.attention.layer_norm_rms_epsilon f32              = 0.000010
llama_model_loader: - kv  13:       qwen35moe.expert_feed_forward_length u32              = 64
llama_model_loader: - kv  14: qwen35moe.expert_shared_feed_forward_length u32              = 64
llama_model_loader: - kv  15:          qwen35moe.full_attention_interval u32              = 2
llama_model_loader: - kv  16:                  qwen35moe.ssm.conv_kernel u32              = 4
llama_model_loader: - kv  17:                   qwen35moe.ssm.inner_size u32              = 32
llama_model_loader: - kv  18:                   qwen35moe.ssm.state_size u32              = 16
llama_model_loader: - kv  19:               qwen35moe.ssm.time_step_rank u32              = 2
llama_model_loader: - kv  20:                  qwen35moe.ssm.group_count u32              = 1
llama_model_loader: - kv  21:          qwen35moe.rope.dimension_sections arr[i32,4]       = [4, 2, 2, 0]
llama_model_loader: - type  f32:   38 tensors
print_info: file format = GGUF V3 (latest)
print_info: file type   = (guessed) all F32
print_info: file size   = 0.28 MiB (32.00 BPW) 
llama_prepare_model_devices: using device CUDA0 (NVIDIA GeForce RTX 4060 Laptop GPU) (0000:01:00.0) - 7094 MiB free
load: adding 32 dummy tokens
print_info: arch                  = qwen35moe
print_info: vocab_only            = 0
print_info: no_alloc              = 0
print_info: n_ctx_train           = 128
print_info: n_embd_inp            = 32
print_info: n_embd                = 32
print_info: n_embd_out            = 32
print_info: n_layer               = 2
print_info: n_layer_all           = 2
print_info: n_head                = 2
print_info: n_head_kv             = 2
print_info: n_rot                 = 16
print_info: n_swa                 = 0
print_info: is_swa_any            = 0
print_info: n_embd_head_k         = 16
print_info: n_embd_head_v         = 16
print_info: n_gqa                 = 1
print_info: n_embd_k_gqa          = 32
print_info: n_embd_v_gqa          = 32
print_info: f_norm_eps            = 0.0e+00
print_info: f_norm_rms_eps        = 1.0e-05
print_info: f_clamp_kqv           = 0.0e+00
print_info: f_max_alibi_bias      = 0.0e+00
print_info: f_logit_scale         = 0.0e+00
print_info: f_attn_scale          = 0.0e+00
print_info: f_attn_value_scale    = 0.0000
print_info: n_ff                  = 64
print_info: n_expert              = 4
print_info: n_expert_used         = 2
print_info: n_expert_groups       = 0
print_info: n_group_used          = 0
print_info: causal attn           = 1
print_info: pooling type          = -1
print_info: rope type             = 40
print_info: rope scaling          = linear
print_info: freq_base_train       = 10000.0
print_info: freq_scale_train      = 1
print_info: n_ctx_orig_yarn       = 128
print_info: rope_yarn_log_mul     = 0.0000
print_info: rope_finetuned        = unknown
print_info: mrope sections        = [4, 2, 2, 0]
print_info: ssm_d_conv            = 4
print_info: ssm_d_inner           = 32
print_info: ssm_d_state           = 16
print_info: ssm_dt_rank           = 2
print_info: ssm_n_group           = 1
print_info: ssm_dt_b_c_rms        = 0
print_info: model type            = ?B
print_info: model params          = 73.62 K
print_info: general.name          = n/a
print_info: vocab type            = no vocab
print_info: n_vocab               = 32
print_info: n_merges              = 0
print_info: max token length      = 0
load_tensors: loading model tensors, this can take a while... (load_mode = none)
load_tensors: layer   0 assigned to device CPU, is_swa = 0
load_tensors: layer   1 assigned to device CPU, is_swa = 0
load_tensors: layer   2 assigned to device CPU, is_swa = 0
create_tensor: loading tensor token_embd.weight
create_tensor: loading tensor output_norm.weight
create_tensor: loading tensor output.weight
create_tensor: loading tensor blk.0.attn_norm.weight
create_tensor: loading tensor blk.0.post_attention_norm.weight
create_tensor: loading tensor blk.0.attn_qkv.weight
create_tensor: loading tensor blk.0.attn_gate.weight
create_tensor: loading tensor blk.0.ssm_conv1d.weight
create_tensor: loading tensor blk.0.ssm_dt.bias
create_tensor: loading tensor blk.0.ssm_a
create_tensor: loading tensor blk.0.ssm_beta.weight
create_tensor: loading tensor blk.0.ssm_alpha.weight
create_tensor: loading tensor blk.0.ssm_norm.weight
create_tensor: loading tensor blk.0.ssm_out.weight
create_tensor: loading tensor blk.0.ffn_gate_inp.weight
create_tensor: loading tensor blk.0.ffn_down_exps.weight
create_tensor: loading tensor blk.0.ffn_gate_up_exps.weight
create_tensor: loading tensor blk.0.ffn_gate_exps.weight
create_tensor: loading tensor blk.0.ffn_up_exps.weight
create_tensor: loading tensor blk.0.ffn_gate_inp_shexp.weight
create_tensor: loading tensor blk.0.ffn_gate_shexp.weight
create_tensor: loading tensor blk.0.ffn_up_shexp.weight
create_tensor: loading tensor blk.0.ffn_down_shexp.weight
create_tensor: loading tensor blk.1.attn_norm.weight
create_tensor: loading tensor blk.1.post_attention_norm.weight
create_tensor: loading tensor blk.1.attn_qkv.weight
create_tensor: loading tensor blk.1.attn_q.weight
create_tensor: loading tensor blk.1.attn_k.weight
create_tensor: loading tensor blk.1.attn_v.weight
create_tensor: loading tensor blk.1.attn_q.bias
create_tensor: loading tensor blk.1.attn_k.bias
create_tensor: loading tensor blk.1.attn_v.bias
create_tensor: loading tensor blk.1.attn_output.weight
create_tensor: loading tensor blk.1.attn_q_norm.weight
create_tensor: loading tensor blk.1.attn_k_norm.weight
create_tensor: loading tensor blk.1.ffn_gate_inp.weight
create_tensor: loading tensor blk.1.ffn_down_exps.weight
create_tensor: loading tensor blk.1.ffn_gate_up_exps.weight
create_tensor: loading tensor blk.1.ffn_gate_exps.weight
create_tensor: loading tensor blk.1.ffn_up_exps.weight
create_tensor: loading tensor blk.1.ffn_gate_inp_shexp.weight
create_tensor: loading tensor blk.1.ffn_gate_shexp.weight
create_tensor: loading tensor blk.1.ffn_up_shexp.weight
create_tensor: loading tensor blk.1.ffn_down_shexp.weight
create_tensor: loading tensor blk.0.attn_qkv.scale
create_tensor: loading tensor blk.0.attn_gate.scale
create_tensor: loading tensor blk.0.ffn_gate_shexp.scale
create_tensor: loading tensor blk.0.ffn_down_shexp.scale
create_tensor: loading tensor blk.0.ffn_up_shexp.scale
create_tensor: loading tensor blk.0.ffn_gate_exps.scale
create_tensor: loading tensor blk.0.ffn_down_exps.scale
create_tensor: loading tensor blk.0.ffn_up_exps.scale
create_tensor: loading tensor blk.0.ssm_out.scale
create_tensor: loading tensor blk.0.ssm_alpha.scale
create_tensor: loading tensor blk.0.ssm_beta.scale
create_tensor: loading tensor blk.0.attn_qkv.input_scale
create_tensor: loading tensor blk.0.attn_gate.input_scale
create_tensor: loading tensor blk.0.ffn_gate_exps.input_scale
create_tensor: loading tensor blk.0.ffn_down_exps.input_scale
create_tensor: loading tensor blk.0.ffn_up_exps.input_scale
create_tensor: loading tensor blk.0.ffn_gate_shexp.input_scale
create_tensor: loading tensor blk.0.ffn_down_shexp.input_scale
create_tensor: loading tensor blk.0.ffn_up_shexp.input_scale
create_tensor: loading tensor blk.0.ssm_out.input_scale
create_tensor: loading tensor blk.0.ssm_alpha.input_scale
create_tensor: loading tensor blk.0.ssm_beta.input_scale
create_tensor: loading tensor blk.1.attn_q.scale
create_tensor: loading tensor blk.1.attn_k.scale
create_tensor: loading tensor blk.1.attn_v.scale
create_tensor: loading tensor blk.1.attn_output.scale
create_tensor: loading tensor blk.1.ffn_gate_shexp.scale
create_tensor: loading tensor blk.1.ffn_down_shexp.scale
create_tensor: loading tensor blk.1.ffn_up_shexp.scale
create_tensor: loading tensor blk.1.ffn_gate_exps.scale
create_tensor: loading tensor blk.1.ffn_down_exps.scale
create_tensor: loading tensor blk.1.ffn_up_exps.scale
create_tensor: loading tensor blk.1.attn_q.input_scale
create_tensor: loading tensor blk.1.attn_k.input_scale
create_tensor: loading tensor blk.1.attn_v.input_scale
create_tensor: loading tensor blk.1.attn_output.input_scale
create_tensor: loading tensor blk.1.ffn_gate_exps.input_scale
create_tensor: loading tensor blk.1.ffn_down_exps.input_scale
create_tensor: loading tensor blk.1.ffn_up_exps.input_scale
create_tensor: loading tensor blk.1.ffn_gate_shexp.input_scale
create_tensor: loading tensor blk.1.ffn_down_shexp.input_scale
create_tensor: loading tensor blk.1.ffn_up_shexp.input_scale
load_tensors: offloading 0 repeating layers to GPU
load_tensors: offloaded 0/3 layers to GPU
load_tensors:          CPU model buffer size =     0.28 MiB
load_all_data: no device found for buffer type CPU for async uploads
......................
load_tensors: experimental host-bank MoE enabled, tile weights <= 24832 bytes; this is not a total memory limit
llama_context: constructing llama_context
llama_context: n_seq_max             = 1
llama_context: n_ctx                 = 256
llama_context: n_ctx_seq             = 256
llama_context: n_batch               = 32
llama_context: n_ubatch              = 8
llama_context: causal_attn           = 1
llama_context: flash_attn            = disabled
llama_context: kv_unified            = false
llama_context: freq_base             = 10000.0
llama_context: freq_scale            = 1
llama_context: n_rs_seq              = 0
llama_context: n_outputs_max         = 32
llama_context: n_outputs_max_per_seq = 1
llama_context: n_ctx_seq (256) > n_ctx_train (128) -- possible training context overflow
set_abort_callback: call
llama_context:        CPU  output buffer size =     0.00 MiB
llama_kv_cache: layer   0: filtered
llama_kv_cache: layer   1: dev = CPU
llama_kv_cache:        CPU KV buffer size =     0.03 MiB
llama_kv_cache: size =    0.03 MiB (   256 cells,   1 layers,  1/1 seqs), K (f16):    0.02 MiB, V (f16):    0.02 MiB
llama_kv_cache: attn_rot_k = 0, n_embd_head_k_all = 16
llama_kv_cache: attn_rot_v = 0, n_embd_head_k_all = 16
llama_memory_recurrent, layer   0: dev = CPU
llama_memory_recurrent: layer   1: skipped
llama_memory_recurrent:        CPU RS buffer size =     0.00 MiB
llama_memory_recurrent: size =    0.00 MiB (     1 cells,   2 layers,  1 seqs  0 rs_seq), R (f32):    0.00 MiB, S (f32):    0.00 MiB
llama_context: enumerating backends
llama_context: backend_ptrs.size() = 2
sched_reserve: reserving ...
sched_reserve: max_nodes = 1216
sched_reserve: decode graph slots = 4 (n_tokens <= 4)
sched_reserve: reserving full memory module
sched_reserve: worst-case: n_tokens = 8, n_seqs = 1, n_outputs = 1
resolve_fused_ops: resolving fused Gated Delta Net support:
graph_reserve: reserving a graph for ubatch with n_tokens =    1, n_seqs =  1, n_outputs =    1
resolve_fused_ops: fused Gated Delta Net (autoregressive) enabled
graph_reserve: reserving a graph for ubatch with n_tokens =   16, n_seqs =  1, n_outputs =   16
resolve_fused_ops: fused Gated Delta Net (chunked) enabled
resolve_fused_ops: resolving fused Lightning Indexer support:
graph_reserve: reserving a graph for ubatch with n_tokens =    1, n_seqs =  1, n_outputs =    1
resolve_fused_ops: Lightning Indexer enabled
resolve_fused_ops: resolving fused DeepSeek V4 HC support:
graph_reserve: reserving a graph for ubatch with n_tokens =    1, n_seqs =  1, n_outputs =    1
resolve_fused_ops: fused DeepSeek V4 HC pre enabled
graph_reserve: reserving a graph for ubatch with n_tokens =    1, n_seqs =  1, n_outputs =    1
resolve_fused_ops: fused DeepSeek V4 HC comb enabled
graph_reserve: reserving a graph for ubatch with n_tokens =    1, n_seqs =  1, n_outputs =    1
resolve_fused_ops: fused DeepSeek V4 HC post enabled
graph_reserve: reserving a graph for ubatch with n_tokens =    8, n_seqs =  1, n_outputs =    8
graph_reserve: reserving a graph for ubatch with n_tokens =    1, n_seqs =  1, n_outputs =    1
graph_reserve: reserving a graph for ubatch with n_tokens =    8, n_seqs =  1, n_outputs =    8
sched_reserve:  CUDA_Host compute buffer size =     0.03 MiB
sched_reserve: graph nodes  = 162
sched_reserve: graph splits = 1
sched_reserve: reserve took 2.54 ms, sched copies = 1
llama_context: constructing llama_context
llama_context: MoE device=CUDA0 cache=24576 staging=1048576 compute-limit=67108864 bytes
llama_context: n_seq_max             = 1
llama_context: n_ctx                 = 256
llama_context: n_ctx_seq             = 256
llama_context: n_batch               = 32
llama_context: n_ubatch              = 8
llama_context: causal_attn           = 1
llama_context: flash_attn            = disabled
llama_context: kv_unified            = false
llama_context: freq_base             = 10000.0
llama_context: freq_scale            = 1
llama_context: n_rs_seq              = 0
llama_context: n_outputs_max         = 32
llama_context: n_outputs_max_per_seq = 1
llama_context: n_ctx_seq (256) > n_ctx_train (128) -- possible training context overflow
set_abort_callback: call
llama_context:        CPU  output buffer size =     0.00 MiB
llama_kv_cache: layer   0: filtered
llama_kv_cache: layer   1: dev = CPU
llama_kv_cache:        CPU KV buffer size =     0.03 MiB
llama_kv_cache: size =    0.03 MiB (   256 cells,   1 layers,  1/1 seqs), K (f16):    0.02 MiB, V (f16):    0.02 MiB
llama_kv_cache: attn_rot_k = 0, n_embd_head_k_all = 16
llama_kv_cache: attn_rot_v = 0, n_embd_head_k_all = 16
llama_memory_recurrent, layer   0: dev = CPU
llama_memory_recurrent: layer   1: skipped
llama_memory_recurrent:        CPU RS buffer size =     0.00 MiB
llama_memory_recurrent: size =    0.00 MiB (     1 cells,   2 layers,  1 seqs  0 rs_seq), R (f32):    0.00 MiB, S (f32):    0.00 MiB
llama_context: enumerating backends
llama_context: backend_ptrs.size() = 2
sched_reserve: reserving ...
sched_reserve: max_nodes = 1216
sched_reserve: decode graph slots = 4 (n_tokens <= 4)
sched_reserve: reserving full memory module
sched_reserve: worst-case: n_tokens = 8, n_seqs = 1, n_outputs = 1
resolve_fused_ops: resolving fused Gated Delta Net support:
graph_reserve: reserving a graph for ubatch with n_tokens =    1, n_seqs =  1, n_outputs =    1
resolve_fused_ops: fused Gated Delta Net (autoregressive) enabled
graph_reserve: reserving a graph for ubatch with n_tokens =   16, n_seqs =  1, n_outputs =   16
resolve_fused_ops: fused Gated Delta Net (chunked) enabled
resolve_fused_ops: resolving fused Lightning Indexer support:
graph_reserve: reserving a graph for ubatch with n_tokens =    1, n_seqs =  1, n_outputs =    1
resolve_fused_ops: Lightning Indexer enabled
resolve_fused_ops: resolving fused DeepSeek V4 HC support:
graph_reserve: reserving a graph for ubatch with n_tokens =    1, n_seqs =  1, n_outputs =    1
resolve_fused_ops: fused DeepSeek V4 HC pre enabled
graph_reserve: reserving a graph for ubatch with n_tokens =    1, n_seqs =  1, n_outputs =    1
resolve_fused_ops: fused DeepSeek V4 HC comb enabled
graph_reserve: reserving a graph for ubatch with n_tokens =    1, n_seqs =  1, n_outputs =    1
resolve_fused_ops: fused DeepSeek V4 HC post enabled
graph_reserve: reserving a graph for ubatch with n_tokens =    8, n_seqs =  1, n_outputs =    8
graph_reserve: reserving a graph for ubatch with n_tokens =    1, n_seqs =  1, n_outputs =    1
graph_reserve: reserving a graph for ubatch with n_tokens =    8, n_seqs =  1, n_outputs =    8
sched_reserve:  CUDA_Host compute buffer size =     0.03 MiB
sched_reserve: graph nodes  = 152
sched_reserve: graph splits = 1
sched_reserve: reserve took 2.52 ms, sched copies = 1
graph_reserve: reserving a graph for ubatch with n_tokens =    4, n_seqs =  1, n_outputs =    4
FT_COMPARE layer=0 relative=0.00222243 first=0.052308/0.0522106
FT_COMPARE layer=1 relative=0.00227177 first=0.0314675/0.0314919
FT_COMPARE layer=0 relative=0.00253628 first=0.00770824/0.0076615
FT_COMPARE layer=1 relative=0.0025426 first=0.0310516/0.0310227
FT_COMPARE layer=0 relative=0.0023433 first=-0.0167021/-0.0167178
FT_COMPARE layer=1 relative=0.00206284 first=0.117535/0.117313
FT_COMPARE layer=0 relative=0.00188729 first=-0.0851094/-0.0849615
FT_COMPARE layer=1 relative=0.00234874 first=0.0304773/0.0303709
FT_COMPARE layer=0 relative=0.00230212 first=0.0436802/0.043544
FT_COMPARE layer=1 relative=0.00218224 first=0.125979/0.125748
FT_COMPARE layer=0 relative=0.002366 first=0.0918764/0.0917428
FT_COMPARE layer=1 relative=0.00179624 first=-0.0140871/-0.0140286
FT_COMPARE layer=0 relative=0.00236889 first=-0.129805/-0.129431
FT_COMPARE layer=1 relative=0.00217064 first=0.115499/0.115265
FT_COMPARE layer=0 relative=0.00220298 first=-0.0476981/-0.0475811
FT_COMPARE layer=1 relative=0.00267952 first=-0.0862669/-0.0859925
FT_COMPARE layer=0 relative=0.00241692 first=0.0302635/0.0302264
FT_COMPARE layer=1 relative=0.00225478 first=-0.149303/-0.148918
FT_COMPARE layer=0 relative=0.00251313 first=0.00357569/0.0035941
FT_COMPARE layer=1 relative=0.0021205 first=0.0262139/0.0261481
FT_COMPARE layer=0 relative=0.00230809 first=0.0614261/0.0612749
FT_COMPARE layer=1 relative=0.00205472 first=0.0379688/0.0378026
FT_COMPARE layer=0 relative=0.00237313 first=0.0238489/0.0238214
FT_COMPARE layer=1 relative=0.00216984 first=-0.0501097/-0.0500402
FT_COMPARE layer=0 relative=0.0027793 first=0.213976/0.213431
FT_COMPARE layer=1 relative=0.00245302 first=0.058611/0.0584722
FT_COMPARE layer=0 relative=0.00235297 first=0.042802/0.042793
FT_COMPARE layer=1 relative=0.00250031 first=-0.059112/-0.058981
FT_COMPARE layer=0 relative=0.00223202 first=-0.0345397/-0.0344635
FT_COMPARE layer=1 relative=0.00201905 first=-0.0733373/-0.0731665
FT_COMPARE layer=0 relative=0.00235734 first=0.0469656/0.0468318
FT_COMPARE layer=1 relative=0.00209403 first=0.00496969/0.00490898
FT_COMPARE layer=0 relative=0.00248936 first=-0.0798578/-0.0796693
FT_COMPARE layer=1 relative=0.00228922 first=-0.0281028/-0.0280093
FT_COMPARE layer=0 relative=0.00235136 first=0.0385186/0.0384642
FT_COMPARE layer=1 relative=0.00197776 first=0.0590728/0.0590288
FT_COMPARE layer=0 relative=0.00205705 first=-0.0599933/-0.0598548
FT_COMPARE layer=1 relative=0.00247424 first=-0.044667/-0.0445186
FT_COMPARE layer=0 relative=0.00262503 first=0.0744138/0.0742156
FT_COMPARE layer=1 relative=0.00233421 first=0.0624509/0.0622978
FT_COMPARE layer=0 relative=0.00258502 first=-0.026558/-0.0264915
FT_COMPARE layer=1 relative=0.00227517 first=-0.00854227/-0.00852041
FT_COMPARE layer=0 relative=0.00207805 first=0.0360129/0.0359255
FT_COMPARE layer=1 relative=0.00185324 first=0.0188096/0.0187962
FT_COMPARE layer=0 relative=0.00238553 first=-0.12301/-0.122749
FT_COMPARE layer=1 relative=0.00233789 first=-0.0179343/-0.0178353
FT_COMPARE layer=0 relative=0.00194477 first=-0.0375596/-0.0374877
FT_COMPARE layer=1 relative=0.00234509 first=-0.0332163/-0.0331336
FT_COMPARE layer=0 relative=0.00233158 first=0.0151175/0.0150811
FT_COMPARE layer=1 relative=0.00211776 first=-0.0194809/-0.0194526
FT_COMPARE layer=0 relative=0.00211194 first=-0.00266901/-0.00262979
FT_COMPARE layer=1 relative=0.00218152 first=-0.0487462/-0.0486539
FT_COMPARE layer=0 relative=0.00214101 first=-0.000183363/-0.000307381
FT_COMPARE layer=1 relative=0.00246207 first=0.0369472/0.036889
FT_COMPARE layer=0 relative=0.00203586 first=-0.0441217/-0.0440202
FT_COMPARE layer=1 relative=0.00209339 first=-0.00963583/-0.00962025
FT_COMPARE layer=0 relative=0.00248718 first=0.0503241/0.0501843
FT_COMPARE layer=1 relative=0.00235868 first=0.173854/0.173449
FT_COMPARE layer=0 relative=0.00245505 first=0.0726177/0.0724707
FT_COMPARE layer=1 relative=0.0015761 first=-0.0592839/-0.0591921
FT_COMPARE layer=0 relative=0.00249547 first=-0.0680918/-0.0678878
FT_COMPARE layer=1 relative=0.00217307 first=0.0714312/0.07129
FT_COMPARE layer=0 relative=0.00206796 first=-0.0636206/-0.0635042
FT_COMPARE layer=1 relative=0.00234307 first=0.0278231/0.0276966
FT_COMPARE layer=0 relative=0.00219883 first=0.0565736/0.0564541
FT_COMPARE layer=1 relative=0.00225562 first=-0.0231427/-0.0230773
FT_COMPARE layer=0 relative=0.0023705 first=0.0173412/0.0173063
FT_COMPARE layer=1 relative=0.00227181 first=0.187279/0.186912
FT_COMPARE layer=0 relative=0.0025881 first=-0.0534875/-0.0534223
FT_COMPARE layer=1 relative=0.00235806 first=0.0303222/0.0302861
FT_COMPARE layer=0 relative=0.00239602 first=0.0537417/0.0535869
FT_COMPARE layer=1 relative=0.00240388 first=-0.0107899/-0.0108485
FT_COMPARE layer=0 relative=0.00197912 first=0.079244/0.0791044
FT_COMPARE layer=1 relative=0.00213088 first=-0.0382141/-0.0381711
FT_COMPARE layer=0 relative=0.00233257 first=-0.0293335/-0.0292751
FT_COMPARE layer=1 relative=0.00194904 first=-0.00145068/-0.00145051
FT_COMPARE layer=0 relative=0.00226244 first=0.127347/0.127083
FT_COMPARE layer=1 relative=0.0026336 first=-0.0119698/-0.011948
FT_COMPARE layer=0 relative=0.00233763 first=-0.128362/-0.128071
FT_COMPARE layer=1 relative=0.00268695 first=-0.0588543/-0.0587126
FT_COMPARE layer=0 relative=0.00205008 first=-0.050105/-0.0499989
FT_COMPARE layer=1 relative=0.00220174 first=-0.0534007/-0.0532829
FT_COMPARE layer=0 relative=0.00206503 first=0.0421782/0.0420827
FT_COMPARE layer=1 relative=0.00200327 first=0.0241239/0.0240584
FT_COMPARE layer=0 relative=0.00240446 first=-0.0602928/-0.060123
FT_COMPARE layer=1 relative=0.00232338 first=0.0410284/0.0409345
FT_COMPARE layer=0 relative=0.00216093 first=0.0142583/0.014263
FT_COMPARE layer=1 relative=0.00228618 first=-0.0498422/-0.049708
FT_COMPARE layer=0 relative=0.00231755 first=0.231863/0.231371
FT_COMPARE layer=1 relative=0.00236105 first=0.15252/0.152197
FT_COMPARE layer=0 relative=0.00211109 first=0.0164837/0.0165448
FT_COMPARE layer=1 relative=0.00197501 first=-0.0535181/-0.0534343
FT_COMPARE layer=0 relative=0.00202287 first=-0.0351457/-0.0350414
FT_COMPARE layer=1 relative=0.00199998 first=-0.0904115/-0.0901748
FT_COMPARE layer=0 relative=0.00253219 first=0.046945/0.0467719
FT_COMPARE layer=1 relative=0.00228156 first=0.0106142/0.0105857
state_write_data: writing state
state_write_data: - writing model info
state_write_data: - writing memory module
state_write_data: writing state
state_write_data: - writing model info
state_write_data: - writing memory module
state_write_data: writing state
state_write_data: - writing model info
state_write_data: - writing memory module
state_write_data: writing state
state_write_data: - writing model info
state_write_data: - writing memory module
FT_COMPARE layer=0 relative=0.00251737 first=-0.0796919/-0.0794604
FT_COMPARE layer=1 relative=0.00252133 first=-0.0224296/-0.0223487
logit/value mismatch index=32 reference=0.0743319243 actual=0.0442253798 limit=0.00871659629
~llama_context:      CUDA0 compute buffer size is   0.0000 MiB, matches expectation of   0.0000 MiB
~llama_context:  CUDA_Host compute buffer size is   0.0318 MiB, matches expectation of   0.0318 MiB
~llama_context:      CUDA0 compute buffer size is   0.0000 MiB, matches expectation of   0.0000 MiB
~llama_context:  CUDA_Host compute buffer size is   0.0318 MiB, matches expectation of   0.0318 MiB
model output differs from baseline
