ggml_cuda_init: found 1 CUDA devices (Total VRAM: 8187 MiB):
  Device 0: NVIDIA GeForce RTX 4060 Laptop GPU, compute capability 8.9, VMM: yes, VRAM: 8187 MiB
llama_model_loader: loaded meta data with 13 key-value pairs and 23 tensors from C:\Users\cadel\AppData\Local\Temp\moe-integration-1727447.gguf (version GGUF V3 (latest))
llama_model_loader: Dumping metadata keys/values. Note: KV overrides do not apply in this output.
llama_model_loader: - kv   0:                       general.architecture str              = llama
llama_model_loader: - kv   1:                       tokenizer.ggml.model str              = no_vocab
llama_model_loader: - kv   2:                           llama.vocab_size u32              = 32
llama_model_loader: - kv   3:                       llama.context_length u32              = 128
llama_model_loader: - kv   4:                     llama.embedding_length u32              = 32
llama_model_loader: - kv   5:                          llama.block_count u32              = 2
llama_model_loader: - kv   6:                  llama.feed_forward_length u32              = 64
llama_model_loader: - kv   7:                 llama.attention.head_count u32              = 2
llama_model_loader: - kv   8:              llama.attention.head_count_kv u32              = 2
llama_model_loader: - kv   9:                 llama.rope.dimension_count u32              = 16
llama_model_loader: - kv  10:                         llama.expert_count u32              = 4
llama_model_loader: - kv  11:                    llama.expert_used_count u32              = 2
llama_model_loader: - kv  12:     llama.attention.layer_norm_rms_epsilon f32              = 0.000010
llama_model_loader: - type  f32:   23 tensors
print_info: file format = GGUF V3 (latest)
print_info: file type   = (guessed) all F32
print_info: file size   = 0.23 MiB (32.00 BPW) 
llama_prepare_model_devices: using device CUDA0 (NVIDIA GeForce RTX 4060 Laptop GPU) (0000:01:00.0) - 7106 MiB free
load: adding 32 dummy tokens
print_info: arch                  = llama
print_info: vocab_only            = 0
print_info: no_alloc              = 0
print_info: n_ctx_train           = 128
print_info: n_embd_inp            = 32
print_info: n_embd                = 32
print_info: n_embd_out            = 32
print_info: n_layer               = 2
print_info: n_layer_all           = 2
print_info: n_head                = 2
print_info: n_head_kv             = 2
print_info: n_rot                 = 16
print_info: n_swa                 = 0
print_info: is_swa_any            = 0
print_info: n_embd_head_k         = 16
print_info: n_embd_head_v         = 16
print_info: n_gqa                 = 1
print_info: n_embd_k_gqa          = 32
print_info: n_embd_v_gqa          = 32
print_info: f_norm_eps            = 0.0e+00
print_info: f_norm_rms_eps        = 1.0e-05
print_info: f_clamp_kqv           = 0.0e+00
print_info: f_max_alibi_bias      = 0.0e+00
print_info: f_logit_scale         = 0.0e+00
print_info: f_attn_scale          = 0.0e+00
print_info: f_attn_value_scale    = 0.0000
print_info: n_ff                  = 64
print_info: n_expert              = 4
print_info: n_expert_used         = 2
print_info: n_expert_groups       = 0
print_info: n_group_used          = 0
print_info: causal attn           = 1
print_info: pooling type          = -1
print_info: rope type             = 0
print_info: rope scaling          = linear
print_info: freq_base_train       = 10000.0
print_info: freq_scale_train      = 1
print_info: n_ctx_orig_yarn       = 128
print_info: rope_yarn_log_mul     = 0.0000
print_info: rope_finetuned        = unknown
print_info: model type            = ?B
print_info: model params          = 59.81 K
print_info: general.name          = n/a
print_info: vocab type            = no vocab
print_info: n_vocab               = 32
print_info: n_merges              = 0
print_info: max token length      = 0
load_tensors: loading model tensors, this can take a while... (load_mode = none)
load_tensors: layer   0 assigned to device CPU, is_swa = 0
load_tensors: layer   1 assigned to device CPU, is_swa = 0
load_tensors: layer   2 assigned to device CPU, is_swa = 0
create_tensor: loading tensor token_embd.weight
create_tensor: loading tensor output_norm.weight
create_tensor: loading tensor output.weight
create_tensor: loading tensor blk.0.attn_norm.weight
create_tensor: loading tensor blk.0.attn_qkv.weight
create_tensor: loading tensor blk.0.attn_q.weight
create_tensor: loading tensor blk.0.attn_k.weight
create_tensor: loading tensor blk.0.attn_v.weight
create_tensor: loading tensor blk.0.attn_q.bias
create_tensor: loading tensor blk.0.attn_k.bias
create_tensor: loading tensor blk.0.attn_v.bias
create_tensor: loading tensor blk.0.attn_output.weight
create_tensor: loading tensor blk.0.attn_output.bias
create_tensor: loading tensor blk.0.ffn_norm.weight
create_tensor: loading tensor rope_freqs.weight
create_tensor: loading tensor blk.0.ffn_gate_inp.weight
create_tensor: loading tensor blk.0.ffn_gate_exps.weight
create_tensor: loading tensor blk.0.ffn_down_exps.weight
create_tensor: loading tensor blk.0.ffn_up_exps.weight
create_tensor: loading tensor blk.1.attn_norm.weight
create_tensor: loading tensor blk.1.attn_qkv.weight
create_tensor: loading tensor blk.1.attn_q.weight
create_tensor: loading tensor blk.1.attn_k.weight
create_tensor: loading tensor blk.1.attn_v.weight
create_tensor: loading tensor blk.1.attn_q.bias
create_tensor: loading tensor blk.1.attn_k.bias
create_tensor: loading tensor blk.1.attn_v.bias
create_tensor: loading tensor blk.1.attn_output.weight
create_tensor: loading tensor blk.1.attn_output.bias
create_tensor: loading tensor blk.1.ffn_norm.weight
create_tensor: loading tensor rope_freqs.weight
create_tensor: loading tensor blk.1.ffn_gate_inp.weight
create_tensor: loading tensor blk.1.ffn_gate_exps.weight
create_tensor: loading tensor blk.1.ffn_down_exps.weight
create_tensor: loading tensor blk.1.ffn_up_exps.weight
create_tensor: loading tensor blk.0.attn_q.scale
create_tensor: loading tensor blk.0.attn_k.scale
create_tensor: loading tensor blk.0.attn_v.scale
create_tensor: loading tensor blk.0.attn_output.scale
create_tensor: loading tensor blk.0.ffn_gate_exps.scale
create_tensor: loading tensor blk.0.ffn_down_exps.scale
create_tensor: loading tensor blk.0.ffn_up_exps.scale
create_tensor: loading tensor blk.0.attn_q.input_scale
create_tensor: loading tensor blk.0.attn_k.input_scale
create_tensor: loading tensor blk.0.attn_v.input_scale
create_tensor: loading tensor blk.0.attn_output.input_scale
create_tensor: loading tensor blk.0.ffn_gate_exps.input_scale
create_tensor: loading tensor blk.0.ffn_down_exps.input_scale
create_tensor: loading tensor blk.0.ffn_up_exps.input_scale
create_tensor: loading tensor blk.1.attn_q.scale
create_tensor: loading tensor blk.1.attn_k.scale
create_tensor: loading tensor blk.1.attn_v.scale
create_tensor: loading tensor blk.1.attn_output.scale
create_tensor: loading tensor blk.1.ffn_gate_exps.scale
create_tensor: loading tensor blk.1.ffn_down_exps.scale
create_tensor: loading tensor blk.1.ffn_up_exps.scale
create_tensor: loading tensor blk.1.attn_q.input_scale
create_tensor: loading tensor blk.1.attn_k.input_scale
create_tensor: loading tensor blk.1.attn_v.input_scale
create_tensor: loading tensor blk.1.attn_output.input_scale
create_tensor: loading tensor blk.1.ffn_gate_exps.input_scale
create_tensor: loading tensor blk.1.ffn_down_exps.input_scale
create_tensor: loading tensor blk.1.ffn_up_exps.input_scale
load_tensors: offloading 0 repeating layers to GPU
load_tensors: offloaded 0/3 layers to GPU
load_tensors:    CUDA_Host model buffer size =     0.23 MiB
load_all_data: buffer type CUDA_Host is not the default buffer type for device CUDA0 for async uploads
................
llama_model_loader: loaded meta data with 13 key-value pairs and 23 tensors from C:\Users\cadel\AppData\Local\Temp\moe-integration-1727447.gguf (version GGUF V3 (latest))
llama_model_loader: Dumping metadata keys/values. Note: KV overrides do not apply in this output.
llama_model_loader: - kv   0:                       general.architecture str              = llama
llama_model_loader: - kv   1:                       tokenizer.ggml.model str              = no_vocab
llama_model_loader: - kv   2:                           llama.vocab_size u32              = 32
llama_model_loader: - kv   3:                       llama.context_length u32              = 128
llama_model_loader: - kv   4:                     llama.embedding_length u32              = 32
llama_model_loader: - kv   5:                          llama.block_count u32              = 2
llama_model_loader: - kv   6:                  llama.feed_forward_length u32              = 64
llama_model_loader: - kv   7:                 llama.attention.head_count u32              = 2
llama_model_loader: - kv   8:              llama.attention.head_count_kv u32              = 2
llama_model_loader: - kv   9:                 llama.rope.dimension_count u32              = 16
llama_model_loader: - kv  10:                         llama.expert_count u32              = 4
llama_model_loader: - kv  11:                    llama.expert_used_count u32              = 2
llama_model_loader: - kv  12:     llama.attention.layer_norm_rms_epsilon f32              = 0.000010
llama_model_loader: - type  f32:   23 tensors
print_info: file format = GGUF V3 (latest)
print_info: file type   = (guessed) all F32
print_info: file size   = 0.23 MiB (32.00 BPW) 
llama_prepare_model_devices: using device CUDA0 (NVIDIA GeForce RTX 4060 Laptop GPU) (0000:01:00.0) - 7106 MiB free
load: adding 32 dummy tokens
print_info: arch                  = llama
print_info: vocab_only            = 0
print_info: no_alloc              = 0
print_info: n_ctx_train           = 128
print_info: n_embd_inp            = 32
print_info: n_embd                = 32
print_info: n_embd_out            = 32
print_info: n_layer               = 2
print_info: n_layer_all           = 2
print_info: n_head                = 2
print_info: n_head_kv             = 2
print_info: n_rot                 = 16
print_info: n_swa                 = 0
print_info: is_swa_any            = 0
print_info: n_embd_head_k         = 16
print_info: n_embd_head_v         = 16
print_info: n_gqa                 = 1
print_info: n_embd_k_gqa          = 32
print_info: n_embd_v_gqa          = 32
print_info: f_norm_eps            = 0.0e+00
print_info: f_norm_rms_eps        = 1.0e-05
print_info: f_clamp_kqv           = 0.0e+00
print_info: f_max_alibi_bias      = 0.0e+00
print_info: f_logit_scale         = 0.0e+00
print_info: f_attn_scale          = 0.0e+00
print_info: f_attn_value_scale    = 0.0000
print_info: n_ff                  = 64
print_info: n_expert              = 4
print_info: n_expert_used         = 2
print_info: n_expert_groups       = 0
print_info: n_group_used          = 0
print_info: causal attn           = 1
print_info: pooling type          = -1
print_info: rope type             = 0
print_info: rope scaling          = linear
print_info: freq_base_train       = 10000.0
print_info: freq_scale_train      = 1
print_info: n_ctx_orig_yarn       = 128
print_info: rope_yarn_log_mul     = 0.0000
print_info: rope_finetuned        = unknown
print_info: model type            = ?B
print_info: model params          = 59.81 K
print_info: general.name          = n/a
print_info: vocab type            = no vocab
print_info: n_vocab               = 32
print_info: n_merges              = 0
print_info: max token length      = 0
load_tensors: loading model tensors, this can take a while... (load_mode = none)
load_tensors: layer   0 assigned to device CPU, is_swa = 0
load_tensors: layer   1 assigned to device CPU, is_swa = 0
load_tensors: layer   2 assigned to device CPU, is_swa = 0
create_tensor: loading tensor token_embd.weight
create_tensor: loading tensor output_norm.weight
create_tensor: loading tensor output.weight
create_tensor: loading tensor blk.0.attn_norm.weight
create_tensor: loading tensor blk.0.attn_qkv.weight
create_tensor: loading tensor blk.0.attn_q.weight
create_tensor: loading tensor blk.0.attn_k.weight
create_tensor: loading tensor blk.0.attn_v.weight
create_tensor: loading tensor blk.0.attn_q.bias
create_tensor: loading tensor blk.0.attn_k.bias
create_tensor: loading tensor blk.0.attn_v.bias
create_tensor: loading tensor blk.0.attn_output.weight
create_tensor: loading tensor blk.0.attn_output.bias
create_tensor: loading tensor blk.0.ffn_norm.weight
create_tensor: loading tensor rope_freqs.weight
create_tensor: loading tensor blk.0.ffn_gate_inp.weight
create_tensor: loading tensor blk.0.ffn_gate_exps.weight
create_tensor: loading tensor blk.0.ffn_down_exps.weight
create_tensor: loading tensor blk.0.ffn_up_exps.weight
create_tensor: loading tensor blk.1.attn_norm.weight
create_tensor: loading tensor blk.1.attn_qkv.weight
create_tensor: loading tensor blk.1.attn_q.weight
create_tensor: loading tensor blk.1.attn_k.weight
create_tensor: loading tensor blk.1.attn_v.weight
create_tensor: loading tensor blk.1.attn_q.bias
create_tensor: loading tensor blk.1.attn_k.bias
create_tensor: loading tensor blk.1.attn_v.bias
create_tensor: loading tensor blk.1.attn_output.weight
create_tensor: loading tensor blk.1.attn_output.bias
create_tensor: loading tensor blk.1.ffn_norm.weight
create_tensor: loading tensor rope_freqs.weight
create_tensor: loading tensor blk.1.ffn_gate_inp.weight
create_tensor: loading tensor blk.1.ffn_gate_exps.weight
create_tensor: loading tensor blk.1.ffn_down_exps.weight
create_tensor: loading tensor blk.1.ffn_up_exps.weight
create_tensor: loading tensor blk.0.attn_q.scale
create_tensor: loading tensor blk.0.attn_k.scale
create_tensor: loading tensor blk.0.attn_v.scale
create_tensor: loading tensor blk.0.attn_output.scale
create_tensor: loading tensor blk.0.ffn_gate_exps.scale
create_tensor: loading tensor blk.0.ffn_down_exps.scale
create_tensor: loading tensor blk.0.ffn_up_exps.scale
create_tensor: loading tensor blk.0.attn_q.input_scale
create_tensor: loading tensor blk.0.attn_k.input_scale
create_tensor: loading tensor blk.0.attn_v.input_scale
create_tensor: loading tensor blk.0.attn_output.input_scale
create_tensor: loading tensor blk.0.ffn_gate_exps.input_scale
create_tensor: loading tensor blk.0.ffn_down_exps.input_scale
create_tensor: loading tensor blk.0.ffn_up_exps.input_scale
create_tensor: loading tensor blk.1.attn_q.scale
create_tensor: loading tensor blk.1.attn_k.scale
create_tensor: loading tensor blk.1.attn_v.scale
create_tensor: loading tensor blk.1.attn_output.scale
create_tensor: loading tensor blk.1.ffn_gate_exps.scale
create_tensor: loading tensor blk.1.ffn_down_exps.scale
create_tensor: loading tensor blk.1.ffn_up_exps.scale
create_tensor: loading tensor blk.1.attn_q.input_scale
create_tensor: loading tensor blk.1.attn_k.input_scale
create_tensor: loading tensor blk.1.attn_v.input_scale
create_tensor: loading tensor blk.1.attn_output.input_scale
create_tensor: loading tensor blk.1.ffn_gate_exps.input_scale
create_tensor: loading tensor blk.1.ffn_down_exps.input_scale
create_tensor: loading tensor blk.1.ffn_up_exps.input_scale
load_tensors: offloading 0 repeating layers to GPU
load_tensors: offloaded 0/3 layers to GPU
load_tensors:          CPU model buffer size =     0.23 MiB
load_all_data: no device found for buffer type CPU for async uploads
................
load_tensors: experimental host-bank MoE enabled, tile weights <= 24832 bytes; this is not a total memory limit
llama_context: constructing llama_context
llama_context: n_seq_max             = 1
llama_context: n_ctx                 = 256
llama_context: n_ctx_seq             = 256
llama_context: n_batch               = 32
llama_context: n_ubatch              = 8
llama_context: causal_attn           = 1
llama_context: flash_attn            = disabled
llama_context: kv_unified            = false
llama_context: freq_base             = 10000.0
llama_context: freq_scale            = 1
llama_context: n_rs_seq              = 0
llama_context: n_outputs_max         = 32
llama_context: n_outputs_max_per_seq = 1
llama_context: n_ctx_seq (256) > n_ctx_train (128) -- possible training context overflow
set_abort_callback: call
llama_context:        CPU  output buffer size =     0.00 MiB
llama_kv_cache: layer   0: dev = CPU
llama_kv_cache: layer   1: dev = CPU
llama_kv_cache:        CPU KV buffer size =     0.06 MiB
llama_kv_cache: size =    0.06 MiB (   256 cells,   2 layers,  1/1 seqs), K (f16):    0.03 MiB, V (f16):    0.03 MiB
llama_kv_cache: attn_rot_k = 0, n_embd_head_k_all = 16
llama_kv_cache: attn_rot_v = 0, n_embd_head_k_all = 16
llama_context: enumerating backends
llama_context: backend_ptrs.size() = 2
sched_reserve: reserving ...
sched_reserve: max_nodes = 1024
sched_reserve: decode graph slots = 4 (n_tokens <= 4)
sched_reserve: reserving full memory module
sched_reserve: worst-case: n_tokens = 8, n_seqs = 1, n_outputs = 1
resolve_fused_ops: resolving fused Gated Delta Net support:
graph_reserve: reserving a graph for ubatch with n_tokens =    1, n_seqs =  1, n_outputs =    1
resolve_fused_ops: fused Gated Delta Net (autoregressive) enabled
graph_reserve: reserving a graph for ubatch with n_tokens =   16, n_seqs =  1, n_outputs =   16
resolve_fused_ops: fused Gated Delta Net (chunked) enabled
resolve_fused_ops: resolving fused Lightning Indexer support:
graph_reserve: reserving a graph for ubatch with n_tokens =    1, n_seqs =  1, n_outputs =    1
resolve_fused_ops: Lightning Indexer enabled
resolve_fused_ops: resolving fused DeepSeek V4 HC support:
graph_reserve: reserving a graph for ubatch with n_tokens =    1, n_seqs =  1, n_outputs =    1
resolve_fused_ops: fused DeepSeek V4 HC pre enabled
graph_reserve: reserving a graph for ubatch with n_tokens =    1, n_seqs =  1, n_outputs =    1
resolve_fused_ops: fused DeepSeek V4 HC comb enabled
graph_reserve: reserving a graph for ubatch with n_tokens =    1, n_seqs =  1, n_outputs =    1
resolve_fused_ops: fused DeepSeek V4 HC post enabled
graph_reserve: reserving a graph for ubatch with n_tokens =    8, n_seqs =  1, n_outputs =    8
graph_reserve: reserving a graph for ubatch with n_tokens =    1, n_seqs =  1, n_outputs =    1
graph_reserve: reserving a graph for ubatch with n_tokens =    8, n_seqs =  1, n_outputs =    8
sched_reserve:  CUDA_Host compute buffer size =     0.03 MiB
sched_reserve: graph nodes  = 110
sched_reserve: graph splits = 1
sched_reserve: reserve took 3.30 ms, sched copies = 1
llama_context: constructing llama_context
llama_context: n_seq_max             = 1
llama_context: n_ctx                 = 256
llama_context: n_ctx_seq             = 256
llama_context: n_batch               = 32
llama_context: n_ubatch              = 8
llama_context: causal_attn           = 1
llama_context: flash_attn            = disabled
llama_context: kv_unified            = false
llama_context: freq_base             = 10000.0
llama_context: freq_scale            = 1
llama_context: n_rs_seq              = 0
llama_context: n_outputs_max         = 32
llama_context: n_outputs_max_per_seq = 1
llama_context: n_ctx_seq (256) > n_ctx_train (128) -- possible training context overflow
set_abort_callback: call
llama_context:        CPU  output buffer size =     0.00 MiB
llama_kv_cache: layer   0: dev = CPU
llama_kv_cache: layer   1: dev = CPU
llama_kv_cache:        CPU KV buffer size =     0.06 MiB
llama_kv_cache: size =    0.06 MiB (   256 cells,   2 layers,  1/1 seqs), K (f16):    0.03 MiB, V (f16):    0.03 MiB
llama_kv_cache: attn_rot_k = 0, n_embd_head_k_all = 16
llama_kv_cache: attn_rot_v = 0, n_embd_head_k_all = 16
llama_context: enumerating backends
llama_context: backend_ptrs.size() = 2
sched_reserve: reserving ...
sched_reserve: max_nodes = 1024
sched_reserve: decode graph slots = 4 (n_tokens <= 4)
sched_reserve: reserving full memory module
sched_reserve: worst-case: n_tokens = 8, n_seqs = 1, n_outputs = 1
resolve_fused_ops: resolving fused Gated Delta Net support:
graph_reserve: reserving a graph for ubatch with n_tokens =    1, n_seqs =  1, n_outputs =    1
resolve_fused_ops: fused Gated Delta Net (autoregressive) enabled
graph_reserve: reserving a graph for ubatch with n_tokens =   16, n_seqs =  1, n_outputs =   16
resolve_fused_ops: fused Gated Delta Net (chunked) enabled
resolve_fused_ops: resolving fused Lightning Indexer support:
graph_reserve: reserving a graph for ubatch with n_tokens =    1, n_seqs =  1, n_outputs =    1
resolve_fused_ops: Lightning Indexer enabled
resolve_fused_ops: resolving fused DeepSeek V4 HC support:
graph_reserve: reserving a graph for ubatch with n_tokens =    1, n_seqs =  1, n_outputs =    1
resolve_fused_ops: fused DeepSeek V4 HC pre enabled
graph_reserve: reserving a graph for ubatch with n_tokens =    1, n_seqs =  1, n_outputs =    1
resolve_fused_ops: fused DeepSeek V4 HC comb enabled
graph_reserve: reserving a graph for ubatch with n_tokens =    1, n_seqs =  1, n_outputs =    1
resolve_fused_ops: fused DeepSeek V4 HC post enabled
graph_reserve: reserving a graph for ubatch with n_tokens =    8, n_seqs =  1, n_outputs =    8
graph_reserve: reserving a graph for ubatch with n_tokens =    1, n_seqs =  1, n_outputs =    1
graph_reserve: reserving a graph for ubatch with n_tokens =    8, n_seqs =  1, n_outputs =    8
sched_reserve:  CUDA_Host compute buffer size =     0.03 MiB
sched_reserve: graph nodes  = 100
sched_reserve: graph splits = 1
sched_reserve: reserve took 2.75 ms, sched copies = 1
graph_reserve: reserving a graph for ubatch with n_tokens =    4, n_seqs =  1, n_outputs =    4
set_abort_callback: call
graph_compute: ggml_backend_sched_graph_compute_async failed with error 1
process_ubatch: failed to compute graph, compute status: 1
decode: removing memory module entries for seq_id = 0, pos = [59, +inf)
llama_decode: failed to decode, ret = 2
set_abort_callback: call
host-bank MoE execution failed: MoE routing weight must be finite
host-bank MoE execution failed: MoE routing weight must be finite
process_ubatch: failed to compute graph, compute status: -1
decode: removing memory module entries for seq_id = 0, pos = [59, +inf)
llama_decode: failed to decode, ret = -3
llama_context: constructing llama_context
llama_init_from_model: failed to initialize the context: host-bank MoE requires one sequence, op_offload=false and offload_kqv=false
llama_context: constructing llama_context
llama_init_from_model: failed to initialize the context: host-bank MoE requires one sequence, op_offload=false and offload_kqv=false
llama_context: constructing llama_context
llama_init_from_model: failed to initialize the context: host-bank MoE requires one sequence, op_offload=false and offload_kqv=false
llama_context: constructing llama_context
llama_init_from_model: failed to initialize the context: moe cache: invalid uniform arena geometry
llama_context: constructing llama_context
llama_init_from_model: failed to initialize the context: host-bank MoE cache requires model.moe_cpu_tile_bytes host-bank setup
~llama_context:      CUDA0 compute buffer size is   0.0000 MiB, matches expectation of   0.0000 MiB
~llama_context:  CUDA_Host compute buffer size is   0.0304 MiB, matches expectation of   0.0304 MiB
~llama_context:      CUDA0 compute buffer size is   0.0000 MiB, matches expectation of   0.0000 MiB
~llama_context:  CUDA_Host compute buffer size is   0.0304 MiB, matches expectation of   0.0304 MiB
llama_context: constructing llama_context
llama_context: n_seq_max             = 1
llama_context: n_ctx                 = 256
llama_context: n_ctx_seq             = 256
llama_context: n_batch               = 32
llama_context: n_ubatch              = 8
llama_context: causal_attn           = 1
llama_context: flash_attn            = disabled
llama_context: kv_unified            = false
llama_context: freq_base             = 10000.0
llama_context: freq_scale            = 1
llama_context: n_rs_seq              = 0
llama_context: n_outputs_max         = 32
llama_context: n_outputs_max_per_seq = 1
llama_context: n_ctx_seq (256) > n_ctx_train (128) -- possible training context overflow
set_abort_callback: call
llama_context:        CPU  output buffer size =     0.00 MiB
llama_kv_cache: layer   0: dev = CPU
llama_kv_cache: layer   1: dev = CPU
llama_kv_cache:        CPU KV buffer size =     0.06 MiB
llama_kv_cache: size =    0.06 MiB (   256 cells,   2 layers,  1/1 seqs), K (f16):    0.03 MiB, V (f16):    0.03 MiB
llama_kv_cache: attn_rot_k = 0, n_embd_head_k_all = 16
llama_kv_cache: attn_rot_v = 0, n_embd_head_k_all = 16
llama_context: enumerating backends
llama_context: backend_ptrs.size() = 2
sched_reserve: reserving ...
sched_reserve: max_nodes = 1024
sched_reserve: decode graph slots = 4 (n_tokens <= 4)
sched_reserve: reserving full memory module
sched_reserve: worst-case: n_tokens = 8, n_seqs = 1, n_outputs = 1
resolve_fused_ops: resolving fused Gated Delta Net support:
graph_reserve: reserving a graph for ubatch with n_tokens =    1, n_seqs =  1, n_outputs =    1
resolve_fused_ops: fused Gated Delta Net (autoregressive) enabled
graph_reserve: reserving a graph for ubatch with n_tokens =   16, n_seqs =  1, n_outputs =   16
resolve_fused_ops: fused Gated Delta Net (chunked) enabled
resolve_fused_ops: resolving fused Lightning Indexer support:
graph_reserve: reserving a graph for ubatch with n_tokens =    1, n_seqs =  1, n_outputs =    1
resolve_fused_ops: Lightning Indexer enabled
resolve_fused_ops: resolving fused DeepSeek V4 HC support:
graph_reserve: reserving a graph for ubatch with n_tokens =    1, n_seqs =  1, n_outputs =    1
resolve_fused_ops: fused DeepSeek V4 HC pre enabled
graph_reserve: reserving a graph for ubatch with n_tokens =    1, n_seqs =  1, n_outputs =    1
resolve_fused_ops: fused DeepSeek V4 HC comb enabled
graph_reserve: reserving a graph for ubatch with n_tokens =    1, n_seqs =  1, n_outputs =    1
resolve_fused_ops: fused DeepSeek V4 HC post enabled
graph_reserve: reserving a graph for ubatch with n_tokens =    8, n_seqs =  1, n_outputs =    8
graph_reserve: reserving a graph for ubatch with n_tokens =    1, n_seqs =  1, n_outputs =    1
graph_reserve: reserving a graph for ubatch with n_tokens =    8, n_seqs =  1, n_outputs =    8
sched_reserve:  CUDA_Host compute buffer size =     0.03 MiB
sched_reserve: graph nodes  = 100
sched_reserve: graph splits = 1
sched_reserve: reserve took 2.40 ms, sched copies = 1
llama_context: constructing llama_context
llama_context: n_seq_max             = 1
llama_context: n_ctx                 = 256
llama_context: n_ctx_seq             = 256
llama_context: n_batch               = 32
llama_context: n_ubatch              = 8
llama_context: causal_attn           = 1
llama_context: flash_attn            = disabled
llama_context: kv_unified            = false
llama_context: freq_base             = 10000.0
llama_context: freq_scale            = 1
llama_context: n_rs_seq              = 0
llama_context: n_outputs_max         = 32
llama_context: n_outputs_max_per_seq = 1
llama_context: n_ctx_seq (256) > n_ctx_train (128) -- possible training context overflow
set_abort_callback: call
llama_context:        CPU  output buffer size =     0.00 MiB
llama_kv_cache: layer   0: dev = CPU
llama_kv_cache: layer   1: dev = CPU
llama_kv_cache:        CPU KV buffer size =     0.06 MiB
llama_kv_cache: size =    0.06 MiB (   256 cells,   2 layers,  1/1 seqs), K (f16):    0.03 MiB, V (f16):    0.03 MiB
llama_kv_cache: attn_rot_k = 0, n_embd_head_k_all = 16
llama_kv_cache: attn_rot_v = 0, n_embd_head_k_all = 16
llama_context: enumerating backends
llama_context: backend_ptrs.size() = 2
sched_reserve: reserving ...
sched_reserve: max_nodes = 1024
sched_reserve: decode graph slots = 4 (n_tokens <= 4)
sched_reserve: reserving full memory module
sched_reserve: worst-case: n_tokens = 8, n_seqs = 1, n_outputs = 1
resolve_fused_ops: resolving fused Gated Delta Net support:
graph_reserve: reserving a graph for ubatch with n_tokens =    1, n_seqs =  1, n_outputs =    1
resolve_fused_ops: fused Gated Delta Net (autoregressive) enabled
graph_reserve: reserving a graph for ubatch with n_tokens =   16, n_seqs =  1, n_outputs =   16
resolve_fused_ops: fused Gated Delta Net (chunked) enabled
resolve_fused_ops: resolving fused Lightning Indexer support:
graph_reserve: reserving a graph for ubatch with n_tokens =    1, n_seqs =  1, n_outputs =    1
resolve_fused_ops: Lightning Indexer enabled
resolve_fused_ops: resolving fused DeepSeek V4 HC support:
graph_reserve: reserving a graph for ubatch with n_tokens =    1, n_seqs =  1, n_outputs =    1
resolve_fused_ops: fused DeepSeek V4 HC pre enabled
graph_reserve: reserving a graph for ubatch with n_tokens =    1, n_seqs =  1, n_outputs =    1
resolve_fused_ops: fused DeepSeek V4 HC comb enabled
graph_reserve: reserving a graph for ubatch with n_tokens =    1, n_seqs =  1, n_outputs =    1
resolve_fused_ops: fused DeepSeek V4 HC post enabled
graph_reserve: reserving a graph for ubatch with n_tokens =    8, n_seqs =  1, n_outputs =    8
graph_reserve: reserving a graph for ubatch with n_tokens =    1, n_seqs =  1, n_outputs =    1
graph_reserve: reserving a graph for ubatch with n_tokens =    8, n_seqs =  1, n_outputs =    8
sched_reserve:  CUDA_Host compute buffer size =     0.03 MiB
sched_reserve: graph nodes  = 110
sched_reserve: graph splits = 1
sched_reserve: reserve took 2.62 ms, sched copies = 1
~llama_context:      CUDA0 compute buffer size is   0.0000 MiB, matches expectation of   0.0000 MiB
~llama_context:  CUDA_Host compute buffer size is   0.0304 MiB, matches expectation of   0.0304 MiB
~llama_context:      CUDA0 compute buffer size is   0.0000 MiB, matches expectation of   0.0000 MiB
~llama_context:  CUDA_Host compute buffer size is   0.0304 MiB, matches expectation of   0.0304 MiB
llama_model_loader: loaded meta data with 13 key-value pairs and 23 tensors from C:\Users\cadel\AppData\Local\Temp\moe-integration-1727447.gguf (version GGUF V3 (latest))
llama_model_loader: Dumping metadata keys/values. Note: KV overrides do not apply in this output.
llama_model_loader: - kv   0:                       general.architecture str              = llama
llama_model_loader: - kv   1:                       tokenizer.ggml.model str              = no_vocab
llama_model_loader: - kv   2:                           llama.vocab_size u32              = 32
llama_model_loader: - kv   3:                       llama.context_length u32              = 128
llama_model_loader: - kv   4:                     llama.embedding_length u32              = 32
llama_model_loader: - kv   5:                          llama.block_count u32              = 2
llama_model_loader: - kv   6:                  llama.feed_forward_length u32              = 64
llama_model_loader: - kv   7:                 llama.attention.head_count u32              = 2
llama_model_loader: - kv   8:              llama.attention.head_count_kv u32              = 2
llama_model_loader: - kv   9:                 llama.rope.dimension_count u32              = 16
llama_model_loader: - kv  10:                         llama.expert_count u32              = 4
llama_model_loader: - kv  11:                    llama.expert_used_count u32              = 2
llama_model_loader: - kv  12:     llama.attention.layer_norm_rms_epsilon f32              = 0.000010
llama_model_loader: - type  f32:   23 tensors
print_info: file format = GGUF V3 (latest)
print_info: file type   = (guessed) all F32
print_info: file size   = 0.23 MiB (32.00 BPW) 
llama_prepare_model_devices: using device CUDA0 (NVIDIA GeForce RTX 4060 Laptop GPU) (0000:01:00.0) - 7106 MiB free
load: adding 32 dummy tokens
print_info: arch                  = llama
print_info: vocab_only            = 0
print_info: no_alloc              = 0
print_info: n_ctx_train           = 128
print_info: n_embd_inp            = 32
print_info: n_embd                = 32
print_info: n_embd_out            = 32
print_info: n_layer               = 2
print_info: n_layer_all           = 2
print_info: n_head                = 2
print_info: n_head_kv             = 2
print_info: n_rot                 = 16
print_info: n_swa                 = 0
print_info: is_swa_any            = 0
print_info: n_embd_head_k         = 16
print_info: n_embd_head_v         = 16
print_info: n_gqa                 = 1
print_info: n_embd_k_gqa          = 32
print_info: n_embd_v_gqa          = 32
print_info: f_norm_eps            = 0.0e+00
print_info: f_norm_rms_eps        = 1.0e-05
print_info: f_clamp_kqv           = 0.0e+00
print_info: f_max_alibi_bias      = 0.0e+00
print_info: f_logit_scale         = 0.0e+00
print_info: f_attn_scale          = 0.0e+00
print_info: f_attn_value_scale    = 0.0000
print_info: n_ff                  = 64
print_info: n_expert              = 4
print_info: n_expert_used         = 2
print_info: n_expert_groups       = 0
print_info: n_group_used          = 0
print_info: causal attn           = 1
print_info: pooling type          = -1
print_info: rope type             = 0
print_info: rope scaling          = linear
print_info: freq_base_train       = 10000.0
print_info: freq_scale_train      = 1
print_info: n_ctx_orig_yarn       = 128
print_info: rope_yarn_log_mul     = 0.0000
print_info: rope_finetuned        = unknown
print_info: model type            = ?B
print_info: model params          = 59.81 K
print_info: general.name          = n/a
print_info: vocab type            = no vocab
print_info: n_vocab               = 32
print_info: n_merges              = 0
print_info: max token length      = 0
load_tensors: loading model tensors, this can take a while... (load_mode = none)
load_tensors: layer   0 assigned to device CPU, is_swa = 0
load_tensors: layer   1 assigned to device CPU, is_swa = 0
load_tensors: layer   2 assigned to device CPU, is_swa = 0
create_tensor: loading tensor token_embd.weight
create_tensor: loading tensor output_norm.weight
create_tensor: loading tensor output.weight
create_tensor: loading tensor blk.0.attn_norm.weight
create_tensor: loading tensor blk.0.attn_qkv.weight
create_tensor: loading tensor blk.0.attn_q.weight
create_tensor: loading tensor blk.0.attn_k.weight
create_tensor: loading tensor blk.0.attn_v.weight
create_tensor: loading tensor blk.0.attn_q.bias
create_tensor: loading tensor blk.0.attn_k.bias
create_tensor: loading tensor blk.0.attn_v.bias
create_tensor: loading tensor blk.0.attn_output.weight
create_tensor: loading tensor blk.0.attn_output.bias
create_tensor: loading tensor blk.0.ffn_norm.weight
create_tensor: loading tensor rope_freqs.weight
create_tensor: loading tensor blk.0.ffn_gate_inp.weight
create_tensor: loading tensor blk.0.ffn_gate_exps.weight
create_tensor: loading tensor blk.0.ffn_down_exps.weight
create_tensor: loading tensor blk.0.ffn_up_exps.weight
create_tensor: loading tensor blk.1.attn_norm.weight
create_tensor: loading tensor blk.1.attn_qkv.weight
create_tensor: loading tensor blk.1.attn_q.weight
create_tensor: loading tensor blk.1.attn_k.weight
create_tensor: loading tensor blk.1.attn_v.weight
create_tensor: loading tensor blk.1.attn_q.bias
create_tensor: loading tensor blk.1.attn_k.bias
create_tensor: loading tensor blk.1.attn_v.bias
create_tensor: loading tensor blk.1.attn_output.weight
create_tensor: loading tensor blk.1.attn_output.bias
create_tensor: loading tensor blk.1.ffn_norm.weight
create_tensor: loading tensor rope_freqs.weight
create_tensor: loading tensor blk.1.ffn_gate_inp.weight
create_tensor: loading tensor blk.1.ffn_gate_exps.weight
create_tensor: loading tensor blk.1.ffn_down_exps.weight
create_tensor: loading tensor blk.1.ffn_up_exps.weight
create_tensor: loading tensor blk.0.attn_q.scale
create_tensor: loading tensor blk.0.attn_k.scale
create_tensor: loading tensor blk.0.attn_v.scale
create_tensor: loading tensor blk.0.attn_output.scale
create_tensor: loading tensor blk.0.ffn_gate_exps.scale
create_tensor: loading tensor blk.0.ffn_down_exps.scale
create_tensor: loading tensor blk.0.ffn_up_exps.scale
create_tensor: loading tensor blk.0.attn_q.input_scale
create_tensor: loading tensor blk.0.attn_k.input_scale
create_tensor: loading tensor blk.0.attn_v.input_scale
create_tensor: loading tensor blk.0.attn_output.input_scale
create_tensor: loading tensor blk.0.ffn_gate_exps.input_scale
create_tensor: loading tensor blk.0.ffn_down_exps.input_scale
create_tensor: loading tensor blk.0.ffn_up_exps.input_scale
create_tensor: loading tensor blk.1.attn_q.scale
create_tensor: loading tensor blk.1.attn_k.scale
create_tensor: loading tensor blk.1.attn_v.scale
create_tensor: loading tensor blk.1.attn_output.scale
create_tensor: loading tensor blk.1.ffn_gate_exps.scale
create_tensor: loading tensor blk.1.ffn_down_exps.scale
create_tensor: loading tensor blk.1.ffn_up_exps.scale
create_tensor: loading tensor blk.1.attn_q.input_scale
create_tensor: loading tensor blk.1.attn_k.input_scale
create_tensor: loading tensor blk.1.attn_v.input_scale
create_tensor: loading tensor blk.1.attn_output.input_scale
create_tensor: loading tensor blk.1.ffn_gate_exps.input_scale
create_tensor: loading tensor blk.1.ffn_down_exps.input_scale
create_tensor: loading tensor blk.1.ffn_up_exps.input_scale
load_tensors: offloading 0 repeating layers to GPU
load_tensors: offloaded 0/3 layers to GPU
load_tensors:    CUDA_Host model buffer size =     0.23 MiB
load_all_data: buffer type CUDA_Host is not the default buffer type for device CUDA0 for async uploads
................
llama_model_loader: loaded meta data with 13 key-value pairs and 23 tensors from C:\Users\cadel\AppData\Local\Temp\moe-integration-1727447.gguf (version GGUF V3 (latest))
llama_model_loader: Dumping metadata keys/values. Note: KV overrides do not apply in this output.
llama_model_loader: - kv   0:                       general.architecture str              = llama
llama_model_loader: - kv   1:                       tokenizer.ggml.model str              = no_vocab
llama_model_loader: - kv   2:                           llama.vocab_size u32              = 32
llama_model_loader: - kv   3:                       llama.context_length u32              = 128
llama_model_loader: - kv   4:                     llama.embedding_length u32              = 32
llama_model_loader: - kv   5:                          llama.block_count u32              = 2
llama_model_loader: - kv   6:                  llama.feed_forward_length u32              = 64
llama_model_loader: - kv   7:                 llama.attention.head_count u32              = 2
llama_model_loader: - kv   8:              llama.attention.head_count_kv u32              = 2
llama_model_loader: - kv   9:                 llama.rope.dimension_count u32              = 16
llama_model_loader: - kv  10:                         llama.expert_count u32              = 4
llama_model_loader: - kv  11:                    llama.expert_used_count u32              = 2
llama_model_loader: - kv  12:     llama.attention.layer_norm_rms_epsilon f32              = 0.000010
llama_model_loader: - type  f32:   23 tensors
print_info: file format = GGUF V3 (latest)
print_info: file type   = (guessed) all F32
print_info: file size   = 0.23 MiB (32.00 BPW) 
llama_prepare_model_devices: using device CUDA0 (NVIDIA GeForce RTX 4060 Laptop GPU) (0000:01:00.0) - 7106 MiB free
load: adding 32 dummy tokens
print_info: arch                  = llama
print_info: vocab_only            = 0
print_info: no_alloc              = 0
print_info: n_ctx_train           = 128
print_info: n_embd_inp            = 32
print_info: n_embd                = 32
print_info: n_embd_out            = 32
print_info: n_layer               = 2
print_info: n_layer_all           = 2
print_info: n_head                = 2
print_info: n_head_kv             = 2
print_info: n_rot                 = 16
print_info: n_swa                 = 0
print_info: is_swa_any            = 0
print_info: n_embd_head_k         = 16
print_info: n_embd_head_v         = 16
print_info: n_gqa                 = 1
print_info: n_embd_k_gqa          = 32
print_info: n_embd_v_gqa          = 32
print_info: f_norm_eps            = 0.0e+00
print_info: f_norm_rms_eps        = 1.0e-05
print_info: f_clamp_kqv           = 0.0e+00
print_info: f_max_alibi_bias      = 0.0e+00
print_info: f_logit_scale         = 0.0e+00
print_info: f_attn_scale          = 0.0e+00
print_info: f_attn_value_scale    = 0.0000
print_info: n_ff                  = 64
print_info: n_expert              = 4
print_info: n_expert_used         = 2
print_info: n_expert_groups       = 0
print_info: n_group_used          = 0
print_info: causal attn           = 1
print_info: pooling type          = -1
print_info: rope type             = 0
print_info: rope scaling          = linear
print_info: freq_base_train       = 10000.0
print_info: freq_scale_train      = 1
print_info: n_ctx_orig_yarn       = 128
print_info: rope_yarn_log_mul     = 0.0000
print_info: rope_finetuned        = unknown
print_info: model type            = ?B
print_info: model params          = 59.81 K
print_info: general.name          = n/a
print_info: vocab type            = no vocab
print_info: n_vocab               = 32
print_info: n_merges              = 0
print_info: max token length      = 0
load_tensors: loading model tensors, this can take a while... (load_mode = none)
load_tensors: layer   0 assigned to device CPU, is_swa = 0
load_tensors: layer   1 assigned to device CPU, is_swa = 0
load_tensors: layer   2 assigned to device CPU, is_swa = 0
create_tensor: loading tensor token_embd.weight
create_tensor: loading tensor output_norm.weight
create_tensor: loading tensor output.weight
create_tensor: loading tensor blk.0.attn_norm.weight
create_tensor: loading tensor blk.0.attn_qkv.weight
create_tensor: loading tensor blk.0.attn_q.weight
create_tensor: loading tensor blk.0.attn_k.weight
create_tensor: loading tensor blk.0.attn_v.weight
create_tensor: loading tensor blk.0.attn_q.bias
create_tensor: loading tensor blk.0.attn_k.bias
create_tensor: loading tensor blk.0.attn_v.bias
create_tensor: loading tensor blk.0.attn_output.weight
create_tensor: loading tensor blk.0.attn_output.bias
create_tensor: loading tensor blk.0.ffn_norm.weight
create_tensor: loading tensor rope_freqs.weight
create_tensor: loading tensor blk.0.ffn_gate_inp.weight
create_tensor: loading tensor blk.0.ffn_gate_exps.weight
create_tensor: loading tensor blk.0.ffn_down_exps.weight
create_tensor: loading tensor blk.0.ffn_up_exps.weight
create_tensor: loading tensor blk.1.attn_norm.weight
create_tensor: loading tensor blk.1.attn_qkv.weight
create_tensor: loading tensor blk.1.attn_q.weight
create_tensor: loading tensor blk.1.attn_k.weight
create_tensor: loading tensor blk.1.attn_v.weight
create_tensor: loading tensor blk.1.attn_q.bias
create_tensor: loading tensor blk.1.attn_k.bias
create_tensor: loading tensor blk.1.attn_v.bias
create_tensor: loading tensor blk.1.attn_output.weight
create_tensor: loading tensor blk.1.attn_output.bias
create_tensor: loading tensor blk.1.ffn_norm.weight
create_tensor: loading tensor rope_freqs.weight
create_tensor: loading tensor blk.1.ffn_gate_inp.weight
create_tensor: loading tensor blk.1.ffn_gate_exps.weight
create_tensor: loading tensor blk.1.ffn_down_exps.weight
create_tensor: loading tensor blk.1.ffn_up_exps.weight
create_tensor: loading tensor blk.0.attn_q.scale
create_tensor: loading tensor blk.0.attn_k.scale
create_tensor: loading tensor blk.0.attn_v.scale
create_tensor: loading tensor blk.0.attn_output.scale
create_tensor: loading tensor blk.0.ffn_gate_exps.scale
create_tensor: loading tensor blk.0.ffn_down_exps.scale
create_tensor: loading tensor blk.0.ffn_up_exps.scale
create_tensor: loading tensor blk.0.attn_q.input_scale
create_tensor: loading tensor blk.0.attn_k.input_scale
create_tensor: loading tensor blk.0.attn_v.input_scale
create_tensor: loading tensor blk.0.attn_output.input_scale
create_tensor: loading tensor blk.0.ffn_gate_exps.input_scale
create_tensor: loading tensor blk.0.ffn_down_exps.input_scale
create_tensor: loading tensor blk.0.ffn_up_exps.input_scale
create_tensor: loading tensor blk.1.attn_q.scale
create_tensor: loading tensor blk.1.attn_k.scale
create_tensor: loading tensor blk.1.attn_v.scale
create_tensor: loading tensor blk.1.attn_output.scale
create_tensor: loading tensor blk.1.ffn_gate_exps.scale
create_tensor: loading tensor blk.1.ffn_down_exps.scale
create_tensor: loading tensor blk.1.ffn_up_exps.scale
create_tensor: loading tensor blk.1.attn_q.input_scale
create_tensor: loading tensor blk.1.attn_k.input_scale
create_tensor: loading tensor blk.1.attn_v.input_scale
create_tensor: loading tensor blk.1.attn_output.input_scale
create_tensor: loading tensor blk.1.ffn_gate_exps.input_scale
create_tensor: loading tensor blk.1.ffn_down_exps.input_scale
create_tensor: loading tensor blk.1.ffn_up_exps.input_scale
load_tensors: offloading 0 repeating layers to GPU
load_tensors: offloaded 0/3 layers to GPU
load_tensors:          CPU model buffer size =     0.23 MiB
load_all_data: no device found for buffer type CPU for async uploads
................
load_tensors: experimental host-bank MoE enabled, tile weights <= 99328 bytes; this is not a total memory limit
llama_context: constructing llama_context
llama_context: n_seq_max             = 1
llama_context: n_ctx                 = 256
llama_context: n_ctx_seq             = 256
llama_context: n_batch               = 32
llama_context: n_ubatch              = 8
llama_context: causal_attn           = 1
llama_context: flash_attn            = disabled
llama_context: kv_unified            = false
llama_context: freq_base             = 10000.0
llama_context: freq_scale            = 1
llama_context: n_rs_seq              = 0
llama_context: n_outputs_max         = 32
llama_context: n_outputs_max_per_seq = 1
llama_context: n_ctx_seq (256) > n_ctx_train (128) -- possible training context overflow
set_abort_callback: call
llama_context:        CPU  output buffer size =     0.00 MiB
llama_kv_cache: layer   0: dev = CPU
llama_kv_cache: layer   1: dev = CPU
llama_kv_cache:        CPU KV buffer size =     0.06 MiB
llama_kv_cache: size =    0.06 MiB (   256 cells,   2 layers,  1/1 seqs), K (f16):    0.03 MiB, V (f16):    0.03 MiB
llama_kv_cache: attn_rot_k = 0, n_embd_head_k_all = 16
llama_kv_cache: attn_rot_v = 0, n_embd_head_k_all = 16
llama_context: enumerating backends
llama_context: backend_ptrs.size() = 2
sched_reserve: reserving ...
sched_reserve: max_nodes = 1024
sched_reserve: decode graph slots = 4 (n_tokens <= 4)
sched_reserve: reserving full memory module
sched_reserve: worst-case: n_tokens = 8, n_seqs = 1, n_outputs = 1
resolve_fused_ops: resolving fused Gated Delta Net support:
graph_reserve: reserving a graph for ubatch with n_tokens =    1, n_seqs =  1, n_outputs =    1
resolve_fused_ops: fused Gated Delta Net (autoregressive) enabled
graph_reserve: reserving a graph for ubatch with n_tokens =   16, n_seqs =  1, n_outputs =   16
resolve_fused_ops: fused Gated Delta Net (chunked) enabled
resolve_fused_ops: resolving fused Lightning Indexer support:
graph_reserve: reserving a graph for ubatch with n_tokens =    1, n_seqs =  1, n_outputs =    1
resolve_fused_ops: Lightning Indexer enabled
resolve_fused_ops: resolving fused DeepSeek V4 HC support:
graph_reserve: reserving a graph for ubatch with n_tokens =    1, n_seqs =  1, n_outputs =    1
resolve_fused_ops: fused DeepSeek V4 HC pre enabled
graph_reserve: reserving a graph for ubatch with n_tokens =    1, n_seqs =  1, n_outputs =    1
resolve_fused_ops: fused DeepSeek V4 HC comb enabled
graph_reserve: reserving a graph for ubatch with n_tokens =    1, n_seqs =  1, n_outputs =    1
resolve_fused_ops: fused DeepSeek V4 HC post enabled
graph_reserve: reserving a graph for ubatch with n_tokens =    8, n_seqs =  1, n_outputs =    8
graph_reserve: reserving a graph for ubatch with n_tokens =    1, n_seqs =  1, n_outputs =    1
graph_reserve: reserving a graph for ubatch with n_tokens =    8, n_seqs =  1, n_outputs =    8
sched_reserve:  CUDA_Host compute buffer size =     0.03 MiB
sched_reserve: graph nodes  = 110
sched_reserve: graph splits = 1
sched_reserve: reserve took 3.70 ms, sched copies = 1
llama_context: constructing llama_context
llama_context: n_seq_max             = 1
llama_context: n_ctx                 = 256
llama_context: n_ctx_seq             = 256
llama_context: n_batch               = 32
llama_context: n_ubatch              = 8
llama_context: causal_attn           = 1
llama_context: flash_attn            = disabled
llama_context: kv_unified            = false
llama_context: freq_base             = 10000.0
llama_context: freq_scale            = 1
llama_context: n_rs_seq              = 0
llama_context: n_outputs_max         = 32
llama_context: n_outputs_max_per_seq = 1
llama_context: n_ctx_seq (256) > n_ctx_train (128) -- possible training context overflow
set_abort_callback: call
llama_context:        CPU  output buffer size =     0.00 MiB
llama_kv_cache: layer   0: dev = CPU
llama_kv_cache: layer   1: dev = CPU
llama_kv_cache:        CPU KV buffer size =     0.06 MiB
llama_kv_cache: size =    0.06 MiB (   256 cells,   2 layers,  1/1 seqs), K (f16):    0.03 MiB, V (f16):    0.03 MiB
llama_kv_cache: attn_rot_k = 0, n_embd_head_k_all = 16
llama_kv_cache: attn_rot_v = 0, n_embd_head_k_all = 16
llama_context: enumerating backends
llama_context: backend_ptrs.size() = 2
sched_reserve: reserving ...
sched_reserve: max_nodes = 1024
sched_reserve: decode graph slots = 4 (n_tokens <= 4)
sched_reserve: reserving full memory module
sched_reserve: worst-case: n_tokens = 8, n_seqs = 1, n_outputs = 1
resolve_fused_ops: resolving fused Gated Delta Net support:
graph_reserve: reserving a graph for ubatch with n_tokens =    1, n_seqs =  1, n_outputs =    1
resolve_fused_ops: fused Gated Delta Net (autoregressive) enabled
graph_reserve: reserving a graph for ubatch with n_tokens =   16, n_seqs =  1, n_outputs =   16
resolve_fused_ops: fused Gated Delta Net (chunked) enabled
resolve_fused_ops: resolving fused Lightning Indexer support:
graph_reserve: reserving a graph for ubatch with n_tokens =    1, n_seqs =  1, n_outputs =    1
resolve_fused_ops: Lightning Indexer enabled
resolve_fused_ops: resolving fused DeepSeek V4 HC support:
graph_reserve: reserving a graph for ubatch with n_tokens =    1, n_seqs =  1, n_outputs =    1
resolve_fused_ops: fused DeepSeek V4 HC pre enabled
graph_reserve: reserving a graph for ubatch with n_tokens =    1, n_seqs =  1, n_outputs =    1
resolve_fused_ops: fused DeepSeek V4 HC comb enabled
graph_reserve: reserving a graph for ubatch with n_tokens =    1, n_seqs =  1, n_outputs =    1
resolve_fused_ops: fused DeepSeek V4 HC post enabled
graph_reserve: reserving a graph for ubatch with n_tokens =    8, n_seqs =  1, n_outputs =    8
graph_reserve: reserving a graph for ubatch with n_tokens =    1, n_seqs =  1, n_outputs =    1
graph_reserve: reserving a graph for ubatch with n_tokens =    8, n_seqs =  1, n_outputs =    8
sched_reserve:  CUDA_Host compute buffer size =     0.03 MiB
sched_reserve: graph nodes  = 100
sched_reserve: graph splits = 1
sched_reserve: reserve took 4.00 ms, sched copies = 1
graph_reserve: reserving a graph for ubatch with n_tokens =    4, n_seqs =  1, n_outputs =    4
set_abort_callback: call
graph_compute: ggml_backend_sched_graph_compute_async failed with error 1
process_ubatch: failed to compute graph, compute status: 1
decode: removing memory module entries for seq_id = 0, pos = [59, +inf)
llama_decode: failed to decode, ret = 2
set_abort_callback: call
host-bank MoE execution failed: MoE routing weight must be finite
host-bank MoE execution failed: MoE routing weight must be finite
process_ubatch: failed to compute graph, compute status: -1
decode: removing memory module entries for seq_id = 0, pos = [59, +inf)
llama_decode: failed to decode, ret = -3
llama_context: constructing llama_context
llama_init_from_model: failed to initialize the context: host-bank MoE requires one sequence, op_offload=false and offload_kqv=false
llama_context: constructing llama_context
llama_init_from_model: failed to initialize the context: host-bank MoE requires one sequence, op_offload=false and offload_kqv=false
llama_context: constructing llama_context
llama_init_from_model: failed to initialize the context: host-bank MoE requires one sequence, op_offload=false and offload_kqv=false
llama_context: constructing llama_context
llama_init_from_model: failed to initialize the context: moe cache: invalid uniform arena geometry
llama_context: constructing llama_context
llama_init_from_model: failed to initialize the context: host-bank MoE cache requires model.moe_cpu_tile_bytes host-bank setup
~llama_context:      CUDA0 compute buffer size is   0.0000 MiB, matches expectation of   0.0000 MiB
~llama_context:  CUDA_Host compute buffer size is   0.0304 MiB, matches expectation of   0.0304 MiB
~llama_context:      CUDA0 compute buffer size is   0.0000 MiB, matches expectation of   0.0000 MiB
~llama_context:  CUDA_Host compute buffer size is   0.0304 MiB, matches expectation of   0.0304 MiB
llama_context: constructing llama_context
llama_context: n_seq_max             = 1
llama_context: n_ctx                 = 256
llama_context: n_ctx_seq             = 256
llama_context: n_batch               = 32
llama_context: n_ubatch              = 8
llama_context: causal_attn           = 1
llama_context: flash_attn            = disabled
llama_context: kv_unified            = false
llama_context: freq_base             = 10000.0
llama_context: freq_scale            = 1
llama_context: n_rs_seq              = 0
llama_context: n_outputs_max         = 32
llama_context: n_outputs_max_per_seq = 1
llama_context: n_ctx_seq (256) > n_ctx_train (128) -- possible training context overflow
set_abort_callback: call
llama_context:        CPU  output buffer size =     0.00 MiB
llama_kv_cache: layer   0: dev = CPU
llama_kv_cache: layer   1: dev = CPU
llama_kv_cache:        CPU KV buffer size =     0.06 MiB
llama_kv_cache: size =    0.06 MiB (   256 cells,   2 layers,  1/1 seqs), K (f16):    0.03 MiB, V (f16):    0.03 MiB
llama_kv_cache: attn_rot_k = 0, n_embd_head_k_all = 16
llama_kv_cache: attn_rot_v = 0, n_embd_head_k_all = 16
llama_context: enumerating backends
llama_context: backend_ptrs.size() = 2
sched_reserve: reserving ...
sched_reserve: max_nodes = 1024
sched_reserve: decode graph slots = 4 (n_tokens <= 4)
sched_reserve: reserving full memory module
sched_reserve: worst-case: n_tokens = 8, n_seqs = 1, n_outputs = 1
resolve_fused_ops: resolving fused Gated Delta Net support:
graph_reserve: reserving a graph for ubatch with n_tokens =    1, n_seqs =  1, n_outputs =    1
resolve_fused_ops: fused Gated Delta Net (autoregressive) enabled
graph_reserve: reserving a graph for ubatch with n_tokens =   16, n_seqs =  1, n_outputs =   16
resolve_fused_ops: fused Gated Delta Net (chunked) enabled
resolve_fused_ops: resolving fused Lightning Indexer support:
graph_reserve: reserving a graph for ubatch with n_tokens =    1, n_seqs =  1, n_outputs =    1
resolve_fused_ops: Lightning Indexer enabled
resolve_fused_ops: resolving fused DeepSeek V4 HC support:
graph_reserve: reserving a graph for ubatch with n_tokens =    1, n_seqs =  1, n_outputs =    1
resolve_fused_ops: fused DeepSeek V4 HC pre enabled
graph_reserve: reserving a graph for ubatch with n_tokens =    1, n_seqs =  1, n_outputs =    1
resolve_fused_ops: fused DeepSeek V4 HC comb enabled
graph_reserve: reserving a graph for ubatch with n_tokens =    1, n_seqs =  1, n_outputs =    1
resolve_fused_ops: fused DeepSeek V4 HC post enabled
graph_reserve: reserving a graph for ubatch with n_tokens =    8, n_seqs =  1, n_outputs =    8
graph_reserve: reserving a graph for ubatch with n_tokens =    1, n_seqs =  1, n_outputs =    1
graph_reserve: reserving a graph for ubatch with n_tokens =    8, n_seqs =  1, n_outputs =    8
sched_reserve:  CUDA_Host compute buffer size =     0.03 MiB
sched_reserve: graph nodes  = 100
sched_reserve: graph splits = 1
sched_reserve: reserve took 3.11 ms, sched copies = 1
llama_context: constructing llama_context
llama_context: n_seq_max             = 1
llama_context: n_ctx                 = 256
llama_context: n_ctx_seq             = 256
llama_context: n_batch               = 32
llama_context: n_ubatch              = 8
llama_context: causal_attn           = 1
llama_context: flash_attn            = disabled
llama_context: kv_unified            = false
llama_context: freq_base             = 10000.0
llama_context: freq_scale            = 1
llama_context: n_rs_seq              = 0
llama_context: n_outputs_max         = 32
llama_context: n_outputs_max_per_seq = 1
llama_context: n_ctx_seq (256) > n_ctx_train (128) -- possible training context overflow
set_abort_callback: call
llama_context:        CPU  output buffer size =     0.00 MiB
llama_kv_cache: layer   0: dev = CPU
llama_kv_cache: layer   1: dev = CPU
llama_kv_cache:        CPU KV buffer size =     0.06 MiB
llama_kv_cache: size =    0.06 MiB (   256 cells,   2 layers,  1/1 seqs), K (f16):    0.03 MiB, V (f16):    0.03 MiB
llama_kv_cache: attn_rot_k = 0, n_embd_head_k_all = 16
llama_kv_cache: attn_rot_v = 0, n_embd_head_k_all = 16
llama_context: enumerating backends
llama_context: backend_ptrs.size() = 2
sched_reserve: reserving ...
sched_reserve: max_nodes = 1024
sched_reserve: decode graph slots = 4 (n_tokens <= 4)
sched_reserve: reserving full memory module
sched_reserve: worst-case: n_tokens = 8, n_seqs = 1, n_outputs = 1
resolve_fused_ops: resolving fused Gated Delta Net support:
graph_reserve: reserving a graph for ubatch with n_tokens =    1, n_seqs =  1, n_outputs =    1
resolve_fused_ops: fused Gated Delta Net (autoregressive) enabled
graph_reserve: reserving a graph for ubatch with n_tokens =   16, n_seqs =  1, n_outputs =   16
resolve_fused_ops: fused Gated Delta Net (chunked) enabled
resolve_fused_ops: resolving fused Lightning Indexer support:
graph_reserve: reserving a graph for ubatch with n_tokens =    1, n_seqs =  1, n_outputs =    1
resolve_fused_ops: Lightning Indexer enabled
resolve_fused_ops: resolving fused DeepSeek V4 HC support:
graph_reserve: reserving a graph for ubatch with n_tokens =    1, n_seqs =  1, n_outputs =    1
resolve_fused_ops: fused DeepSeek V4 HC pre enabled
graph_reserve: reserving a graph for ubatch with n_tokens =    1, n_seqs =  1, n_outputs =    1
resolve_fused_ops: fused DeepSeek V4 HC comb enabled
graph_reserve: reserving a graph for ubatch with n_tokens =    1, n_seqs =  1, n_outputs =    1
resolve_fused_ops: fused DeepSeek V4 HC post enabled
graph_reserve: reserving a graph for ubatch with n_tokens =    8, n_seqs =  1, n_outputs =    8
graph_reserve: reserving a graph for ubatch with n_tokens =    1, n_seqs =  1, n_outputs =    1
graph_reserve: reserving a graph for ubatch with n_tokens =    8, n_seqs =  1, n_outputs =    8
sched_reserve:  CUDA_Host compute buffer size =     0.03 MiB
sched_reserve: graph nodes  = 110
sched_reserve: graph splits = 1
sched_reserve: reserve took 2.50 ms, sched copies = 1
~llama_context:      CUDA0 compute buffer size is   0.0000 MiB, matches expectation of   0.0000 MiB
~llama_context:  CUDA_Host compute buffer size is   0.0304 MiB, matches expectation of   0.0304 MiB
~llama_context:      CUDA0 compute buffer size is   0.0000 MiB, matches expectation of   0.0000 MiB
~llama_context:  CUDA_Host compute buffer size is   0.0304 MiB, matches expectation of   0.0304 MiB
llama_model_loader: loaded meta data with 13 key-value pairs and 23 tensors from C:\Users\cadel\AppData\Local\Temp\moe-integration-1727447.gguf (version GGUF V3 (latest))
llama_model_loader: Dumping metadata keys/values. Note: KV overrides do not apply in this output.
llama_model_loader: - kv   0:                       general.architecture str              = llama
llama_model_loader: - kv   1:                       tokenizer.ggml.model str              = no_vocab
llama_model_loader: - kv   2:                           llama.vocab_size u32              = 32
llama_model_loader: - kv   3:                       llama.context_length u32              = 128
llama_model_loader: - kv   4:                     llama.embedding_length u32              = 32
llama_model_loader: - kv   5:                          llama.block_count u32              = 2
llama_model_loader: - kv   6:                  llama.feed_forward_length u32              = 64
llama_model_loader: - kv   7:                 llama.attention.head_count u32              = 2
llama_model_loader: - kv   8:              llama.attention.head_count_kv u32              = 2
llama_model_loader: - kv   9:                 llama.rope.dimension_count u32              = 16
llama_model_loader: - kv  10:                         llama.expert_count u32              = 4
llama_model_loader: - kv  11:                    llama.expert_used_count u32              = 2
llama_model_loader: - kv  12:     llama.attention.layer_norm_rms_epsilon f32              = 0.000010
llama_model_loader: - type  f32:   23 tensors
print_info: file format = GGUF V3 (latest)
print_info: file type   = (guessed) all F32
print_info: file size   = 0.23 MiB (32.00 BPW) 
llama_prepare_model_devices: using device CUDA0 (NVIDIA GeForce RTX 4060 Laptop GPU) (0000:01:00.0) - 7106 MiB free
load: adding 32 dummy tokens
print_info: arch                  = llama
print_info: vocab_only            = 0
print_info: no_alloc              = 0
print_info: n_ctx_train           = 128
print_info: n_embd_inp            = 32
print_info: n_embd                = 32
print_info: n_embd_out            = 32
print_info: n_layer               = 2
print_info: n_layer_all           = 2
print_info: n_head                = 2
print_info: n_head_kv             = 2
print_info: n_rot                 = 16
print_info: n_swa                 = 0
print_info: is_swa_any            = 0
print_info: n_embd_head_k         = 16
print_info: n_embd_head_v         = 16
print_info: n_gqa                 = 1
print_info: n_embd_k_gqa          = 32
print_info: n_embd_v_gqa          = 32
print_info: f_norm_eps            = 0.0e+00
print_info: f_norm_rms_eps        = 1.0e-05
print_info: f_clamp_kqv           = 0.0e+00
print_info: f_max_alibi_bias      = 0.0e+00
print_info: f_logit_scale         = 0.0e+00
print_info: f_attn_scale          = 0.0e+00
print_info: f_attn_value_scale    = 0.0000
print_info: n_ff                  = 64
print_info: n_expert              = 4
print_info: n_expert_used         = 2
print_info: n_expert_groups       = 0
print_info: n_group_used          = 0
print_info: causal attn           = 1
print_info: pooling type          = -1
print_info: rope type             = 0
print_info: rope scaling          = linear
print_info: freq_base_train       = 10000.0
print_info: freq_scale_train      = 1
print_info: n_ctx_orig_yarn       = 128
print_info: rope_yarn_log_mul     = 0.0000
print_info: rope_finetuned        = unknown
print_info: model type            = ?B
print_info: model params          = 59.81 K
print_info: general.name          = n/a
print_info: vocab type            = no vocab
print_info: n_vocab               = 32
print_info: n_merges              = 0
print_info: max token length      = 0
load_tensors: loading model tensors, this can take a while... (load_mode = none)
load_tensors: layer   0 assigned to device CPU, is_swa = 0
load_tensors: layer   1 assigned to device CPU, is_swa = 0
load_tensors: layer   2 assigned to device CPU, is_swa = 0
create_tensor: loading tensor token_embd.weight
create_tensor: loading tensor output_norm.weight
create_tensor: loading tensor output.weight
create_tensor: loading tensor blk.0.attn_norm.weight
create_tensor: loading tensor blk.0.attn_qkv.weight
create_tensor: loading tensor blk.0.attn_q.weight
create_tensor: loading tensor blk.0.attn_k.weight
create_tensor: loading tensor blk.0.attn_v.weight
create_tensor: loading tensor blk.0.attn_q.bias
create_tensor: loading tensor blk.0.attn_k.bias
create_tensor: loading tensor blk.0.attn_v.bias
create_tensor: loading tensor blk.0.attn_output.weight
create_tensor: loading tensor blk.0.attn_output.bias
create_tensor: loading tensor blk.0.ffn_norm.weight
create_tensor: loading tensor rope_freqs.weight
create_tensor: loading tensor blk.0.ffn_gate_inp.weight
create_tensor: loading tensor blk.0.ffn_gate_exps.weight
create_tensor: loading tensor blk.0.ffn_down_exps.weight
create_tensor: loading tensor blk.0.ffn_up_exps.weight
create_tensor: loading tensor blk.1.attn_norm.weight
create_tensor: loading tensor blk.1.attn_qkv.weight
create_tensor: loading tensor blk.1.attn_q.weight
create_tensor: loading tensor blk.1.attn_k.weight
create_tensor: loading tensor blk.1.attn_v.weight
create_tensor: loading tensor blk.1.attn_q.bias
create_tensor: loading tensor blk.1.attn_k.bias
create_tensor: loading tensor blk.1.attn_v.bias
create_tensor: loading tensor blk.1.attn_output.weight
create_tensor: loading tensor blk.1.attn_output.bias
create_tensor: loading tensor blk.1.ffn_norm.weight
create_tensor: loading tensor rope_freqs.weight
create_tensor: loading tensor blk.1.ffn_gate_inp.weight
create_tensor: loading tensor blk.1.ffn_gate_exps.weight
create_tensor: loading tensor blk.1.ffn_down_exps.weight
create_tensor: loading tensor blk.1.ffn_up_exps.weight
create_tensor: loading tensor blk.0.attn_q.scale
create_tensor: loading tensor blk.0.attn_k.scale
create_tensor: loading tensor blk.0.attn_v.scale
create_tensor: loading tensor blk.0.attn_output.scale
create_tensor: loading tensor blk.0.ffn_gate_exps.scale
create_tensor: loading tensor blk.0.ffn_down_exps.scale
create_tensor: loading tensor blk.0.ffn_up_exps.scale
create_tensor: loading tensor blk.0.attn_q.input_scale
create_tensor: loading tensor blk.0.attn_k.input_scale
create_tensor: loading tensor blk.0.attn_v.input_scale
create_tensor: loading tensor blk.0.attn_output.input_scale
create_tensor: loading tensor blk.0.ffn_gate_exps.input_scale
create_tensor: loading tensor blk.0.ffn_down_exps.input_scale
create_tensor: loading tensor blk.0.ffn_up_exps.input_scale
create_tensor: loading tensor blk.1.attn_q.scale
create_tensor: loading tensor blk.1.attn_k.scale
create_tensor: loading tensor blk.1.attn_v.scale
create_tensor: loading tensor blk.1.attn_output.scale
create_tensor: loading tensor blk.1.ffn_gate_exps.scale
create_tensor: loading tensor blk.1.ffn_down_exps.scale
create_tensor: loading tensor blk.1.ffn_up_exps.scale
create_tensor: loading tensor blk.1.attn_q.input_scale
create_tensor: loading tensor blk.1.attn_k.input_scale
create_tensor: loading tensor blk.1.attn_v.input_scale
create_tensor: loading tensor blk.1.attn_output.input_scale
create_tensor: loading tensor blk.1.ffn_gate_exps.input_scale
create_tensor: loading tensor blk.1.ffn_down_exps.input_scale
create_tensor: loading tensor blk.1.ffn_up_exps.input_scale
load_tensors: offloading 0 repeating layers to GPU
load_tensors: offloaded 0/3 layers to GPU
load_tensors:    CUDA_Host model buffer size =     0.23 MiB
load_all_data: buffer type CUDA_Host is not the default buffer type for device CUDA0 for async uploads
................
llama_model_loader: loaded meta data with 13 key-value pairs and 23 tensors from C:\Users\cadel\AppData\Local\Temp\moe-integration-1727447.gguf (version GGUF V3 (latest))
llama_model_loader: Dumping metadata keys/values. Note: KV overrides do not apply in this output.
llama_model_loader: - kv   0:                       general.architecture str              = llama
llama_model_loader: - kv   1:                       tokenizer.ggml.model str              = no_vocab
llama_model_loader: - kv   2:                           llama.vocab_size u32              = 32
llama_model_loader: - kv   3:                       llama.context_length u32              = 128
llama_model_loader: - kv   4:                     llama.embedding_length u32              = 32
llama_model_loader: - kv   5:                          llama.block_count u32              = 2
llama_model_loader: - kv   6:                  llama.feed_forward_length u32              = 64
llama_model_loader: - kv   7:                 llama.attention.head_count u32              = 2
llama_model_loader: - kv   8:              llama.attention.head_count_kv u32              = 2
llama_model_loader: - kv   9:                 llama.rope.dimension_count u32              = 16
llama_model_loader: - kv  10:                         llama.expert_count u32              = 4
llama_model_loader: - kv  11:                    llama.expert_used_count u32              = 2
llama_model_loader: - kv  12:     llama.attention.layer_norm_rms_epsilon f32              = 0.000010
llama_model_loader: - type  f32:   23 tensors
print_info: file format = GGUF V3 (latest)
print_info: file type   = (guessed) all F32
print_info: file size   = 0.23 MiB (32.00 BPW) 
llama_prepare_model_devices: using device CUDA0 (NVIDIA GeForce RTX 4060 Laptop GPU) (0000:01:00.0) - 7106 MiB free
load: adding 32 dummy tokens
print_info: arch                  = llama
print_info: vocab_only            = 0
print_info: no_alloc              = 0
print_info: n_ctx_train           = 128
print_info: n_embd_inp            = 32
print_info: n_embd                = 32
print_info: n_embd_out            = 32
print_info: n_layer               = 2
print_info: n_layer_all           = 2
print_info: n_head                = 2
print_info: n_head_kv             = 2
print_info: n_rot                 = 16
print_info: n_swa                 = 0
print_info: is_swa_any            = 0
print_info: n_embd_head_k         = 16
print_info: n_embd_head_v         = 16
print_info: n_gqa                 = 1
print_info: n_embd_k_gqa          = 32
print_info: n_embd_v_gqa          = 32
print_info: f_norm_eps            = 0.0e+00
print_info: f_norm_rms_eps        = 1.0e-05
print_info: f_clamp_kqv           = 0.0e+00
print_info: f_max_alibi_bias      = 0.0e+00
print_info: f_logit_scale         = 0.0e+00
print_info: f_attn_scale          = 0.0e+00
print_info: f_attn_value_scale    = 0.0000
print_info: n_ff                  = 64
print_info: n_expert              = 4
print_info: n_expert_used         = 2
print_info: n_expert_groups       = 0
print_info: n_group_used          = 0
print_info: causal attn           = 1
print_info: pooling type          = -1
print_info: rope type             = 0
print_info: rope scaling          = linear
print_info: freq_base_train       = 10000.0
print_info: freq_scale_train      = 1
print_info: n_ctx_orig_yarn       = 128
print_info: rope_yarn_log_mul     = 0.0000
print_info: rope_finetuned        = unknown
print_info: model type            = ?B
print_info: model params          = 59.81 K
print_info: general.name          = n/a
print_info: vocab type            = no vocab
print_info: n_vocab               = 32
print_info: n_merges              = 0
print_info: max token length      = 0
load_tensors: loading model tensors, this can take a while... (load_mode = none)
load_tensors: layer   0 assigned to device CPU, is_swa = 0
load_tensors: layer   1 assigned to device CPU, is_swa = 0
load_tensors: layer   2 assigned to device CPU, is_swa = 0
create_tensor: loading tensor token_embd.weight
create_tensor: loading tensor output_norm.weight
create_tensor: loading tensor output.weight
create_tensor: loading tensor blk.0.attn_norm.weight
create_tensor: loading tensor blk.0.attn_qkv.weight
create_tensor: loading tensor blk.0.attn_q.weight
create_tensor: loading tensor blk.0.attn_k.weight
create_tensor: loading tensor blk.0.attn_v.weight
create_tensor: loading tensor blk.0.attn_q.bias
create_tensor: loading tensor blk.0.attn_k.bias
create_tensor: loading tensor blk.0.attn_v.bias
create_tensor: loading tensor blk.0.attn_output.weight
create_tensor: loading tensor blk.0.attn_output.bias
create_tensor: loading tensor blk.0.ffn_norm.weight
create_tensor: loading tensor rope_freqs.weight
create_tensor: loading tensor blk.0.ffn_gate_inp.weight
create_tensor: loading tensor blk.0.ffn_gate_exps.weight
create_tensor: loading tensor blk.0.ffn_down_exps.weight
create_tensor: loading tensor blk.0.ffn_up_exps.weight
create_tensor: loading tensor blk.1.attn_norm.weight
create_tensor: loading tensor blk.1.attn_qkv.weight
create_tensor: loading tensor blk.1.attn_q.weight
create_tensor: loading tensor blk.1.attn_k.weight
create_tensor: loading tensor blk.1.attn_v.weight
create_tensor: loading tensor blk.1.attn_q.bias
create_tensor: loading tensor blk.1.attn_k.bias
create_tensor: loading tensor blk.1.attn_v.bias
create_tensor: loading tensor blk.1.attn_output.weight
create_tensor: loading tensor blk.1.attn_output.bias
create_tensor: loading tensor blk.1.ffn_norm.weight
create_tensor: loading tensor rope_freqs.weight
create_tensor: loading tensor blk.1.ffn_gate_inp.weight
create_tensor: loading tensor blk.1.ffn_gate_exps.weight
create_tensor: loading tensor blk.1.ffn_down_exps.weight
create_tensor: loading tensor blk.1.ffn_up_exps.weight
create_tensor: loading tensor blk.0.attn_q.scale
create_tensor: loading tensor blk.0.attn_k.scale
create_tensor: loading tensor blk.0.attn_v.scale
create_tensor: loading tensor blk.0.attn_output.scale
create_tensor: loading tensor blk.0.ffn_gate_exps.scale
create_tensor: loading tensor blk.0.ffn_down_exps.scale
create_tensor: loading tensor blk.0.ffn_up_exps.scale
create_tensor: loading tensor blk.0.attn_q.input_scale
create_tensor: loading tensor blk.0.attn_k.input_scale
create_tensor: loading tensor blk.0.attn_v.input_scale
create_tensor: loading tensor blk.0.attn_output.input_scale
create_tensor: loading tensor blk.0.ffn_gate_exps.input_scale
create_tensor: loading tensor blk.0.ffn_down_exps.input_scale
create_tensor: loading tensor blk.0.ffn_up_exps.input_scale
create_tensor: loading tensor blk.1.attn_q.scale
create_tensor: loading tensor blk.1.attn_k.scale
create_tensor: loading tensor blk.1.attn_v.scale
create_tensor: loading tensor blk.1.attn_output.scale
create_tensor: loading tensor blk.1.ffn_gate_exps.scale
create_tensor: loading tensor blk.1.ffn_down_exps.scale
create_tensor: loading tensor blk.1.ffn_up_exps.scale
create_tensor: loading tensor blk.1.attn_q.input_scale
create_tensor: loading tensor blk.1.attn_k.input_scale
create_tensor: loading tensor blk.1.attn_v.input_scale
create_tensor: loading tensor blk.1.attn_output.input_scale
create_tensor: loading tensor blk.1.ffn_gate_exps.input_scale
create_tensor: loading tensor blk.1.ffn_down_exps.input_scale
create_tensor: loading tensor blk.1.ffn_up_exps.input_scale
load_tensors: offloading 0 repeating layers to GPU
load_tensors: offloaded 0/3 layers to GPU
load_tensors:          CPU model buffer size =     0.23 MiB
load_all_data: no device found for buffer type CPU for async uploads
................
load_tensors: experimental host-bank MoE enabled, tile weights <= 24832 bytes; this is not a total memory limit
llama_context: constructing llama_context
llama_context: n_seq_max             = 1
llama_context: n_ctx                 = 256
llama_context: n_ctx_seq             = 256
llama_context: n_batch               = 32
llama_context: n_ubatch              = 8
llama_context: causal_attn           = 1
llama_context: flash_attn            = disabled
llama_context: kv_unified            = false
llama_context: freq_base             = 10000.0
llama_context: freq_scale            = 1
llama_context: n_rs_seq              = 0
llama_context: n_outputs_max         = 32
llama_context: n_outputs_max_per_seq = 1
llama_context: n_ctx_seq (256) > n_ctx_train (128) -- possible training context overflow
set_abort_callback: call
llama_context:        CPU  output buffer size =     0.00 MiB
llama_kv_cache: layer   0: dev = CPU
llama_kv_cache: layer   1: dev = CPU
llama_kv_cache:        CPU KV buffer size =     0.06 MiB
llama_kv_cache: size =    0.06 MiB (   256 cells,   2 layers,  1/1 seqs), K (f16):    0.03 MiB, V (f16):    0.03 MiB
llama_kv_cache: attn_rot_k = 0, n_embd_head_k_all = 16
llama_kv_cache: attn_rot_v = 0, n_embd_head_k_all = 16
llama_context: enumerating backends
llama_context: backend_ptrs.size() = 2
sched_reserve: reserving ...
sched_reserve: max_nodes = 1024
sched_reserve: decode graph slots = 4 (n_tokens <= 4)
sched_reserve: reserving full memory module
sched_reserve: worst-case: n_tokens = 8, n_seqs = 1, n_outputs = 1
resolve_fused_ops: resolving fused Gated Delta Net support:
graph_reserve: reserving a graph for ubatch with n_tokens =    1, n_seqs =  1, n_outputs =    1
resolve_fused_ops: fused Gated Delta Net (autoregressive) enabled
graph_reserve: reserving a graph for ubatch with n_tokens =   16, n_seqs =  1, n_outputs =   16
resolve_fused_ops: fused Gated Delta Net (chunked) enabled
resolve_fused_ops: resolving fused Lightning Indexer support:
graph_reserve: reserving a graph for ubatch with n_tokens =    1, n_seqs =  1, n_outputs =    1
resolve_fused_ops: Lightning Indexer enabled
resolve_fused_ops: resolving fused DeepSeek V4 HC support:
graph_reserve: reserving a graph for ubatch with n_tokens =    1, n_seqs =  1, n_outputs =    1
resolve_fused_ops: fused DeepSeek V4 HC pre enabled
graph_reserve: reserving a graph for ubatch with n_tokens =    1, n_seqs =  1, n_outputs =    1
resolve_fused_ops: fused DeepSeek V4 HC comb enabled
graph_reserve: reserving a graph for ubatch with n_tokens =    1, n_seqs =  1, n_outputs =    1
resolve_fused_ops: fused DeepSeek V4 HC post enabled
graph_reserve: reserving a graph for ubatch with n_tokens =    8, n_seqs =  1, n_outputs =    8
graph_reserve: reserving a graph for ubatch with n_tokens =    1, n_seqs =  1, n_outputs =    1
graph_reserve: reserving a graph for ubatch with n_tokens =    8, n_seqs =  1, n_outputs =    8
sched_reserve:  CUDA_Host compute buffer size =     0.03 MiB
sched_reserve: graph nodes  = 110
sched_reserve: graph splits = 1
sched_reserve: reserve took 3.51 ms, sched copies = 1
llama_context: constructing llama_context
llama_context: MoE device=CUDA0 cache=196608 staging=1048576 compute-limit=67108864 bytes
llama_context: n_seq_max             = 1
llama_context: n_ctx                 = 256
llama_context: n_ctx_seq             = 256
llama_context: n_batch               = 32
llama_context: n_ubatch              = 8
llama_context: causal_attn           = 1
llama_context: flash_attn            = disabled
llama_context: kv_unified            = false
llama_context: freq_base             = 10000.0
llama_context: freq_scale            = 1
llama_context: n_rs_seq              = 0
llama_context: n_outputs_max         = 32
llama_context: n_outputs_max_per_seq = 1
llama_context: n_ctx_seq (256) > n_ctx_train (128) -- possible training context overflow
set_abort_callback: call
llama_context:        CPU  output buffer size =     0.00 MiB
llama_kv_cache: layer   0: dev = CPU
llama_kv_cache: layer   1: dev = CPU
llama_kv_cache:        CPU KV buffer size =     0.06 MiB
llama_kv_cache: size =    0.06 MiB (   256 cells,   2 layers,  1/1 seqs), K (f16):    0.03 MiB, V (f16):    0.03 MiB
llama_kv_cache: attn_rot_k = 0, n_embd_head_k_all = 16
llama_kv_cache: attn_rot_v = 0, n_embd_head_k_all = 16
llama_context: enumerating backends
llama_context: backend_ptrs.size() = 2
sched_reserve: reserving ...
sched_reserve: max_nodes = 1024
sched_reserve: decode graph slots = 4 (n_tokens <= 4)
sched_reserve: reserving full memory module
sched_reserve: worst-case: n_tokens = 8, n_seqs = 1, n_outputs = 1
resolve_fused_ops: resolving fused Gated Delta Net support:
graph_reserve: reserving a graph for ubatch with n_tokens =    1, n_seqs =  1, n_outputs =    1
resolve_fused_ops: fused Gated Delta Net (autoregressive) enabled
graph_reserve: reserving a graph for ubatch with n_tokens =   16, n_seqs =  1, n_outputs =   16
resolve_fused_ops: fused Gated Delta Net (chunked) enabled
resolve_fused_ops: resolving fused Lightning Indexer support:
graph_reserve: reserving a graph for ubatch with n_tokens =    1, n_seqs =  1, n_outputs =    1
resolve_fused_ops: Lightning Indexer enabled
resolve_fused_ops: resolving fused DeepSeek V4 HC support:
graph_reserve: reserving a graph for ubatch with n_tokens =    1, n_seqs =  1, n_outputs =    1
resolve_fused_ops: fused DeepSeek V4 HC pre enabled
graph_reserve: reserving a graph for ubatch with n_tokens =    1, n_seqs =  1, n_outputs =    1
resolve_fused_ops: fused DeepSeek V4 HC comb enabled
graph_reserve: reserving a graph for ubatch with n_tokens =    1, n_seqs =  1, n_outputs =    1
resolve_fused_ops: fused DeepSeek V4 HC post enabled
graph_reserve: reserving a graph for ubatch with n_tokens =    8, n_seqs =  1, n_outputs =    8
graph_reserve: reserving a graph for ubatch with n_tokens =    1, n_seqs =  1, n_outputs =    1
graph_reserve: reserving a graph for ubatch with n_tokens =    8, n_seqs =  1, n_outputs =    8
sched_reserve:  CUDA_Host compute buffer size =     0.03 MiB
sched_reserve: graph nodes  = 100
sched_reserve: graph splits = 1
sched_reserve: reserve took 2.79 ms, sched copies = 1
llama_context: constructing llama_context
llama_init_from_model: failed to initialize the context: GPU MoE requires a GPU device, positive staging/compute budgets and no CPU cache
llama_context: constructing llama_context
llama_init_from_model: failed to initialize the context: MoE cache + compute + reserve exceeds available VRAM
llama_context: constructing llama_context
llama_init_from_model: failed to initialize the context: GPU MoE requires a GPU device, positive staging/compute budgets and no CPU cache
llama_context: constructing llama_context
llama_context: MoE device=CUDA0 cache=196608 staging=1048576 compute-limit=1 bytes
llama_context: n_seq_max             = 1
llama_context: n_ctx                 = 256
llama_context: n_ctx_seq             = 256
llama_context: n_batch               = 32
llama_context: n_ubatch              = 8
llama_context: causal_attn           = 1
llama_context: flash_attn            = disabled
llama_context: kv_unified            = false
llama_context: freq_base             = 10000.0
llama_context: freq_scale            = 1
llama_context: n_rs_seq              = 0
llama_context: n_outputs_max         = 32
llama_context: n_outputs_max_per_seq = 1
llama_context: n_ctx_seq (256) > n_ctx_train (128) -- possible training context overflow
set_abort_callback: call
llama_context:        CPU  output buffer size =     0.00 MiB
llama_kv_cache: layer   0: dev = CPU
llama_kv_cache: layer   1: dev = CPU
llama_kv_cache:        CPU KV buffer size =     0.06 MiB
llama_kv_cache: size =    0.06 MiB (   256 cells,   2 layers,  1/1 seqs), K (f16):    0.03 MiB, V (f16):    0.03 MiB
llama_kv_cache: attn_rot_k = 0, n_embd_head_k_all = 16
llama_kv_cache: attn_rot_v = 0, n_embd_head_k_all = 16
llama_context: enumerating backends
llama_context: backend_ptrs.size() = 2
sched_reserve: reserving ...
sched_reserve: max_nodes = 1024
sched_reserve: decode graph slots = 4 (n_tokens <= 4)
sched_reserve: reserving full memory module
sched_reserve: worst-case: n_tokens = 8, n_seqs = 1, n_outputs = 1
resolve_fused_ops: resolving fused Gated Delta Net support:
graph_reserve: reserving a graph for ubatch with n_tokens =    1, n_seqs =  1, n_outputs =    1
resolve_fused_ops: fused Gated Delta Net (autoregressive) enabled
graph_reserve: reserving a graph for ubatch with n_tokens =   16, n_seqs =  1, n_outputs =   16
resolve_fused_ops: fused Gated Delta Net (chunked) enabled
resolve_fused_ops: resolving fused Lightning Indexer support:
graph_reserve: reserving a graph for ubatch with n_tokens =    1, n_seqs =  1, n_outputs =    1
resolve_fused_ops: Lightning Indexer enabled
resolve_fused_ops: resolving fused DeepSeek V4 HC support:
graph_reserve: reserving a graph for ubatch with n_tokens =    1, n_seqs =  1, n_outputs =    1
resolve_fused_ops: fused DeepSeek V4 HC pre enabled
graph_reserve: reserving a graph for ubatch with n_tokens =    1, n_seqs =  1, n_outputs =    1
resolve_fused_ops: fused DeepSeek V4 HC comb enabled
graph_reserve: reserving a graph for ubatch with n_tokens =    1, n_seqs =  1, n_outputs =    1
resolve_fused_ops: fused DeepSeek V4 HC post enabled
graph_reserve: reserving a graph for ubatch with n_tokens =    8, n_seqs =  1, n_outputs =    8
graph_reserve: reserving a graph for ubatch with n_tokens =    1, n_seqs =  1, n_outputs =    1
graph_reserve: reserving a graph for ubatch with n_tokens =    8, n_seqs =  1, n_outputs =    8
sched_reserve:  CUDA_Host compute buffer size =     0.03 MiB
sched_reserve: graph nodes  = 100
sched_reserve: graph splits = 1
sched_reserve: reserve took 2.49 ms, sched copies = 1
graph_compute: ggml_backend_sched_graph_compute_async failed with error -1
host-bank MoE execution failed: MoE device compute budget exceeded
process_ubatch: failed to compute graph, compute status: -1
decode: removing memory module entries for seq_id = 0, pos = [0, +inf)
llama_decode: failed to decode, ret = -3
~llama_context:      CUDA0 compute buffer size is   0.0000 MiB, matches expectation of   0.0000 MiB
~llama_context:  CUDA_Host compute buffer size is   0.0304 MiB, matches expectation of   0.0304 MiB
graph_reserve: reserving a graph for ubatch with n_tokens =    4, n_seqs =  1, n_outputs =    4
FT_COMPARE layer=0 relative=0.00236489 first=-0.0187945/-0.0187197
FT_COMPARE layer=1 relative=0.00245348 first=-0.0407913/-0.040655
FT_COMPARE layer=0 relative=0.00237446 first=0.0360745/0.0360335
FT_COMPARE layer=1 relative=0.00230697 first=0.0133403/0.0133036
FT_COMPARE layer=0 relative=0.00244501 first=0.021732/0.021615
FT_COMPARE layer=1 relative=0.00253843 first=-0.0933592/-0.093165
FT_COMPARE layer=0 relative=0.00195058 first=0.086423/0.0863041
FT_COMPARE layer=1 relative=0.00225969 first=-0.0184169/-0.0183925
FT_COMPARE layer=0 relative=0.00235546 first=0.00433576/0.00439913
FT_COMPARE layer=1 relative=0.00258321 first=-0.025719/-0.0256684
FT_COMPARE layer=0 relative=0.0023434 first=0.0561421/0.0560113
FT_COMPARE layer=1 relative=0.00221864 first=0.05808/0.0580168
FT_COMPARE layer=0 relative=0.00223515 first=-0.0912347/-0.091029
FT_COMPARE layer=1 relative=0.00250516 first=0.0645847/0.0644161
FT_COMPARE layer=0 relative=0.00224684 first=-0.0282307/-0.0282131
FT_COMPARE layer=1 relative=0.00208146 first=-0.0338825/-0.0338433
FT_COMPARE layer=0 relative=0.00217057 first=0.082642/0.0824396
FT_COMPARE layer=1 relative=0.00212494 first=-0.0783593/-0.0781759
FT_COMPARE layer=0 relative=0.00217626 first=0.0361272/0.0360274
FT_COMPARE layer=1 relative=0.00248594 first=0.00698607/0.00694713
FT_COMPARE layer=0 relative=0.00242423 first=-0.0566568/-0.0565671
FT_COMPARE layer=1 relative=0.002133 first=-0.0537412/-0.0536541
FT_COMPARE layer=0 relative=0.00225261 first=-0.0759584/-0.0758078
FT_COMPARE layer=1 relative=0.00238178 first=-0.00495215/-0.004986
FT_COMPARE layer=0 relative=0.00225654 first=-0.138404/-0.138082
FT_COMPARE layer=1 relative=0.00220035 first=0.0505036/0.0504437
FT_COMPARE layer=0 relative=0.00248128 first=-0.0573892/-0.0572674
FT_COMPARE layer=1 relative=0.00258091 first=-0.0938506/-0.0936393
FT_COMPARE layer=0 relative=0.002121 first=0.0280507/0.0280186
FT_COMPARE layer=1 relative=0.00226944 first=0.0120161/0.0119826
FT_COMPARE layer=0 relative=0.00191631 first=-0.0102462/-0.0102024
FT_COMPARE layer=1 relative=0.00238472 first=-0.0402038/-0.0401149
FT_COMPARE layer=0 relative=0.00206461 first=-0.0684968/-0.0683212
FT_COMPARE layer=1 relative=0.00216083 first=0.0347874/0.0346618
FT_COMPARE layer=0 relative=0.001913 first=0.0402722/0.0402191
FT_COMPARE layer=1 relative=0.00193828 first=-0.037581/-0.0375015
FT_COMPARE layer=0 relative=0.00223933 first=0.0214132/0.0213583
FT_COMPARE layer=1 relative=0.00256574 first=-0.0387981/-0.0387447
FT_COMPARE layer=0 relative=0.00239288 first=0.0468727/0.0467792
FT_COMPARE layer=1 relative=0.00220699 first=-0.0147723/-0.014751
FT_COMPARE layer=0 relative=0.00212968 first=0.0416441/0.041508
FT_COMPARE layer=1 relative=0.00212453 first=0.00922013/0.00924503
FT_COMPARE layer=0 relative=0.00246788 first=-0.0147015/-0.0146685
FT_COMPARE layer=1 relative=0.00249202 first=-0.0305943/-0.0305432
FT_COMPARE layer=0 relative=0.00241579 first=-0.062285/-0.0621233
FT_COMPARE layer=1 relative=0.00266494 first=-0.0741905/-0.0740638
FT_COMPARE layer=0 relative=0.00230579 first=-0.0562827/-0.0561615
FT_COMPARE layer=1 relative=0.00232896 first=-0.0265851/-0.026521
FT_COMPARE layer=0 relative=0.00243898 first=0.102544/0.102281
FT_COMPARE layer=1 relative=0.00237615 first=-0.0555309/-0.0553688
FT_COMPARE layer=0 relative=0.00191026 first=0.0404418/0.0404182
FT_COMPARE layer=1 relative=0.00220186 first=-0.0826271/-0.0824539
FT_COMPARE layer=0 relative=0.00237537 first=0.0410223/0.0408928
FT_COMPARE layer=1 relative=0.00260068 first=-0.112243/-0.112017
FT_COMPARE layer=0 relative=0.0023126 first=0.150228/0.149935
FT_COMPARE layer=1 relative=0.00214608 first=-0.11012/-0.109942
FT_COMPARE layer=0 relative=0.00242851 first=0.0382534/0.0381889
FT_COMPARE layer=1 relative=0.00237461 first=-0.0626066/-0.0624717
FT_COMPARE layer=0 relative=0.00254374 first=-0.078778/-0.0786614
FT_COMPARE layer=1 relative=0.00229578 first=0.0213885/0.0213321
FT_COMPARE layer=0 relative=0.00203643 first=-0.133976/-0.133676
FT_COMPARE layer=1 relative=0.00249032 first=-0.0268099/-0.0267123
FT_COMPARE layer=0 relative=0.00245432 first=-0.0262582/-0.0262651
FT_COMPARE layer=1 relative=0.00217268 first=0.00505341/0.00505706
FT_COMPARE layer=0 relative=0.00202555 first=-0.0386644/-0.0385788
FT_COMPARE layer=1 relative=0.00235597 first=0.0603852/0.0602322
FT_COMPARE layer=0 relative=0.0022686 first=0.0576274/0.0575069
FT_COMPARE layer=1 relative=0.00262048 first=0.0502706/0.0501348
FT_COMPARE layer=0 relative=0.00233314 first=-0.0232946/-0.0231827
FT_COMPARE layer=1 relative=0.00217104 first=-0.097573/-0.0973954
FT_COMPARE layer=0 relative=0.00229768 first=-0.0659119/-0.0657523
FT_COMPARE layer=1 relative=0.00209763 first=-0.0202122/-0.0202097
FT_COMPARE layer=0 relative=0.00217406 first=0.0813556/0.0811606
FT_COMPARE layer=1 relative=0.00216298 first=-0.0358134/-0.0358009
FT_COMPARE layer=0 relative=0.00201543 first=-0.0603291/-0.0601813
FT_COMPARE layer=1 relative=0.0023268 first=0.132474/0.132108
FT_COMPARE layer=0 relative=0.00239497 first=-0.0185877/-0.0185882
FT_COMPARE layer=1 relative=0.00225579 first=0.128755/0.128495
FT_COMPARE layer=0 relative=0.00216288 first=-0.0164378/-0.0164314
FT_COMPARE layer=1 relative=0.00228712 first=-0.0498914/-0.049787
FT_COMPARE layer=0 relative=0.00213813 first=0.123307/0.123058
FT_COMPARE layer=1 relative=0.00181683 first=-0.0966535/-0.0964547
FT_COMPARE layer=0 relative=0.00204235 first=0.0317737/0.0317341
FT_COMPARE layer=1 relative=0.00215807 first=0.080674/0.0805184
FT_COMPARE layer=0 relative=0.00206363 first=-0.0639087/-0.0638236
FT_COMPARE layer=1 relative=0.00215372 first=-0.0630499/-0.0628839
FT_COMPARE layer=0 relative=0.00224912 first=-0.0966017/-0.0963816
FT_COMPARE layer=1 relative=0.00212244 first=0.039923/0.0398439
FT_COMPARE layer=0 relative=0.00233152 first=-0.0971882/-0.0969668
FT_COMPARE layer=1 relative=0.00227958 first=0.0332357/0.0330936
FT_COMPARE layer=0 relative=0.00246539 first=-0.0529353/-0.0527578
FT_COMPARE layer=1 relative=0.00232175 first=-0.0610196/-0.060907
FT_COMPARE layer=0 relative=0.00192576 first=-0.00992727/-0.00989715
FT_COMPARE layer=1 relative=0.00230827 first=0.0498298/0.0497114
FT_COMPARE layer=0 relative=0.00218004 first=-0.0603287/-0.06017
FT_COMPARE layer=1 relative=0.00239901 first=-0.0429803/-0.0429134
set_abort_callback: call
graph_compute: ggml_backend_sched_graph_compute_async failed with error 1
process_ubatch: failed to compute graph, compute status: 1
decode: removing memory module entries for seq_id = 0, pos = [59, +inf)
llama_decode: failed to decode, ret = 2
set_abort_callback: call
graph_compute: ggml_backend_sched_graph_compute_async failed with error -1
host-bank MoE execution failed: MoE routing weight must be finite
process_ubatch: failed to compute graph, compute status: -1
decode: removing memory module entries for seq_id = 0, pos = [59, +inf)
llama_decode: failed to decode, ret = -3
FT_COMPARE layer=0 relative=0.00217861 first=-0.0680329/-0.0678578
FT_COMPARE layer=1 relative=0.00252075 first=0.0742872/0.0740818
llama_context: constructing llama_context
llama_init_from_model: failed to initialize the context: host-bank MoE requires one sequence, op_offload=false and offload_kqv=false
llama_context: constructing llama_context
llama_init_from_model: failed to initialize the context: host-bank MoE requires one sequence, op_offload=false and offload_kqv=false
llama_context: constructing llama_context
llama_init_from_model: failed to initialize the context: host-bank MoE requires one sequence, op_offload=false and offload_kqv=false
llama_context: constructing llama_context
llama_init_from_model: failed to initialize the context: moe cache: invalid uniform arena geometry
llama_context: constructing llama_context
llama_init_from_model: failed to initialize the context: host-bank MoE cache requires model.moe_cpu_tile_bytes host-bank setup
~llama_context:      CUDA0 compute buffer size is   0.0000 MiB, matches expectation of   0.0000 MiB
~llama_context:  CUDA_Host compute buffer size is   0.0304 MiB, matches expectation of   0.0304 MiB
~llama_context:      CUDA0 compute buffer size is   0.0000 MiB, matches expectation of   0.0000 MiB
~llama_context:  CUDA_Host compute buffer size is   0.0304 MiB, matches expectation of   0.0304 MiB
llama_context: constructing llama_context
llama_context: MoE device=CUDA0 cache=196608 staging=1048576 compute-limit=67108864 bytes
llama_context: n_seq_max             = 1
llama_context: n_ctx                 = 256
llama_context: n_ctx_seq             = 256
llama_context: n_batch               = 32
llama_context: n_ubatch              = 8
llama_context: causal_attn           = 1
llama_context: flash_attn            = disabled
llama_context: kv_unified            = false
llama_context: freq_base             = 10000.0
llama_context: freq_scale            = 1
llama_context: n_rs_seq              = 0
llama_context: n_outputs_max         = 32
llama_context: n_outputs_max_per_seq = 1
llama_context: n_ctx_seq (256) > n_ctx_train (128) -- possible training context overflow
set_abort_callback: call
llama_context:        CPU  output buffer size =     0.00 MiB
llama_kv_cache: layer   0: dev = CPU
llama_kv_cache: layer   1: dev = CPU
llama_kv_cache:        CPU KV buffer size =     0.06 MiB
llama_kv_cache: size =    0.06 MiB (   256 cells,   2 layers,  1/1 seqs), K (f16):    0.03 MiB, V (f16):    0.03 MiB
llama_kv_cache: attn_rot_k = 0, n_embd_head_k_all = 16
llama_kv_cache: attn_rot_v = 0, n_embd_head_k_all = 16
llama_context: enumerating backends
llama_context: backend_ptrs.size() = 2
sched_reserve: reserving ...
sched_reserve: max_nodes = 1024
sched_reserve: decode graph slots = 4 (n_tokens <= 4)
sched_reserve: reserving full memory module
sched_reserve: worst-case: n_tokens = 8, n_seqs = 1, n_outputs = 1
resolve_fused_ops: resolving fused Gated Delta Net support:
graph_reserve: reserving a graph for ubatch with n_tokens =    1, n_seqs =  1, n_outputs =    1
resolve_fused_ops: fused Gated Delta Net (autoregressive) enabled
graph_reserve: reserving a graph for ubatch with n_tokens =   16, n_seqs =  1, n_outputs =   16
resolve_fused_ops: fused Gated Delta Net (chunked) enabled
resolve_fused_ops: resolving fused Lightning Indexer support:
graph_reserve: reserving a graph for ubatch with n_tokens =    1, n_seqs =  1, n_outputs =    1
resolve_fused_ops: Lightning Indexer enabled
resolve_fused_ops: resolving fused DeepSeek V4 HC support:
graph_reserve: reserving a graph for ubatch with n_tokens =    1, n_seqs =  1, n_outputs =    1
resolve_fused_ops: fused DeepSeek V4 HC pre enabled
graph_reserve: reserving a graph for ubatch with n_tokens =    1, n_seqs =  1, n_outputs =    1
resolve_fused_ops: fused DeepSeek V4 HC comb enabled
graph_reserve: reserving a graph for ubatch with n_tokens =    1, n_seqs =  1, n_outputs =    1
resolve_fused_ops: fused DeepSeek V4 HC post enabled
graph_reserve: reserving a graph for ubatch with n_tokens =    8, n_seqs =  1, n_outputs =    8
graph_reserve: reserving a graph for ubatch with n_tokens =    1, n_seqs =  1, n_outputs =    1
graph_reserve: reserving a graph for ubatch with n_tokens =    8, n_seqs =  1, n_outputs =    8
sched_reserve:  CUDA_Host compute buffer size =     0.03 MiB
sched_reserve: graph nodes  = 100
sched_reserve: graph splits = 1
sched_reserve: reserve took 2.04 ms, sched copies = 1
llama_context: constructing llama_context
llama_context: n_seq_max             = 1
llama_context: n_ctx                 = 256
llama_context: n_ctx_seq             = 256
llama_context: n_batch               = 32
llama_context: n_ubatch              = 8
llama_context: causal_attn           = 1
llama_context: flash_attn            = disabled
llama_context: kv_unified            = false
llama_context: freq_base             = 10000.0
llama_context: freq_scale            = 1
llama_context: n_rs_seq              = 0
llama_context: n_outputs_max         = 32
llama_context: n_outputs_max_per_seq = 1
llama_context: n_ctx_seq (256) > n_ctx_train (128) -- possible training context overflow
set_abort_callback: call
llama_context:        CPU  output buffer size =     0.00 MiB
llama_kv_cache: layer   0: dev = CPU
llama_kv_cache: layer   1: dev = CPU
llama_kv_cache:        CPU KV buffer size =     0.06 MiB
llama_kv_cache: size =    0.06 MiB (   256 cells,   2 layers,  1/1 seqs), K (f16):    0.03 MiB, V (f16):    0.03 MiB
llama_kv_cache: attn_rot_k = 0, n_embd_head_k_all = 16
llama_kv_cache: attn_rot_v = 0, n_embd_head_k_all = 16
llama_context: enumerating backends
llama_context: backend_ptrs.size() = 2
sched_reserve: reserving ...
sched_reserve: max_nodes = 1024
sched_reserve: decode graph slots = 4 (n_tokens <= 4)
sched_reserve: reserving full memory module
sched_reserve: worst-case: n_tokens = 8, n_seqs = 1, n_outputs = 1
resolve_fused_ops: resolving fused Gated Delta Net support:
graph_reserve: reserving a graph for ubatch with n_tokens =    1, n_seqs =  1, n_outputs =    1
resolve_fused_ops: fused Gated Delta Net (autoregressive) enabled
graph_reserve: reserving a graph for ubatch with n_tokens =   16, n_seqs =  1, n_outputs =   16
resolve_fused_ops: fused Gated Delta Net (chunked) enabled
resolve_fused_ops: resolving fused Lightning Indexer support:
graph_reserve: reserving a graph for ubatch with n_tokens =    1, n_seqs =  1, n_outputs =    1
resolve_fused_ops: Lightning Indexer enabled
resolve_fused_ops: resolving fused DeepSeek V4 HC support:
graph_reserve: reserving a graph for ubatch with n_tokens =    1, n_seqs =  1, n_outputs =    1
resolve_fused_ops: fused DeepSeek V4 HC pre enabled
graph_reserve: reserving a graph for ubatch with n_tokens =    1, n_seqs =  1, n_outputs =    1
resolve_fused_ops: fused DeepSeek V4 HC comb enabled
graph_reserve: reserving a graph for ubatch with n_tokens =    1, n_seqs =  1, n_outputs =    1
resolve_fused_ops: fused DeepSeek V4 HC post enabled
graph_reserve: reserving a graph for ubatch with n_tokens =    8, n_seqs =  1, n_outputs =    8
graph_reserve: reserving a graph for ubatch with n_tokens =    1, n_seqs =  1, n_outputs =    1
graph_reserve: reserving a graph for ubatch with n_tokens =    8, n_seqs =  1, n_outputs =    8
sched_reserve:  CUDA_Host compute buffer size =     0.03 MiB
sched_reserve: graph nodes  = 110
sched_reserve: graph splits = 1
sched_reserve: reserve took 2.42 ms, sched copies = 1
FT_COMPARE layer=0 relative=0.00236489 first=-0.0187945/-0.0187197
FT_COMPARE layer=1 relative=0.00245348 first=-0.0407913/-0.040655
~llama_context:      CUDA0 compute buffer size is   0.0000 MiB, matches expectation of   0.0000 MiB
~llama_context:  CUDA_Host compute buffer size is   0.0304 MiB, matches expectation of   0.0304 MiB
~llama_context:      CUDA0 compute buffer size is   0.0000 MiB, matches expectation of   0.0000 MiB
~llama_context:  CUDA_Host compute buffer size is   0.0304 MiB, matches expectation of   0.0304 MiB
llama_model_loader: loaded meta data with 13 key-value pairs and 23 tensors from C:\Users\cadel\AppData\Local\Temp\moe-integration-1727447.gguf (version GGUF V3 (latest))
llama_model_loader: Dumping metadata keys/values. Note: KV overrides do not apply in this output.
llama_model_loader: - kv   0:                       general.architecture str              = llama
llama_model_loader: - kv   1:                       tokenizer.ggml.model str              = no_vocab
llama_model_loader: - kv   2:                           llama.vocab_size u32              = 32
llama_model_loader: - kv   3:                       llama.context_length u32              = 128
llama_model_loader: - kv   4:                     llama.embedding_length u32              = 32
llama_model_loader: - kv   5:                          llama.block_count u32              = 2
llama_model_loader: - kv   6:                  llama.feed_forward_length u32              = 64
llama_model_loader: - kv   7:                 llama.attention.head_count u32              = 2
llama_model_loader: - kv   8:              llama.attention.head_count_kv u32              = 2
llama_model_loader: - kv   9:                 llama.rope.dimension_count u32              = 16
llama_model_loader: - kv  10:                         llama.expert_count u32              = 4
llama_model_loader: - kv  11:                    llama.expert_used_count u32              = 2
llama_model_loader: - kv  12:     llama.attention.layer_norm_rms_epsilon f32              = 0.000010
llama_model_loader: - type  f32:   23 tensors
print_info: file format = GGUF V3 (latest)
print_info: file type   = (guessed) all F32
print_info: file size   = 0.23 MiB (32.00 BPW) 
llama_prepare_model_devices: using device CUDA0 (NVIDIA GeForce RTX 4060 Laptop GPU) (0000:01:00.0) - 7096 MiB free
load: adding 32 dummy tokens
print_info: arch                  = llama
print_info: vocab_only            = 0
print_info: no_alloc              = 0
print_info: n_ctx_train           = 128
print_info: n_embd_inp            = 32
print_info: n_embd                = 32
print_info: n_embd_out            = 32
print_info: n_layer               = 2
print_info: n_layer_all           = 2
print_info: n_head                = 2
print_info: n_head_kv             = 2
print_info: n_rot                 = 16
print_info: n_swa                 = 0
print_info: is_swa_any            = 0
print_info: n_embd_head_k         = 16
print_info: n_embd_head_v         = 16
print_info: n_gqa                 = 1
print_info: n_embd_k_gqa          = 32
print_info: n_embd_v_gqa          = 32
print_info: f_norm_eps            = 0.0e+00
print_info: f_norm_rms_eps        = 1.0e-05
print_info: f_clamp_kqv           = 0.0e+00
print_info: f_max_alibi_bias      = 0.0e+00
print_info: f_logit_scale         = 0.0e+00
print_info: f_attn_scale          = 0.0e+00
print_info: f_attn_value_scale    = 0.0000
print_info: n_ff                  = 64
print_info: n_expert              = 4
print_info: n_expert_used         = 2
print_info: n_expert_groups       = 0
print_info: n_group_used          = 0
print_info: causal attn           = 1
print_info: pooling type          = -1
print_info: rope type             = 0
print_info: rope scaling          = linear
print_info: freq_base_train       = 10000.0
print_info: freq_scale_train      = 1
print_info: n_ctx_orig_yarn       = 128
print_info: rope_yarn_log_mul     = 0.0000
print_info: rope_finetuned        = unknown
print_info: model type            = ?B
print_info: model params          = 59.81 K
print_info: general.name          = n/a
print_info: vocab type            = no vocab
print_info: n_vocab               = 32
print_info: n_merges              = 0
print_info: max token length      = 0
load_tensors: loading model tensors, this can take a while... (load_mode = mmap)
load_tensors: layer   0 assigned to device CPU, is_swa = 0
load_tensors: layer   1 assigned to device CPU, is_swa = 0
load_tensors: layer   2 assigned to device CPU, is_swa = 0
create_tensor: loading tensor token_embd.weight
create_tensor: loading tensor output_norm.weight
create_tensor: loading tensor output.weight
create_tensor: loading tensor blk.0.attn_norm.weight
create_tensor: loading tensor blk.0.attn_qkv.weight
create_tensor: loading tensor blk.0.attn_q.weight
create_tensor: loading tensor blk.0.attn_k.weight
create_tensor: loading tensor blk.0.attn_v.weight
create_tensor: loading tensor blk.0.attn_q.bias
create_tensor: loading tensor blk.0.attn_k.bias
create_tensor: loading tensor blk.0.attn_v.bias
create_tensor: loading tensor blk.0.attn_output.weight
create_tensor: loading tensor blk.0.attn_output.bias
create_tensor: loading tensor blk.0.ffn_norm.weight
create_tensor: loading tensor rope_freqs.weight
create_tensor: loading tensor blk.0.ffn_gate_inp.weight
create_tensor: loading tensor blk.0.ffn_gate_exps.weight
create_tensor: loading tensor blk.0.ffn_down_exps.weight
create_tensor: loading tensor blk.0.ffn_up_exps.weight
create_tensor: loading tensor blk.1.attn_norm.weight
create_tensor: loading tensor blk.1.attn_qkv.weight
create_tensor: loading tensor blk.1.attn_q.weight
create_tensor: loading tensor blk.1.attn_k.weight
create_tensor: loading tensor blk.1.attn_v.weight
create_tensor: loading tensor blk.1.attn_q.bias
create_tensor: loading tensor blk.1.attn_k.bias
create_tensor: loading tensor blk.1.attn_v.bias
create_tensor: loading tensor blk.1.attn_output.weight
create_tensor: loading tensor blk.1.attn_output.bias
create_tensor: loading tensor blk.1.ffn_norm.weight
create_tensor: loading tensor rope_freqs.weight
create_tensor: loading tensor blk.1.ffn_gate_inp.weight
create_tensor: loading tensor blk.1.ffn_gate_exps.weight
create_tensor: loading tensor blk.1.ffn_down_exps.weight
create_tensor: loading tensor blk.1.ffn_up_exps.weight
create_tensor: loading tensor blk.0.attn_q.scale
create_tensor: loading tensor blk.0.attn_k.scale
create_tensor: loading tensor blk.0.attn_v.scale
create_tensor: loading tensor blk.0.attn_output.scale
create_tensor: loading tensor blk.0.ffn_gate_exps.scale
create_tensor: loading tensor blk.0.ffn_down_exps.scale
create_tensor: loading tensor blk.0.ffn_up_exps.scale
create_tensor: loading tensor blk.0.attn_q.input_scale
create_tensor: loading tensor blk.0.attn_k.input_scale
create_tensor: loading tensor blk.0.attn_v.input_scale
create_tensor: loading tensor blk.0.attn_output.input_scale
create_tensor: loading tensor blk.0.ffn_gate_exps.input_scale
create_tensor: loading tensor blk.0.ffn_down_exps.input_scale
create_tensor: loading tensor blk.0.ffn_up_exps.input_scale
create_tensor: loading tensor blk.1.attn_q.scale
create_tensor: loading tensor blk.1.attn_k.scale
create_tensor: loading tensor blk.1.attn_v.scale
create_tensor: loading tensor blk.1.attn_output.scale
create_tensor: loading tensor blk.1.ffn_gate_exps.scale
create_tensor: loading tensor blk.1.ffn_down_exps.scale
create_tensor: loading tensor blk.1.ffn_up_exps.scale
create_tensor: loading tensor blk.1.attn_q.input_scale
create_tensor: loading tensor blk.1.attn_k.input_scale
create_tensor: loading tensor blk.1.attn_v.input_scale
create_tensor: loading tensor blk.1.attn_output.input_scale
create_tensor: loading tensor blk.1.ffn_gate_exps.input_scale
create_tensor: loading tensor blk.1.ffn_down_exps.input_scale
create_tensor: loading tensor blk.1.ffn_up_exps.input_scale
done_getting_tensors: tensor 'token_embd.weight' (f32) (and 22 others) cannot be used with preferred buffer type CUDA_Host, using CPU instead
load_tensors: offloading 0 repeating layers to GPU
load_tensors: offloaded 0/3 layers to GPU
load_tensors:   CPU_Mapped model buffer size =     0.23 MiB
................
llama_model_loader: loaded meta data with 13 key-value pairs and 23 tensors from C:\Users\cadel\AppData\Local\Temp\moe-integration-1727447.gguf (version GGUF V3 (latest))
llama_model_loader: Dumping metadata keys/values. Note: KV overrides do not apply in this output.
llama_model_loader: - kv   0:                       general.architecture str              = llama
llama_model_loader: - kv   1:                       tokenizer.ggml.model str              = no_vocab
llama_model_loader: - kv   2:                           llama.vocab_size u32              = 32
llama_model_loader: - kv   3:                       llama.context_length u32              = 128
llama_model_loader: - kv   4:                     llama.embedding_length u32              = 32
llama_model_loader: - kv   5:                          llama.block_count u32              = 2
llama_model_loader: - kv   6:                  llama.feed_forward_length u32              = 64
llama_model_loader: - kv   7:                 llama.attention.head_count u32              = 2
llama_model_loader: - kv   8:              llama.attention.head_count_kv u32              = 2
llama_model_loader: - kv   9:                 llama.rope.dimension_count u32              = 16
llama_model_loader: - kv  10:                         llama.expert_count u32              = 4
llama_model_loader: - kv  11:                    llama.expert_used_count u32              = 2
llama_model_loader: - kv  12:     llama.attention.layer_norm_rms_epsilon f32              = 0.000010
llama_model_loader: - type  f32:   23 tensors
print_info: file format = GGUF V3 (latest)
print_info: file type   = (guessed) all F32
print_info: file size   = 0.23 MiB (32.00 BPW) 
llama_prepare_model_devices: using device CUDA0 (NVIDIA GeForce RTX 4060 Laptop GPU) (0000:01:00.0) - 7096 MiB free
load: adding 32 dummy tokens
print_info: arch                  = llama
print_info: vocab_only            = 0
print_info: no_alloc              = 0
print_info: n_ctx_train           = 128
print_info: n_embd_inp            = 32
print_info: n_embd                = 32
print_info: n_embd_out            = 32
print_info: n_layer               = 2
print_info: n_layer_all           = 2
print_info: n_head                = 2
print_info: n_head_kv             = 2
print_info: n_rot                 = 16
print_info: n_swa                 = 0
print_info: is_swa_any            = 0
print_info: n_embd_head_k         = 16
print_info: n_embd_head_v         = 16
print_info: n_gqa                 = 1
print_info: n_embd_k_gqa          = 32
print_info: n_embd_v_gqa          = 32
print_info: f_norm_eps            = 0.0e+00
print_info: f_norm_rms_eps        = 1.0e-05
print_info: f_clamp_kqv           = 0.0e+00
print_info: f_max_alibi_bias      = 0.0e+00
print_info: f_logit_scale         = 0.0e+00
print_info: f_attn_scale          = 0.0e+00
print_info: f_attn_value_scale    = 0.0000
print_info: n_ff                  = 64
print_info: n_expert              = 4
print_info: n_expert_used         = 2
print_info: n_expert_groups       = 0
print_info: n_group_used          = 0
print_info: causal attn           = 1
print_info: pooling type          = -1
print_info: rope type             = 0
print_info: rope scaling          = linear
print_info: freq_base_train       = 10000.0
print_info: freq_scale_train      = 1
print_info: n_ctx_orig_yarn       = 128
print_info: rope_yarn_log_mul     = 0.0000
print_info: rope_finetuned        = unknown
print_info: model type            = ?B
print_info: model params          = 59.81 K
print_info: general.name          = n/a
print_info: vocab type            = no vocab
print_info: n_vocab               = 32
print_info: n_merges              = 0
print_info: max token length      = 0
load_tensors: loading model tensors, this can take a while... (load_mode = mmap)
load_tensors: layer   0 assigned to device CPU, is_swa = 0
load_tensors: layer   1 assigned to device CPU, is_swa = 0
load_tensors: layer   2 assigned to device CPU, is_swa = 0
create_tensor: loading tensor token_embd.weight
create_tensor: loading tensor output_norm.weight
create_tensor: loading tensor output.weight
create_tensor: loading tensor blk.0.attn_norm.weight
create_tensor: loading tensor blk.0.attn_qkv.weight
create_tensor: loading tensor blk.0.attn_q.weight
create_tensor: loading tensor blk.0.attn_k.weight
create_tensor: loading tensor blk.0.attn_v.weight
create_tensor: loading tensor blk.0.attn_q.bias
create_tensor: loading tensor blk.0.attn_k.bias
create_tensor: loading tensor blk.0.attn_v.bias
create_tensor: loading tensor blk.0.attn_output.weight
create_tensor: loading tensor blk.0.attn_output.bias
create_tensor: loading tensor blk.0.ffn_norm.weight
create_tensor: loading tensor rope_freqs.weight
create_tensor: loading tensor blk.0.ffn_gate_inp.weight
create_tensor: loading tensor blk.0.ffn_gate_exps.weight
create_tensor: loading tensor blk.0.ffn_down_exps.weight
create_tensor: loading tensor blk.0.ffn_up_exps.weight
create_tensor: loading tensor blk.1.attn_norm.weight
create_tensor: loading tensor blk.1.attn_qkv.weight
create_tensor: loading tensor blk.1.attn_q.weight
create_tensor: loading tensor blk.1.attn_k.weight
create_tensor: loading tensor blk.1.attn_v.weight
create_tensor: loading tensor blk.1.attn_q.bias
create_tensor: loading tensor blk.1.attn_k.bias
create_tensor: loading tensor blk.1.attn_v.bias
create_tensor: loading tensor blk.1.attn_output.weight
create_tensor: loading tensor blk.1.attn_output.bias
create_tensor: loading tensor blk.1.ffn_norm.weight
create_tensor: loading tensor rope_freqs.weight
create_tensor: loading tensor blk.1.ffn_gate_inp.weight
create_tensor: loading tensor blk.1.ffn_gate_exps.weight
create_tensor: loading tensor blk.1.ffn_down_exps.weight
create_tensor: loading tensor blk.1.ffn_up_exps.weight
create_tensor: loading tensor blk.0.attn_q.scale
create_tensor: loading tensor blk.0.attn_k.scale
create_tensor: loading tensor blk.0.attn_v.scale
create_tensor: loading tensor blk.0.attn_output.scale
create_tensor: loading tensor blk.0.ffn_gate_exps.scale
create_tensor: loading tensor blk.0.ffn_down_exps.scale
create_tensor: loading tensor blk.0.ffn_up_exps.scale
create_tensor: loading tensor blk.0.attn_q.input_scale
create_tensor: loading tensor blk.0.attn_k.input_scale
create_tensor: loading tensor blk.0.attn_v.input_scale
create_tensor: loading tensor blk.0.attn_output.input_scale
create_tensor: loading tensor blk.0.ffn_gate_exps.input_scale
create_tensor: loading tensor blk.0.ffn_down_exps.input_scale
create_tensor: loading tensor blk.0.ffn_up_exps.input_scale
create_tensor: loading tensor blk.1.attn_q.scale
create_tensor: loading tensor blk.1.attn_k.scale
create_tensor: loading tensor blk.1.attn_v.scale
create_tensor: loading tensor blk.1.attn_output.scale
create_tensor: loading tensor blk.1.ffn_gate_exps.scale
create_tensor: loading tensor blk.1.ffn_down_exps.scale
create_tensor: loading tensor blk.1.ffn_up_exps.scale
create_tensor: loading tensor blk.1.attn_q.input_scale
create_tensor: loading tensor blk.1.attn_k.input_scale
create_tensor: loading tensor blk.1.attn_v.input_scale
create_tensor: loading tensor blk.1.attn_output.input_scale
create_tensor: loading tensor blk.1.ffn_gate_exps.input_scale
create_tensor: loading tensor blk.1.ffn_down_exps.input_scale
create_tensor: loading tensor blk.1.ffn_up_exps.input_scale
load_tensors: offloading 0 repeating layers to GPU
load_tensors: offloaded 0/3 layers to GPU
load_tensors:   CPU_Mapped model buffer size =     0.23 MiB
................
load_tensors: experimental host-bank MoE enabled, tile weights <= 24832 bytes; this is not a total memory limit
llama_context: constructing llama_context
llama_context: n_seq_max             = 1
llama_context: n_ctx                 = 256
llama_context: n_ctx_seq             = 256
llama_context: n_batch               = 32
llama_context: n_ubatch              = 8
llama_context: causal_attn           = 1
llama_context: flash_attn            = disabled
llama_context: kv_unified            = false
llama_context: freq_base             = 10000.0
llama_context: freq_scale            = 1
llama_context: n_rs_seq              = 0
llama_context: n_outputs_max         = 32
llama_context: n_outputs_max_per_seq = 1
llama_context: n_ctx_seq (256) > n_ctx_train (128) -- possible training context overflow
set_abort_callback: call
llama_context:        CPU  output buffer size =     0.00 MiB
llama_kv_cache: layer   0: dev = CPU
llama_kv_cache: layer   1: dev = CPU
llama_kv_cache:        CPU KV buffer size =     0.06 MiB
llama_kv_cache: size =    0.06 MiB (   256 cells,   2 layers,  1/1 seqs), K (f16):    0.03 MiB, V (f16):    0.03 MiB
llama_kv_cache: attn_rot_k = 0, n_embd_head_k_all = 16
llama_kv_cache: attn_rot_v = 0, n_embd_head_k_all = 16
llama_context: enumerating backends
llama_context: backend_ptrs.size() = 2
sched_reserve: reserving ...
sched_reserve: max_nodes = 1024
sched_reserve: decode graph slots = 4 (n_tokens <= 4)
sched_reserve: reserving full memory module
sched_reserve: worst-case: n_tokens = 8, n_seqs = 1, n_outputs = 1
resolve_fused_ops: resolving fused Gated Delta Net support:
graph_reserve: reserving a graph for ubatch with n_tokens =    1, n_seqs =  1, n_outputs =    1
resolve_fused_ops: fused Gated Delta Net (autoregressive) enabled
graph_reserve: reserving a graph for ubatch with n_tokens =   16, n_seqs =  1, n_outputs =   16
resolve_fused_ops: fused Gated Delta Net (chunked) enabled
resolve_fused_ops: resolving fused Lightning Indexer support:
graph_reserve: reserving a graph for ubatch with n_tokens =    1, n_seqs =  1, n_outputs =    1
resolve_fused_ops: Lightning Indexer enabled
resolve_fused_ops: resolving fused DeepSeek V4 HC support:
graph_reserve: reserving a graph for ubatch with n_tokens =    1, n_seqs =  1, n_outputs =    1
resolve_fused_ops: fused DeepSeek V4 HC pre enabled
graph_reserve: reserving a graph for ubatch with n_tokens =    1, n_seqs =  1, n_outputs =    1
resolve_fused_ops: fused DeepSeek V4 HC comb enabled
graph_reserve: reserving a graph for ubatch with n_tokens =    1, n_seqs =  1, n_outputs =    1
resolve_fused_ops: fused DeepSeek V4 HC post enabled
graph_reserve: reserving a graph for ubatch with n_tokens =    8, n_seqs =  1, n_outputs =    8
graph_reserve: reserving a graph for ubatch with n_tokens =    1, n_seqs =  1, n_outputs =    1
graph_reserve: reserving a graph for ubatch with n_tokens =    8, n_seqs =  1, n_outputs =    8
sched_reserve:  CUDA_Host compute buffer size =     0.03 MiB
sched_reserve: graph nodes  = 110
sched_reserve: graph splits = 1
sched_reserve: reserve took 2.76 ms, sched copies = 1
llama_context: constructing llama_context
llama_context: n_seq_max             = 1
llama_context: n_ctx                 = 256
llama_context: n_ctx_seq             = 256
llama_context: n_batch               = 32
llama_context: n_ubatch              = 8
llama_context: causal_attn           = 1
llama_context: flash_attn            = disabled
llama_context: kv_unified            = false
llama_context: freq_base             = 10000.0
llama_context: freq_scale            = 1
llama_context: n_rs_seq              = 0
llama_context: n_outputs_max         = 32
llama_context: n_outputs_max_per_seq = 1
llama_context: n_ctx_seq (256) > n_ctx_train (128) -- possible training context overflow
set_abort_callback: call
llama_context:        CPU  output buffer size =     0.00 MiB
llama_kv_cache: layer   0: dev = CPU
llama_kv_cache: layer   1: dev = CPU
llama_kv_cache:        CPU KV buffer size =     0.06 MiB
llama_kv_cache: size =    0.06 MiB (   256 cells,   2 layers,  1/1 seqs), K (f16):    0.03 MiB, V (f16):    0.03 MiB
llama_kv_cache: attn_rot_k = 0, n_embd_head_k_all = 16
llama_kv_cache: attn_rot_v = 0, n_embd_head_k_all = 16
llama_context: enumerating backends
llama_context: backend_ptrs.size() = 2
sched_reserve: reserving ...
sched_reserve: max_nodes = 1024
sched_reserve: decode graph slots = 4 (n_tokens <= 4)
sched_reserve: reserving full memory module
sched_reserve: worst-case: n_tokens = 8, n_seqs = 1, n_outputs = 1
resolve_fused_ops: resolving fused Gated Delta Net support:
graph_reserve: reserving a graph for ubatch with n_tokens =    1, n_seqs =  1, n_outputs =    1
resolve_fused_ops: fused Gated Delta Net (autoregressive) enabled
graph_reserve: reserving a graph for ubatch with n_tokens =   16, n_seqs =  1, n_outputs =   16
resolve_fused_ops: fused Gated Delta Net (chunked) enabled
resolve_fused_ops: resolving fused Lightning Indexer support:
graph_reserve: reserving a graph for ubatch with n_tokens =    1, n_seqs =  1, n_outputs =    1
resolve_fused_ops: Lightning Indexer enabled
resolve_fused_ops: resolving fused DeepSeek V4 HC support:
graph_reserve: reserving a graph for ubatch with n_tokens =    1, n_seqs =  1, n_outputs =    1
resolve_fused_ops: fused DeepSeek V4 HC pre enabled
graph_reserve: reserving a graph for ubatch with n_tokens =    1, n_seqs =  1, n_outputs =    1
resolve_fused_ops: fused DeepSeek V4 HC comb enabled
graph_reserve: reserving a graph for ubatch with n_tokens =    1, n_seqs =  1, n_outputs =    1
resolve_fused_ops: fused DeepSeek V4 HC post enabled
graph_reserve: reserving a graph for ubatch with n_tokens =    8, n_seqs =  1, n_outputs =    8
graph_reserve: reserving a graph for ubatch with n_tokens =    1, n_seqs =  1, n_outputs =    1
graph_reserve: reserving a graph for ubatch with n_tokens =    8, n_seqs =  1, n_outputs =    8
sched_reserve:  CUDA_Host compute buffer size =     0.03 MiB
sched_reserve: graph nodes  = 100
sched_reserve: graph splits = 1
sched_reserve: reserve took 2.44 ms, sched copies = 1
graph_reserve: reserving a graph for ubatch with n_tokens =    4, n_seqs =  1, n_outputs =    4
set_abort_callback: call
graph_compute: ggml_backend_sched_graph_compute_async failed with error 1
process_ubatch: failed to compute graph, compute status: 1
decode: removing memory module entries for seq_id = 0, pos = [59, +inf)
llama_decode: failed to decode, ret = 2
set_abort_callback: call
host-bank MoE execution failed: MoE routing weight must be finite
host-bank MoE execution failed: MoE routing weight must be finite
process_ubatch: failed to compute graph, compute status: -1
decode: removing memory module entries for seq_id = 0, pos = [59, +inf)
llama_decode: failed to decode, ret = -3
llama_context: constructing llama_context
llama_init_from_model: failed to initialize the context: host-bank MoE requires one sequence, op_offload=false and offload_kqv=false
llama_context: constructing llama_context
llama_init_from_model: failed to initialize the context: host-bank MoE requires one sequence, op_offload=false and offload_kqv=false
llama_context: constructing llama_context
llama_init_from_model: failed to initialize the context: host-bank MoE requires one sequence, op_offload=false and offload_kqv=false
llama_context: constructing llama_context
llama_init_from_model: failed to initialize the context: moe cache: invalid uniform arena geometry
llama_context: constructing llama_context
llama_init_from_model: failed to initialize the context: host-bank MoE cache requires model.moe_cpu_tile_bytes host-bank setup
~llama_context:      CUDA0 compute buffer size is   0.0000 MiB, matches expectation of   0.0000 MiB
~llama_context:  CUDA_Host compute buffer size is   0.0304 MiB, matches expectation of   0.0304 MiB
~llama_context:      CUDA0 compute buffer size is   0.0000 MiB, matches expectation of   0.0000 MiB
~llama_context:  CUDA_Host compute buffer size is   0.0304 MiB, matches expectation of   0.0304 MiB
llama_context: constructing llama_context
llama_context: n_seq_max             = 1
llama_context: n_ctx                 = 256
llama_context: n_ctx_seq             = 256
llama_context: n_batch               = 32
llama_context: n_ubatch              = 8
llama_context: causal_attn           = 1
llama_context: flash_attn            = disabled
llama_context: kv_unified            = false
llama_context: freq_base             = 10000.0
llama_context: freq_scale            = 1
llama_context: n_rs_seq              = 0
llama_context: n_outputs_max         = 32
llama_context: n_outputs_max_per_seq = 1
llama_context: n_ctx_seq (256) > n_ctx_train (128) -- possible training context overflow
set_abort_callback: call
llama_context:        CPU  output buffer size =     0.00 MiB
llama_kv_cache: layer   0: dev = CPU
llama_kv_cache: layer   1: dev = CPU
llama_kv_cache:        CPU KV buffer size =     0.06 MiB
llama_kv_cache: size =    0.06 MiB (   256 cells,   2 layers,  1/1 seqs), K (f16):    0.03 MiB, V (f16):    0.03 MiB
llama_kv_cache: attn_rot_k = 0, n_embd_head_k_all = 16
llama_kv_cache: attn_rot_v = 0, n_embd_head_k_all = 16
llama_context: enumerating backends
llama_context: backend_ptrs.size() = 2
sched_reserve: reserving ...
sched_reserve: max_nodes = 1024
sched_reserve: decode graph slots = 4 (n_tokens <= 4)
sched_reserve: reserving full memory module
sched_reserve: worst-case: n_tokens = 8, n_seqs = 1, n_outputs = 1
resolve_fused_ops: resolving fused Gated Delta Net support:
graph_reserve: reserving a graph for ubatch with n_tokens =    1, n_seqs =  1, n_outputs =    1
resolve_fused_ops: fused Gated Delta Net (autoregressive) enabled
graph_reserve: reserving a graph for ubatch with n_tokens =   16, n_seqs =  1, n_outputs =   16
resolve_fused_ops: fused Gated Delta Net (chunked) enabled
resolve_fused_ops: resolving fused Lightning Indexer support:
graph_reserve: reserving a graph for ubatch with n_tokens =    1, n_seqs =  1, n_outputs =    1
resolve_fused_ops: Lightning Indexer enabled
resolve_fused_ops: resolving fused DeepSeek V4 HC support:
graph_reserve: reserving a graph for ubatch with n_tokens =    1, n_seqs =  1, n_outputs =    1
resolve_fused_ops: fused DeepSeek V4 HC pre enabled
graph_reserve: reserving a graph for ubatch with n_tokens =    1, n_seqs =  1, n_outputs =    1
resolve_fused_ops: fused DeepSeek V4 HC comb enabled
graph_reserve: reserving a graph for ubatch with n_tokens =    1, n_seqs =  1, n_outputs =    1
resolve_fused_ops: fused DeepSeek V4 HC post enabled
graph_reserve: reserving a graph for ubatch with n_tokens =    8, n_seqs =  1, n_outputs =    8
graph_reserve: reserving a graph for ubatch with n_tokens =    1, n_seqs =  1, n_outputs =    1
graph_reserve: reserving a graph for ubatch with n_tokens =    8, n_seqs =  1, n_outputs =    8
sched_reserve:  CUDA_Host compute buffer size =     0.03 MiB
sched_reserve: graph nodes  = 100
sched_reserve: graph splits = 1
sched_reserve: reserve took 2.70 ms, sched copies = 1
llama_context: constructing llama_context
llama_context: n_seq_max             = 1
llama_context: n_ctx                 = 256
llama_context: n_ctx_seq             = 256
llama_context: n_batch               = 32
llama_context: n_ubatch              = 8
llama_context: causal_attn           = 1
llama_context: flash_attn            = disabled
llama_context: kv_unified            = false
llama_context: freq_base             = 10000.0
llama_context: freq_scale            = 1
llama_context: n_rs_seq              = 0
llama_context: n_outputs_max         = 32
llama_context: n_outputs_max_per_seq = 1
llama_context: n_ctx_seq (256) > n_ctx_train (128) -- possible training context overflow
set_abort_callback: call
llama_context:        CPU  output buffer size =     0.00 MiB
llama_kv_cache: layer   0: dev = CPU
llama_kv_cache: layer   1: dev = CPU
llama_kv_cache:        CPU KV buffer size =     0.06 MiB
llama_kv_cache: size =    0.06 MiB (   256 cells,   2 layers,  1/1 seqs), K (f16):    0.03 MiB, V (f16):    0.03 MiB
llama_kv_cache: attn_rot_k = 0, n_embd_head_k_all = 16
llama_kv_cache: attn_rot_v = 0, n_embd_head_k_all = 16
llama_context: enumerating backends
llama_context: backend_ptrs.size() = 2
sched_reserve: reserving ...
sched_reserve: max_nodes = 1024
sched_reserve: decode graph slots = 4 (n_tokens <= 4)
sched_reserve: reserving full memory module
sched_reserve: worst-case: n_tokens = 8, n_seqs = 1, n_outputs = 1
resolve_fused_ops: resolving fused Gated Delta Net support:
graph_reserve: reserving a graph for ubatch with n_tokens =    1, n_seqs =  1, n_outputs =    1
resolve_fused_ops: fused Gated Delta Net (autoregressive) enabled
graph_reserve: reserving a graph for ubatch with n_tokens =   16, n_seqs =  1, n_outputs =   16
resolve_fused_ops: fused Gated Delta Net (chunked) enabled
resolve_fused_ops: resolving fused Lightning Indexer support:
graph_reserve: reserving a graph for ubatch with n_tokens =    1, n_seqs =  1, n_outputs =    1
resolve_fused_ops: Lightning Indexer enabled
resolve_fused_ops: resolving fused DeepSeek V4 HC support:
graph_reserve: reserving a graph for ubatch with n_tokens =    1, n_seqs =  1, n_outputs =    1
resolve_fused_ops: fused DeepSeek V4 HC pre enabled
graph_reserve: reserving a graph for ubatch with n_tokens =    1, n_seqs =  1, n_outputs =    1
resolve_fused_ops: fused DeepSeek V4 HC comb enabled
graph_reserve: reserving a graph for ubatch with n_tokens =    1, n_seqs =  1, n_outputs =    1
resolve_fused_ops: fused DeepSeek V4 HC post enabled
graph_reserve: reserving a graph for ubatch with n_tokens =    8, n_seqs =  1, n_outputs =    8
graph_reserve: reserving a graph for ubatch with n_tokens =    1, n_seqs =  1, n_outputs =    1
graph_reserve: reserving a graph for ubatch with n_tokens =    8, n_seqs =  1, n_outputs =    8
sched_reserve:  CUDA_Host compute buffer size =     0.03 MiB
sched_reserve: graph nodes  = 110
sched_reserve: graph splits = 1
sched_reserve: reserve took 2.41 ms, sched copies = 1
~llama_context:      CUDA0 compute buffer size is   0.0000 MiB, matches expectation of   0.0000 MiB
~llama_context:  CUDA_Host compute buffer size is   0.0304 MiB, matches expectation of   0.0304 MiB
~llama_context:      CUDA0 compute buffer size is   0.0000 MiB, matches expectation of   0.0000 MiB
~llama_context:  CUDA_Host compute buffer size is   0.0304 MiB, matches expectation of   0.0304 MiB
llama_model_loader: loaded meta data with 13 key-value pairs and 23 tensors from C:\Users\cadel\AppData\Local\Temp\moe-integration-1727447.gguf (version GGUF V3 (latest))
llama_model_loader: Dumping metadata keys/values. Note: KV overrides do not apply in this output.
llama_model_loader: - kv   0:                       general.architecture str              = llama
llama_model_loader: - kv   1:                       tokenizer.ggml.model str              = no_vocab
llama_model_loader: - kv   2:                           llama.vocab_size u32              = 32
llama_model_loader: - kv   3:                       llama.context_length u32              = 128
llama_model_loader: - kv   4:                     llama.embedding_length u32              = 32
llama_model_loader: - kv   5:                          llama.block_count u32              = 2
llama_model_loader: - kv   6:                  llama.feed_forward_length u32              = 64
llama_model_loader: - kv   7:                 llama.attention.head_count u32              = 2
llama_model_loader: - kv   8:              llama.attention.head_count_kv u32              = 2
llama_model_loader: - kv   9:                 llama.rope.dimension_count u32              = 16
llama_model_loader: - kv  10:                         llama.expert_count u32              = 4
llama_model_loader: - kv  11:                    llama.expert_used_count u32              = 2
llama_model_loader: - kv  12:     llama.attention.layer_norm_rms_epsilon f32              = 0.000010
llama_model_loader: - type  f32:   23 tensors
print_info: file format = GGUF V3 (latest)
print_info: file type   = (guessed) all F32
print_info: file size   = 0.23 MiB (32.00 BPW) 
llama_prepare_model_devices: using device CUDA0 (NVIDIA GeForce RTX 4060 Laptop GPU) (0000:01:00.0) - 7096 MiB free
load: adding 32 dummy tokens
print_info: arch                  = llama
print_info: vocab_only            = 0
print_info: no_alloc              = 0
print_info: n_ctx_train           = 128
print_info: n_embd_inp            = 32
print_info: n_embd                = 32
print_info: n_embd_out            = 32
print_info: n_layer               = 2
print_info: n_layer_all           = 2
print_info: n_head                = 2
print_info: n_head_kv             = 2
print_info: n_rot                 = 16
print_info: n_swa                 = 0
print_info: is_swa_any            = 0
print_info: n_embd_head_k         = 16
print_info: n_embd_head_v         = 16
print_info: n_gqa                 = 1
print_info: n_embd_k_gqa          = 32
print_info: n_embd_v_gqa          = 32
print_info: f_norm_eps            = 0.0e+00
print_info: f_norm_rms_eps        = 1.0e-05
print_info: f_clamp_kqv           = 0.0e+00
print_info: f_max_alibi_bias      = 0.0e+00
print_info: f_logit_scale         = 0.0e+00
print_info: f_attn_scale          = 0.0e+00
print_info: f_attn_value_scale    = 0.0000
print_info: n_ff                  = 64
print_info: n_expert              = 4
print_info: n_expert_used         = 2
print_info: n_expert_groups       = 0
print_info: n_group_used          = 0
print_info: causal attn           = 1
print_info: pooling type          = -1
print_info: rope type             = 0
print_info: rope scaling          = linear
print_info: freq_base_train       = 10000.0
print_info: freq_scale_train      = 1
print_info: n_ctx_orig_yarn       = 128
print_info: rope_yarn_log_mul     = 0.0000
print_info: rope_finetuned        = unknown
print_info: model type            = ?B
print_info: model params          = 59.81 K
print_info: general.name          = n/a
print_info: vocab type            = no vocab
print_info: n_vocab               = 32
print_info: n_merges              = 0
print_info: max token length      = 0
load_tensors: loading model tensors, this can take a while... (load_mode = mmap)
load_tensors: layer   0 assigned to device CPU, is_swa = 0
load_tensors: layer   1 assigned to device CPU, is_swa = 0
load_tensors: layer   2 assigned to device CPU, is_swa = 0
create_tensor: loading tensor token_embd.weight
create_tensor: loading tensor output_norm.weight
create_tensor: loading tensor output.weight
create_tensor: loading tensor blk.0.attn_norm.weight
create_tensor: loading tensor blk.0.attn_qkv.weight
create_tensor: loading tensor blk.0.attn_q.weight
create_tensor: loading tensor blk.0.attn_k.weight
create_tensor: loading tensor blk.0.attn_v.weight
create_tensor: loading tensor blk.0.attn_q.bias
create_tensor: loading tensor blk.0.attn_k.bias
create_tensor: loading tensor blk.0.attn_v.bias
create_tensor: loading tensor blk.0.attn_output.weight
create_tensor: loading tensor blk.0.attn_output.bias
create_tensor: loading tensor blk.0.ffn_norm.weight
create_tensor: loading tensor rope_freqs.weight
create_tensor: loading tensor blk.0.ffn_gate_inp.weight
create_tensor: loading tensor blk.0.ffn_gate_exps.weight
create_tensor: loading tensor blk.0.ffn_down_exps.weight
create_tensor: loading tensor blk.0.ffn_up_exps.weight
create_tensor: loading tensor blk.1.attn_norm.weight
create_tensor: loading tensor blk.1.attn_qkv.weight
create_tensor: loading tensor blk.1.attn_q.weight
create_tensor: loading tensor blk.1.attn_k.weight
create_tensor: loading tensor blk.1.attn_v.weight
create_tensor: loading tensor blk.1.attn_q.bias
create_tensor: loading tensor blk.1.attn_k.bias
create_tensor: loading tensor blk.1.attn_v.bias
create_tensor: loading tensor blk.1.attn_output.weight
create_tensor: loading tensor blk.1.attn_output.bias
create_tensor: loading tensor blk.1.ffn_norm.weight
create_tensor: loading tensor rope_freqs.weight
create_tensor: loading tensor blk.1.ffn_gate_inp.weight
create_tensor: loading tensor blk.1.ffn_gate_exps.weight
create_tensor: loading tensor blk.1.ffn_down_exps.weight
create_tensor: loading tensor blk.1.ffn_up_exps.weight
create_tensor: loading tensor blk.0.attn_q.scale
create_tensor: loading tensor blk.0.attn_k.scale
create_tensor: loading tensor blk.0.attn_v.scale
create_tensor: loading tensor blk.0.attn_output.scale
create_tensor: loading tensor blk.0.ffn_gate_exps.scale
create_tensor: loading tensor blk.0.ffn_down_exps.scale
create_tensor: loading tensor blk.0.ffn_up_exps.scale
create_tensor: loading tensor blk.0.attn_q.input_scale
create_tensor: loading tensor blk.0.attn_k.input_scale
create_tensor: loading tensor blk.0.attn_v.input_scale
create_tensor: loading tensor blk.0.attn_output.input_scale
create_tensor: loading tensor blk.0.ffn_gate_exps.input_scale
create_tensor: loading tensor blk.0.ffn_down_exps.input_scale
create_tensor: loading tensor blk.0.ffn_up_exps.input_scale
create_tensor: loading tensor blk.1.attn_q.scale
create_tensor: loading tensor blk.1.attn_k.scale
create_tensor: loading tensor blk.1.attn_v.scale
create_tensor: loading tensor blk.1.attn_output.scale
create_tensor: loading tensor blk.1.ffn_gate_exps.scale
create_tensor: loading tensor blk.1.ffn_down_exps.scale
create_tensor: loading tensor blk.1.ffn_up_exps.scale
create_tensor: loading tensor blk.1.attn_q.input_scale
create_tensor: loading tensor blk.1.attn_k.input_scale
create_tensor: loading tensor blk.1.attn_v.input_scale
create_tensor: loading tensor blk.1.attn_output.input_scale
create_tensor: loading tensor blk.1.ffn_gate_exps.input_scale
create_tensor: loading tensor blk.1.ffn_down_exps.input_scale
create_tensor: loading tensor blk.1.ffn_up_exps.input_scale
done_getting_tensors: tensor 'token_embd.weight' (f32) (and 22 others) cannot be used with preferred buffer type CUDA_Host, using CPU instead
load_tensors: offloading 0 repeating layers to GPU
load_tensors: offloaded 0/3 layers to GPU
load_tensors:   CPU_Mapped model buffer size =     0.23 MiB
................
llama_model_loader: loaded meta data with 13 key-value pairs and 23 tensors from C:\Users\cadel\AppData\Local\Temp\moe-integration-1727447.gguf (version GGUF V3 (latest))
llama_model_loader: Dumping metadata keys/values. Note: KV overrides do not apply in this output.
llama_model_loader: - kv   0:                       general.architecture str              = llama
llama_model_loader: - kv   1:                       tokenizer.ggml.model str              = no_vocab
llama_model_loader: - kv   2:                           llama.vocab_size u32              = 32
llama_model_loader: - kv   3:                       llama.context_length u32              = 128
llama_model_loader: - kv   4:                     llama.embedding_length u32              = 32
llama_model_loader: - kv   5:                          llama.block_count u32              = 2
llama_model_loader: - kv   6:                  llama.feed_forward_length u32              = 64
llama_model_loader: - kv   7:                 llama.attention.head_count u32              = 2
llama_model_loader: - kv   8:              llama.attention.head_count_kv u32              = 2
llama_model_loader: - kv   9:                 llama.rope.dimension_count u32              = 16
llama_model_loader: - kv  10:                         llama.expert_count u32              = 4
llama_model_loader: - kv  11:                    llama.expert_used_count u32              = 2
llama_model_loader: - kv  12:     llama.attention.layer_norm_rms_epsilon f32              = 0.000010
llama_model_loader: - type  f32:   23 tensors
print_info: file format = GGUF V3 (latest)
print_info: file type   = (guessed) all F32
print_info: file size   = 0.23 MiB (32.00 BPW) 
llama_prepare_model_devices: using device CUDA0 (NVIDIA GeForce RTX 4060 Laptop GPU) (0000:01:00.0) - 7096 MiB free
load: adding 32 dummy tokens
print_info: arch                  = llama
print_info: vocab_only            = 0
print_info: no_alloc              = 0
print_info: n_ctx_train           = 128
print_info: n_embd_inp            = 32
print_info: n_embd                = 32
print_info: n_embd_out            = 32
print_info: n_layer               = 2
print_info: n_layer_all           = 2
print_info: n_head                = 2
print_info: n_head_kv             = 2
print_info: n_rot                 = 16
print_info: n_swa                 = 0
print_info: is_swa_any            = 0
print_info: n_embd_head_k         = 16
print_info: n_embd_head_v         = 16
print_info: n_gqa                 = 1
print_info: n_embd_k_gqa          = 32
print_info: n_embd_v_gqa          = 32
print_info: f_norm_eps            = 0.0e+00
print_info: f_norm_rms_eps        = 1.0e-05
print_info: f_clamp_kqv           = 0.0e+00
print_info: f_max_alibi_bias      = 0.0e+00
print_info: f_logit_scale         = 0.0e+00
print_info: f_attn_scale          = 0.0e+00
print_info: f_attn_value_scale    = 0.0000
print_info: n_ff                  = 64
print_info: n_expert              = 4
print_info: n_expert_used         = 2
print_info: n_expert_groups       = 0
print_info: n_group_used          = 0
print_info: causal attn           = 1
print_info: pooling type          = -1
print_info: rope type             = 0
print_info: rope scaling          = linear
print_info: freq_base_train       = 10000.0
print_info: freq_scale_train      = 1
print_info: n_ctx_orig_yarn       = 128
print_info: rope_yarn_log_mul     = 0.0000
print_info: rope_finetuned        = unknown
print_info: model type            = ?B
print_info: model params          = 59.81 K
print_info: general.name          = n/a
print_info: vocab type            = no vocab
print_info: n_vocab               = 32
print_info: n_merges              = 0
print_info: max token length      = 0
load_tensors: loading model tensors, this can take a while... (load_mode = mmap)
load_tensors: layer   0 assigned to device CPU, is_swa = 0
load_tensors: layer   1 assigned to device CPU, is_swa = 0
load_tensors: layer   2 assigned to device CPU, is_swa = 0
create_tensor: loading tensor token_embd.weight
create_tensor: loading tensor output_norm.weight
create_tensor: loading tensor output.weight
create_tensor: loading tensor blk.0.attn_norm.weight
create_tensor: loading tensor blk.0.attn_qkv.weight
create_tensor: loading tensor blk.0.attn_q.weight
create_tensor: loading tensor blk.0.attn_k.weight
create_tensor: loading tensor blk.0.attn_v.weight
create_tensor: loading tensor blk.0.attn_q.bias
create_tensor: loading tensor blk.0.attn_k.bias
create_tensor: loading tensor blk.0.attn_v.bias
create_tensor: loading tensor blk.0.attn_output.weight
create_tensor: loading tensor blk.0.attn_output.bias
create_tensor: loading tensor blk.0.ffn_norm.weight
create_tensor: loading tensor rope_freqs.weight
create_tensor: loading tensor blk.0.ffn_gate_inp.weight
create_tensor: loading tensor blk.0.ffn_gate_exps.weight
create_tensor: loading tensor blk.0.ffn_down_exps.weight
create_tensor: loading tensor blk.0.ffn_up_exps.weight
create_tensor: loading tensor blk.1.attn_norm.weight
create_tensor: loading tensor blk.1.attn_qkv.weight
create_tensor: loading tensor blk.1.attn_q.weight
create_tensor: loading tensor blk.1.attn_k.weight
create_tensor: loading tensor blk.1.attn_v.weight
create_tensor: loading tensor blk.1.attn_q.bias
create_tensor: loading tensor blk.1.attn_k.bias
create_tensor: loading tensor blk.1.attn_v.bias
create_tensor: loading tensor blk.1.attn_output.weight
create_tensor: loading tensor blk.1.attn_output.bias
create_tensor: loading tensor blk.1.ffn_norm.weight
create_tensor: loading tensor rope_freqs.weight
create_tensor: loading tensor blk.1.ffn_gate_inp.weight
create_tensor: loading tensor blk.1.ffn_gate_exps.weight
create_tensor: loading tensor blk.1.ffn_down_exps.weight
create_tensor: loading tensor blk.1.ffn_up_exps.weight
create_tensor: loading tensor blk.0.attn_q.scale
create_tensor: loading tensor blk.0.attn_k.scale
create_tensor: loading tensor blk.0.attn_v.scale
create_tensor: loading tensor blk.0.attn_output.scale
create_tensor: loading tensor blk.0.ffn_gate_exps.scale
create_tensor: loading tensor blk.0.ffn_down_exps.scale
create_tensor: loading tensor blk.0.ffn_up_exps.scale
create_tensor: loading tensor blk.0.attn_q.input_scale
create_tensor: loading tensor blk.0.attn_k.input_scale
create_tensor: loading tensor blk.0.attn_v.input_scale
create_tensor: loading tensor blk.0.attn_output.input_scale
create_tensor: loading tensor blk.0.ffn_gate_exps.input_scale
create_tensor: loading tensor blk.0.ffn_down_exps.input_scale
create_tensor: loading tensor blk.0.ffn_up_exps.input_scale
create_tensor: loading tensor blk.1.attn_q.scale
create_tensor: loading tensor blk.1.attn_k.scale
create_tensor: loading tensor blk.1.attn_v.scale
create_tensor: loading tensor blk.1.attn_output.scale
create_tensor: loading tensor blk.1.ffn_gate_exps.scale
create_tensor: loading tensor blk.1.ffn_down_exps.scale
create_tensor: loading tensor blk.1.ffn_up_exps.scale
create_tensor: loading tensor blk.1.attn_q.input_scale
create_tensor: loading tensor blk.1.attn_k.input_scale
create_tensor: loading tensor blk.1.attn_v.input_scale
create_tensor: loading tensor blk.1.attn_output.input_scale
create_tensor: loading tensor blk.1.ffn_gate_exps.input_scale
create_tensor: loading tensor blk.1.ffn_down_exps.input_scale
create_tensor: loading tensor blk.1.ffn_up_exps.input_scale
load_tensors: offloading 0 repeating layers to GPU
load_tensors: offloaded 0/3 layers to GPU
load_tensors:   CPU_Mapped model buffer size =     0.23 MiB
................
load_tensors: experimental host-bank MoE enabled, tile weights <= 99328 bytes; this is not a total memory limit
llama_context: constructing llama_context
llama_context: n_seq_max             = 1
llama_context: n_ctx                 = 256
llama_context: n_ctx_seq             = 256
llama_context: n_batch               = 32
llama_context: n_ubatch              = 8
llama_context: causal_attn           = 1
llama_context: flash_attn            = disabled
llama_context: kv_unified            = false
llama_context: freq_base             = 10000.0
llama_context: freq_scale            = 1
llama_context: n_rs_seq              = 0
llama_context: n_outputs_max         = 32
llama_context: n_outputs_max_per_seq = 1
llama_context: n_ctx_seq (256) > n_ctx_train (128) -- possible training context overflow
set_abort_callback: call
llama_context:        CPU  output buffer size =     0.00 MiB
llama_kv_cache: layer   0: dev = CPU
llama_kv_cache: layer   1: dev = CPU
llama_kv_cache:        CPU KV buffer size =     0.06 MiB
llama_kv_cache: size =    0.06 MiB (   256 cells,   2 layers,  1/1 seqs), K (f16):    0.03 MiB, V (f16):    0.03 MiB
llama_kv_cache: attn_rot_k = 0, n_embd_head_k_all = 16
llama_kv_cache: attn_rot_v = 0, n_embd_head_k_all = 16
llama_context: enumerating backends
llama_context: backend_ptrs.size() = 2
sched_reserve: reserving ...
sched_reserve: max_nodes = 1024
sched_reserve: decode graph slots = 4 (n_tokens <= 4)
sched_reserve: reserving full memory module
sched_reserve: worst-case: n_tokens = 8, n_seqs = 1, n_outputs = 1
resolve_fused_ops: resolving fused Gated Delta Net support:
graph_reserve: reserving a graph for ubatch with n_tokens =    1, n_seqs =  1, n_outputs =    1
resolve_fused_ops: fused Gated Delta Net (autoregressive) enabled
graph_reserve: reserving a graph for ubatch with n_tokens =   16, n_seqs =  1, n_outputs =   16
resolve_fused_ops: fused Gated Delta Net (chunked) enabled
resolve_fused_ops: resolving fused Lightning Indexer support:
graph_reserve: reserving a graph for ubatch with n_tokens =    1, n_seqs =  1, n_outputs =    1
resolve_fused_ops: Lightning Indexer enabled
resolve_fused_ops: resolving fused DeepSeek V4 HC support:
graph_reserve: reserving a graph for ubatch with n_tokens =    1, n_seqs =  1, n_outputs =    1
resolve_fused_ops: fused DeepSeek V4 HC pre enabled
graph_reserve: reserving a graph for ubatch with n_tokens =    1, n_seqs =  1, n_outputs =    1
resolve_fused_ops: fused DeepSeek V4 HC comb enabled
graph_reserve: reserving a graph for ubatch with n_tokens =    1, n_seqs =  1, n_outputs =    1
resolve_fused_ops: fused DeepSeek V4 HC post enabled
graph_reserve: reserving a graph for ubatch with n_tokens =    8, n_seqs =  1, n_outputs =    8
graph_reserve: reserving a graph for ubatch with n_tokens =    1, n_seqs =  1, n_outputs =    1
graph_reserve: reserving a graph for ubatch with n_tokens =    8, n_seqs =  1, n_outputs =    8
sched_reserve:  CUDA_Host compute buffer size =     0.03 MiB
sched_reserve: graph nodes  = 110
sched_reserve: graph splits = 1
sched_reserve: reserve took 2.68 ms, sched copies = 1
llama_context: constructing llama_context
llama_context: n_seq_max             = 1
llama_context: n_ctx                 = 256
llama_context: n_ctx_seq             = 256
llama_context: n_batch               = 32
llama_context: n_ubatch              = 8
llama_context: causal_attn           = 1
llama_context: flash_attn            = disabled
llama_context: kv_unified            = false
llama_context: freq_base             = 10000.0
llama_context: freq_scale            = 1
llama_context: n_rs_seq              = 0
llama_context: n_outputs_max         = 32
llama_context: n_outputs_max_per_seq = 1
llama_context: n_ctx_seq (256) > n_ctx_train (128) -- possible training context overflow
set_abort_callback: call
llama_context:        CPU  output buffer size =     0.00 MiB
llama_kv_cache: layer   0: dev = CPU
llama_kv_cache: layer   1: dev = CPU
llama_kv_cache:        CPU KV buffer size =     0.06 MiB
llama_kv_cache: size =    0.06 MiB (   256 cells,   2 layers,  1/1 seqs), K (f16):    0.03 MiB, V (f16):    0.03 MiB
llama_kv_cache: attn_rot_k = 0, n_embd_head_k_all = 16
llama_kv_cache: attn_rot_v = 0, n_embd_head_k_all = 16
llama_context: enumerating backends
llama_context: backend_ptrs.size() = 2
sched_reserve: reserving ...
sched_reserve: max_nodes = 1024
sched_reserve: decode graph slots = 4 (n_tokens <= 4)
sched_reserve: reserving full memory module
sched_reserve: worst-case: n_tokens = 8, n_seqs = 1, n_outputs = 1
resolve_fused_ops: resolving fused Gated Delta Net support:
graph_reserve: reserving a graph for ubatch with n_tokens =    1, n_seqs =  1, n_outputs =    1
resolve_fused_ops: fused Gated Delta Net (autoregressive) enabled
graph_reserve: reserving a graph for ubatch with n_tokens =   16, n_seqs =  1, n_outputs =   16
resolve_fused_ops: fused Gated Delta Net (chunked) enabled
resolve_fused_ops: resolving fused Lightning Indexer support:
graph_reserve: reserving a graph for ubatch with n_tokens =    1, n_seqs =  1, n_outputs =    1
resolve_fused_ops: Lightning Indexer enabled
resolve_fused_ops: resolving fused DeepSeek V4 HC support:
graph_reserve: reserving a graph for ubatch with n_tokens =    1, n_seqs =  1, n_outputs =    1
resolve_fused_ops: fused DeepSeek V4 HC pre enabled
graph_reserve: reserving a graph for ubatch with n_tokens =    1, n_seqs =  1, n_outputs =    1
resolve_fused_ops: fused DeepSeek V4 HC comb enabled
graph_reserve: reserving a graph for ubatch with n_tokens =    1, n_seqs =  1, n_outputs =    1
resolve_fused_ops: fused DeepSeek V4 HC post enabled
graph_reserve: reserving a graph for ubatch with n_tokens =    8, n_seqs =  1, n_outputs =    8
graph_reserve: reserving a graph for ubatch with n_tokens =    1, n_seqs =  1, n_outputs =    1
graph_reserve: reserving a graph for ubatch with n_tokens =    8, n_seqs =  1, n_outputs =    8
sched_reserve:  CUDA_Host compute buffer size =     0.03 MiB
sched_reserve: graph nodes  = 100
sched_reserve: graph splits = 1
sched_reserve: reserve took 2.23 ms, sched copies = 1
graph_reserve: reserving a graph for ubatch with n_tokens =    4, n_seqs =  1, n_outputs =    4
set_abort_callback: call
graph_compute: ggml_backend_sched_graph_compute_async failed with error 1
process_ubatch: failed to compute graph, compute status: 1
decode: removing memory module entries for seq_id = 0, pos = [59, +inf)
llama_decode: failed to decode, ret = 2
set_abort_callback: call
host-bank MoE execution failed: MoE routing weight must be finite
host-bank MoE execution failed: MoE routing weight must be finite
process_ubatch: failed to compute graph, compute status: -1
decode: removing memory module entries for seq_id = 0, pos = [59, +inf)
llama_decode: failed to decode, ret = -3
llama_context: constructing llama_context
llama_init_from_model: failed to initialize the context: host-bank MoE requires one sequence, op_offload=false and offload_kqv=false
llama_context: constructing llama_context
llama_init_from_model: failed to initialize the context: host-bank MoE requires one sequence, op_offload=false and offload_kqv=false
llama_context: constructing llama_context
llama_init_from_model: failed to initialize the context: host-bank MoE requires one sequence, op_offload=false and offload_kqv=false
llama_context: constructing llama_context
llama_init_from_model: failed to initialize the context: moe cache: invalid uniform arena geometry
llama_context: constructing llama_context
llama_init_from_model: failed to initialize the context: host-bank MoE cache requires model.moe_cpu_tile_bytes host-bank setup
~llama_context:      CUDA0 compute buffer size is   0.0000 MiB, matches expectation of   0.0000 MiB
~llama_context:  CUDA_Host compute buffer size is   0.0304 MiB, matches expectation of   0.0304 MiB
~llama_context:      CUDA0 compute buffer size is   0.0000 MiB, matches expectation of   0.0000 MiB
~llama_context:  CUDA_Host compute buffer size is   0.0304 MiB, matches expectation of   0.0304 MiB
llama_context: constructing llama_context
llama_context: n_seq_max             = 1
llama_context: n_ctx                 = 256
llama_context: n_ctx_seq             = 256
llama_context: n_batch               = 32
llama_context: n_ubatch              = 8
llama_context: causal_attn           = 1
llama_context: flash_attn            = disabled
llama_context: kv_unified            = false
llama_context: freq_base             = 10000.0
llama_context: freq_scale            = 1
llama_context: n_rs_seq              = 0
llama_context: n_outputs_max         = 32
llama_context: n_outputs_max_per_seq = 1
llama_context: n_ctx_seq (256) > n_ctx_train (128) -- possible training context overflow
set_abort_callback: call
llama_context:        CPU  output buffer size =     0.00 MiB
llama_kv_cache: layer   0: dev = CPU
llama_kv_cache: layer   1: dev = CPU
llama_kv_cache:        CPU KV buffer size =     0.06 MiB
llama_kv_cache: size =    0.06 MiB (   256 cells,   2 layers,  1/1 seqs), K (f16):    0.03 MiB, V (f16):    0.03 MiB
llama_kv_cache: attn_rot_k = 0, n_embd_head_k_all = 16
llama_kv_cache: attn_rot_v = 0, n_embd_head_k_all = 16
llama_context: enumerating backends
llama_context: backend_ptrs.size() = 2
sched_reserve: reserving ...
sched_reserve: max_nodes = 1024
sched_reserve: decode graph slots = 4 (n_tokens <= 4)
sched_reserve: reserving full memory module
sched_reserve: worst-case: n_tokens = 8, n_seqs = 1, n_outputs = 1
resolve_fused_ops: resolving fused Gated Delta Net support:
graph_reserve: reserving a graph for ubatch with n_tokens =    1, n_seqs =  1, n_outputs =    1
resolve_fused_ops: fused Gated Delta Net (autoregressive) enabled
graph_reserve: reserving a graph for ubatch with n_tokens =   16, n_seqs =  1, n_outputs =   16
resolve_fused_ops: fused Gated Delta Net (chunked) enabled
resolve_fused_ops: resolving fused Lightning Indexer support:
graph_reserve: reserving a graph for ubatch with n_tokens =    1, n_seqs =  1, n_outputs =    1
resolve_fused_ops: Lightning Indexer enabled
resolve_fused_ops: resolving fused DeepSeek V4 HC support:
graph_reserve: reserving a graph for ubatch with n_tokens =    1, n_seqs =  1, n_outputs =    1
resolve_fused_ops: fused DeepSeek V4 HC pre enabled
graph_reserve: reserving a graph for ubatch with n_tokens =    1, n_seqs =  1, n_outputs =    1
resolve_fused_ops: fused DeepSeek V4 HC comb enabled
graph_reserve: reserving a graph for ubatch with n_tokens =    1, n_seqs =  1, n_outputs =    1
resolve_fused_ops: fused DeepSeek V4 HC post enabled
graph_reserve: reserving a graph for ubatch with n_tokens =    8, n_seqs =  1, n_outputs =    8
graph_reserve: reserving a graph for ubatch with n_tokens =    1, n_seqs =  1, n_outputs =    1
graph_reserve: reserving a graph for ubatch with n_tokens =    8, n_seqs =  1, n_outputs =    8
sched_reserve:  CUDA_Host compute buffer size =     0.03 MiB
sched_reserve: graph nodes  = 100
sched_reserve: graph splits = 1
sched_reserve: reserve took 2.65 ms, sched copies = 1
llama_context: constructing llama_context
llama_context: n_seq_max             = 1
llama_context: n_ctx                 = 256
llama_context: n_ctx_seq             = 256
llama_context: n_batch               = 32
llama_context: n_ubatch              = 8
llama_context: causal_attn           = 1
llama_context: flash_attn            = disabled
llama_context: kv_unified            = false
llama_context: freq_base             = 10000.0
llama_context: freq_scale            = 1
llama_context: n_rs_seq              = 0
llama_context: n_outputs_max         = 32
llama_context: n_outputs_max_per_seq = 1
llama_context: n_ctx_seq (256) > n_ctx_train (128) -- possible training context overflow
set_abort_callback: call
llama_context:        CPU  output buffer size =     0.00 MiB
llama_kv_cache: layer   0: dev = CPU
llama_kv_cache: layer   1: dev = CPU
llama_kv_cache:        CPU KV buffer size =     0.06 MiB
llama_kv_cache: size =    0.06 MiB (   256 cells,   2 layers,  1/1 seqs), K (f16):    0.03 MiB, V (f16):    0.03 MiB
llama_kv_cache: attn_rot_k = 0, n_embd_head_k_all = 16
llama_kv_cache: attn_rot_v = 0, n_embd_head_k_all = 16
llama_context: enumerating backends
llama_context: backend_ptrs.size() = 2
sched_reserve: reserving ...
sched_reserve: max_nodes = 1024
sched_reserve: decode graph slots = 4 (n_tokens <= 4)
sched_reserve: reserving full memory module
sched_reserve: worst-case: n_tokens = 8, n_seqs = 1, n_outputs = 1
resolve_fused_ops: resolving fused Gated Delta Net support:
graph_reserve: reserving a graph for ubatch with n_tokens =    1, n_seqs =  1, n_outputs =    1
resolve_fused_ops: fused Gated Delta Net (autoregressive) enabled
graph_reserve: reserving a graph for ubatch with n_tokens =   16, n_seqs =  1, n_outputs =   16
resolve_fused_ops: fused Gated Delta Net (chunked) enabled
resolve_fused_ops: resolving fused Lightning Indexer support:
graph_reserve: reserving a graph for ubatch with n_tokens =    1, n_seqs =  1, n_outputs =    1
resolve_fused_ops: Lightning Indexer enabled
resolve_fused_ops: resolving fused DeepSeek V4 HC support:
graph_reserve: reserving a graph for ubatch with n_tokens =    1, n_seqs =  1, n_outputs =    1
resolve_fused_ops: fused DeepSeek V4 HC pre enabled
graph_reserve: reserving a graph for ubatch with n_tokens =    1, n_seqs =  1, n_outputs =    1
resolve_fused_ops: fused DeepSeek V4 HC comb enabled
graph_reserve: reserving a graph for ubatch with n_tokens =    1, n_seqs =  1, n_outputs =    1
resolve_fused_ops: fused DeepSeek V4 HC post enabled
graph_reserve: reserving a graph for ubatch with n_tokens =    8, n_seqs =  1, n_outputs =    8
graph_reserve: reserving a graph for ubatch with n_tokens =    1, n_seqs =  1, n_outputs =    1
graph_reserve: reserving a graph for ubatch with n_tokens =    8, n_seqs =  1, n_outputs =    8
sched_reserve:  CUDA_Host compute buffer size =     0.03 MiB
sched_reserve: graph nodes  = 110
sched_reserve: graph splits = 1
sched_reserve: reserve took 2.42 ms, sched copies = 1
~llama_context:      CUDA0 compute buffer size is   0.0000 MiB, matches expectation of   0.0000 MiB
~llama_context:  CUDA_Host compute buffer size is   0.0304 MiB, matches expectation of   0.0304 MiB
~llama_context:      CUDA0 compute buffer size is   0.0000 MiB, matches expectation of   0.0000 MiB
~llama_context:  CUDA_Host compute buffer size is   0.0304 MiB, matches expectation of   0.0304 MiB
llama_model_loader: loaded meta data with 13 key-value pairs and 23 tensors from C:\Users\cadel\AppData\Local\Temp\moe-integration-1727447.gguf (version GGUF V3 (latest))
llama_model_loader: Dumping metadata keys/values. Note: KV overrides do not apply in this output.
llama_model_loader: - kv   0:                       general.architecture str              = llama
llama_model_loader: - kv   1:                       tokenizer.ggml.model str              = no_vocab
llama_model_loader: - kv   2:                           llama.vocab_size u32              = 32
llama_model_loader: - kv   3:                       llama.context_length u32              = 128
llama_model_loader: - kv   4:                     llama.embedding_length u32              = 32
llama_model_loader: - kv   5:                          llama.block_count u32              = 2
llama_model_loader: - kv   6:                  llama.feed_forward_length u32              = 64
llama_model_loader: - kv   7:                 llama.attention.head_count u32              = 2
llama_model_loader: - kv   8:              llama.attention.head_count_kv u32              = 2
llama_model_loader: - kv   9:                 llama.rope.dimension_count u32              = 16
llama_model_loader: - kv  10:                         llama.expert_count u32              = 4
llama_model_loader: - kv  11:                    llama.expert_used_count u32              = 2
llama_model_loader: - kv  12:     llama.attention.layer_norm_rms_epsilon f32              = 0.000010
llama_model_loader: - type  f32:   23 tensors
print_info: file format = GGUF V3 (latest)
print_info: file type   = (guessed) all F32
print_info: file size   = 0.23 MiB (32.00 BPW) 
llama_prepare_model_devices: using device CUDA0 (NVIDIA GeForce RTX 4060 Laptop GPU) (0000:01:00.0) - 7096 MiB free
load: adding 32 dummy tokens
print_info: arch                  = llama
print_info: vocab_only            = 0
print_info: no_alloc              = 0
print_info: n_ctx_train           = 128
print_info: n_embd_inp            = 32
print_info: n_embd                = 32
print_info: n_embd_out            = 32
print_info: n_layer               = 2
print_info: n_layer_all           = 2
print_info: n_head                = 2
print_info: n_head_kv             = 2
print_info: n_rot                 = 16
print_info: n_swa                 = 0
print_info: is_swa_any            = 0
print_info: n_embd_head_k         = 16
print_info: n_embd_head_v         = 16
print_info: n_gqa                 = 1
print_info: n_embd_k_gqa          = 32
print_info: n_embd_v_gqa          = 32
print_info: f_norm_eps            = 0.0e+00
print_info: f_norm_rms_eps        = 1.0e-05
print_info: f_clamp_kqv           = 0.0e+00
print_info: f_max_alibi_bias      = 0.0e+00
print_info: f_logit_scale         = 0.0e+00
print_info: f_attn_scale          = 0.0e+00
print_info: f_attn_value_scale    = 0.0000
print_info: n_ff                  = 64
print_info: n_expert              = 4
print_info: n_expert_used         = 2
print_info: n_expert_groups       = 0
print_info: n_group_used          = 0
print_info: causal attn           = 1
print_info: pooling type          = -1
print_info: rope type             = 0
print_info: rope scaling          = linear
print_info: freq_base_train       = 10000.0
print_info: freq_scale_train      = 1
print_info: n_ctx_orig_yarn       = 128
print_info: rope_yarn_log_mul     = 0.0000
print_info: rope_finetuned        = unknown
print_info: model type            = ?B
print_info: model params          = 59.81 K
print_info: general.name          = n/a
print_info: vocab type            = no vocab
print_info: n_vocab               = 32
print_info: n_merges              = 0
print_info: max token length      = 0
load_tensors: loading model tensors, this can take a while... (load_mode = mmap)
load_tensors: layer   0 assigned to device CPU, is_swa = 0
load_tensors: layer   1 assigned to device CPU, is_swa = 0
load_tensors: layer   2 assigned to device CPU, is_swa = 0
create_tensor: loading tensor token_embd.weight
create_tensor: loading tensor output_norm.weight
create_tensor: loading tensor output.weight
create_tensor: loading tensor blk.0.attn_norm.weight
create_tensor: loading tensor blk.0.attn_qkv.weight
create_tensor: loading tensor blk.0.attn_q.weight
create_tensor: loading tensor blk.0.attn_k.weight
create_tensor: loading tensor blk.0.attn_v.weight
create_tensor: loading tensor blk.0.attn_q.bias
create_tensor: loading tensor blk.0.attn_k.bias
create_tensor: loading tensor blk.0.attn_v.bias
create_tensor: loading tensor blk.0.attn_output.weight
create_tensor: loading tensor blk.0.attn_output.bias
create_tensor: loading tensor blk.0.ffn_norm.weight
create_tensor: loading tensor rope_freqs.weight
create_tensor: loading tensor blk.0.ffn_gate_inp.weight
create_tensor: loading tensor blk.0.ffn_gate_exps.weight
create_tensor: loading tensor blk.0.ffn_down_exps.weight
create_tensor: loading tensor blk.0.ffn_up_exps.weight
create_tensor: loading tensor blk.1.attn_norm.weight
create_tensor: loading tensor blk.1.attn_qkv.weight
create_tensor: loading tensor blk.1.attn_q.weight
create_tensor: loading tensor blk.1.attn_k.weight
create_tensor: loading tensor blk.1.attn_v.weight
create_tensor: loading tensor blk.1.attn_q.bias
create_tensor: loading tensor blk.1.attn_k.bias
create_tensor: loading tensor blk.1.attn_v.bias
create_tensor: loading tensor blk.1.attn_output.weight
create_tensor: loading tensor blk.1.attn_output.bias
create_tensor: loading tensor blk.1.ffn_norm.weight
create_tensor: loading tensor rope_freqs.weight
create_tensor: loading tensor blk.1.ffn_gate_inp.weight
create_tensor: loading tensor blk.1.ffn_gate_exps.weight
create_tensor: loading tensor blk.1.ffn_down_exps.weight
create_tensor: loading tensor blk.1.ffn_up_exps.weight
create_tensor: loading tensor blk.0.attn_q.scale
create_tensor: loading tensor blk.0.attn_k.scale
create_tensor: loading tensor blk.0.attn_v.scale
create_tensor: loading tensor blk.0.attn_output.scale
create_tensor: loading tensor blk.0.ffn_gate_exps.scale
create_tensor: loading tensor blk.0.ffn_down_exps.scale
create_tensor: loading tensor blk.0.ffn_up_exps.scale
create_tensor: loading tensor blk.0.attn_q.input_scale
create_tensor: loading tensor blk.0.attn_k.input_scale
create_tensor: loading tensor blk.0.attn_v.input_scale
create_tensor: loading tensor blk.0.attn_output.input_scale
create_tensor: loading tensor blk.0.ffn_gate_exps.input_scale
create_tensor: loading tensor blk.0.ffn_down_exps.input_scale
create_tensor: loading tensor blk.0.ffn_up_exps.input_scale
create_tensor: loading tensor blk.1.attn_q.scale
create_tensor: loading tensor blk.1.attn_k.scale
create_tensor: loading tensor blk.1.attn_v.scale
create_tensor: loading tensor blk.1.attn_output.scale
create_tensor: loading tensor blk.1.ffn_gate_exps.scale
create_tensor: loading tensor blk.1.ffn_down_exps.scale
create_tensor: loading tensor blk.1.ffn_up_exps.scale
create_tensor: loading tensor blk.1.attn_q.input_scale
create_tensor: loading tensor blk.1.attn_k.input_scale
create_tensor: loading tensor blk.1.attn_v.input_scale
create_tensor: loading tensor blk.1.attn_output.input_scale
create_tensor: loading tensor blk.1.ffn_gate_exps.input_scale
create_tensor: loading tensor blk.1.ffn_down_exps.input_scale
create_tensor: loading tensor blk.1.ffn_up_exps.input_scale
done_getting_tensors: tensor 'token_embd.weight' (f32) (and 22 others) cannot be used with preferred buffer type CUDA_Host, using CPU instead
load_tensors: offloading 0 repeating layers to GPU
load_tensors: offloaded 0/3 layers to GPU
load_tensors:   CPU_Mapped model buffer size =     0.23 MiB
................
llama_model_loader: loaded meta data with 13 key-value pairs and 23 tensors from C:\Users\cadel\AppData\Local\Temp\moe-integration-1727447.gguf (version GGUF V3 (latest))
llama_model_loader: Dumping metadata keys/values. Note: KV overrides do not apply in this output.
llama_model_loader: - kv   0:                       general.architecture str              = llama
llama_model_loader: - kv   1:                       tokenizer.ggml.model str              = no_vocab
llama_model_loader: - kv   2:                           llama.vocab_size u32              = 32
llama_model_loader: - kv   3:                       llama.context_length u32              = 128
llama_model_loader: - kv   4:                     llama.embedding_length u32              = 32
llama_model_loader: - kv   5:                          llama.block_count u32              = 2
llama_model_loader: - kv   6:                  llama.feed_forward_length u32              = 64
llama_model_loader: - kv   7:                 llama.attention.head_count u32              = 2
llama_model_loader: - kv   8:              llama.attention.head_count_kv u32              = 2
llama_model_loader: - kv   9:                 llama.rope.dimension_count u32              = 16
llama_model_loader: - kv  10:                         llama.expert_count u32              = 4
llama_model_loader: - kv  11:                    llama.expert_used_count u32              = 2
llama_model_loader: - kv  12:     llama.attention.layer_norm_rms_epsilon f32              = 0.000010
llama_model_loader: - type  f32:   23 tensors
print_info: file format = GGUF V3 (latest)
print_info: file type   = (guessed) all F32
print_info: file size   = 0.23 MiB (32.00 BPW) 
llama_prepare_model_devices: using device CUDA0 (NVIDIA GeForce RTX 4060 Laptop GPU) (0000:01:00.0) - 7096 MiB free
load: adding 32 dummy tokens
print_info: arch                  = llama
print_info: vocab_only            = 0
print_info: no_alloc              = 0
print_info: n_ctx_train           = 128
print_info: n_embd_inp            = 32
print_info: n_embd                = 32
print_info: n_embd_out            = 32
print_info: n_layer               = 2
print_info: n_layer_all           = 2
print_info: n_head                = 2
print_info: n_head_kv             = 2
print_info: n_rot                 = 16
print_info: n_swa                 = 0
print_info: is_swa_any            = 0
print_info: n_embd_head_k         = 16
print_info: n_embd_head_v         = 16
print_info: n_gqa                 = 1
print_info: n_embd_k_gqa          = 32
print_info: n_embd_v_gqa          = 32
print_info: f_norm_eps            = 0.0e+00
print_info: f_norm_rms_eps        = 1.0e-05
print_info: f_clamp_kqv           = 0.0e+00
print_info: f_max_alibi_bias      = 0.0e+00
print_info: f_logit_scale         = 0.0e+00
print_info: f_attn_scale          = 0.0e+00
print_info: f_attn_value_scale    = 0.0000
print_info: n_ff                  = 64
print_info: n_expert              = 4
print_info: n_expert_used         = 2
print_info: n_expert_groups       = 0
print_info: n_group_used          = 0
print_info: causal attn           = 1
print_info: pooling type          = -1
print_info: rope type             = 0
print_info: rope scaling          = linear
print_info: freq_base_train       = 10000.0
print_info: freq_scale_train      = 1
print_info: n_ctx_orig_yarn       = 128
print_info: rope_yarn_log_mul     = 0.0000
print_info: rope_finetuned        = unknown
print_info: model type            = ?B
print_info: model params          = 59.81 K
print_info: general.name          = n/a
print_info: vocab type            = no vocab
print_info: n_vocab               = 32
print_info: n_merges              = 0
print_info: max token length      = 0
load_tensors: loading model tensors, this can take a while... (load_mode = mmap)
load_tensors: layer   0 assigned to device CPU, is_swa = 0
load_tensors: layer   1 assigned to device CPU, is_swa = 0
load_tensors: layer   2 assigned to device CPU, is_swa = 0
create_tensor: loading tensor token_embd.weight
create_tensor: loading tensor output_norm.weight
create_tensor: loading tensor output.weight
create_tensor: loading tensor blk.0.attn_norm.weight
create_tensor: loading tensor blk.0.attn_qkv.weight
create_tensor: loading tensor blk.0.attn_q.weight
create_tensor: loading tensor blk.0.attn_k.weight
create_tensor: loading tensor blk.0.attn_v.weight
create_tensor: loading tensor blk.0.attn_q.bias
create_tensor: loading tensor blk.0.attn_k.bias
create_tensor: loading tensor blk.0.attn_v.bias
create_tensor: loading tensor blk.0.attn_output.weight
create_tensor: loading tensor blk.0.attn_output.bias
create_tensor: loading tensor blk.0.ffn_norm.weight
create_tensor: loading tensor rope_freqs.weight
create_tensor: loading tensor blk.0.ffn_gate_inp.weight
create_tensor: loading tensor blk.0.ffn_gate_exps.weight
create_tensor: loading tensor blk.0.ffn_down_exps.weight
create_tensor: loading tensor blk.0.ffn_up_exps.weight
create_tensor: loading tensor blk.1.attn_norm.weight
create_tensor: loading tensor blk.1.attn_qkv.weight
create_tensor: loading tensor blk.1.attn_q.weight
create_tensor: loading tensor blk.1.attn_k.weight
create_tensor: loading tensor blk.1.attn_v.weight
create_tensor: loading tensor blk.1.attn_q.bias
create_tensor: loading tensor blk.1.attn_k.bias
create_tensor: loading tensor blk.1.attn_v.bias
create_tensor: loading tensor blk.1.attn_output.weight
create_tensor: loading tensor blk.1.attn_output.bias
create_tensor: loading tensor blk.1.ffn_norm.weight
create_tensor: loading tensor rope_freqs.weight
create_tensor: loading tensor blk.1.ffn_gate_inp.weight
create_tensor: loading tensor blk.1.ffn_gate_exps.weight
create_tensor: loading tensor blk.1.ffn_down_exps.weight
create_tensor: loading tensor blk.1.ffn_up_exps.weight
create_tensor: loading tensor blk.0.attn_q.scale
create_tensor: loading tensor blk.0.attn_k.scale
create_tensor: loading tensor blk.0.attn_v.scale
create_tensor: loading tensor blk.0.attn_output.scale
create_tensor: loading tensor blk.0.ffn_gate_exps.scale
create_tensor: loading tensor blk.0.ffn_down_exps.scale
create_tensor: loading tensor blk.0.ffn_up_exps.scale
create_tensor: loading tensor blk.0.attn_q.input_scale
create_tensor: loading tensor blk.0.attn_k.input_scale
create_tensor: loading tensor blk.0.attn_v.input_scale
create_tensor: loading tensor blk.0.attn_output.input_scale
create_tensor: loading tensor blk.0.ffn_gate_exps.input_scale
create_tensor: loading tensor blk.0.ffn_down_exps.input_scale
create_tensor: loading tensor blk.0.ffn_up_exps.input_scale
create_tensor: loading tensor blk.1.attn_q.scale
create_tensor: loading tensor blk.1.attn_k.scale
create_tensor: loading tensor blk.1.attn_v.scale
create_tensor: loading tensor blk.1.attn_output.scale
create_tensor: loading tensor blk.1.ffn_gate_exps.scale
create_tensor: loading tensor blk.1.ffn_down_exps.scale
create_tensor: loading tensor blk.1.ffn_up_exps.scale
create_tensor: loading tensor blk.1.attn_q.input_scale
create_tensor: loading tensor blk.1.attn_k.input_scale
create_tensor: loading tensor blk.1.attn_v.input_scale
create_tensor: loading tensor blk.1.attn_output.input_scale
create_tensor: loading tensor blk.1.ffn_gate_exps.input_scale
create_tensor: loading tensor blk.1.ffn_down_exps.input_scale
create_tensor: loading tensor blk.1.ffn_up_exps.input_scale
load_tensors: offloading 0 repeating layers to GPU
load_tensors: offloaded 0/3 layers to GPU
load_tensors:   CPU_Mapped model buffer size =     0.23 MiB
................
load_tensors: experimental host-bank MoE enabled, tile weights <= 24832 bytes; this is not a total memory limit
llama_context: constructing llama_context
llama_context: n_seq_max             = 1
llama_context: n_ctx                 = 256
llama_context: n_ctx_seq             = 256
llama_context: n_batch               = 32
llama_context: n_ubatch              = 8
llama_context: causal_attn           = 1
llama_context: flash_attn            = disabled
llama_context: kv_unified            = false
llama_context: freq_base             = 10000.0
llama_context: freq_scale            = 1
llama_context: n_rs_seq              = 0
llama_context: n_outputs_max         = 32
llama_context: n_outputs_max_per_seq = 1
llama_context: n_ctx_seq (256) > n_ctx_train (128) -- possible training context overflow
set_abort_callback: call
llama_context:        CPU  output buffer size =     0.00 MiB
llama_kv_cache: layer   0: dev = CPU
llama_kv_cache: layer   1: dev = CPU
llama_kv_cache:        CPU KV buffer size =     0.06 MiB
llama_kv_cache: size =    0.06 MiB (   256 cells,   2 layers,  1/1 seqs), K (f16):    0.03 MiB, V (f16):    0.03 MiB
llama_kv_cache: attn_rot_k = 0, n_embd_head_k_all = 16
llama_kv_cache: attn_rot_v = 0, n_embd_head_k_all = 16
llama_context: enumerating backends
llama_context: backend_ptrs.size() = 2
sched_reserve: reserving ...
sched_reserve: max_nodes = 1024
sched_reserve: decode graph slots = 4 (n_tokens <= 4)
sched_reserve: reserving full memory module
sched_reserve: worst-case: n_tokens = 8, n_seqs = 1, n_outputs = 1
resolve_fused_ops: resolving fused Gated Delta Net support:
graph_reserve: reserving a graph for ubatch with n_tokens =    1, n_seqs =  1, n_outputs =    1
resolve_fused_ops: fused Gated Delta Net (autoregressive) enabled
graph_reserve: reserving a graph for ubatch with n_tokens =   16, n_seqs =  1, n_outputs =   16
resolve_fused_ops: fused Gated Delta Net (chunked) enabled
resolve_fused_ops: resolving fused Lightning Indexer support:
graph_reserve: reserving a graph for ubatch with n_tokens =    1, n_seqs =  1, n_outputs =    1
resolve_fused_ops: Lightning Indexer enabled
resolve_fused_ops: resolving fused DeepSeek V4 HC support:
graph_reserve: reserving a graph for ubatch with n_tokens =    1, n_seqs =  1, n_outputs =    1
resolve_fused_ops: fused DeepSeek V4 HC pre enabled
graph_reserve: reserving a graph for ubatch with n_tokens =    1, n_seqs =  1, n_outputs =    1
resolve_fused_ops: fused DeepSeek V4 HC comb enabled
graph_reserve: reserving a graph for ubatch with n_tokens =    1, n_seqs =  1, n_outputs =    1
resolve_fused_ops: fused DeepSeek V4 HC post enabled
graph_reserve: reserving a graph for ubatch with n_tokens =    8, n_seqs =  1, n_outputs =    8
graph_reserve: reserving a graph for ubatch with n_tokens =    1, n_seqs =  1, n_outputs =    1
graph_reserve: reserving a graph for ubatch with n_tokens =    8, n_seqs =  1, n_outputs =    8
sched_reserve:  CUDA_Host compute buffer size =     0.03 MiB
sched_reserve: graph nodes  = 110
sched_reserve: graph splits = 1
sched_reserve: reserve took 2.92 ms, sched copies = 1
llama_context: constructing llama_context
llama_context: MoE device=CUDA0 cache=196608 staging=1048576 compute-limit=67108864 bytes
llama_context: n_seq_max             = 1
llama_context: n_ctx                 = 256
llama_context: n_ctx_seq             = 256
llama_context: n_batch               = 32
llama_context: n_ubatch              = 8
llama_context: causal_attn           = 1
llama_context: flash_attn            = disabled
llama_context: kv_unified            = false
llama_context: freq_base             = 10000.0
llama_context: freq_scale            = 1
llama_context: n_rs_seq              = 0
llama_context: n_outputs_max         = 32
llama_context: n_outputs_max_per_seq = 1
llama_context: n_ctx_seq (256) > n_ctx_train (128) -- possible training context overflow
set_abort_callback: call
llama_context:        CPU  output buffer size =     0.00 MiB
llama_kv_cache: layer   0: dev = CPU
llama_kv_cache: layer   1: dev = CPU
llama_kv_cache:        CPU KV buffer size =     0.06 MiB
llama_kv_cache: size =    0.06 MiB (   256 cells,   2 layers,  1/1 seqs), K (f16):    0.03 MiB, V (f16):    0.03 MiB
llama_kv_cache: attn_rot_k = 0, n_embd_head_k_all = 16
llama_kv_cache: attn_rot_v = 0, n_embd_head_k_all = 16
llama_context: enumerating backends
llama_context: backend_ptrs.size() = 2
sched_reserve: reserving ...
sched_reserve: max_nodes = 1024
sched_reserve: decode graph slots = 4 (n_tokens <= 4)
sched_reserve: reserving full memory module
sched_reserve: worst-case: n_tokens = 8, n_seqs = 1, n_outputs = 1
resolve_fused_ops: resolving fused Gated Delta Net support:
graph_reserve: reserving a graph for ubatch with n_tokens =    1, n_seqs =  1, n_outputs =    1
resolve_fused_ops: fused Gated Delta Net (autoregressive) enabled
graph_reserve: reserving a graph for ubatch with n_tokens =   16, n_seqs =  1, n_outputs =   16
resolve_fused_ops: fused Gated Delta Net (chunked) enabled
resolve_fused_ops: resolving fused Lightning Indexer support:
graph_reserve: reserving a graph for ubatch with n_tokens =    1, n_seqs =  1, n_outputs =    1
resolve_fused_ops: Lightning Indexer enabled
resolve_fused_ops: resolving fused DeepSeek V4 HC support:
graph_reserve: reserving a graph for ubatch with n_tokens =    1, n_seqs =  1, n_outputs =    1
resolve_fused_ops: fused DeepSeek V4 HC pre enabled
graph_reserve: reserving a graph for ubatch with n_tokens =    1, n_seqs =  1, n_outputs =    1
resolve_fused_ops: fused DeepSeek V4 HC comb enabled
graph_reserve: reserving a graph for ubatch with n_tokens =    1, n_seqs =  1, n_outputs =    1
resolve_fused_ops: fused DeepSeek V4 HC post enabled
graph_reserve: reserving a graph for ubatch with n_tokens =    8, n_seqs =  1, n_outputs =    8
graph_reserve: reserving a graph for ubatch with n_tokens =    1, n_seqs =  1, n_outputs =    1
graph_reserve: reserving a graph for ubatch with n_tokens =    8, n_seqs =  1, n_outputs =    8
sched_reserve:  CUDA_Host compute buffer size =     0.03 MiB
sched_reserve: graph nodes  = 100
sched_reserve: graph splits = 1
sched_reserve: reserve took 2.48 ms, sched copies = 1
graph_reserve: reserving a graph for ubatch with n_tokens =    4, n_seqs =  1, n_outputs =    4
FT_COMPARE layer=0 relative=0.00236489 first=-0.0187945/-0.0187197
FT_COMPARE layer=1 relative=0.00245348 first=-0.0407913/-0.040655
FT_COMPARE layer=0 relative=0.00237446 first=0.0360745/0.0360335
FT_COMPARE layer=1 relative=0.00230697 first=0.0133403/0.0133036
FT_COMPARE layer=0 relative=0.00244501 first=0.021732/0.021615
FT_COMPARE layer=1 relative=0.00253843 first=-0.0933592/-0.093165
FT_COMPARE layer=0 relative=0.00195058 first=0.086423/0.0863041
FT_COMPARE layer=1 relative=0.00225969 first=-0.0184169/-0.0183925
FT_COMPARE layer=0 relative=0.00235546 first=0.00433576/0.00439913
FT_COMPARE layer=1 relative=0.00258321 first=-0.025719/-0.0256684
FT_COMPARE layer=0 relative=0.0023434 first=0.0561421/0.0560113
FT_COMPARE layer=1 relative=0.00221864 first=0.05808/0.0580168
FT_COMPARE layer=0 relative=0.00223515 first=-0.0912347/-0.091029
FT_COMPARE layer=1 relative=0.00250516 first=0.0645847/0.0644161
FT_COMPARE layer=0 relative=0.00224684 first=-0.0282307/-0.0282131
FT_COMPARE layer=1 relative=0.00208146 first=-0.0338825/-0.0338433
FT_COMPARE layer=0 relative=0.00217057 first=0.082642/0.0824396
FT_COMPARE layer=1 relative=0.00212494 first=-0.0783593/-0.0781759
FT_COMPARE layer=0 relative=0.00217626 first=0.0361272/0.0360274
FT_COMPARE layer=1 relative=0.00248594 first=0.00698607/0.00694713
FT_COMPARE layer=0 relative=0.00242423 first=-0.0566568/-0.0565671
FT_COMPARE layer=1 relative=0.002133 first=-0.0537412/-0.0536541
FT_COMPARE layer=0 relative=0.00225261 first=-0.0759584/-0.0758078
FT_COMPARE layer=1 relative=0.00238178 first=-0.00495215/-0.004986
FT_COMPARE layer=0 relative=0.00225654 first=-0.138404/-0.138082
FT_COMPARE layer=1 relative=0.00220035 first=0.0505036/0.0504437
FT_COMPARE layer=0 relative=0.00248128 first=-0.0573892/-0.0572674
FT_COMPARE layer=1 relative=0.00258091 first=-0.0938506/-0.0936393
FT_COMPARE layer=0 relative=0.002121 first=0.0280507/0.0280186
FT_COMPARE layer=1 relative=0.00226944 first=0.0120161/0.0119826
FT_COMPARE layer=0 relative=0.00191631 first=-0.0102462/-0.0102024
FT_COMPARE layer=1 relative=0.00238472 first=-0.0402038/-0.0401149
FT_COMPARE layer=0 relative=0.00206461 first=-0.0684968/-0.0683212
FT_COMPARE layer=1 relative=0.00216083 first=0.0347874/0.0346618
FT_COMPARE layer=0 relative=0.001913 first=0.0402722/0.0402191
FT_COMPARE layer=1 relative=0.00193828 first=-0.037581/-0.0375015
FT_COMPARE layer=0 relative=0.00223933 first=0.0214132/0.0213583
FT_COMPARE layer=1 relative=0.00256574 first=-0.0387981/-0.0387447
FT_COMPARE layer=0 relative=0.00239288 first=0.0468727/0.0467792
FT_COMPARE layer=1 relative=0.00220699 first=-0.0147723/-0.014751
FT_COMPARE layer=0 relative=0.00212968 first=0.0416441/0.041508
FT_COMPARE layer=1 relative=0.00212453 first=0.00922013/0.00924503
FT_COMPARE layer=0 relative=0.00246788 first=-0.0147015/-0.0146685
FT_COMPARE layer=1 relative=0.00249202 first=-0.0305943/-0.0305432
FT_COMPARE layer=0 relative=0.00241579 first=-0.062285/-0.0621233
FT_COMPARE layer=1 relative=0.00266494 first=-0.0741905/-0.0740638
FT_COMPARE layer=0 relative=0.00230579 first=-0.0562827/-0.0561615
FT_COMPARE layer=1 relative=0.00232896 first=-0.0265851/-0.026521
FT_COMPARE layer=0 relative=0.00243898 first=0.102544/0.102281
FT_COMPARE layer=1 relative=0.00237615 first=-0.0555309/-0.0553688
FT_COMPARE layer=0 relative=0.00191026 first=0.0404418/0.0404182
FT_COMPARE layer=1 relative=0.00220186 first=-0.0826271/-0.0824539
FT_COMPARE layer=0 relative=0.00237537 first=0.0410223/0.0408928
FT_COMPARE layer=1 relative=0.00260068 first=-0.112243/-0.112017
FT_COMPARE layer=0 relative=0.0023126 first=0.150228/0.149935
FT_COMPARE layer=1 relative=0.00214608 first=-0.11012/-0.109942
FT_COMPARE layer=0 relative=0.00242851 first=0.0382534/0.0381889
FT_COMPARE layer=1 relative=0.00237461 first=-0.0626066/-0.0624717
FT_COMPARE layer=0 relative=0.00254374 first=-0.078778/-0.0786614
FT_COMPARE layer=1 relative=0.00229578 first=0.0213885/0.0213321
FT_COMPARE layer=0 relative=0.00203643 first=-0.133976/-0.133676
FT_COMPARE layer=1 relative=0.00249032 first=-0.0268099/-0.0267123
FT_COMPARE layer=0 relative=0.00245432 first=-0.0262582/-0.0262651
FT_COMPARE layer=1 relative=0.00217268 first=0.00505341/0.00505706
FT_COMPARE layer=0 relative=0.00202555 first=-0.0386644/-0.0385788
FT_COMPARE layer=1 relative=0.00235597 first=0.0603852/0.0602322
FT_COMPARE layer=0 relative=0.0022686 first=0.0576274/0.0575069
FT_COMPARE layer=1 relative=0.00262048 first=0.0502706/0.0501348
FT_COMPARE layer=0 relative=0.00233314 first=-0.0232946/-0.0231827
FT_COMPARE layer=1 relative=0.00217104 first=-0.097573/-0.0973954
FT_COMPARE layer=0 relative=0.00229768 first=-0.0659119/-0.0657523
FT_COMPARE layer=1 relative=0.00209763 first=-0.0202122/-0.0202097
FT_COMPARE layer=0 relative=0.00217406 first=0.0813556/0.0811606
FT_COMPARE layer=1 relative=0.00216298 first=-0.0358134/-0.0358009
FT_COMPARE layer=0 relative=0.00201543 first=-0.0603291/-0.0601813
FT_COMPARE layer=1 relative=0.0023268 first=0.132474/0.132108
FT_COMPARE layer=0 relative=0.00239497 first=-0.0185877/-0.0185882
FT_COMPARE layer=1 relative=0.00225579 first=0.128755/0.128495
FT_COMPARE layer=0 relative=0.00216288 first=-0.0164378/-0.0164314
FT_COMPARE layer=1 relative=0.00228712 first=-0.0498914/-0.049787
FT_COMPARE layer=0 relative=0.00213813 first=0.123307/0.123058
FT_COMPARE layer=1 relative=0.00181683 first=-0.0966535/-0.0964547
FT_COMPARE layer=0 relative=0.00204235 first=0.0317737/0.0317341
FT_COMPARE layer=1 relative=0.00215807 first=0.080674/0.0805184
FT_COMPARE layer=0 relative=0.00206363 first=-0.0639087/-0.0638236
FT_COMPARE layer=1 relative=0.00215372 first=-0.0630499/-0.0628839
FT_COMPARE layer=0 relative=0.00224912 first=-0.0966017/-0.0963816
FT_COMPARE layer=1 relative=0.00212244 first=0.039923/0.0398439
FT_COMPARE layer=0 relative=0.00233152 first=-0.0971882/-0.0969668
FT_COMPARE layer=1 relative=0.00227958 first=0.0332357/0.0330936
FT_COMPARE layer=0 relative=0.00246539 first=-0.0529353/-0.0527578
FT_COMPARE layer=1 relative=0.00232175 first=-0.0610196/-0.060907
FT_COMPARE layer=0 relative=0.00192576 first=-0.00992727/-0.00989715
FT_COMPARE layer=1 relative=0.00230827 first=0.0498298/0.0497114
FT_COMPARE layer=0 relative=0.00218004 first=-0.0603287/-0.06017
FT_COMPARE layer=1 relative=0.00239901 first=-0.0429803/-0.0429134
set_abort_callback: call
graph_compute: ggml_backend_sched_graph_compute_async failed with error 1
process_ubatch: failed to compute graph, compute status: 1
decode: removing memory module entries for seq_id = 0, pos = [59, +inf)
llama_decode: failed to decode, ret = 2
set_abort_callback: call
graph_compute: ggml_backend_sched_graph_compute_async failed with error -1
host-bank MoE execution failed: MoE routing weight must be finite
process_ubatch: failed to compute graph, compute status: -1
decode: removing memory module entries for seq_id = 0, pos = [59, +inf)
llama_decode: failed to decode, ret = -3
FT_COMPARE layer=0 relative=0.00217861 first=-0.0680329/-0.0678578
FT_COMPARE layer=1 relative=0.00252075 first=0.0742872/0.0740818
llama_context: constructing llama_context
llama_init_from_model: failed to initialize the context: host-bank MoE requires one sequence, op_offload=false and offload_kqv=false
llama_context: constructing llama_context
llama_init_from_model: failed to initialize the context: host-bank MoE requires one sequence, op_offload=false and offload_kqv=false
llama_context: constructing llama_context
llama_init_from_model: failed to initialize the context: host-bank MoE requires one sequence, op_offload=false and offload_kqv=false
llama_context: constructing llama_context
llama_init_from_model: failed to initialize the context: moe cache: invalid uniform arena geometry
llama_context: constructing llama_context
llama_init_from_model: failed to initialize the context: host-bank MoE cache requires model.moe_cpu_tile_bytes host-bank setup
~llama_context:      CUDA0 compute buffer size is   0.0000 MiB, matches expectation of   0.0000 MiB
~llama_context:  CUDA_Host compute buffer size is   0.0304 MiB, matches expectation of   0.0304 MiB
~llama_context:      CUDA0 compute buffer size is   0.0000 MiB, matches expectation of   0.0000 MiB
~llama_context:  CUDA_Host compute buffer size is   0.0304 MiB, matches expectation of   0.0304 MiB
llama_context: constructing llama_context
llama_context: MoE device=CUDA0 cache=196608 staging=1048576 compute-limit=67108864 bytes
llama_context: n_seq_max             = 1
llama_context: n_ctx                 = 256
llama_context: n_ctx_seq             = 256
llama_context: n_batch               = 32
llama_context: n_ubatch              = 8
llama_context: causal_attn           = 1
llama_context: flash_attn            = disabled
llama_context: kv_unified            = false
llama_context: freq_base             = 10000.0
llama_context: freq_scale            = 1
llama_context: n_rs_seq              = 0
llama_context: n_outputs_max         = 32
llama_context: n_outputs_max_per_seq = 1
llama_context: n_ctx_seq (256) > n_ctx_train (128) -- possible training context overflow
set_abort_callback: call
llama_context:        CPU  output buffer size =     0.00 MiB
llama_kv_cache: layer   0: dev = CPU
llama_kv_cache: layer   1: dev = CPU
llama_kv_cache:        CPU KV buffer size =     0.06 MiB
llama_kv_cache: size =    0.06 MiB (   256 cells,   2 layers,  1/1 seqs), K (f16):    0.03 MiB, V (f16):    0.03 MiB
llama_kv_cache: attn_rot_k = 0, n_embd_head_k_all = 16
llama_kv_cache: attn_rot_v = 0, n_embd_head_k_all = 16
llama_context: enumerating backends
llama_context: backend_ptrs.size() = 2
sched_reserve: reserving ...
sched_reserve: max_nodes = 1024
sched_reserve: decode graph slots = 4 (n_tokens <= 4)
sched_reserve: reserving full memory module
sched_reserve: worst-case: n_tokens = 8, n_seqs = 1, n_outputs = 1
resolve_fused_ops: resolving fused Gated Delta Net support:
graph_reserve: reserving a graph for ubatch with n_tokens =    1, n_seqs =  1, n_outputs =    1
resolve_fused_ops: fused Gated Delta Net (autoregressive) enabled
graph_reserve: reserving a graph for ubatch with n_tokens =   16, n_seqs =  1, n_outputs =   16
resolve_fused_ops: fused Gated Delta Net (chunked) enabled
resolve_fused_ops: resolving fused Lightning Indexer support:
graph_reserve: reserving a graph for ubatch with n_tokens =    1, n_seqs =  1, n_outputs =    1
resolve_fused_ops: Lightning Indexer enabled
resolve_fused_ops: resolving fused DeepSeek V4 HC support:
graph_reserve: reserving a graph for ubatch with n_tokens =    1, n_seqs =  1, n_outputs =    1
resolve_fused_ops: fused DeepSeek V4 HC pre enabled
graph_reserve: reserving a graph for ubatch with n_tokens =    1, n_seqs =  1, n_outputs =    1
resolve_fused_ops: fused DeepSeek V4 HC comb enabled
graph_reserve: reserving a graph for ubatch with n_tokens =    1, n_seqs =  1, n_outputs =    1
resolve_fused_ops: fused DeepSeek V4 HC post enabled
graph_reserve: reserving a graph for ubatch with n_tokens =    8, n_seqs =  1, n_outputs =    8
graph_reserve: reserving a graph for ubatch with n_tokens =    1, n_seqs =  1, n_outputs =    1
graph_reserve: reserving a graph for ubatch with n_tokens =    8, n_seqs =  1, n_outputs =    8
sched_reserve:  CUDA_Host compute buffer size =     0.03 MiB
sched_reserve: graph nodes  = 100
sched_reserve: graph splits = 1
sched_reserve: reserve took 2.21 ms, sched copies = 1
llama_context: constructing llama_context
llama_context: n_seq_max             = 1
llama_context: n_ctx                 = 256
llama_context: n_ctx_seq             = 256
llama_context: n_batch               = 32
llama_context: n_ubatch              = 8
llama_context: causal_attn           = 1
llama_context: flash_attn            = disabled
llama_context: kv_unified            = false
llama_context: freq_base             = 10000.0
llama_context: freq_scale            = 1
llama_context: n_rs_seq              = 0
llama_context: n_outputs_max         = 32
llama_context: n_outputs_max_per_seq = 1
llama_context: n_ctx_seq (256) > n_ctx_train (128) -- possible training context overflow
set_abort_callback: call
llama_context:        CPU  output buffer size =     0.00 MiB
llama_kv_cache: layer   0: dev = CPU
llama_kv_cache: layer   1: dev = CPU
llama_kv_cache:        CPU KV buffer size =     0.06 MiB
llama_kv_cache: size =    0.06 MiB (   256 cells,   2 layers,  1/1 seqs), K (f16):    0.03 MiB, V (f16):    0.03 MiB
llama_kv_cache: attn_rot_k = 0, n_embd_head_k_all = 16
llama_kv_cache: attn_rot_v = 0, n_embd_head_k_all = 16
llama_context: enumerating backends
llama_context: backend_ptrs.size() = 2
sched_reserve: reserving ...
sched_reserve: max_nodes = 1024
sched_reserve: decode graph slots = 4 (n_tokens <= 4)
sched_reserve: reserving full memory module
sched_reserve: worst-case: n_tokens = 8, n_seqs = 1, n_outputs = 1
resolve_fused_ops: resolving fused Gated Delta Net support:
graph_reserve: reserving a graph for ubatch with n_tokens =    1, n_seqs =  1, n_outputs =    1
resolve_fused_ops: fused Gated Delta Net (autoregressive) enabled
graph_reserve: reserving a graph for ubatch with n_tokens =   16, n_seqs =  1, n_outputs =   16
resolve_fused_ops: fused Gated Delta Net (chunked) enabled
resolve_fused_ops: resolving fused Lightning Indexer support:
graph_reserve: reserving a graph for ubatch with n_tokens =    1, n_seqs =  1, n_outputs =    1
resolve_fused_ops: Lightning Indexer enabled
resolve_fused_ops: resolving fused DeepSeek V4 HC support:
graph_reserve: reserving a graph for ubatch with n_tokens =    1, n_seqs =  1, n_outputs =    1
resolve_fused_ops: fused DeepSeek V4 HC pre enabled
graph_reserve: reserving a graph for ubatch with n_tokens =    1, n_seqs =  1, n_outputs =    1
resolve_fused_ops: fused DeepSeek V4 HC comb enabled
graph_reserve: reserving a graph for ubatch with n_tokens =    1, n_seqs =  1, n_outputs =    1
resolve_fused_ops: fused DeepSeek V4 HC post enabled
graph_reserve: reserving a graph for ubatch with n_tokens =    8, n_seqs =  1, n_outputs =    8
graph_reserve: reserving a graph for ubatch with n_tokens =    1, n_seqs =  1, n_outputs =    1
graph_reserve: reserving a graph for ubatch with n_tokens =    8, n_seqs =  1, n_outputs =    8
sched_reserve:  CUDA_Host compute buffer size =     0.03 MiB
sched_reserve: graph nodes  = 110
sched_reserve: graph splits = 1
sched_reserve: reserve took 2.44 ms, sched copies = 1
FT_COMPARE layer=0 relative=0.00236489 first=-0.0187945/-0.0187197
FT_COMPARE layer=1 relative=0.00245348 first=-0.0407913/-0.040655
~llama_context:      CUDA0 compute buffer size is   0.0000 MiB, matches expectation of   0.0000 MiB
~llama_context:  CUDA_Host compute buffer size is   0.0304 MiB, matches expectation of   0.0304 MiB
~llama_context:      CUDA0 compute buffer size is   0.0000 MiB, matches expectation of   0.0000 MiB
~llama_context:  CUDA_Host compute buffer size is   0.0304 MiB, matches expectation of   0.0304 MiB
llama_model_loader: loaded meta data with 13 key-value pairs and 23 tensors from C:\Users\cadel\AppData\Local\Temp\moe-integration-1727447.gguf (version GGUF V3 (latest))
llama_model_loader: Dumping metadata keys/values. Note: KV overrides do not apply in this output.
llama_model_loader: - kv   0:                       general.architecture str              = llama
llama_model_loader: - kv   1:                       tokenizer.ggml.model str              = no_vocab
llama_model_loader: - kv   2:                           llama.vocab_size u32              = 32
llama_model_loader: - kv   3:                       llama.context_length u32              = 128
llama_model_loader: - kv   4:                     llama.embedding_length u32              = 32
llama_model_loader: - kv   5:                          llama.block_count u32              = 2
llama_model_loader: - kv   6:                  llama.feed_forward_length u32              = 64
llama_model_loader: - kv   7:                 llama.attention.head_count u32              = 2
llama_model_loader: - kv   8:              llama.attention.head_count_kv u32              = 2
llama_model_loader: - kv   9:                 llama.rope.dimension_count u32              = 16
llama_model_loader: - kv  10:                         llama.expert_count u32              = 4
llama_model_loader: - kv  11:                    llama.expert_used_count u32              = 2
llama_model_loader: - kv  12:     llama.attention.layer_norm_rms_epsilon f32              = 0.000010
llama_model_loader: - type  f32:   17 tensors
llama_model_loader: - type  f16:    6 tensors
print_info: file format = GGUF V3 (latest)
print_info: file type   = (guessed) all F32
print_info: file size   = 0.13 MiB (18.85 BPW) 
llama_prepare_model_devices: using device CUDA0 (NVIDIA GeForce RTX 4060 Laptop GPU) (0000:01:00.0) - 7096 MiB free
load: adding 32 dummy tokens
print_info: arch                  = llama
print_info: vocab_only            = 0
print_info: no_alloc              = 0
print_info: n_ctx_train           = 128
print_info: n_embd_inp            = 32
print_info: n_embd                = 32
print_info: n_embd_out            = 32
print_info: n_layer               = 2
print_info: n_layer_all           = 2
print_info: n_head                = 2
print_info: n_head_kv             = 2
print_info: n_rot                 = 16
print_info: n_swa                 = 0
print_info: is_swa_any            = 0
print_info: n_embd_head_k         = 16
print_info: n_embd_head_v         = 16
print_info: n_gqa                 = 1
print_info: n_embd_k_gqa          = 32
print_info: n_embd_v_gqa          = 32
print_info: f_norm_eps            = 0.0e+00
print_info: f_norm_rms_eps        = 1.0e-05
print_info: f_clamp_kqv           = 0.0e+00
print_info: f_max_alibi_bias      = 0.0e+00
print_info: f_logit_scale         = 0.0e+00
print_info: f_attn_scale          = 0.0e+00
print_info: f_attn_value_scale    = 0.0000
print_info: n_ff                  = 64
print_info: n_expert              = 4
print_info: n_expert_used         = 2
print_info: n_expert_groups       = 0
print_info: n_group_used          = 0
print_info: causal attn           = 1
print_info: pooling type          = -1
print_info: rope type             = 0
print_info: rope scaling          = linear
print_info: freq_base_train       = 10000.0
print_info: freq_scale_train      = 1
print_info: n_ctx_orig_yarn       = 128
print_info: rope_yarn_log_mul     = 0.0000
print_info: rope_finetuned        = unknown
print_info: model type            = ?B
print_info: model params          = 59.81 K
print_info: general.name          = n/a
print_info: vocab type            = no vocab
print_info: n_vocab               = 32
print_info: n_merges              = 0
print_info: max token length      = 0
load_tensors: loading model tensors, this can take a while... (load_mode = none)
load_tensors: layer   0 assigned to device CPU, is_swa = 0
load_tensors: layer   1 assigned to device CPU, is_swa = 0
load_tensors: layer   2 assigned to device CPU, is_swa = 0
create_tensor: loading tensor token_embd.weight
create_tensor: loading tensor output_norm.weight
create_tensor: loading tensor output.weight
create_tensor: loading tensor blk.0.attn_norm.weight
create_tensor: loading tensor blk.0.attn_qkv.weight
create_tensor: loading tensor blk.0.attn_q.weight
create_tensor: loading tensor blk.0.attn_k.weight
create_tensor: loading tensor blk.0.attn_v.weight
create_tensor: loading tensor blk.0.attn_q.bias
create_tensor: loading tensor blk.0.attn_k.bias
create_tensor: loading tensor blk.0.attn_v.bias
create_tensor: loading tensor blk.0.attn_output.weight
create_tensor: loading tensor blk.0.attn_output.bias
create_tensor: loading tensor blk.0.ffn_norm.weight
create_tensor: loading tensor rope_freqs.weight
create_tensor: loading tensor blk.0.ffn_gate_inp.weight
create_tensor: loading tensor blk.0.ffn_gate_exps.weight
create_tensor: loading tensor blk.0.ffn_down_exps.weight
create_tensor: loading tensor blk.0.ffn_up_exps.weight
create_tensor: loading tensor blk.1.attn_norm.weight
create_tensor: loading tensor blk.1.attn_qkv.weight
create_tensor: loading tensor blk.1.attn_q.weight
create_tensor: loading tensor blk.1.attn_k.weight
create_tensor: loading tensor blk.1.attn_v.weight
create_tensor: loading tensor blk.1.attn_q.bias
create_tensor: loading tensor blk.1.attn_k.bias
create_tensor: loading tensor blk.1.attn_v.bias
create_tensor: loading tensor blk.1.attn_output.weight
create_tensor: loading tensor blk.1.attn_output.bias
create_tensor: loading tensor blk.1.ffn_norm.weight
create_tensor: loading tensor rope_freqs.weight
create_tensor: loading tensor blk.1.ffn_gate_inp.weight
create_tensor: loading tensor blk.1.ffn_gate_exps.weight
create_tensor: loading tensor blk.1.ffn_down_exps.weight
create_tensor: loading tensor blk.1.ffn_up_exps.weight
create_tensor: loading tensor blk.0.attn_q.scale
create_tensor: loading tensor blk.0.attn_k.scale
create_tensor: loading tensor blk.0.attn_v.scale
create_tensor: loading tensor blk.0.attn_output.scale
create_tensor: loading tensor blk.0.ffn_gate_exps.scale
create_tensor: loading tensor blk.0.ffn_down_exps.scale
create_tensor: loading tensor blk.0.ffn_up_exps.scale
create_tensor: loading tensor blk.0.attn_q.input_scale
create_tensor: loading tensor blk.0.attn_k.input_scale
create_tensor: loading tensor blk.0.attn_v.input_scale
create_tensor: loading tensor blk.0.attn_output.input_scale
create_tensor: loading tensor blk.0.ffn_gate_exps.input_scale
create_tensor: loading tensor blk.0.ffn_down_exps.input_scale
create_tensor: loading tensor blk.0.ffn_up_exps.input_scale
create_tensor: loading tensor blk.1.attn_q.scale
create_tensor: loading tensor blk.1.attn_k.scale
create_tensor: loading tensor blk.1.attn_v.scale
create_tensor: loading tensor blk.1.attn_output.scale
create_tensor: loading tensor blk.1.ffn_gate_exps.scale
create_tensor: loading tensor blk.1.ffn_down_exps.scale
create_tensor: loading tensor blk.1.ffn_up_exps.scale
create_tensor: loading tensor blk.1.attn_q.input_scale
create_tensor: loading tensor blk.1.attn_k.input_scale
create_tensor: loading tensor blk.1.attn_v.input_scale
create_tensor: loading tensor blk.1.attn_output.input_scale
create_tensor: loading tensor blk.1.ffn_gate_exps.input_scale
create_tensor: loading tensor blk.1.ffn_down_exps.input_scale
create_tensor: loading tensor blk.1.ffn_up_exps.input_scale
load_tensors: offloading 0 repeating layers to GPU
load_tensors: offloaded 0/3 layers to GPU
load_tensors:    CUDA_Host model buffer size =     0.13 MiB
load_all_data: buffer type CUDA_Host is not the default buffer type for device CUDA0 for async uploads
...................
llama_model_loader: loaded meta data with 13 key-value pairs and 23 tensors from C:\Users\cadel\AppData\Local\Temp\moe-integration-1727447.gguf (version GGUF V3 (latest))
llama_model_loader: Dumping metadata keys/values. Note: KV overrides do not apply in this output.
llama_model_loader: - kv   0:                       general.architecture str              = llama
llama_model_loader: - kv   1:                       tokenizer.ggml.model str              = no_vocab
llama_model_loader: - kv   2:                           llama.vocab_size u32              = 32
llama_model_loader: - kv   3:                       llama.context_length u32              = 128
llama_model_loader: - kv   4:                     llama.embedding_length u32              = 32
llama_model_loader: - kv   5:                          llama.block_count u32              = 2
llama_model_loader: - kv   6:                  llama.feed_forward_length u32              = 64
llama_model_loader: - kv   7:                 llama.attention.head_count u32              = 2
llama_model_loader: - kv   8:              llama.attention.head_count_kv u32              = 2
llama_model_loader: - kv   9:                 llama.rope.dimension_count u32              = 16
llama_model_loader: - kv  10:                         llama.expert_count u32              = 4
llama_model_loader: - kv  11:                    llama.expert_used_count u32              = 2
llama_model_loader: - kv  12:     llama.attention.layer_norm_rms_epsilon f32              = 0.000010
llama_model_loader: - type  f32:   17 tensors
llama_model_loader: - type  f16:    6 tensors
print_info: file format = GGUF V3 (latest)
print_info: file type   = (guessed) all F32
print_info: file size   = 0.13 MiB (18.85 BPW) 
llama_prepare_model_devices: using device CUDA0 (NVIDIA GeForce RTX 4060 Laptop GPU) (0000:01:00.0) - 7096 MiB free
load: adding 32 dummy tokens
print_info: arch                  = llama
print_info: vocab_only            = 0
print_info: no_alloc              = 0
print_info: n_ctx_train           = 128
print_info: n_embd_inp            = 32
print_info: n_embd                = 32
print_info: n_embd_out            = 32
print_info: n_layer               = 2
print_info: n_layer_all           = 2
print_info: n_head                = 2
print_info: n_head_kv             = 2
print_info: n_rot                 = 16
print_info: n_swa                 = 0
print_info: is_swa_any            = 0
print_info: n_embd_head_k         = 16
print_info: n_embd_head_v         = 16
print_info: n_gqa                 = 1
print_info: n_embd_k_gqa          = 32
print_info: n_embd_v_gqa          = 32
print_info: f_norm_eps            = 0.0e+00
print_info: f_norm_rms_eps        = 1.0e-05
print_info: f_clamp_kqv           = 0.0e+00
print_info: f_max_alibi_bias      = 0.0e+00
print_info: f_logit_scale         = 0.0e+00
print_info: f_attn_scale          = 0.0e+00
print_info: f_attn_value_scale    = 0.0000
print_info: n_ff                  = 64
print_info: n_expert              = 4
print_info: n_expert_used         = 2
print_info: n_expert_groups       = 0
print_info: n_group_used          = 0
print_info: causal attn           = 1
print_info: pooling type          = -1
print_info: rope type             = 0
print_info: rope scaling          = linear
print_info: freq_base_train       = 10000.0
print_info: freq_scale_train      = 1
print_info: n_ctx_orig_yarn       = 128
print_info: rope_yarn_log_mul     = 0.0000
print_info: rope_finetuned        = unknown
print_info: model type            = ?B
print_info: model params          = 59.81 K
print_info: general.name          = n/a
print_info: vocab type            = no vocab
print_info: n_vocab               = 32
print_info: n_merges              = 0
print_info: max token length      = 0
load_tensors: loading model tensors, this can take a while... (load_mode = none)
load_tensors: layer   0 assigned to device CPU, is_swa = 0
load_tensors: layer   1 assigned to device CPU, is_swa = 0
load_tensors: layer   2 assigned to device CPU, is_swa = 0
create_tensor: loading tensor token_embd.weight
create_tensor: loading tensor output_norm.weight
create_tensor: loading tensor output.weight
create_tensor: loading tensor blk.0.attn_norm.weight
create_tensor: loading tensor blk.0.attn_qkv.weight
create_tensor: loading tensor blk.0.attn_q.weight
create_tensor: loading tensor blk.0.attn_k.weight
create_tensor: loading tensor blk.0.attn_v.weight
create_tensor: loading tensor blk.0.attn_q.bias
create_tensor: loading tensor blk.0.attn_k.bias
create_tensor: loading tensor blk.0.attn_v.bias
create_tensor: loading tensor blk.0.attn_output.weight
create_tensor: loading tensor blk.0.attn_output.bias
create_tensor: loading tensor blk.0.ffn_norm.weight
create_tensor: loading tensor rope_freqs.weight
create_tensor: loading tensor blk.0.ffn_gate_inp.weight
create_tensor: loading tensor blk.0.ffn_gate_exps.weight
create_tensor: loading tensor blk.0.ffn_down_exps.weight
create_tensor: loading tensor blk.0.ffn_up_exps.weight
create_tensor: loading tensor blk.1.attn_norm.weight
create_tensor: loading tensor blk.1.attn_qkv.weight
create_tensor: loading tensor blk.1.attn_q.weight
create_tensor: loading tensor blk.1.attn_k.weight
create_tensor: loading tensor blk.1.attn_v.weight
create_tensor: loading tensor blk.1.attn_q.bias
create_tensor: loading tensor blk.1.attn_k.bias
create_tensor: loading tensor blk.1.attn_v.bias
create_tensor: loading tensor blk.1.attn_output.weight
create_tensor: loading tensor blk.1.attn_output.bias
create_tensor: loading tensor blk.1.ffn_norm.weight
create_tensor: loading tensor rope_freqs.weight
create_tensor: loading tensor blk.1.ffn_gate_inp.weight
create_tensor: loading tensor blk.1.ffn_gate_exps.weight
create_tensor: loading tensor blk.1.ffn_down_exps.weight
create_tensor: loading tensor blk.1.ffn_up_exps.weight
create_tensor: loading tensor blk.0.attn_q.scale
create_tensor: loading tensor blk.0.attn_k.scale
create_tensor: loading tensor blk.0.attn_v.scale
create_tensor: loading tensor blk.0.attn_output.scale
create_tensor: loading tensor blk.0.ffn_gate_exps.scale
create_tensor: loading tensor blk.0.ffn_down_exps.scale
create_tensor: loading tensor blk.0.ffn_up_exps.scale
create_tensor: loading tensor blk.0.attn_q.input_scale
create_tensor: loading tensor blk.0.attn_k.input_scale
create_tensor: loading tensor blk.0.attn_v.input_scale
create_tensor: loading tensor blk.0.attn_output.input_scale
create_tensor: loading tensor blk.0.ffn_gate_exps.input_scale
create_tensor: loading tensor blk.0.ffn_down_exps.input_scale
create_tensor: loading tensor blk.0.ffn_up_exps.input_scale
create_tensor: loading tensor blk.1.attn_q.scale
create_tensor: loading tensor blk.1.attn_k.scale
create_tensor: loading tensor blk.1.attn_v.scale
create_tensor: loading tensor blk.1.attn_output.scale
create_tensor: loading tensor blk.1.ffn_gate_exps.scale
create_tensor: loading tensor blk.1.ffn_down_exps.scale
create_tensor: loading tensor blk.1.ffn_up_exps.scale
create_tensor: loading tensor blk.1.attn_q.input_scale
create_tensor: loading tensor blk.1.attn_k.input_scale
create_tensor: loading tensor blk.1.attn_v.input_scale
create_tensor: loading tensor blk.1.attn_output.input_scale
create_tensor: loading tensor blk.1.ffn_gate_exps.input_scale
create_tensor: loading tensor blk.1.ffn_down_exps.input_scale
create_tensor: loading tensor blk.1.ffn_up_exps.input_scale
load_tensors: offloading 0 repeating layers to GPU
load_tensors: offloaded 0/3 layers to GPU
load_tensors:          CPU model buffer size =     0.13 MiB
load_all_data: no device found for buffer type CPU for async uploads
...................
load_tensors: experimental host-bank MoE enabled, tile weights <= 12544 bytes; this is not a total memory limit
llama_context: constructing llama_context
llama_context: n_seq_max             = 1
llama_context: n_ctx                 = 256
llama_context: n_ctx_seq             = 256
llama_context: n_batch               = 32
llama_context: n_ubatch              = 8
llama_context: causal_attn           = 1
llama_context: flash_attn            = disabled
llama_context: kv_unified            = false
llama_context: freq_base             = 10000.0
llama_context: freq_scale            = 1
llama_context: n_rs_seq              = 0
llama_context: n_outputs_max         = 32
llama_context: n_outputs_max_per_seq = 1
llama_context: n_ctx_seq (256) > n_ctx_train (128) -- possible training context overflow
set_abort_callback: call
llama_context:        CPU  output buffer size =     0.00 MiB
llama_kv_cache: layer   0: dev = CPU
llama_kv_cache: layer   1: dev = CPU
llama_kv_cache:        CPU KV buffer size =     0.06 MiB
llama_kv_cache: size =    0.06 MiB (   256 cells,   2 layers,  1/1 seqs), K (f16):    0.03 MiB, V (f16):    0.03 MiB
llama_kv_cache: attn_rot_k = 0, n_embd_head_k_all = 16
llama_kv_cache: attn_rot_v = 0, n_embd_head_k_all = 16
llama_context: enumerating backends
llama_context: backend_ptrs.size() = 2
sched_reserve: reserving ...
sched_reserve: max_nodes = 1024
sched_reserve: decode graph slots = 4 (n_tokens <= 4)
sched_reserve: reserving full memory module
sched_reserve: worst-case: n_tokens = 8, n_seqs = 1, n_outputs = 1
resolve_fused_ops: resolving fused Gated Delta Net support:
graph_reserve: reserving a graph for ubatch with n_tokens =    1, n_seqs =  1, n_outputs =    1
resolve_fused_ops: fused Gated Delta Net (autoregressive) enabled
graph_reserve: reserving a graph for ubatch with n_tokens =   16, n_seqs =  1, n_outputs =   16
resolve_fused_ops: fused Gated Delta Net (chunked) enabled
resolve_fused_ops: resolving fused Lightning Indexer support:
graph_reserve: reserving a graph for ubatch with n_tokens =    1, n_seqs =  1, n_outputs =    1
resolve_fused_ops: Lightning Indexer enabled
resolve_fused_ops: resolving fused DeepSeek V4 HC support:
graph_reserve: reserving a graph for ubatch with n_tokens =    1, n_seqs =  1, n_outputs =    1
resolve_fused_ops: fused DeepSeek V4 HC pre enabled
graph_reserve: reserving a graph for ubatch with n_tokens =    1, n_seqs =  1, n_outputs =    1
resolve_fused_ops: fused DeepSeek V4 HC comb enabled
graph_reserve: reserving a graph for ubatch with n_tokens =    1, n_seqs =  1, n_outputs =    1
resolve_fused_ops: fused DeepSeek V4 HC post enabled
graph_reserve: reserving a graph for ubatch with n_tokens =    8, n_seqs =  1, n_outputs =    8
graph_reserve: reserving a graph for ubatch with n_tokens =    1, n_seqs =  1, n_outputs =    1
graph_reserve: reserving a graph for ubatch with n_tokens =    8, n_seqs =  1, n_outputs =    8
sched_reserve:  CUDA_Host compute buffer size =     0.03 MiB
sched_reserve: graph nodes  = 110
sched_reserve: graph splits = 1
sched_reserve: reserve took 2.68 ms, sched copies = 1
llama_context: constructing llama_context
llama_context: n_seq_max             = 1
llama_context: n_ctx                 = 256
llama_context: n_ctx_seq             = 256
llama_context: n_batch               = 32
llama_context: n_ubatch              = 8
llama_context: causal_attn           = 1
llama_context: flash_attn            = disabled
llama_context: kv_unified            = false
llama_context: freq_base             = 10000.0
llama_context: freq_scale            = 1
llama_context: n_rs_seq              = 0
llama_context: n_outputs_max         = 32
llama_context: n_outputs_max_per_seq = 1
llama_context: n_ctx_seq (256) > n_ctx_train (128) -- possible training context overflow
set_abort_callback: call
llama_context:        CPU  output buffer size =     0.00 MiB
llama_kv_cache: layer   0: dev = CPU
llama_kv_cache: layer   1: dev = CPU
llama_kv_cache:        CPU KV buffer size =     0.06 MiB
llama_kv_cache: size =    0.06 MiB (   256 cells,   2 layers,  1/1 seqs), K (f16):    0.03 MiB, V (f16):    0.03 MiB
llama_kv_cache: attn_rot_k = 0, n_embd_head_k_all = 16
llama_kv_cache: attn_rot_v = 0, n_embd_head_k_all = 16
llama_context: enumerating backends
llama_context: backend_ptrs.size() = 2
sched_reserve: reserving ...
sched_reserve: max_nodes = 1024
sched_reserve: decode graph slots = 4 (n_tokens <= 4)
sched_reserve: reserving full memory module
sched_reserve: worst-case: n_tokens = 8, n_seqs = 1, n_outputs = 1
resolve_fused_ops: resolving fused Gated Delta Net support:
graph_reserve: reserving a graph for ubatch with n_tokens =    1, n_seqs =  1, n_outputs =    1
resolve_fused_ops: fused Gated Delta Net (autoregressive) enabled
graph_reserve: reserving a graph for ubatch with n_tokens =   16, n_seqs =  1, n_outputs =   16
resolve_fused_ops: fused Gated Delta Net (chunked) enabled
resolve_fused_ops: resolving fused Lightning Indexer support:
graph_reserve: reserving a graph for ubatch with n_tokens =    1, n_seqs =  1, n_outputs =    1
resolve_fused_ops: Lightning Indexer enabled
resolve_fused_ops: resolving fused DeepSeek V4 HC support:
graph_reserve: reserving a graph for ubatch with n_tokens =    1, n_seqs =  1, n_outputs =    1
resolve_fused_ops: fused DeepSeek V4 HC pre enabled
graph_reserve: reserving a graph for ubatch with n_tokens =    1, n_seqs =  1, n_outputs =    1
resolve_fused_ops: fused DeepSeek V4 HC comb enabled
graph_reserve: reserving a graph for ubatch with n_tokens =    1, n_seqs =  1, n_outputs =    1
resolve_fused_ops: fused DeepSeek V4 HC post enabled
graph_reserve: reserving a graph for ubatch with n_tokens =    8, n_seqs =  1, n_outputs =    8
graph_reserve: reserving a graph for ubatch with n_tokens =    1, n_seqs =  1, n_outputs =    1
graph_reserve: reserving a graph for ubatch with n_tokens =    8, n_seqs =  1, n_outputs =    8
sched_reserve:  CUDA_Host compute buffer size =     0.03 MiB
sched_reserve: graph nodes  = 100
sched_reserve: graph splits = 1
sched_reserve: reserve took 2.82 ms, sched copies = 1
graph_reserve: reserving a graph for ubatch with n_tokens =    4, n_seqs =  1, n_outputs =    4
set_abort_callback: call
graph_compute: ggml_backend_sched_graph_compute_async failed with error 1
process_ubatch: failed to compute graph, compute status: 1
decode: removing memory module entries for seq_id = 0, pos = [59, +inf)
llama_decode: failed to decode, ret = 2
set_abort_callback: call
host-bank MoE execution failed: MoE routing weight must be finite
host-bank MoE execution failed: MoE routing weight must be finite
process_ubatch: failed to compute graph, compute status: -1
decode: removing memory module entries for seq_id = 0, pos = [59, +inf)
llama_decode: failed to decode, ret = -3
llama_context: constructing llama_context
llama_init_from_model: failed to initialize the context: host-bank MoE requires one sequence, op_offload=false and offload_kqv=false
llama_context: constructing llama_context
llama_init_from_model: failed to initialize the context: host-bank MoE requires one sequence, op_offload=false and offload_kqv=false
llama_context: constructing llama_context
llama_init_from_model: failed to initialize the context: host-bank MoE requires one sequence, op_offload=false and offload_kqv=false
llama_context: constructing llama_context
llama_init_from_model: failed to initialize the context: moe cache: invalid uniform arena geometry
llama_context: constructing llama_context
llama_init_from_model: failed to initialize the context: host-bank MoE cache requires model.moe_cpu_tile_bytes host-bank setup
~llama_context:      CUDA0 compute buffer size is   0.0000 MiB, matches expectation of   0.0000 MiB
~llama_context:  CUDA_Host compute buffer size is   0.0304 MiB, matches expectation of   0.0304 MiB
~llama_context:      CUDA0 compute buffer size is   0.0000 MiB, matches expectation of   0.0000 MiB
~llama_context:  CUDA_Host compute buffer size is   0.0304 MiB, matches expectation of   0.0304 MiB
llama_context: constructing llama_context
llama_context: n_seq_max             = 1
llama_context: n_ctx                 = 256
llama_context: n_ctx_seq             = 256
llama_context: n_batch               = 32
llama_context: n_ubatch              = 8
llama_context: causal_attn           = 1
llama_context: flash_attn            = disabled
llama_context: kv_unified            = false
llama_context: freq_base             = 10000.0
llama_context: freq_scale            = 1
llama_context: n_rs_seq              = 0
llama_context: n_outputs_max         = 32
llama_context: n_outputs_max_per_seq = 1
llama_context: n_ctx_seq (256) > n_ctx_train (128) -- possible training context overflow
set_abort_callback: call
llama_context:        CPU  output buffer size =     0.00 MiB
llama_kv_cache: layer   0: dev = CPU
llama_kv_cache: layer   1: dev = CPU
llama_kv_cache:        CPU KV buffer size =     0.06 MiB
llama_kv_cache: size =    0.06 MiB (   256 cells,   2 layers,  1/1 seqs), K (f16):    0.03 MiB, V (f16):    0.03 MiB
llama_kv_cache: attn_rot_k = 0, n_embd_head_k_all = 16
llama_kv_cache: attn_rot_v = 0, n_embd_head_k_all = 16
llama_context: enumerating backends
llama_context: backend_ptrs.size() = 2
sched_reserve: reserving ...
sched_reserve: max_nodes = 1024
sched_reserve: decode graph slots = 4 (n_tokens <= 4)
sched_reserve: reserving full memory module
sched_reserve: worst-case: n_tokens = 8, n_seqs = 1, n_outputs = 1
resolve_fused_ops: resolving fused Gated Delta Net support:
graph_reserve: reserving a graph for ubatch with n_tokens =    1, n_seqs =  1, n_outputs =    1
resolve_fused_ops: fused Gated Delta Net (autoregressive) enabled
graph_reserve: reserving a graph for ubatch with n_tokens =   16, n_seqs =  1, n_outputs =   16
resolve_fused_ops: fused Gated Delta Net (chunked) enabled
resolve_fused_ops: resolving fused Lightning Indexer support:
graph_reserve: reserving a graph for ubatch with n_tokens =    1, n_seqs =  1, n_outputs =    1
resolve_fused_ops: Lightning Indexer enabled
resolve_fused_ops: resolving fused DeepSeek V4 HC support:
graph_reserve: reserving a graph for ubatch with n_tokens =    1, n_seqs =  1, n_outputs =    1
resolve_fused_ops: fused DeepSeek V4 HC pre enabled
graph_reserve: reserving a graph for ubatch with n_tokens =    1, n_seqs =  1, n_outputs =    1
resolve_fused_ops: fused DeepSeek V4 HC comb enabled
graph_reserve: reserving a graph for ubatch with n_tokens =    1, n_seqs =  1, n_outputs =    1
resolve_fused_ops: fused DeepSeek V4 HC post enabled
graph_reserve: reserving a graph for ubatch with n_tokens =    8, n_seqs =  1, n_outputs =    8
graph_reserve: reserving a graph for ubatch with n_tokens =    1, n_seqs =  1, n_outputs =    1
graph_reserve: reserving a graph for ubatch with n_tokens =    8, n_seqs =  1, n_outputs =    8
sched_reserve:  CUDA_Host compute buffer size =     0.03 MiB
sched_reserve: graph nodes  = 100
sched_reserve: graph splits = 1
sched_reserve: reserve took 2.09 ms, sched copies = 1
llama_context: constructing llama_context
llama_context: n_seq_max             = 1
llama_context: n_ctx                 = 256
llama_context: n_ctx_seq             = 256
llama_context: n_batch               = 32
llama_context: n_ubatch              = 8
llama_context: causal_attn           = 1
llama_context: flash_attn            = disabled
llama_context: kv_unified            = false
llama_context: freq_base             = 10000.0
llama_context: freq_scale            = 1
llama_context: n_rs_seq              = 0
llama_context: n_outputs_max         = 32
llama_context: n_outputs_max_per_seq = 1
llama_context: n_ctx_seq (256) > n_ctx_train (128) -- possible training context overflow
set_abort_callback: call
llama_context:        CPU  output buffer size =     0.00 MiB
llama_kv_cache: layer   0: dev = CPU
llama_kv_cache: layer   1: dev = CPU
llama_kv_cache:        CPU KV buffer size =     0.06 MiB
llama_kv_cache: size =    0.06 MiB (   256 cells,   2 layers,  1/1 seqs), K (f16):    0.03 MiB, V (f16):    0.03 MiB
llama_kv_cache: attn_rot_k = 0, n_embd_head_k_all = 16
llama_kv_cache: attn_rot_v = 0, n_embd_head_k_all = 16
llama_context: enumerating backends
llama_context: backend_ptrs.size() = 2
sched_reserve: reserving ...
sched_reserve: max_nodes = 1024
sched_reserve: decode graph slots = 4 (n_tokens <= 4)
sched_reserve: reserving full memory module
sched_reserve: worst-case: n_tokens = 8, n_seqs = 1, n_outputs = 1
resolve_fused_ops: resolving fused Gated Delta Net support:
graph_reserve: reserving a graph for ubatch with n_tokens =    1, n_seqs =  1, n_outputs =    1
resolve_fused_ops: fused Gated Delta Net (autoregressive) enabled
graph_reserve: reserving a graph for ubatch with n_tokens =   16, n_seqs =  1, n_outputs =   16
resolve_fused_ops: fused Gated Delta Net (chunked) enabled
resolve_fused_ops: resolving fused Lightning Indexer support:
graph_reserve: reserving a graph for ubatch with n_tokens =    1, n_seqs =  1, n_outputs =    1
resolve_fused_ops: Lightning Indexer enabled
resolve_fused_ops: resolving fused DeepSeek V4 HC support:
graph_reserve: reserving a graph for ubatch with n_tokens =    1, n_seqs =  1, n_outputs =    1
resolve_fused_ops: fused DeepSeek V4 HC pre enabled
graph_reserve: reserving a graph for ubatch with n_tokens =    1, n_seqs =  1, n_outputs =    1
resolve_fused_ops: fused DeepSeek V4 HC comb enabled
graph_reserve: reserving a graph for ubatch with n_tokens =    1, n_seqs =  1, n_outputs =    1
resolve_fused_ops: fused DeepSeek V4 HC post enabled
graph_reserve: reserving a graph for ubatch with n_tokens =    8, n_seqs =  1, n_outputs =    8
graph_reserve: reserving a graph for ubatch with n_tokens =    1, n_seqs =  1, n_outputs =    1
graph_reserve: reserving a graph for ubatch with n_tokens =    8, n_seqs =  1, n_outputs =    8
sched_reserve:  CUDA_Host compute buffer size =     0.03 MiB
sched_reserve: graph nodes  = 110
sched_reserve: graph splits = 1
sched_reserve: reserve took 2.48 ms, sched copies = 1
~llama_context:      CUDA0 compute buffer size is   0.0000 MiB, matches expectation of   0.0000 MiB
~llama_context:  CUDA_Host compute buffer size is   0.0304 MiB, matches expectation of   0.0304 MiB
~llama_context:      CUDA0 compute buffer size is   0.0000 MiB, matches expectation of   0.0000 MiB
~llama_context:  CUDA_Host compute buffer size is   0.0304 MiB, matches expectation of   0.0304 MiB
llama_model_loader: loaded meta data with 13 key-value pairs and 23 tensors from C:\Users\cadel\AppData\Local\Temp\moe-integration-1727447.gguf (version GGUF V3 (latest))
llama_model_loader: Dumping metadata keys/values. Note: KV overrides do not apply in this output.
llama_model_loader: - kv   0:                       general.architecture str              = llama
llama_model_loader: - kv   1:                       tokenizer.ggml.model str              = no_vocab
llama_model_loader: - kv   2:                           llama.vocab_size u32              = 32
llama_model_loader: - kv   3:                       llama.context_length u32              = 128
llama_model_loader: - kv   4:                     llama.embedding_length u32              = 32
llama_model_loader: - kv   5:                          llama.block_count u32              = 2
llama_model_loader: - kv   6:                  llama.feed_forward_length u32              = 64
llama_model_loader: - kv   7:                 llama.attention.head_count u32              = 2
llama_model_loader: - kv   8:              llama.attention.head_count_kv u32              = 2
llama_model_loader: - kv   9:                 llama.rope.dimension_count u32              = 16
llama_model_loader: - kv  10:                         llama.expert_count u32              = 4
llama_model_loader: - kv  11:                    llama.expert_used_count u32              = 2
llama_model_loader: - kv  12:     llama.attention.layer_norm_rms_epsilon f32              = 0.000010
llama_model_loader: - type  f32:   17 tensors
llama_model_loader: - type  f16:    6 tensors
print_info: file format = GGUF V3 (latest)
print_info: file type   = (guessed) all F32
print_info: file size   = 0.13 MiB (18.85 BPW) 
llama_prepare_model_devices: using device CUDA0 (NVIDIA GeForce RTX 4060 Laptop GPU) (0000:01:00.0) - 7096 MiB free
load: adding 32 dummy tokens
print_info: arch                  = llama
print_info: vocab_only            = 0
print_info: no_alloc              = 0
print_info: n_ctx_train           = 128
print_info: n_embd_inp            = 32
print_info: n_embd                = 32
print_info: n_embd_out            = 32
print_info: n_layer               = 2
print_info: n_layer_all           = 2
print_info: n_head                = 2
print_info: n_head_kv             = 2
print_info: n_rot                 = 16
print_info: n_swa                 = 0
print_info: is_swa_any            = 0
print_info: n_embd_head_k         = 16
print_info: n_embd_head_v         = 16
print_info: n_gqa                 = 1
print_info: n_embd_k_gqa          = 32
print_info: n_embd_v_gqa          = 32
print_info: f_norm_eps            = 0.0e+00
print_info: f_norm_rms_eps        = 1.0e-05
print_info: f_clamp_kqv           = 0.0e+00
print_info: f_max_alibi_bias      = 0.0e+00
print_info: f_logit_scale         = 0.0e+00
print_info: f_attn_scale          = 0.0e+00
print_info: f_attn_value_scale    = 0.0000
print_info: n_ff                  = 64
print_info: n_expert              = 4
print_info: n_expert_used         = 2
print_info: n_expert_groups       = 0
print_info: n_group_used          = 0
print_info: causal attn           = 1
print_info: pooling type          = -1
print_info: rope type             = 0
print_info: rope scaling          = linear
print_info: freq_base_train       = 10000.0
print_info: freq_scale_train      = 1
print_info: n_ctx_orig_yarn       = 128
print_info: rope_yarn_log_mul     = 0.0000
print_info: rope_finetuned        = unknown
print_info: model type            = ?B
print_info: model params          = 59.81 K
print_info: general.name          = n/a
print_info: vocab type            = no vocab
print_info: n_vocab               = 32
print_info: n_merges              = 0
print_info: max token length      = 0
load_tensors: loading model tensors, this can take a while... (load_mode = none)
load_tensors: layer   0 assigned to device CPU, is_swa = 0
load_tensors: layer   1 assigned to device CPU, is_swa = 0
load_tensors: layer   2 assigned to device CPU, is_swa = 0
create_tensor: loading tensor token_embd.weight
create_tensor: loading tensor output_norm.weight
create_tensor: loading tensor output.weight
create_tensor: loading tensor blk.0.attn_norm.weight
create_tensor: loading tensor blk.0.attn_qkv.weight
create_tensor: loading tensor blk.0.attn_q.weight
create_tensor: loading tensor blk.0.attn_k.weight
create_tensor: loading tensor blk.0.attn_v.weight
create_tensor: loading tensor blk.0.attn_q.bias
create_tensor: loading tensor blk.0.attn_k.bias
create_tensor: loading tensor blk.0.attn_v.bias
create_tensor: loading tensor blk.0.attn_output.weight
create_tensor: loading tensor blk.0.attn_output.bias
create_tensor: loading tensor blk.0.ffn_norm.weight
create_tensor: loading tensor rope_freqs.weight
create_tensor: loading tensor blk.0.ffn_gate_inp.weight
create_tensor: loading tensor blk.0.ffn_gate_exps.weight
create_tensor: loading tensor blk.0.ffn_down_exps.weight
create_tensor: loading tensor blk.0.ffn_up_exps.weight
create_tensor: loading tensor blk.1.attn_norm.weight
create_tensor: loading tensor blk.1.attn_qkv.weight
create_tensor: loading tensor blk.1.attn_q.weight
create_tensor: loading tensor blk.1.attn_k.weight
create_tensor: loading tensor blk.1.attn_v.weight
create_tensor: loading tensor blk.1.attn_q.bias
create_tensor: loading tensor blk.1.attn_k.bias
create_tensor: loading tensor blk.1.attn_v.bias
create_tensor: loading tensor blk.1.attn_output.weight
create_tensor: loading tensor blk.1.attn_output.bias
create_tensor: loading tensor blk.1.ffn_norm.weight
create_tensor: loading tensor rope_freqs.weight
create_tensor: loading tensor blk.1.ffn_gate_inp.weight
create_tensor: loading tensor blk.1.ffn_gate_exps.weight
create_tensor: loading tensor blk.1.ffn_down_exps.weight
create_tensor: loading tensor blk.1.ffn_up_exps.weight
create_tensor: loading tensor blk.0.attn_q.scale
create_tensor: loading tensor blk.0.attn_k.scale
create_tensor: loading tensor blk.0.attn_v.scale
create_tensor: loading tensor blk.0.attn_output.scale
create_tensor: loading tensor blk.0.ffn_gate_exps.scale
create_tensor: loading tensor blk.0.ffn_down_exps.scale
create_tensor: loading tensor blk.0.ffn_up_exps.scale
create_tensor: loading tensor blk.0.attn_q.input_scale
create_tensor: loading tensor blk.0.attn_k.input_scale
create_tensor: loading tensor blk.0.attn_v.input_scale
create_tensor: loading tensor blk.0.attn_output.input_scale
create_tensor: loading tensor blk.0.ffn_gate_exps.input_scale
create_tensor: loading tensor blk.0.ffn_down_exps.input_scale
create_tensor: loading tensor blk.0.ffn_up_exps.input_scale
create_tensor: loading tensor blk.1.attn_q.scale
create_tensor: loading tensor blk.1.attn_k.scale
create_tensor: loading tensor blk.1.attn_v.scale
create_tensor: loading tensor blk.1.attn_output.scale
create_tensor: loading tensor blk.1.ffn_gate_exps.scale
create_tensor: loading tensor blk.1.ffn_down_exps.scale
create_tensor: loading tensor blk.1.ffn_up_exps.scale
create_tensor: loading tensor blk.1.attn_q.input_scale
create_tensor: loading tensor blk.1.attn_k.input_scale
create_tensor: loading tensor blk.1.attn_v.input_scale
create_tensor: loading tensor blk.1.attn_output.input_scale
create_tensor: loading tensor blk.1.ffn_gate_exps.input_scale
create_tensor: loading tensor blk.1.ffn_down_exps.input_scale
create_tensor: loading tensor blk.1.ffn_up_exps.input_scale
load_tensors: offloading 0 repeating layers to GPU
load_tensors: offloaded 0/3 layers to GPU
load_tensors:    CUDA_Host model buffer size =     0.13 MiB
load_all_data: buffer type CUDA_Host is not the default buffer type for device CUDA0 for async uploads
...................
llama_model_loader: loaded meta data with 13 key-value pairs and 23 tensors from C:\Users\cadel\AppData\Local\Temp\moe-integration-1727447.gguf (version GGUF V3 (latest))
llama_model_loader: Dumping metadata keys/values. Note: KV overrides do not apply in this output.
llama_model_loader: - kv   0:                       general.architecture str              = llama
llama_model_loader: - kv   1:                       tokenizer.ggml.model str              = no_vocab
llama_model_loader: - kv   2:                           llama.vocab_size u32              = 32
llama_model_loader: - kv   3:                       llama.context_length u32              = 128
llama_model_loader: - kv   4:                     llama.embedding_length u32              = 32
llama_model_loader: - kv   5:                          llama.block_count u32              = 2
llama_model_loader: - kv   6:                  llama.feed_forward_length u32              = 64
llama_model_loader: - kv   7:                 llama.attention.head_count u32              = 2
llama_model_loader: - kv   8:              llama.attention.head_count_kv u32              = 2
llama_model_loader: - kv   9:                 llama.rope.dimension_count u32              = 16
llama_model_loader: - kv  10:                         llama.expert_count u32              = 4
llama_model_loader: - kv  11:                    llama.expert_used_count u32              = 2
llama_model_loader: - kv  12:     llama.attention.layer_norm_rms_epsilon f32              = 0.000010
llama_model_loader: - type  f32:   17 tensors
llama_model_loader: - type  f16:    6 tensors
print_info: file format = GGUF V3 (latest)
print_info: file type   = (guessed) all F32
print_info: file size   = 0.13 MiB (18.85 BPW) 
llama_prepare_model_devices: using device CUDA0 (NVIDIA GeForce RTX 4060 Laptop GPU) (0000:01:00.0) - 7096 MiB free
load: adding 32 dummy tokens
print_info: arch                  = llama
print_info: vocab_only            = 0
print_info: no_alloc              = 0
print_info: n_ctx_train           = 128
print_info: n_embd_inp            = 32
print_info: n_embd                = 32
print_info: n_embd_out            = 32
print_info: n_layer               = 2
print_info: n_layer_all           = 2
print_info: n_head                = 2
print_info: n_head_kv             = 2
print_info: n_rot                 = 16
print_info: n_swa                 = 0
print_info: is_swa_any            = 0
print_info: n_embd_head_k         = 16
print_info: n_embd_head_v         = 16
print_info: n_gqa                 = 1
print_info: n_embd_k_gqa          = 32
print_info: n_embd_v_gqa          = 32
print_info: f_norm_eps            = 0.0e+00
print_info: f_norm_rms_eps        = 1.0e-05
print_info: f_clamp_kqv           = 0.0e+00
print_info: f_max_alibi_bias      = 0.0e+00
print_info: f_logit_scale         = 0.0e+00
print_info: f_attn_scale          = 0.0e+00
print_info: f_attn_value_scale    = 0.0000
print_info: n_ff                  = 64
print_info: n_expert              = 4
print_info: n_expert_used         = 2
print_info: n_expert_groups       = 0
print_info: n_group_used          = 0
print_info: causal attn           = 1
print_info: pooling type          = -1
print_info: rope type             = 0
print_info: rope scaling          = linear
print_info: freq_base_train       = 10000.0
print_info: freq_scale_train      = 1
print_info: n_ctx_orig_yarn       = 128
print_info: rope_yarn_log_mul     = 0.0000
print_info: rope_finetuned        = unknown
print_info: model type            = ?B
print_info: model params          = 59.81 K
print_info: general.name          = n/a
print_info: vocab type            = no vocab
print_info: n_vocab               = 32
print_info: n_merges              = 0
print_info: max token length      = 0
load_tensors: loading model tensors, this can take a while... (load_mode = none)
load_tensors: layer   0 assigned to device CPU, is_swa = 0
load_tensors: layer   1 assigned to device CPU, is_swa = 0
load_tensors: layer   2 assigned to device CPU, is_swa = 0
create_tensor: loading tensor token_embd.weight
create_tensor: loading tensor output_norm.weight
create_tensor: loading tensor output.weight
create_tensor: loading tensor blk.0.attn_norm.weight
create_tensor: loading tensor blk.0.attn_qkv.weight
create_tensor: loading tensor blk.0.attn_q.weight
create_tensor: loading tensor blk.0.attn_k.weight
create_tensor: loading tensor blk.0.attn_v.weight
create_tensor: loading tensor blk.0.attn_q.bias
create_tensor: loading tensor blk.0.attn_k.bias
create_tensor: loading tensor blk.0.attn_v.bias
create_tensor: loading tensor blk.0.attn_output.weight
create_tensor: loading tensor blk.0.attn_output.bias
create_tensor: loading tensor blk.0.ffn_norm.weight
create_tensor: loading tensor rope_freqs.weight
create_tensor: loading tensor blk.0.ffn_gate_inp.weight
create_tensor: loading tensor blk.0.ffn_gate_exps.weight
create_tensor: loading tensor blk.0.ffn_down_exps.weight
create_tensor: loading tensor blk.0.ffn_up_exps.weight
create_tensor: loading tensor blk.1.attn_norm.weight
create_tensor: loading tensor blk.1.attn_qkv.weight
create_tensor: loading tensor blk.1.attn_q.weight
create_tensor: loading tensor blk.1.attn_k.weight
create_tensor: loading tensor blk.1.attn_v.weight
create_tensor: loading tensor blk.1.attn_q.bias
create_tensor: loading tensor blk.1.attn_k.bias
create_tensor: loading tensor blk.1.attn_v.bias
create_tensor: loading tensor blk.1.attn_output.weight
create_tensor: loading tensor blk.1.attn_output.bias
create_tensor: loading tensor blk.1.ffn_norm.weight
create_tensor: loading tensor rope_freqs.weight
create_tensor: loading tensor blk.1.ffn_gate_inp.weight
create_tensor: loading tensor blk.1.ffn_gate_exps.weight
create_tensor: loading tensor blk.1.ffn_down_exps.weight
create_tensor: loading tensor blk.1.ffn_up_exps.weight
create_tensor: loading tensor blk.0.attn_q.scale
create_tensor: loading tensor blk.0.attn_k.scale
create_tensor: loading tensor blk.0.attn_v.scale
create_tensor: loading tensor blk.0.attn_output.scale
create_tensor: loading tensor blk.0.ffn_gate_exps.scale
create_tensor: loading tensor blk.0.ffn_down_exps.scale
create_tensor: loading tensor blk.0.ffn_up_exps.scale
create_tensor: loading tensor blk.0.attn_q.input_scale
create_tensor: loading tensor blk.0.attn_k.input_scale
create_tensor: loading tensor blk.0.attn_v.input_scale
create_tensor: loading tensor blk.0.attn_output.input_scale
create_tensor: loading tensor blk.0.ffn_gate_exps.input_scale
create_tensor: loading tensor blk.0.ffn_down_exps.input_scale
create_tensor: loading tensor blk.0.ffn_up_exps.input_scale
create_tensor: loading tensor blk.1.attn_q.scale
create_tensor: loading tensor blk.1.attn_k.scale
create_tensor: loading tensor blk.1.attn_v.scale
create_tensor: loading tensor blk.1.attn_output.scale
create_tensor: loading tensor blk.1.ffn_gate_exps.scale
create_tensor: loading tensor blk.1.ffn_down_exps.scale
create_tensor: loading tensor blk.1.ffn_up_exps.scale
create_tensor: loading tensor blk.1.attn_q.input_scale
create_tensor: loading tensor blk.1.attn_k.input_scale
create_tensor: loading tensor blk.1.attn_v.input_scale
create_tensor: loading tensor blk.1.attn_output.input_scale
create_tensor: loading tensor blk.1.ffn_gate_exps.input_scale
create_tensor: loading tensor blk.1.ffn_down_exps.input_scale
create_tensor: loading tensor blk.1.ffn_up_exps.input_scale
load_tensors: offloading 0 repeating layers to GPU
load_tensors: offloaded 0/3 layers to GPU
load_tensors:          CPU model buffer size =     0.13 MiB
load_all_data: no device found for buffer type CPU for async uploads
...................
load_tensors: experimental host-bank MoE enabled, tile weights <= 50176 bytes; this is not a total memory limit
llama_context: constructing llama_context
llama_context: n_seq_max             = 1
llama_context: n_ctx                 = 256
llama_context: n_ctx_seq             = 256
llama_context: n_batch               = 32
llama_context: n_ubatch              = 8
llama_context: causal_attn           = 1
llama_context: flash_attn            = disabled
llama_context: kv_unified            = false
llama_context: freq_base             = 10000.0
llama_context: freq_scale            = 1
llama_context: n_rs_seq              = 0
llama_context: n_outputs_max         = 32
llama_context: n_outputs_max_per_seq = 1
llama_context: n_ctx_seq (256) > n_ctx_train (128) -- possible training context overflow
set_abort_callback: call
llama_context:        CPU  output buffer size =     0.00 MiB
llama_kv_cache: layer   0: dev = CPU
llama_kv_cache: layer   1: dev = CPU
llama_kv_cache:        CPU KV buffer size =     0.06 MiB
llama_kv_cache: size =    0.06 MiB (   256 cells,   2 layers,  1/1 seqs), K (f16):    0.03 MiB, V (f16):    0.03 MiB
llama_kv_cache: attn_rot_k = 0, n_embd_head_k_all = 16
llama_kv_cache: attn_rot_v = 0, n_embd_head_k_all = 16
llama_context: enumerating backends
llama_context: backend_ptrs.size() = 2
sched_reserve: reserving ...
sched_reserve: max_nodes = 1024
sched_reserve: decode graph slots = 4 (n_tokens <= 4)
sched_reserve: reserving full memory module
sched_reserve: worst-case: n_tokens = 8, n_seqs = 1, n_outputs = 1
resolve_fused_ops: resolving fused Gated Delta Net support:
graph_reserve: reserving a graph for ubatch with n_tokens =    1, n_seqs =  1, n_outputs =    1
resolve_fused_ops: fused Gated Delta Net (autoregressive) enabled
graph_reserve: reserving a graph for ubatch with n_tokens =   16, n_seqs =  1, n_outputs =   16
resolve_fused_ops: fused Gated Delta Net (chunked) enabled
resolve_fused_ops: resolving fused Lightning Indexer support:
graph_reserve: reserving a graph for ubatch with n_tokens =    1, n_seqs =  1, n_outputs =    1
resolve_fused_ops: Lightning Indexer enabled
resolve_fused_ops: resolving fused DeepSeek V4 HC support:
graph_reserve: reserving a graph for ubatch with n_tokens =    1, n_seqs =  1, n_outputs =    1
resolve_fused_ops: fused DeepSeek V4 HC pre enabled
graph_reserve: reserving a graph for ubatch with n_tokens =    1, n_seqs =  1, n_outputs =    1
resolve_fused_ops: fused DeepSeek V4 HC comb enabled
graph_reserve: reserving a graph for ubatch with n_tokens =    1, n_seqs =  1, n_outputs =    1
resolve_fused_ops: fused DeepSeek V4 HC post enabled
graph_reserve: reserving a graph for ubatch with n_tokens =    8, n_seqs =  1, n_outputs =    8
graph_reserve: reserving a graph for ubatch with n_tokens =    1, n_seqs =  1, n_outputs =    1
graph_reserve: reserving a graph for ubatch with n_tokens =    8, n_seqs =  1, n_outputs =    8
sched_reserve:  CUDA_Host compute buffer size =     0.03 MiB
sched_reserve: graph nodes  = 110
sched_reserve: graph splits = 1
sched_reserve: reserve took 2.51 ms, sched copies = 1
llama_context: constructing llama_context
llama_context: n_seq_max             = 1
llama_context: n_ctx                 = 256
llama_context: n_ctx_seq             = 256
llama_context: n_batch               = 32
llama_context: n_ubatch              = 8
llama_context: causal_attn           = 1
llama_context: flash_attn            = disabled
llama_context: kv_unified            = false
llama_context: freq_base             = 10000.0
llama_context: freq_scale            = 1
llama_context: n_rs_seq              = 0
llama_context: n_outputs_max         = 32
llama_context: n_outputs_max_per_seq = 1
llama_context: n_ctx_seq (256) > n_ctx_train (128) -- possible training context overflow
set_abort_callback: call
llama_context:        CPU  output buffer size =     0.00 MiB
llama_kv_cache: layer   0: dev = CPU
llama_kv_cache: layer   1: dev = CPU
llama_kv_cache:        CPU KV buffer size =     0.06 MiB
llama_kv_cache: size =    0.06 MiB (   256 cells,   2 layers,  1/1 seqs), K (f16):    0.03 MiB, V (f16):    0.03 MiB
llama_kv_cache: attn_rot_k = 0, n_embd_head_k_all = 16
llama_kv_cache: attn_rot_v = 0, n_embd_head_k_all = 16
llama_context: enumerating backends
llama_context: backend_ptrs.size() = 2
sched_reserve: reserving ...
sched_reserve: max_nodes = 1024
sched_reserve: decode graph slots = 4 (n_tokens <= 4)
sched_reserve: reserving full memory module
sched_reserve: worst-case: n_tokens = 8, n_seqs = 1, n_outputs = 1
resolve_fused_ops: resolving fused Gated Delta Net support:
graph_reserve: reserving a graph for ubatch with n_tokens =    1, n_seqs =  1, n_outputs =    1
resolve_fused_ops: fused Gated Delta Net (autoregressive) enabled
graph_reserve: reserving a graph for ubatch with n_tokens =   16, n_seqs =  1, n_outputs =   16
resolve_fused_ops: fused Gated Delta Net (chunked) enabled
resolve_fused_ops: resolving fused Lightning Indexer support:
graph_reserve: reserving a graph for ubatch with n_tokens =    1, n_seqs =  1, n_outputs =    1
resolve_fused_ops: Lightning Indexer enabled
resolve_fused_ops: resolving fused DeepSeek V4 HC support:
graph_reserve: reserving a graph for ubatch with n_tokens =    1, n_seqs =  1, n_outputs =    1
resolve_fused_ops: fused DeepSeek V4 HC pre enabled
graph_reserve: reserving a graph for ubatch with n_tokens =    1, n_seqs =  1, n_outputs =    1
resolve_fused_ops: fused DeepSeek V4 HC comb enabled
graph_reserve: reserving a graph for ubatch with n_tokens =    1, n_seqs =  1, n_outputs =    1
resolve_fused_ops: fused DeepSeek V4 HC post enabled
graph_reserve: reserving a graph for ubatch with n_tokens =    8, n_seqs =  1, n_outputs =    8
graph_reserve: reserving a graph for ubatch with n_tokens =    1, n_seqs =  1, n_outputs =    1
graph_reserve: reserving a graph for ubatch with n_tokens =    8, n_seqs =  1, n_outputs =    8
sched_reserve:  CUDA_Host compute buffer size =     0.03 MiB
sched_reserve: graph nodes  = 100
sched_reserve: graph splits = 1
sched_reserve: reserve took 2.29 ms, sched copies = 1
graph_reserve: reserving a graph for ubatch with n_tokens =    4, n_seqs =  1, n_outputs =    4
set_abort_callback: call
graph_compute: ggml_backend_sched_graph_compute_async failed with error 1
process_ubatch: failed to compute graph, compute status: 1
decode: removing memory module entries for seq_id = 0, pos = [59, +inf)
llama_decode: failed to decode, ret = 2
set_abort_callback: call
host-bank MoE execution failed: MoE routing weight must be finite
host-bank MoE execution failed: MoE routing weight must be finite
process_ubatch: failed to compute graph, compute status: -1
decode: removing memory module entries for seq_id = 0, pos = [59, +inf)
llama_decode: failed to decode, ret = -3
llama_context: constructing llama_context
llama_init_from_model: failed to initialize the context: host-bank MoE requires one sequence, op_offload=false and offload_kqv=false
llama_context: constructing llama_context
llama_init_from_model: failed to initialize the context: host-bank MoE requires one sequence, op_offload=false and offload_kqv=false
llama_context: constructing llama_context
llama_init_from_model: failed to initialize the context: host-bank MoE requires one sequence, op_offload=false and offload_kqv=false
llama_context: constructing llama_context
llama_init_from_model: failed to initialize the context: moe cache: invalid uniform arena geometry
llama_context: constructing llama_context
llama_init_from_model: failed to initialize the context: host-bank MoE cache requires model.moe_cpu_tile_bytes host-bank setup
~llama_context:      CUDA0 compute buffer size is   0.0000 MiB, matches expectation of   0.0000 MiB
~llama_context:  CUDA_Host compute buffer size is   0.0304 MiB, matches expectation of   0.0304 MiB
~llama_context:      CUDA0 compute buffer size is   0.0000 MiB, matches expectation of   0.0000 MiB
~llama_context:  CUDA_Host compute buffer size is   0.0304 MiB, matches expectation of   0.0304 MiB
llama_context: constructing llama_context
llama_context: n_seq_max             = 1
llama_context: n_ctx                 = 256
llama_context: n_ctx_seq             = 256
llama_context: n_batch               = 32
llama_context: n_ubatch              = 8
llama_context: causal_attn           = 1
llama_context: flash_attn            = disabled
llama_context: kv_unified            = false
llama_context: freq_base             = 10000.0
llama_context: freq_scale            = 1
llama_context: n_rs_seq              = 0
llama_context: n_outputs_max         = 32
llama_context: n_outputs_max_per_seq = 1
llama_context: n_ctx_seq (256) > n_ctx_train (128) -- possible training context overflow
set_abort_callback: call
llama_context:        CPU  output buffer size =     0.00 MiB
llama_kv_cache: layer   0: dev = CPU
llama_kv_cache: layer   1: dev = CPU
llama_kv_cache:        CPU KV buffer size =     0.06 MiB
llama_kv_cache: size =    0.06 MiB (   256 cells,   2 layers,  1/1 seqs), K (f16):    0.03 MiB, V (f16):    0.03 MiB
llama_kv_cache: attn_rot_k = 0, n_embd_head_k_all = 16
llama_kv_cache: attn_rot_v = 0, n_embd_head_k_all = 16
llama_context: enumerating backends
llama_context: backend_ptrs.size() = 2
sched_reserve: reserving ...
sched_reserve: max_nodes = 1024
sched_reserve: decode graph slots = 4 (n_tokens <= 4)
sched_reserve: reserving full memory module
sched_reserve: worst-case: n_tokens = 8, n_seqs = 1, n_outputs = 1
resolve_fused_ops: resolving fused Gated Delta Net support:
graph_reserve: reserving a graph for ubatch with n_tokens =    1, n_seqs =  1, n_outputs =    1
resolve_fused_ops: fused Gated Delta Net (autoregressive) enabled
graph_reserve: reserving a graph for ubatch with n_tokens =   16, n_seqs =  1, n_outputs =   16
resolve_fused_ops: fused Gated Delta Net (chunked) enabled
resolve_fused_ops: resolving fused Lightning Indexer support:
graph_reserve: reserving a graph for ubatch with n_tokens =    1, n_seqs =  1, n_outputs =    1
resolve_fused_ops: Lightning Indexer enabled
resolve_fused_ops: resolving fused DeepSeek V4 HC support:
graph_reserve: reserving a graph for ubatch with n_tokens =    1, n_seqs =  1, n_outputs =    1
resolve_fused_ops: fused DeepSeek V4 HC pre enabled
graph_reserve: reserving a graph for ubatch with n_tokens =    1, n_seqs =  1, n_outputs =    1
resolve_fused_ops: fused DeepSeek V4 HC comb enabled
graph_reserve: reserving a graph for ubatch with n_tokens =    1, n_seqs =  1, n_outputs =    1
resolve_fused_ops: fused DeepSeek V4 HC post enabled
graph_reserve: reserving a graph for ubatch with n_tokens =    8, n_seqs =  1, n_outputs =    8
graph_reserve: reserving a graph for ubatch with n_tokens =    1, n_seqs =  1, n_outputs =    1
graph_reserve: reserving a graph for ubatch with n_tokens =    8, n_seqs =  1, n_outputs =    8
sched_reserve:  CUDA_Host compute buffer size =     0.03 MiB
sched_reserve: graph nodes  = 100
sched_reserve: graph splits = 1
sched_reserve: reserve took 2.04 ms, sched copies = 1
llama_context: constructing llama_context
llama_context: n_seq_max             = 1
llama_context: n_ctx                 = 256
llama_context: n_ctx_seq             = 256
llama_context: n_batch               = 32
llama_context: n_ubatch              = 8
llama_context: causal_attn           = 1
llama_context: flash_attn            = disabled
llama_context: kv_unified            = false
llama_context: freq_base             = 10000.0
llama_context: freq_scale            = 1
llama_context: n_rs_seq              = 0
llama_context: n_outputs_max         = 32
llama_context: n_outputs_max_per_seq = 1
llama_context: n_ctx_seq (256) > n_ctx_train (128) -- possible training context overflow
set_abort_callback: call
llama_context:        CPU  output buffer size =     0.00 MiB
llama_kv_cache: layer   0: dev = CPU
llama_kv_cache: layer   1: dev = CPU
llama_kv_cache:        CPU KV buffer size =     0.06 MiB
llama_kv_cache: size =    0.06 MiB (   256 cells,   2 layers,  1/1 seqs), K (f16):    0.03 MiB, V (f16):    0.03 MiB
llama_kv_cache: attn_rot_k = 0, n_embd_head_k_all = 16
llama_kv_cache: attn_rot_v = 0, n_embd_head_k_all = 16
llama_context: enumerating backends
llama_context: backend_ptrs.size() = 2
sched_reserve: reserving ...
sched_reserve: max_nodes = 1024
sched_reserve: decode graph slots = 4 (n_tokens <= 4)
sched_reserve: reserving full memory module
sched_reserve: worst-case: n_tokens = 8, n_seqs = 1, n_outputs = 1
resolve_fused_ops: resolving fused Gated Delta Net support:
graph_reserve: reserving a graph for ubatch with n_tokens =    1, n_seqs =  1, n_outputs =    1
resolve_fused_ops: fused Gated Delta Net (autoregressive) enabled
graph_reserve: reserving a graph for ubatch with n_tokens =   16, n_seqs =  1, n_outputs =   16
resolve_fused_ops: fused Gated Delta Net (chunked) enabled
resolve_fused_ops: resolving fused Lightning Indexer support:
graph_reserve: reserving a graph for ubatch with n_tokens =    1, n_seqs =  1, n_outputs =    1
resolve_fused_ops: Lightning Indexer enabled
resolve_fused_ops: resolving fused DeepSeek V4 HC support:
graph_reserve: reserving a graph for ubatch with n_tokens =    1, n_seqs =  1, n_outputs =    1
resolve_fused_ops: fused DeepSeek V4 HC pre enabled
graph_reserve: reserving a graph for ubatch with n_tokens =    1, n_seqs =  1, n_outputs =    1
resolve_fused_ops: fused DeepSeek V4 HC comb enabled
graph_reserve: reserving a graph for ubatch with n_tokens =    1, n_seqs =  1, n_outputs =    1
resolve_fused_ops: fused DeepSeek V4 HC post enabled
graph_reserve: reserving a graph for ubatch with n_tokens =    8, n_seqs =  1, n_outputs =    8
graph_reserve: reserving a graph for ubatch with n_tokens =    1, n_seqs =  1, n_outputs =    1
graph_reserve: reserving a graph for ubatch with n_tokens =    8, n_seqs =  1, n_outputs =    8
sched_reserve:  CUDA_Host compute buffer size =     0.03 MiB
sched_reserve: graph nodes  = 110
sched_reserve: graph splits = 1
sched_reserve: reserve took 2.50 ms, sched copies = 1
~llama_context:      CUDA0 compute buffer size is   0.0000 MiB, matches expectation of   0.0000 MiB
~llama_context:  CUDA_Host compute buffer size is   0.0304 MiB, matches expectation of   0.0304 MiB
~llama_context:      CUDA0 compute buffer size is   0.0000 MiB, matches expectation of   0.0000 MiB
~llama_context:  CUDA_Host compute buffer size is   0.0304 MiB, matches expectation of   0.0304 MiB
llama_model_loader: loaded meta data with 13 key-value pairs and 23 tensors from C:\Users\cadel\AppData\Local\Temp\moe-integration-1727447.gguf (version GGUF V3 (latest))
llama_model_loader: Dumping metadata keys/values. Note: KV overrides do not apply in this output.
llama_model_loader: - kv   0:                       general.architecture str              = llama
llama_model_loader: - kv   1:                       tokenizer.ggml.model str              = no_vocab
llama_model_loader: - kv   2:                           llama.vocab_size u32              = 32
llama_model_loader: - kv   3:                       llama.context_length u32              = 128
llama_model_loader: - kv   4:                     llama.embedding_length u32              = 32
llama_model_loader: - kv   5:                          llama.block_count u32              = 2
llama_model_loader: - kv   6:                  llama.feed_forward_length u32              = 64
llama_model_loader: - kv   7:                 llama.attention.head_count u32              = 2
llama_model_loader: - kv   8:              llama.attention.head_count_kv u32              = 2
llama_model_loader: - kv   9:                 llama.rope.dimension_count u32              = 16
llama_model_loader: - kv  10:                         llama.expert_count u32              = 4
llama_model_loader: - kv  11:                    llama.expert_used_count u32              = 2
llama_model_loader: - kv  12:     llama.attention.layer_norm_rms_epsilon f32              = 0.000010
llama_model_loader: - type  f32:   17 tensors
llama_model_loader: - type  f16:    6 tensors
print_info: file format = GGUF V3 (latest)
print_info: file type   = (guessed) all F32
print_info: file size   = 0.13 MiB (18.85 BPW) 
llama_prepare_model_devices: using device CUDA0 (NVIDIA GeForce RTX 4060 Laptop GPU) (0000:01:00.0) - 7096 MiB free
load: adding 32 dummy tokens
print_info: arch                  = llama
print_info: vocab_only            = 0
print_info: no_alloc              = 0
print_info: n_ctx_train           = 128
print_info: n_embd_inp            = 32
print_info: n_embd                = 32
print_info: n_embd_out            = 32
print_info: n_layer               = 2
print_info: n_layer_all           = 2
print_info: n_head                = 2
print_info: n_head_kv             = 2
print_info: n_rot                 = 16
print_info: n_swa                 = 0
print_info: is_swa_any            = 0
print_info: n_embd_head_k         = 16
print_info: n_embd_head_v         = 16
print_info: n_gqa                 = 1
print_info: n_embd_k_gqa          = 32
print_info: n_embd_v_gqa          = 32
print_info: f_norm_eps            = 0.0e+00
print_info: f_norm_rms_eps        = 1.0e-05
print_info: f_clamp_kqv           = 0.0e+00
print_info: f_max_alibi_bias      = 0.0e+00
print_info: f_logit_scale         = 0.0e+00
print_info: f_attn_scale          = 0.0e+00
print_info: f_attn_value_scale    = 0.0000
print_info: n_ff                  = 64
print_info: n_expert              = 4
print_info: n_expert_used         = 2
print_info: n_expert_groups       = 0
print_info: n_group_used          = 0
print_info: causal attn           = 1
print_info: pooling type          = -1
print_info: rope type             = 0
print_info: rope scaling          = linear
print_info: freq_base_train       = 10000.0
print_info: freq_scale_train      = 1
print_info: n_ctx_orig_yarn       = 128
print_info: rope_yarn_log_mul     = 0.0000
print_info: rope_finetuned        = unknown
print_info: model type            = ?B
print_info: model params          = 59.81 K
print_info: general.name          = n/a
print_info: vocab type            = no vocab
print_info: n_vocab               = 32
print_info: n_merges              = 0
print_info: max token length      = 0
load_tensors: loading model tensors, this can take a while... (load_mode = none)
load_tensors: layer   0 assigned to device CPU, is_swa = 0
load_tensors: layer   1 assigned to device CPU, is_swa = 0
load_tensors: layer   2 assigned to device CPU, is_swa = 0
create_tensor: loading tensor token_embd.weight
create_tensor: loading tensor output_norm.weight
create_tensor: loading tensor output.weight
create_tensor: loading tensor blk.0.attn_norm.weight
create_tensor: loading tensor blk.0.attn_qkv.weight
create_tensor: loading tensor blk.0.attn_q.weight
create_tensor: loading tensor blk.0.attn_k.weight
create_tensor: loading tensor blk.0.attn_v.weight
create_tensor: loading tensor blk.0.attn_q.bias
create_tensor: loading tensor blk.0.attn_k.bias
create_tensor: loading tensor blk.0.attn_v.bias
create_tensor: loading tensor blk.0.attn_output.weight
create_tensor: loading tensor blk.0.attn_output.bias
create_tensor: loading tensor blk.0.ffn_norm.weight
create_tensor: loading tensor rope_freqs.weight
create_tensor: loading tensor blk.0.ffn_gate_inp.weight
create_tensor: loading tensor blk.0.ffn_gate_exps.weight
create_tensor: loading tensor blk.0.ffn_down_exps.weight
create_tensor: loading tensor blk.0.ffn_up_exps.weight
create_tensor: loading tensor blk.1.attn_norm.weight
create_tensor: loading tensor blk.1.attn_qkv.weight
create_tensor: loading tensor blk.1.attn_q.weight
create_tensor: loading tensor blk.1.attn_k.weight
create_tensor: loading tensor blk.1.attn_v.weight
create_tensor: loading tensor blk.1.attn_q.bias
create_tensor: loading tensor blk.1.attn_k.bias
create_tensor: loading tensor blk.1.attn_v.bias
create_tensor: loading tensor blk.1.attn_output.weight
create_tensor: loading tensor blk.1.attn_output.bias
create_tensor: loading tensor blk.1.ffn_norm.weight
create_tensor: loading tensor rope_freqs.weight
create_tensor: loading tensor blk.1.ffn_gate_inp.weight
create_tensor: loading tensor blk.1.ffn_gate_exps.weight
create_tensor: loading tensor blk.1.ffn_down_exps.weight
create_tensor: loading tensor blk.1.ffn_up_exps.weight
create_tensor: loading tensor blk.0.attn_q.scale
create_tensor: loading tensor blk.0.attn_k.scale
create_tensor: loading tensor blk.0.attn_v.scale
create_tensor: loading tensor blk.0.attn_output.scale
create_tensor: loading tensor blk.0.ffn_gate_exps.scale
create_tensor: loading tensor blk.0.ffn_down_exps.scale
create_tensor: loading tensor blk.0.ffn_up_exps.scale
create_tensor: loading tensor blk.0.attn_q.input_scale
create_tensor: loading tensor blk.0.attn_k.input_scale
create_tensor: loading tensor blk.0.attn_v.input_scale
create_tensor: loading tensor blk.0.attn_output.input_scale
create_tensor: loading tensor blk.0.ffn_gate_exps.input_scale
create_tensor: loading tensor blk.0.ffn_down_exps.input_scale
create_tensor: loading tensor blk.0.ffn_up_exps.input_scale
create_tensor: loading tensor blk.1.attn_q.scale
create_tensor: loading tensor blk.1.attn_k.scale
create_tensor: loading tensor blk.1.attn_v.scale
create_tensor: loading tensor blk.1.attn_output.scale
create_tensor: loading tensor blk.1.ffn_gate_exps.scale
create_tensor: loading tensor blk.1.ffn_down_exps.scale
create_tensor: loading tensor blk.1.ffn_up_exps.scale
create_tensor: loading tensor blk.1.attn_q.input_scale
create_tensor: loading tensor blk.1.attn_k.input_scale
create_tensor: loading tensor blk.1.attn_v.input_scale
create_tensor: loading tensor blk.1.attn_output.input_scale
create_tensor: loading tensor blk.1.ffn_gate_exps.input_scale
create_tensor: loading tensor blk.1.ffn_down_exps.input_scale
create_tensor: loading tensor blk.1.ffn_up_exps.input_scale
load_tensors: offloading 0 repeating layers to GPU
load_tensors: offloaded 0/3 layers to GPU
load_tensors:    CUDA_Host model buffer size =     0.13 MiB
load_all_data: buffer type CUDA_Host is not the default buffer type for device CUDA0 for async uploads
...................
llama_model_loader: loaded meta data with 13 key-value pairs and 23 tensors from C:\Users\cadel\AppData\Local\Temp\moe-integration-1727447.gguf (version GGUF V3 (latest))
llama_model_loader: Dumping metadata keys/values. Note: KV overrides do not apply in this output.
llama_model_loader: - kv   0:                       general.architecture str              = llama
llama_model_loader: - kv   1:                       tokenizer.ggml.model str              = no_vocab
llama_model_loader: - kv   2:                           llama.vocab_size u32              = 32
llama_model_loader: - kv   3:                       llama.context_length u32              = 128
llama_model_loader: - kv   4:                     llama.embedding_length u32              = 32
llama_model_loader: - kv   5:                          llama.block_count u32              = 2
llama_model_loader: - kv   6:                  llama.feed_forward_length u32              = 64
llama_model_loader: - kv   7:                 llama.attention.head_count u32              = 2
llama_model_loader: - kv   8:              llama.attention.head_count_kv u32              = 2
llama_model_loader: - kv   9:                 llama.rope.dimension_count u32              = 16
llama_model_loader: - kv  10:                         llama.expert_count u32              = 4
llama_model_loader: - kv  11:                    llama.expert_used_count u32              = 2
llama_model_loader: - kv  12:     llama.attention.layer_norm_rms_epsilon f32              = 0.000010
llama_model_loader: - type  f32:   17 tensors
llama_model_loader: - type  f16:    6 tensors
print_info: file format = GGUF V3 (latest)
print_info: file type   = (guessed) all F32
print_info: file size   = 0.13 MiB (18.85 BPW) 
llama_prepare_model_devices: using device CUDA0 (NVIDIA GeForce RTX 4060 Laptop GPU) (0000:01:00.0) - 7096 MiB free
load: adding 32 dummy tokens
print_info: arch                  = llama
print_info: vocab_only            = 0
print_info: no_alloc              = 0
print_info: n_ctx_train           = 128
print_info: n_embd_inp            = 32
print_info: n_embd                = 32
print_info: n_embd_out            = 32
print_info: n_layer               = 2
print_info: n_layer_all           = 2
print_info: n_head                = 2
print_info: n_head_kv             = 2
print_info: n_rot                 = 16
print_info: n_swa                 = 0
print_info: is_swa_any            = 0
print_info: n_embd_head_k         = 16
print_info: n_embd_head_v         = 16
print_info: n_gqa                 = 1
print_info: n_embd_k_gqa          = 32
print_info: n_embd_v_gqa          = 32
print_info: f_norm_eps            = 0.0e+00
print_info: f_norm_rms_eps        = 1.0e-05
print_info: f_clamp_kqv           = 0.0e+00
print_info: f_max_alibi_bias      = 0.0e+00
print_info: f_logit_scale         = 0.0e+00
print_info: f_attn_scale          = 0.0e+00
print_info: f_attn_value_scale    = 0.0000
print_info: n_ff                  = 64
print_info: n_expert              = 4
print_info: n_expert_used         = 2
print_info: n_expert_groups       = 0
print_info: n_group_used          = 0
print_info: causal attn           = 1
print_info: pooling type          = -1
print_info: rope type             = 0
print_info: rope scaling          = linear
print_info: freq_base_train       = 10000.0
print_info: freq_scale_train      = 1
print_info: n_ctx_orig_yarn       = 128
print_info: rope_yarn_log_mul     = 0.0000
print_info: rope_finetuned        = unknown
print_info: model type            = ?B
print_info: model params          = 59.81 K
print_info: general.name          = n/a
print_info: vocab type            = no vocab
print_info: n_vocab               = 32
print_info: n_merges              = 0
print_info: max token length      = 0
load_tensors: loading model tensors, this can take a while... (load_mode = none)
load_tensors: layer   0 assigned to device CPU, is_swa = 0
load_tensors: layer   1 assigned to device CPU, is_swa = 0
load_tensors: layer   2 assigned to device CPU, is_swa = 0
create_tensor: loading tensor token_embd.weight
create_tensor: loading tensor output_norm.weight
create_tensor: loading tensor output.weight
create_tensor: loading tensor blk.0.attn_norm.weight
create_tensor: loading tensor blk.0.attn_qkv.weight
create_tensor: loading tensor blk.0.attn_q.weight
create_tensor: loading tensor blk.0.attn_k.weight
create_tensor: loading tensor blk.0.attn_v.weight
create_tensor: loading tensor blk.0.attn_q.bias
create_tensor: loading tensor blk.0.attn_k.bias
create_tensor: loading tensor blk.0.attn_v.bias
create_tensor: loading tensor blk.0.attn_output.weight
create_tensor: loading tensor blk.0.attn_output.bias
create_tensor: loading tensor blk.0.ffn_norm.weight
create_tensor: loading tensor rope_freqs.weight
create_tensor: loading tensor blk.0.ffn_gate_inp.weight
create_tensor: loading tensor blk.0.ffn_gate_exps.weight
create_tensor: loading tensor blk.0.ffn_down_exps.weight
create_tensor: loading tensor blk.0.ffn_up_exps.weight
create_tensor: loading tensor blk.1.attn_norm.weight
create_tensor: loading tensor blk.1.attn_qkv.weight
create_tensor: loading tensor blk.1.attn_q.weight
create_tensor: loading tensor blk.1.attn_k.weight
create_tensor: loading tensor blk.1.attn_v.weight
create_tensor: loading tensor blk.1.attn_q.bias
create_tensor: loading tensor blk.1.attn_k.bias
create_tensor: loading tensor blk.1.attn_v.bias
create_tensor: loading tensor blk.1.attn_output.weight
create_tensor: loading tensor blk.1.attn_output.bias
create_tensor: loading tensor blk.1.ffn_norm.weight
create_tensor: loading tensor rope_freqs.weight
create_tensor: loading tensor blk.1.ffn_gate_inp.weight
create_tensor: loading tensor blk.1.ffn_gate_exps.weight
create_tensor: loading tensor blk.1.ffn_down_exps.weight
create_tensor: loading tensor blk.1.ffn_up_exps.weight
create_tensor: loading tensor blk.0.attn_q.scale
create_tensor: loading tensor blk.0.attn_k.scale
create_tensor: loading tensor blk.0.attn_v.scale
create_tensor: loading tensor blk.0.attn_output.scale
create_tensor: loading tensor blk.0.ffn_gate_exps.scale
create_tensor: loading tensor blk.0.ffn_down_exps.scale
create_tensor: loading tensor blk.0.ffn_up_exps.scale
create_tensor: loading tensor blk.0.attn_q.input_scale
create_tensor: loading tensor blk.0.attn_k.input_scale
create_tensor: loading tensor blk.0.attn_v.input_scale
create_tensor: loading tensor blk.0.attn_output.input_scale
create_tensor: loading tensor blk.0.ffn_gate_exps.input_scale
create_tensor: loading tensor blk.0.ffn_down_exps.input_scale
create_tensor: loading tensor blk.0.ffn_up_exps.input_scale
create_tensor: loading tensor blk.1.attn_q.scale
create_tensor: loading tensor blk.1.attn_k.scale
create_tensor: loading tensor blk.1.attn_v.scale
create_tensor: loading tensor blk.1.attn_output.scale
create_tensor: loading tensor blk.1.ffn_gate_exps.scale
create_tensor: loading tensor blk.1.ffn_down_exps.scale
create_tensor: loading tensor blk.1.ffn_up_exps.scale
create_tensor: loading tensor blk.1.attn_q.input_scale
create_tensor: loading tensor blk.1.attn_k.input_scale
create_tensor: loading tensor blk.1.attn_v.input_scale
create_tensor: loading tensor blk.1.attn_output.input_scale
create_tensor: loading tensor blk.1.ffn_gate_exps.input_scale
create_tensor: loading tensor blk.1.ffn_down_exps.input_scale
create_tensor: loading tensor blk.1.ffn_up_exps.input_scale
load_tensors: offloading 0 repeating layers to GPU
load_tensors: offloaded 0/3 layers to GPU
load_tensors:          CPU model buffer size =     0.13 MiB
load_all_data: no device found for buffer type CPU for async uploads
...................
load_tensors: experimental host-bank MoE enabled, tile weights <= 12544 bytes; this is not a total memory limit
llama_context: constructing llama_context
llama_context: n_seq_max             = 1
llama_context: n_ctx                 = 256
llama_context: n_ctx_seq             = 256
llama_context: n_batch               = 32
llama_context: n_ubatch              = 8
llama_context: causal_attn           = 1
llama_context: flash_attn            = disabled
llama_context: kv_unified            = false
llama_context: freq_base             = 10000.0
llama_context: freq_scale            = 1
llama_context: n_rs_seq              = 0
llama_context: n_outputs_max         = 32
llama_context: n_outputs_max_per_seq = 1
llama_context: n_ctx_seq (256) > n_ctx_train (128) -- possible training context overflow
set_abort_callback: call
llama_context:        CPU  output buffer size =     0.00 MiB
llama_kv_cache: layer   0: dev = CPU
llama_kv_cache: layer   1: dev = CPU
llama_kv_cache:        CPU KV buffer size =     0.06 MiB
llama_kv_cache: size =    0.06 MiB (   256 cells,   2 layers,  1/1 seqs), K (f16):    0.03 MiB, V (f16):    0.03 MiB
llama_kv_cache: attn_rot_k = 0, n_embd_head_k_all = 16
llama_kv_cache: attn_rot_v = 0, n_embd_head_k_all = 16
llama_context: enumerating backends
llama_context: backend_ptrs.size() = 2
sched_reserve: reserving ...
sched_reserve: max_nodes = 1024
sched_reserve: decode graph slots = 4 (n_tokens <= 4)
sched_reserve: reserving full memory module
sched_reserve: worst-case: n_tokens = 8, n_seqs = 1, n_outputs = 1
resolve_fused_ops: resolving fused Gated Delta Net support:
graph_reserve: reserving a graph for ubatch with n_tokens =    1, n_seqs =  1, n_outputs =    1
resolve_fused_ops: fused Gated Delta Net (autoregressive) enabled
graph_reserve: reserving a graph for ubatch with n_tokens =   16, n_seqs =  1, n_outputs =   16
resolve_fused_ops: fused Gated Delta Net (chunked) enabled
resolve_fused_ops: resolving fused Lightning Indexer support:
graph_reserve: reserving a graph for ubatch with n_tokens =    1, n_seqs =  1, n_outputs =    1
resolve_fused_ops: Lightning Indexer enabled
resolve_fused_ops: resolving fused DeepSeek V4 HC support:
graph_reserve: reserving a graph for ubatch with n_tokens =    1, n_seqs =  1, n_outputs =    1
resolve_fused_ops: fused DeepSeek V4 HC pre enabled
graph_reserve: reserving a graph for ubatch with n_tokens =    1, n_seqs =  1, n_outputs =    1
resolve_fused_ops: fused DeepSeek V4 HC comb enabled
graph_reserve: reserving a graph for ubatch with n_tokens =    1, n_seqs =  1, n_outputs =    1
resolve_fused_ops: fused DeepSeek V4 HC post enabled
graph_reserve: reserving a graph for ubatch with n_tokens =    8, n_seqs =  1, n_outputs =    8
graph_reserve: reserving a graph for ubatch with n_tokens =    1, n_seqs =  1, n_outputs =    1
graph_reserve: reserving a graph for ubatch with n_tokens =    8, n_seqs =  1, n_outputs =    8
sched_reserve:  CUDA_Host compute buffer size =     0.03 MiB
sched_reserve: graph nodes  = 110
sched_reserve: graph splits = 1
sched_reserve: reserve took 2.54 ms, sched copies = 1
llama_context: constructing llama_context
llama_context: MoE device=CUDA0 cache=98304 staging=1048576 compute-limit=67108864 bytes
llama_context: n_seq_max             = 1
llama_context: n_ctx                 = 256
llama_context: n_ctx_seq             = 256
llama_context: n_batch               = 32
llama_context: n_ubatch              = 8
llama_context: causal_attn           = 1
llama_context: flash_attn            = disabled
llama_context: kv_unified            = false
llama_context: freq_base             = 10000.0
llama_context: freq_scale            = 1
llama_context: n_rs_seq              = 0
llama_context: n_outputs_max         = 32
llama_context: n_outputs_max_per_seq = 1
llama_context: n_ctx_seq (256) > n_ctx_train (128) -- possible training context overflow
set_abort_callback: call
llama_context:        CPU  output buffer size =     0.00 MiB
llama_kv_cache: layer   0: dev = CPU
llama_kv_cache: layer   1: dev = CPU
llama_kv_cache:        CPU KV buffer size =     0.06 MiB
llama_kv_cache: size =    0.06 MiB (   256 cells,   2 layers,  1/1 seqs), K (f16):    0.03 MiB, V (f16):    0.03 MiB
llama_kv_cache: attn_rot_k = 0, n_embd_head_k_all = 16
llama_kv_cache: attn_rot_v = 0, n_embd_head_k_all = 16
llama_context: enumerating backends
llama_context: backend_ptrs.size() = 2
sched_reserve: reserving ...
sched_reserve: max_nodes = 1024
sched_reserve: decode graph slots = 4 (n_tokens <= 4)
sched_reserve: reserving full memory module
sched_reserve: worst-case: n_tokens = 8, n_seqs = 1, n_outputs = 1
resolve_fused_ops: resolving fused Gated Delta Net support:
graph_reserve: reserving a graph for ubatch with n_tokens =    1, n_seqs =  1, n_outputs =    1
resolve_fused_ops: fused Gated Delta Net (autoregressive) enabled
graph_reserve: reserving a graph for ubatch with n_tokens =   16, n_seqs =  1, n_outputs =   16
resolve_fused_ops: fused Gated Delta Net (chunked) enabled
resolve_fused_ops: resolving fused Lightning Indexer support:
graph_reserve: reserving a graph for ubatch with n_tokens =    1, n_seqs =  1, n_outputs =    1
resolve_fused_ops: Lightning Indexer enabled
resolve_fused_ops: resolving fused DeepSeek V4 HC support:
graph_reserve: reserving a graph for ubatch with n_tokens =    1, n_seqs =  1, n_outputs =    1
resolve_fused_ops: fused DeepSeek V4 HC pre enabled
graph_reserve: reserving a graph for ubatch with n_tokens =    1, n_seqs =  1, n_outputs =    1
resolve_fused_ops: fused DeepSeek V4 HC comb enabled
graph_reserve: reserving a graph for ubatch with n_tokens =    1, n_seqs =  1, n_outputs =    1
resolve_fused_ops: fused DeepSeek V4 HC post enabled
graph_reserve: reserving a graph for ubatch with n_tokens =    8, n_seqs =  1, n_outputs =    8
graph_reserve: reserving a graph for ubatch with n_tokens =    1, n_seqs =  1, n_outputs =    1
graph_reserve: reserving a graph for ubatch with n_tokens =    8, n_seqs =  1, n_outputs =    8
sched_reserve:  CUDA_Host compute buffer size =     0.03 MiB
sched_reserve: graph nodes  = 100
sched_reserve: graph splits = 1
sched_reserve: reserve took 2.15 ms, sched copies = 1
graph_reserve: reserving a graph for ubatch with n_tokens =    4, n_seqs =  1, n_outputs =    4
FT_COMPARE layer=0 relative=0.000756014 first=-0.0187822/-0.0188195
FT_COMPARE layer=1 relative=0.000487958 first=-0.0408186/-0.0407563
FT_COMPARE layer=0 relative=0.000630634 first=0.0360882/0.0360892
FT_COMPARE layer=1 relative=0.000466582 first=0.0134638/0.0134737
FT_COMPARE layer=0 relative=0.000327842 first=0.0217211/0.0217268
FT_COMPARE layer=1 relative=0.000849258 first=-0.0932609/-0.0932364
FT_COMPARE layer=0 relative=0.000531414 first=0.0863656/0.0863358
FT_COMPARE layer=1 relative=0.000593445 first=-0.0183266/-0.0183567
FT_COMPARE layer=0 relative=0.000473362 first=0.00429035/0.00430704
FT_COMPARE layer=1 relative=0.000645152 first=-0.0257115/-0.0256689
FT_COMPARE layer=0 relative=0.000631604 first=0.056195/0.0561763
FT_COMPARE layer=1 relative=0.000445602 first=0.0582515/0.0582691
FT_COMPARE layer=0 relative=0.000444464 first=-0.0912278/-0.0912252
FT_COMPARE layer=1 relative=0.000481988 first=0.0646283/0.0646779
FT_COMPARE layer=0 relative=0.000596522 first=-0.0281853/-0.0281919
FT_COMPARE layer=1 relative=0.000549509 first=-0.0336694/-0.0336641
FT_COMPARE layer=0 relative=0.000662996 first=0.0826735/0.0826118
FT_COMPARE layer=1 relative=0.000632308 first=-0.0782246/-0.0781518
FT_COMPARE layer=0 relative=0.000377659 first=0.0361291/0.0361076
FT_COMPARE layer=1 relative=0.000396664 first=0.00708435/0.00709733
FT_COMPARE layer=0 relative=0.000505487 first=-0.056655/-0.0565675
FT_COMPARE layer=1 relative=0.000680994 first=-0.0537908/-0.0538098
FT_COMPARE layer=0 relative=0.000339741 first=-0.0759489/-0.0759434
FT_COMPARE layer=1 relative=0.00050484 first=-0.00475747/-0.00474477
FT_COMPARE layer=0 relative=0.000447569 first=-0.138436/-0.138401
FT_COMPARE layer=1 relative=0.000516164 first=0.0506209/0.0506057
FT_COMPARE layer=0 relative=0.000646913 first=-0.0573487/-0.0573027
FT_COMPARE layer=1 relative=0.000505222 first=-0.0937623/-0.0937473
FT_COMPARE layer=0 relative=0.000737508 first=0.0280256/0.0280163
FT_COMPARE layer=1 relative=0.000366364 first=0.0120961/0.0121083
FT_COMPARE layer=0 relative=0.000501171 first=-0.0102862/-0.0102732
FT_COMPARE layer=1 relative=0.00048269 first=-0.0401845/-0.0401927
FT_COMPARE layer=0 relative=0.000380793 first=-0.0685385/-0.0685333
FT_COMPARE layer=1 relative=0.000560237 first=0.0348459/0.0348458
FT_COMPARE layer=0 relative=0.000785922 first=0.0402541/0.0402979
FT_COMPARE layer=1 relative=0.000540316 first=-0.0375713/-0.0375634
FT_COMPARE layer=0 relative=0.000456802 first=0.0214676/0.021461
FT_COMPARE layer=1 relative=0.000900348 first=-0.038902/-0.0388778
FT_COMPARE layer=0 relative=0.000631335 first=0.0468409/0.0468255
FT_COMPARE layer=1 relative=0.000562659 first=-0.0146213/-0.0146628
FT_COMPARE layer=0 relative=0.000670737 first=0.041694/0.0416818
FT_COMPARE layer=1 relative=0.000499681 first=0.0093372/0.00929271
FT_COMPARE layer=0 relative=0.000400684 first=-0.0146388/-0.0146299
FT_COMPARE layer=1 relative=0.000679675 first=-0.030471/-0.0304727
FT_COMPARE layer=0 relative=0.000589724 first=-0.0623086/-0.062301
FT_COMPARE layer=1 relative=0.000502857 first=-0.0741566/-0.0741351
FT_COMPARE layer=0 relative=0.000360118 first=-0.0562228/-0.0561924
FT_COMPARE layer=1 relative=0.00085061 first=-0.026591/-0.0265827
FT_COMPARE layer=0 relative=0.000411874 first=0.102597/0.102556
FT_COMPARE layer=1 relative=0.000370938 first=-0.0553063/-0.0552676
FT_COMPARE layer=0 relative=0.000669181 first=0.0403998/0.0404489
FT_COMPARE layer=1 relative=0.000707414 first=-0.0825966/-0.0826262
FT_COMPARE layer=0 relative=0.00100628 first=0.0410449/0.0410443
FT_COMPARE layer=1 relative=0.000622365 first=-0.112243/-0.112221
FT_COMPARE layer=0 relative=0.000653713 first=0.150199/0.150153
FT_COMPARE layer=1 relative=0.000382025 first=-0.110173/-0.110143
FT_COMPARE layer=0 relative=0.000539306 first=0.0382332/0.0382623
FT_COMPARE layer=1 relative=0.000637463 first=-0.0626289/-0.0626592
FT_COMPARE layer=0 relative=0.000658508 first=-0.0787379/-0.0787756
FT_COMPARE layer=1 relative=0.000745005 first=0.0217422/0.021682
FT_COMPARE layer=0 relative=0.000433076 first=-0.133947/-0.133869
FT_COMPARE layer=1 relative=0.000462674 first=-0.0268435/-0.0268402
FT_COMPARE layer=0 relative=0.000640234 first=-0.0262099/-0.0262756
FT_COMPARE layer=1 relative=0.000464414 first=0.0051954/0.00521242
FT_COMPARE layer=0 relative=0.000447625 first=-0.0386611/-0.0386132
FT_COMPARE layer=1 relative=0.000454892 first=0.060558/0.0605308
FT_COMPARE layer=0 relative=0.000486074 first=0.0576557/0.0576505
FT_COMPARE layer=1 relative=0.000726124 first=0.0503174/0.0503283
FT_COMPARE layer=0 relative=0.000835151 first=-0.0233079/-0.0232316
FT_COMPARE layer=1 relative=0.000461117 first=-0.0975221/-0.0974915
FT_COMPARE layer=0 relative=0.000456527 first=-0.0658859/-0.0658888
FT_COMPARE layer=1 relative=0.000414846 first=-0.020077/-0.020112
FT_COMPARE layer=0 relative=0.000556397 first=0.0813584/0.0813278
FT_COMPARE layer=1 relative=0.00058562 first=-0.0356808/-0.0357057
FT_COMPARE layer=0 relative=0.000565982 first=-0.0603409/-0.0603077
FT_COMPARE layer=1 relative=0.000604176 first=0.132607/0.132661
FT_COMPARE layer=0 relative=0.000386021 first=-0.0185391/-0.0185802
FT_COMPARE layer=1 relative=0.000664071 first=0.128986/0.129015
FT_COMPARE layer=0 relative=0.000377107 first=-0.0164286/-0.0163874
FT_COMPARE layer=1 relative=0.000636538 first=-0.0496734/-0.0496874
FT_COMPARE layer=0 relative=0.000327895 first=0.123289/0.123273
FT_COMPARE layer=1 relative=0.000588964 first=-0.0966811/-0.0966835
FT_COMPARE layer=0 relative=0.000480091 first=0.031759/0.0317856
FT_COMPARE layer=1 relative=0.000523408 first=0.0806522/0.0806228
FT_COMPARE layer=0 relative=0.000462252 first=-0.0639133/-0.0639465
FT_COMPARE layer=1 relative=0.000392555 first=-0.0630549/-0.063086
FT_COMPARE layer=0 relative=0.00065892 first=-0.0966088/-0.0965625
FT_COMPARE layer=1 relative=0.000621642 first=0.0401044/0.040097
FT_COMPARE layer=0 relative=0.000812638 first=-0.0971595/-0.0972044
FT_COMPARE layer=1 relative=0.000504547 first=0.0333091/0.0333606
FT_COMPARE layer=0 relative=0.000668431 first=-0.0529057/-0.0528198
FT_COMPARE layer=1 relative=0.000635676 first=-0.0608866/-0.0608726
FT_COMPARE layer=0 relative=0.00090497 first=-0.00994606/-0.00998063
FT_COMPARE layer=1 relative=0.000621911 first=0.0499126/0.04992
FT_COMPARE layer=0 relative=0.000549502 first=-0.0603443/-0.0603085
FT_COMPARE layer=1 relative=0.000435025 first=-0.0431021/-0.0431102
set_abort_callback: call
graph_compute: ggml_backend_sched_graph_compute_async failed with error 1
process_ubatch: failed to compute graph, compute status: 1
decode: removing memory module entries for seq_id = 0, pos = [59, +inf)
llama_decode: failed to decode, ret = 2
set_abort_callback: call
graph_compute: ggml_backend_sched_graph_compute_async failed with error -1
host-bank MoE execution failed: MoE routing weight must be finite
process_ubatch: failed to compute graph, compute status: -1
decode: removing memory module entries for seq_id = 0, pos = [59, +inf)
llama_decode: failed to decode, ret = -3
FT_COMPARE layer=0 relative=0.000531105 first=-0.068028/-0.0680362
FT_COMPARE layer=1 relative=0.00062346 first=0.0742541/0.0742755
llama_context: constructing llama_context
llama_init_from_model: failed to initialize the context: host-bank MoE requires one sequence, op_offload=false and offload_kqv=false
llama_context: constructing llama_context
llama_init_from_model: failed to initialize the context: host-bank MoE requires one sequence, op_offload=false and offload_kqv=false
llama_context: constructing llama_context
llama_init_from_model: failed to initialize the context: host-bank MoE requires one sequence, op_offload=false and offload_kqv=false
llama_context: constructing llama_context
llama_init_from_model: failed to initialize the context: moe cache: invalid uniform arena geometry
llama_context: constructing llama_context
llama_init_from_model: failed to initialize the context: host-bank MoE cache requires model.moe_cpu_tile_bytes host-bank setup
~llama_context:      CUDA0 compute buffer size is   0.0000 MiB, matches expectation of   0.0000 MiB
~llama_context:  CUDA_Host compute buffer size is   0.0304 MiB, matches expectation of   0.0304 MiB
~llama_context:      CUDA0 compute buffer size is   0.0000 MiB, matches expectation of   0.0000 MiB
~llama_context:  CUDA_Host compute buffer size is   0.0304 MiB, matches expectation of   0.0304 MiB
llama_context: constructing llama_context
llama_context: MoE device=CUDA0 cache=98304 staging=1048576 compute-limit=67108864 bytes
llama_context: n_seq_max             = 1
llama_context: n_ctx                 = 256
llama_context: n_ctx_seq             = 256
llama_context: n_batch               = 32
llama_context: n_ubatch              = 8
llama_context: causal_attn           = 1
llama_context: flash_attn            = disabled
llama_context: kv_unified            = false
llama_context: freq_base             = 10000.0
llama_context: freq_scale            = 1
llama_context: n_rs_seq              = 0
llama_context: n_outputs_max         = 32
llama_context: n_outputs_max_per_seq = 1
llama_context: n_ctx_seq (256) > n_ctx_train (128) -- possible training context overflow
set_abort_callback: call
llama_context:        CPU  output buffer size =     0.00 MiB
llama_kv_cache: layer   0: dev = CPU
llama_kv_cache: layer   1: dev = CPU
llama_kv_cache:        CPU KV buffer size =     0.06 MiB
llama_kv_cache: size =    0.06 MiB (   256 cells,   2 layers,  1/1 seqs), K (f16):    0.03 MiB, V (f16):    0.03 MiB
llama_kv_cache: attn_rot_k = 0, n_embd_head_k_all = 16
llama_kv_cache: attn_rot_v = 0, n_embd_head_k_all = 16
llama_context: enumerating backends
llama_context: backend_ptrs.size() = 2
sched_reserve: reserving ...
sched_reserve: max_nodes = 1024
sched_reserve: decode graph slots = 4 (n_tokens <= 4)
sched_reserve: reserving full memory module
sched_reserve: worst-case: n_tokens = 8, n_seqs = 1, n_outputs = 1
resolve_fused_ops: resolving fused Gated Delta Net support:
graph_reserve: reserving a graph for ubatch with n_tokens =    1, n_seqs =  1, n_outputs =    1
resolve_fused_ops: fused Gated Delta Net (autoregressive) enabled
graph_reserve: reserving a graph for ubatch with n_tokens =   16, n_seqs =  1, n_outputs =   16
resolve_fused_ops: fused Gated Delta Net (chunked) enabled
resolve_fused_ops: resolving fused Lightning Indexer support:
graph_reserve: reserving a graph for ubatch with n_tokens =    1, n_seqs =  1, n_outputs =    1
resolve_fused_ops: Lightning Indexer enabled
resolve_fused_ops: resolving fused DeepSeek V4 HC support:
graph_reserve: reserving a graph for ubatch with n_tokens =    1, n_seqs =  1, n_outputs =    1
resolve_fused_ops: fused DeepSeek V4 HC pre enabled
graph_reserve: reserving a graph for ubatch with n_tokens =    1, n_seqs =  1, n_outputs =    1
resolve_fused_ops: fused DeepSeek V4 HC comb enabled
graph_reserve: reserving a graph for ubatch with n_tokens =    1, n_seqs =  1, n_outputs =    1
resolve_fused_ops: fused DeepSeek V4 HC post enabled
graph_reserve: reserving a graph for ubatch with n_tokens =    8, n_seqs =  1, n_outputs =    8
graph_reserve: reserving a graph for ubatch with n_tokens =    1, n_seqs =  1, n_outputs =    1
graph_reserve: reserving a graph for ubatch with n_tokens =    8, n_seqs =  1, n_outputs =    8
sched_reserve:  CUDA_Host compute buffer size =     0.03 MiB
sched_reserve: graph nodes  = 100
sched_reserve: graph splits = 1
sched_reserve: reserve took 2.19 ms, sched copies = 1
llama_context: constructing llama_context
llama_context: n_seq_max             = 1
llama_context: n_ctx                 = 256
llama_context: n_ctx_seq             = 256
llama_context: n_batch               = 32
llama_context: n_ubatch              = 8
llama_context: causal_attn           = 1
llama_context: flash_attn            = disabled
llama_context: kv_unified            = false
llama_context: freq_base             = 10000.0
llama_context: freq_scale            = 1
llama_context: n_rs_seq              = 0
llama_context: n_outputs_max         = 32
llama_context: n_outputs_max_per_seq = 1
llama_context: n_ctx_seq (256) > n_ctx_train (128) -- possible training context overflow
set_abort_callback: call
llama_context:        CPU  output buffer size =     0.00 MiB
llama_kv_cache: layer   0: dev = CPU
llama_kv_cache: layer   1: dev = CPU
llama_kv_cache:        CPU KV buffer size =     0.06 MiB
llama_kv_cache: size =    0.06 MiB (   256 cells,   2 layers,  1/1 seqs), K (f16):    0.03 MiB, V (f16):    0.03 MiB
llama_kv_cache: attn_rot_k = 0, n_embd_head_k_all = 16
llama_kv_cache: attn_rot_v = 0, n_embd_head_k_all = 16
llama_context: enumerating backends
llama_context: backend_ptrs.size() = 2
sched_reserve: reserving ...
sched_reserve: max_nodes = 1024
sched_reserve: decode graph slots = 4 (n_tokens <= 4)
sched_reserve: reserving full memory module
sched_reserve: worst-case: n_tokens = 8, n_seqs = 1, n_outputs = 1
resolve_fused_ops: resolving fused Gated Delta Net support:
graph_reserve: reserving a graph for ubatch with n_tokens =    1, n_seqs =  1, n_outputs =    1
resolve_fused_ops: fused Gated Delta Net (autoregressive) enabled
graph_reserve: reserving a graph for ubatch with n_tokens =   16, n_seqs =  1, n_outputs =   16
resolve_fused_ops: fused Gated Delta Net (chunked) enabled
resolve_fused_ops: resolving fused Lightning Indexer support:
graph_reserve: reserving a graph for ubatch with n_tokens =    1, n_seqs =  1, n_outputs =    1
resolve_fused_ops: Lightning Indexer enabled
resolve_fused_ops: resolving fused DeepSeek V4 HC support:
graph_reserve: reserving a graph for ubatch with n_tokens =    1, n_seqs =  1, n_outputs =    1
resolve_fused_ops: fused DeepSeek V4 HC pre enabled
graph_reserve: reserving a graph for ubatch with n_tokens =    1, n_seqs =  1, n_outputs =    1
resolve_fused_ops: fused DeepSeek V4 HC comb enabled
graph_reserve: reserving a graph for ubatch with n_tokens =    1, n_seqs =  1, n_outputs =    1
resolve_fused_ops: fused DeepSeek V4 HC post enabled
graph_reserve: reserving a graph for ubatch with n_tokens =    8, n_seqs =  1, n_outputs =    8
graph_reserve: reserving a graph for ubatch with n_tokens =    1, n_seqs =  1, n_outputs =    1
graph_reserve: reserving a graph for ubatch with n_tokens =    8, n_seqs =  1, n_outputs =    8
sched_reserve:  CUDA_Host compute buffer size =     0.03 MiB
sched_reserve: graph nodes  = 110
sched_reserve: graph splits = 1
sched_reserve: reserve took 2.36 ms, sched copies = 1
FT_COMPARE layer=0 relative=0.000756014 first=-0.0187822/-0.0188195
FT_COMPARE layer=1 relative=0.000487958 first=-0.0408186/-0.0407563
~llama_context:      CUDA0 compute buffer size is   0.0000 MiB, matches expectation of   0.0000 MiB
~llama_context:  CUDA_Host compute buffer size is   0.0304 MiB, matches expectation of   0.0304 MiB
~llama_context:      CUDA0 compute buffer size is   0.0000 MiB, matches expectation of   0.0000 MiB
~llama_context:  CUDA_Host compute buffer size is   0.0304 MiB, matches expectation of   0.0304 MiB
llama_model_loader: loaded meta data with 13 key-value pairs and 23 tensors from C:\Users\cadel\AppData\Local\Temp\moe-integration-1727447.gguf (version GGUF V3 (latest))
llama_model_loader: Dumping metadata keys/values. Note: KV overrides do not apply in this output.
llama_model_loader: - kv   0:                       general.architecture str              = llama
llama_model_loader: - kv   1:                       tokenizer.ggml.model str              = no_vocab
llama_model_loader: - kv   2:                           llama.vocab_size u32              = 32
llama_model_loader: - kv   3:                       llama.context_length u32              = 128
llama_model_loader: - kv   4:                     llama.embedding_length u32              = 32
llama_model_loader: - kv   5:                          llama.block_count u32              = 2
llama_model_loader: - kv   6:                  llama.feed_forward_length u32              = 64
llama_model_loader: - kv   7:                 llama.attention.head_count u32              = 2
llama_model_loader: - kv   8:              llama.attention.head_count_kv u32              = 2
llama_model_loader: - kv   9:                 llama.rope.dimension_count u32              = 16
llama_model_loader: - kv  10:                         llama.expert_count u32              = 4
llama_model_loader: - kv  11:                    llama.expert_used_count u32              = 2
llama_model_loader: - kv  12:     llama.attention.layer_norm_rms_epsilon f32              = 0.000010
llama_model_loader: - type  f32:   17 tensors
llama_model_loader: - type  f16:    6 tensors
print_info: file format = GGUF V3 (latest)
print_info: file type   = (guessed) all F32
print_info: file size   = 0.13 MiB (18.85 BPW) 
llama_prepare_model_devices: using device CUDA0 (NVIDIA GeForce RTX 4060 Laptop GPU) (0000:01:00.0) - 7094 MiB free
load: adding 32 dummy tokens
print_info: arch                  = llama
print_info: vocab_only            = 0
print_info: no_alloc              = 0
print_info: n_ctx_train           = 128
print_info: n_embd_inp            = 32
print_info: n_embd                = 32
print_info: n_embd_out            = 32
print_info: n_layer               = 2
print_info: n_layer_all           = 2
print_info: n_head                = 2
print_info: n_head_kv             = 2
print_info: n_rot                 = 16
print_info: n_swa                 = 0
print_info: is_swa_any            = 0
print_info: n_embd_head_k         = 16
print_info: n_embd_head_v         = 16
print_info: n_gqa                 = 1
print_info: n_embd_k_gqa          = 32
print_info: n_embd_v_gqa          = 32
print_info: f_norm_eps            = 0.0e+00
print_info: f_norm_rms_eps        = 1.0e-05
print_info: f_clamp_kqv           = 0.0e+00
print_info: f_max_alibi_bias      = 0.0e+00
print_info: f_logit_scale         = 0.0e+00
print_info: f_attn_scale          = 0.0e+00
print_info: f_attn_value_scale    = 0.0000
print_info: n_ff                  = 64
print_info: n_expert              = 4
print_info: n_expert_used         = 2
print_info: n_expert_groups       = 0
print_info: n_group_used          = 0
print_info: causal attn           = 1
print_info: pooling type          = -1
print_info: rope type             = 0
print_info: rope scaling          = linear
print_info: freq_base_train       = 10000.0
print_info: freq_scale_train      = 1
print_info: n_ctx_orig_yarn       = 128
print_info: rope_yarn_log_mul     = 0.0000
print_info: rope_finetuned        = unknown
print_info: model type            = ?B
print_info: model params          = 59.81 K
print_info: general.name          = n/a
print_info: vocab type            = no vocab
print_info: n_vocab               = 32
print_info: n_merges              = 0
print_info: max token length      = 0
load_tensors: loading model tensors, this can take a while... (load_mode = mmap)
load_tensors: layer   0 assigned to device CPU, is_swa = 0
load_tensors: layer   1 assigned to device CPU, is_swa = 0
load_tensors: layer   2 assigned to device CPU, is_swa = 0
create_tensor: loading tensor token_embd.weight
create_tensor: loading tensor output_norm.weight
create_tensor: loading tensor output.weight
create_tensor: loading tensor blk.0.attn_norm.weight
create_tensor: loading tensor blk.0.attn_qkv.weight
create_tensor: loading tensor blk.0.attn_q.weight
create_tensor: loading tensor blk.0.attn_k.weight
create_tensor: loading tensor blk.0.attn_v.weight
create_tensor: loading tensor blk.0.attn_q.bias
create_tensor: loading tensor blk.0.attn_k.bias
create_tensor: loading tensor blk.0.attn_v.bias
create_tensor: loading tensor blk.0.attn_output.weight
create_tensor: loading tensor blk.0.attn_output.bias
create_tensor: loading tensor blk.0.ffn_norm.weight
create_tensor: loading tensor rope_freqs.weight
create_tensor: loading tensor blk.0.ffn_gate_inp.weight
create_tensor: loading tensor blk.0.ffn_gate_exps.weight
create_tensor: loading tensor blk.0.ffn_down_exps.weight
create_tensor: loading tensor blk.0.ffn_up_exps.weight
create_tensor: loading tensor blk.1.attn_norm.weight
create_tensor: loading tensor blk.1.attn_qkv.weight
create_tensor: loading tensor blk.1.attn_q.weight
create_tensor: loading tensor blk.1.attn_k.weight
create_tensor: loading tensor blk.1.attn_v.weight
create_tensor: loading tensor blk.1.attn_q.bias
create_tensor: loading tensor blk.1.attn_k.bias
create_tensor: loading tensor blk.1.attn_v.bias
create_tensor: loading tensor blk.1.attn_output.weight
create_tensor: loading tensor blk.1.attn_output.bias
create_tensor: loading tensor blk.1.ffn_norm.weight
create_tensor: loading tensor rope_freqs.weight
create_tensor: loading tensor blk.1.ffn_gate_inp.weight
create_tensor: loading tensor blk.1.ffn_gate_exps.weight
create_tensor: loading tensor blk.1.ffn_down_exps.weight
create_tensor: loading tensor blk.1.ffn_up_exps.weight
create_tensor: loading tensor blk.0.attn_q.scale
create_tensor: loading tensor blk.0.attn_k.scale
create_tensor: loading tensor blk.0.attn_v.scale
create_tensor: loading tensor blk.0.attn_output.scale
create_tensor: loading tensor blk.0.ffn_gate_exps.scale
create_tensor: loading tensor blk.0.ffn_down_exps.scale
create_tensor: loading tensor blk.0.ffn_up_exps.scale
create_tensor: loading tensor blk.0.attn_q.input_scale
create_tensor: loading tensor blk.0.attn_k.input_scale
create_tensor: loading tensor blk.0.attn_v.input_scale
create_tensor: loading tensor blk.0.attn_output.input_scale
create_tensor: loading tensor blk.0.ffn_gate_exps.input_scale
create_tensor: loading tensor blk.0.ffn_down_exps.input_scale
create_tensor: loading tensor blk.0.ffn_up_exps.input_scale
create_tensor: loading tensor blk.1.attn_q.scale
create_tensor: loading tensor blk.1.attn_k.scale
create_tensor: loading tensor blk.1.attn_v.scale
create_tensor: loading tensor blk.1.attn_output.scale
create_tensor: loading tensor blk.1.ffn_gate_exps.scale
create_tensor: loading tensor blk.1.ffn_down_exps.scale
create_tensor: loading tensor blk.1.ffn_up_exps.scale
create_tensor: loading tensor blk.1.attn_q.input_scale
create_tensor: loading tensor blk.1.attn_k.input_scale
create_tensor: loading tensor blk.1.attn_v.input_scale
create_tensor: loading tensor blk.1.attn_output.input_scale
create_tensor: loading tensor blk.1.ffn_gate_exps.input_scale
create_tensor: loading tensor blk.1.ffn_down_exps.input_scale
create_tensor: loading tensor blk.1.ffn_up_exps.input_scale
done_getting_tensors: tensor 'token_embd.weight' (f32) (and 22 others) cannot be used with preferred buffer type CUDA_Host, using CPU instead
load_tensors: offloading 0 repeating layers to GPU
load_tensors: offloaded 0/3 layers to GPU
load_tensors:   CPU_Mapped model buffer size =     0.13 MiB
...................
llama_model_loader: loaded meta data with 13 key-value pairs and 23 tensors from C:\Users\cadel\AppData\Local\Temp\moe-integration-1727447.gguf (version GGUF V3 (latest))
llama_model_loader: Dumping metadata keys/values. Note: KV overrides do not apply in this output.
llama_model_loader: - kv   0:                       general.architecture str              = llama
llama_model_loader: - kv   1:                       tokenizer.ggml.model str              = no_vocab
llama_model_loader: - kv   2:                           llama.vocab_size u32              = 32
llama_model_loader: - kv   3:                       llama.context_length u32              = 128
llama_model_loader: - kv   4:                     llama.embedding_length u32              = 32
llama_model_loader: - kv   5:                          llama.block_count u32              = 2
llama_model_loader: - kv   6:                  llama.feed_forward_length u32              = 64
llama_model_loader: - kv   7:                 llama.attention.head_count u32              = 2
llama_model_loader: - kv   8:              llama.attention.head_count_kv u32              = 2
llama_model_loader: - kv   9:                 llama.rope.dimension_count u32              = 16
llama_model_loader: - kv  10:                         llama.expert_count u32              = 4
llama_model_loader: - kv  11:                    llama.expert_used_count u32              = 2
llama_model_loader: - kv  12:     llama.attention.layer_norm_rms_epsilon f32              = 0.000010
llama_model_loader: - type  f32:   17 tensors
llama_model_loader: - type  f16:    6 tensors
print_info: file format = GGUF V3 (latest)
print_info: file type   = (guessed) all F32
print_info: file size   = 0.13 MiB (18.85 BPW) 
llama_prepare_model_devices: using device CUDA0 (NVIDIA GeForce RTX 4060 Laptop GPU) (0000:01:00.0) - 7094 MiB free
load: adding 32 dummy tokens
print_info: arch                  = llama
print_info: vocab_only            = 0
print_info: no_alloc              = 0
print_info: n_ctx_train           = 128
print_info: n_embd_inp            = 32
print_info: n_embd                = 32
print_info: n_embd_out            = 32
print_info: n_layer               = 2
print_info: n_layer_all           = 2
print_info: n_head                = 2
print_info: n_head_kv             = 2
print_info: n_rot                 = 16
print_info: n_swa                 = 0
print_info: is_swa_any            = 0
print_info: n_embd_head_k         = 16
print_info: n_embd_head_v         = 16
print_info: n_gqa                 = 1
print_info: n_embd_k_gqa          = 32
print_info: n_embd_v_gqa          = 32
print_info: f_norm_eps            = 0.0e+00
print_info: f_norm_rms_eps        = 1.0e-05
print_info: f_clamp_kqv           = 0.0e+00
print_info: f_max_alibi_bias      = 0.0e+00
print_info: f_logit_scale         = 0.0e+00
print_info: f_attn_scale          = 0.0e+00
print_info: f_attn_value_scale    = 0.0000
print_info: n_ff                  = 64
print_info: n_expert              = 4
print_info: n_expert_used         = 2
print_info: n_expert_groups       = 0
print_info: n_group_used          = 0
print_info: causal attn           = 1
print_info: pooling type          = -1
print_info: rope type             = 0
print_info: rope scaling          = linear
print_info: freq_base_train       = 10000.0
print_info: freq_scale_train      = 1
print_info: n_ctx_orig_yarn       = 128
print_info: rope_yarn_log_mul     = 0.0000
print_info: rope_finetuned        = unknown
print_info: model type            = ?B
print_info: model params          = 59.81 K
print_info: general.name          = n/a
print_info: vocab type            = no vocab
print_info: n_vocab               = 32
print_info: n_merges              = 0
print_info: max token length      = 0
load_tensors: loading model tensors, this can take a while... (load_mode = mmap)
load_tensors: layer   0 assigned to device CPU, is_swa = 0
load_tensors: layer   1 assigned to device CPU, is_swa = 0
load_tensors: layer   2 assigned to device CPU, is_swa = 0
create_tensor: loading tensor token_embd.weight
create_tensor: loading tensor output_norm.weight
create_tensor: loading tensor output.weight
create_tensor: loading tensor blk.0.attn_norm.weight
create_tensor: loading tensor blk.0.attn_qkv.weight
create_tensor: loading tensor blk.0.attn_q.weight
create_tensor: loading tensor blk.0.attn_k.weight
create_tensor: loading tensor blk.0.attn_v.weight
create_tensor: loading tensor blk.0.attn_q.bias
create_tensor: loading tensor blk.0.attn_k.bias
create_tensor: loading tensor blk.0.attn_v.bias
create_tensor: loading tensor blk.0.attn_output.weight
create_tensor: loading tensor blk.0.attn_output.bias
create_tensor: loading tensor blk.0.ffn_norm.weight
create_tensor: loading tensor rope_freqs.weight
create_tensor: loading tensor blk.0.ffn_gate_inp.weight
create_tensor: loading tensor blk.0.ffn_gate_exps.weight
create_tensor: loading tensor blk.0.ffn_down_exps.weight
create_tensor: loading tensor blk.0.ffn_up_exps.weight
create_tensor: loading tensor blk.1.attn_norm.weight
create_tensor: loading tensor blk.1.attn_qkv.weight
create_tensor: loading tensor blk.1.attn_q.weight
create_tensor: loading tensor blk.1.attn_k.weight
create_tensor: loading tensor blk.1.attn_v.weight
create_tensor: loading tensor blk.1.attn_q.bias
create_tensor: loading tensor blk.1.attn_k.bias
create_tensor: loading tensor blk.1.attn_v.bias
create_tensor: loading tensor blk.1.attn_output.weight
create_tensor: loading tensor blk.1.attn_output.bias
create_tensor: loading tensor blk.1.ffn_norm.weight
create_tensor: loading tensor rope_freqs.weight
create_tensor: loading tensor blk.1.ffn_gate_inp.weight
create_tensor: loading tensor blk.1.ffn_gate_exps.weight
create_tensor: loading tensor blk.1.ffn_down_exps.weight
create_tensor: loading tensor blk.1.ffn_up_exps.weight
create_tensor: loading tensor blk.0.attn_q.scale
create_tensor: loading tensor blk.0.attn_k.scale
create_tensor: loading tensor blk.0.attn_v.scale
create_tensor: loading tensor blk.0.attn_output.scale
create_tensor: loading tensor blk.0.ffn_gate_exps.scale
create_tensor: loading tensor blk.0.ffn_down_exps.scale
create_tensor: loading tensor blk.0.ffn_up_exps.scale
create_tensor: loading tensor blk.0.attn_q.input_scale
create_tensor: loading tensor blk.0.attn_k.input_scale
create_tensor: loading tensor blk.0.attn_v.input_scale
create_tensor: loading tensor blk.0.attn_output.input_scale
create_tensor: loading tensor blk.0.ffn_gate_exps.input_scale
create_tensor: loading tensor blk.0.ffn_down_exps.input_scale
create_tensor: loading tensor blk.0.ffn_up_exps.input_scale
create_tensor: loading tensor blk.1.attn_q.scale
create_tensor: loading tensor blk.1.attn_k.scale
create_tensor: loading tensor blk.1.attn_v.scale
create_tensor: loading tensor blk.1.attn_output.scale
create_tensor: loading tensor blk.1.ffn_gate_exps.scale
create_tensor: loading tensor blk.1.ffn_down_exps.scale
create_tensor: loading tensor blk.1.ffn_up_exps.scale
create_tensor: loading tensor blk.1.attn_q.input_scale
create_tensor: loading tensor blk.1.attn_k.input_scale
create_tensor: loading tensor blk.1.attn_v.input_scale
create_tensor: loading tensor blk.1.attn_output.input_scale
create_tensor: loading tensor blk.1.ffn_gate_exps.input_scale
create_tensor: loading tensor blk.1.ffn_down_exps.input_scale
create_tensor: loading tensor blk.1.ffn_up_exps.input_scale
load_tensors: offloading 0 repeating layers to GPU
load_tensors: offloaded 0/3 layers to GPU
load_tensors:   CPU_Mapped model buffer size =     0.13 MiB
...................
load_tensors: experimental host-bank MoE enabled, tile weights <= 12544 bytes; this is not a total memory limit
llama_context: constructing llama_context
llama_context: n_seq_max             = 1
llama_context: n_ctx                 = 256
llama_context: n_ctx_seq             = 256
llama_context: n_batch               = 32
llama_context: n_ubatch              = 8
llama_context: causal_attn           = 1
llama_context: flash_attn            = disabled
llama_context: kv_unified            = false
llama_context: freq_base             = 10000.0
llama_context: freq_scale            = 1
llama_context: n_rs_seq              = 0
llama_context: n_outputs_max         = 32
llama_context: n_outputs_max_per_seq = 1
llama_context: n_ctx_seq (256) > n_ctx_train (128) -- possible training context overflow
set_abort_callback: call
llama_context:        CPU  output buffer size =     0.00 MiB
llama_kv_cache: layer   0: dev = CPU
llama_kv_cache: layer   1: dev = CPU
llama_kv_cache:        CPU KV buffer size =     0.06 MiB
llama_kv_cache: size =    0.06 MiB (   256 cells,   2 layers,  1/1 seqs), K (f16):    0.03 MiB, V (f16):    0.03 MiB
llama_kv_cache: attn_rot_k = 0, n_embd_head_k_all = 16
llama_kv_cache: attn_rot_v = 0, n_embd_head_k_all = 16
llama_context: enumerating backends
llama_context: backend_ptrs.size() = 2
sched_reserve: reserving ...
sched_reserve: max_nodes = 1024
sched_reserve: decode graph slots = 4 (n_tokens <= 4)
sched_reserve: reserving full memory module
sched_reserve: worst-case: n_tokens = 8, n_seqs = 1, n_outputs = 1
resolve_fused_ops: resolving fused Gated Delta Net support:
graph_reserve: reserving a graph for ubatch with n_tokens =    1, n_seqs =  1, n_outputs =    1
resolve_fused_ops: fused Gated Delta Net (autoregressive) enabled
graph_reserve: reserving a graph for ubatch with n_tokens =   16, n_seqs =  1, n_outputs =   16
resolve_fused_ops: fused Gated Delta Net (chunked) enabled
resolve_fused_ops: resolving fused Lightning Indexer support:
graph_reserve: reserving a graph for ubatch with n_tokens =    1, n_seqs =  1, n_outputs =    1
resolve_fused_ops: Lightning Indexer enabled
resolve_fused_ops: resolving fused DeepSeek V4 HC support:
graph_reserve: reserving a graph for ubatch with n_tokens =    1, n_seqs =  1, n_outputs =    1
resolve_fused_ops: fused DeepSeek V4 HC pre enabled
graph_reserve: reserving a graph for ubatch with n_tokens =    1, n_seqs =  1, n_outputs =    1
resolve_fused_ops: fused DeepSeek V4 HC comb enabled
graph_reserve: reserving a graph for ubatch with n_tokens =    1, n_seqs =  1, n_outputs =    1
resolve_fused_ops: fused DeepSeek V4 HC post enabled
graph_reserve: reserving a graph for ubatch with n_tokens =    8, n_seqs =  1, n_outputs =    8
graph_reserve: reserving a graph for ubatch with n_tokens =    1, n_seqs =  1, n_outputs =    1
graph_reserve: reserving a graph for ubatch with n_tokens =    8, n_seqs =  1, n_outputs =    8
sched_reserve:  CUDA_Host compute buffer size =     0.03 MiB
sched_reserve: graph nodes  = 110
sched_reserve: graph splits = 1
sched_reserve: reserve took 2.91 ms, sched copies = 1
llama_context: constructing llama_context
llama_context: n_seq_max             = 1
llama_context: n_ctx                 = 256
llama_context: n_ctx_seq             = 256
llama_context: n_batch               = 32
llama_context: n_ubatch              = 8
llama_context: causal_attn           = 1
llama_context: flash_attn            = disabled
llama_context: kv_unified            = false
llama_context: freq_base             = 10000.0
llama_context: freq_scale            = 1
llama_context: n_rs_seq              = 0
llama_context: n_outputs_max         = 32
llama_context: n_outputs_max_per_seq = 1
llama_context: n_ctx_seq (256) > n_ctx_train (128) -- possible training context overflow
set_abort_callback: call
llama_context:        CPU  output buffer size =     0.00 MiB
llama_kv_cache: layer   0: dev = CPU
llama_kv_cache: layer   1: dev = CPU
llama_kv_cache:        CPU KV buffer size =     0.06 MiB
llama_kv_cache: size =    0.06 MiB (   256 cells,   2 layers,  1/1 seqs), K (f16):    0.03 MiB, V (f16):    0.03 MiB
llama_kv_cache: attn_rot_k = 0, n_embd_head_k_all = 16
llama_kv_cache: attn_rot_v = 0, n_embd_head_k_all = 16
llama_context: enumerating backends
llama_context: backend_ptrs.size() = 2
sched_reserve: reserving ...
sched_reserve: max_nodes = 1024
sched_reserve: decode graph slots = 4 (n_tokens <= 4)
sched_reserve: reserving full memory module
sched_reserve: worst-case: n_tokens = 8, n_seqs = 1, n_outputs = 1
resolve_fused_ops: resolving fused Gated Delta Net support:
graph_reserve: reserving a graph for ubatch with n_tokens =    1, n_seqs =  1, n_outputs =    1
resolve_fused_ops: fused Gated Delta Net (autoregressive) enabled
graph_reserve: reserving a graph for ubatch with n_tokens =   16, n_seqs =  1, n_outputs =   16
resolve_fused_ops: fused Gated Delta Net (chunked) enabled
resolve_fused_ops: resolving fused Lightning Indexer support:
graph_reserve: reserving a graph for ubatch with n_tokens =    1, n_seqs =  1, n_outputs =    1
resolve_fused_ops: Lightning Indexer enabled
resolve_fused_ops: resolving fused DeepSeek V4 HC support:
graph_reserve: reserving a graph for ubatch with n_tokens =    1, n_seqs =  1, n_outputs =    1
resolve_fused_ops: fused DeepSeek V4 HC pre enabled
graph_reserve: reserving a graph for ubatch with n_tokens =    1, n_seqs =  1, n_outputs =    1
resolve_fused_ops: fused DeepSeek V4 HC comb enabled
graph_reserve: reserving a graph for ubatch with n_tokens =    1, n_seqs =  1, n_outputs =    1
resolve_fused_ops: fused DeepSeek V4 HC post enabled
graph_reserve: reserving a graph for ubatch with n_tokens =    8, n_seqs =  1, n_outputs =    8
graph_reserve: reserving a graph for ubatch with n_tokens =    1, n_seqs =  1, n_outputs =    1
graph_reserve: reserving a graph for ubatch with n_tokens =    8, n_seqs =  1, n_outputs =    8
sched_reserve:  CUDA_Host compute buffer size =     0.03 MiB
sched_reserve: graph nodes  = 100
sched_reserve: graph splits = 1
sched_reserve: reserve took 2.32 ms, sched copies = 1
graph_reserve: reserving a graph for ubatch with n_tokens =    4, n_seqs =  1, n_outputs =    4
set_abort_callback: call
graph_compute: ggml_backend_sched_graph_compute_async failed with error 1
process_ubatch: failed to compute graph, compute status: 1
decode: removing memory module entries for seq_id = 0, pos = [59, +inf)
llama_decode: failed to decode, ret = 2
set_abort_callback: call
host-bank MoE execution failed: MoE routing weight must be finite
host-bank MoE execution failed: MoE routing weight must be finite
process_ubatch: failed to compute graph, compute status: -1
decode: removing memory module entries for seq_id = 0, pos = [59, +inf)
llama_decode: failed to decode, ret = -3
llama_context: constructing llama_context
llama_init_from_model: failed to initialize the context: host-bank MoE requires one sequence, op_offload=false and offload_kqv=false
llama_context: constructing llama_context
llama_init_from_model: failed to initialize the context: host-bank MoE requires one sequence, op_offload=false and offload_kqv=false
llama_context: constructing llama_context
llama_init_from_model: failed to initialize the context: host-bank MoE requires one sequence, op_offload=false and offload_kqv=false
llama_context: constructing llama_context
llama_init_from_model: failed to initialize the context: moe cache: invalid uniform arena geometry
llama_context: constructing llama_context
llama_init_from_model: failed to initialize the context: host-bank MoE cache requires model.moe_cpu_tile_bytes host-bank setup
~llama_context:      CUDA0 compute buffer size is   0.0000 MiB, matches expectation of   0.0000 MiB
~llama_context:  CUDA_Host compute buffer size is   0.0304 MiB, matches expectation of   0.0304 MiB
~llama_context:      CUDA0 compute buffer size is   0.0000 MiB, matches expectation of   0.0000 MiB
~llama_context:  CUDA_Host compute buffer size is   0.0304 MiB, matches expectation of   0.0304 MiB
llama_context: constructing llama_context
llama_context: n_seq_max             = 1
llama_context: n_ctx                 = 256
llama_context: n_ctx_seq             = 256
llama_context: n_batch               = 32
llama_context: n_ubatch              = 8
llama_context: causal_attn           = 1
llama_context: flash_attn            = disabled
llama_context: kv_unified            = false
llama_context: freq_base             = 10000.0
llama_context: freq_scale            = 1
llama_context: n_rs_seq              = 0
llama_context: n_outputs_max         = 32
llama_context: n_outputs_max_per_seq = 1
llama_context: n_ctx_seq (256) > n_ctx_train (128) -- possible training context overflow
set_abort_callback: call
llama_context:        CPU  output buffer size =     0.00 MiB
llama_kv_cache: layer   0: dev = CPU
llama_kv_cache: layer   1: dev = CPU
llama_kv_cache:        CPU KV buffer size =     0.06 MiB
llama_kv_cache: size =    0.06 MiB (   256 cells,   2 layers,  1/1 seqs), K (f16):    0.03 MiB, V (f16):    0.03 MiB
llama_kv_cache: attn_rot_k = 0, n_embd_head_k_all = 16
llama_kv_cache: attn_rot_v = 0, n_embd_head_k_all = 16
llama_context: enumerating backends
llama_context: backend_ptrs.size() = 2
sched_reserve: reserving ...
sched_reserve: max_nodes = 1024
sched_reserve: decode graph slots = 4 (n_tokens <= 4)
sched_reserve: reserving full memory module
sched_reserve: worst-case: n_tokens = 8, n_seqs = 1, n_outputs = 1
resolve_fused_ops: resolving fused Gated Delta Net support:
graph_reserve: reserving a graph for ubatch with n_tokens =    1, n_seqs =  1, n_outputs =    1
resolve_fused_ops: fused Gated Delta Net (autoregressive) enabled
graph_reserve: reserving a graph for ubatch with n_tokens =   16, n_seqs =  1, n_outputs =   16
resolve_fused_ops: fused Gated Delta Net (chunked) enabled
resolve_fused_ops: resolving fused Lightning Indexer support:
graph_reserve: reserving a graph for ubatch with n_tokens =    1, n_seqs =  1, n_outputs =    1
resolve_fused_ops: Lightning Indexer enabled
resolve_fused_ops: resolving fused DeepSeek V4 HC support:
graph_reserve: reserving a graph for ubatch with n_tokens =    1, n_seqs =  1, n_outputs =    1
resolve_fused_ops: fused DeepSeek V4 HC pre enabled
graph_reserve: reserving a graph for ubatch with n_tokens =    1, n_seqs =  1, n_outputs =    1
resolve_fused_ops: fused DeepSeek V4 HC comb enabled
graph_reserve: reserving a graph for ubatch with n_tokens =    1, n_seqs =  1, n_outputs =    1
resolve_fused_ops: fused DeepSeek V4 HC post enabled
graph_reserve: reserving a graph for ubatch with n_tokens =    8, n_seqs =  1, n_outputs =    8
graph_reserve: reserving a graph for ubatch with n_tokens =    1, n_seqs =  1, n_outputs =    1
graph_reserve: reserving a graph for ubatch with n_tokens =    8, n_seqs =  1, n_outputs =    8
sched_reserve:  CUDA_Host compute buffer size =     0.03 MiB
sched_reserve: graph nodes  = 100
sched_reserve: graph splits = 1
sched_reserve: reserve took 2.65 ms, sched copies = 1
llama_context: constructing llama_context
llama_context: n_seq_max             = 1
llama_context: n_ctx                 = 256
llama_context: n_ctx_seq             = 256
llama_context: n_batch               = 32
llama_context: n_ubatch              = 8
llama_context: causal_attn           = 1
llama_context: flash_attn            = disabled
llama_context: kv_unified            = false
llama_context: freq_base             = 10000.0
llama_context: freq_scale            = 1
llama_context: n_rs_seq              = 0
llama_context: n_outputs_max         = 32
llama_context: n_outputs_max_per_seq = 1
llama_context: n_ctx_seq (256) > n_ctx_train (128) -- possible training context overflow
set_abort_callback: call
llama_context:        CPU  output buffer size =     0.00 MiB
llama_kv_cache: layer   0: dev = CPU
llama_kv_cache: layer   1: dev = CPU
llama_kv_cache:        CPU KV buffer size =     0.06 MiB
llama_kv_cache: size =    0.06 MiB (   256 cells,   2 layers,  1/1 seqs), K (f16):    0.03 MiB, V (f16):    0.03 MiB
llama_kv_cache: attn_rot_k = 0, n_embd_head_k_all = 16
llama_kv_cache: attn_rot_v = 0, n_embd_head_k_all = 16
llama_context: enumerating backends
llama_context: backend_ptrs.size() = 2
sched_reserve: reserving ...
sched_reserve: max_nodes = 1024
sched_reserve: decode graph slots = 4 (n_tokens <= 4)
sched_reserve: reserving full memory module
sched_reserve: worst-case: n_tokens = 8, n_seqs = 1, n_outputs = 1
resolve_fused_ops: resolving fused Gated Delta Net support:
graph_reserve: reserving a graph for ubatch with n_tokens =    1, n_seqs =  1, n_outputs =    1
resolve_fused_ops: fused Gated Delta Net (autoregressive) enabled
graph_reserve: reserving a graph for ubatch with n_tokens =   16, n_seqs =  1, n_outputs =   16
resolve_fused_ops: fused Gated Delta Net (chunked) enabled
resolve_fused_ops: resolving fused Lightning Indexer support:
graph_reserve: reserving a graph for ubatch with n_tokens =    1, n_seqs =  1, n_outputs =    1
resolve_fused_ops: Lightning Indexer enabled
resolve_fused_ops: resolving fused DeepSeek V4 HC support:
graph_reserve: reserving a graph for ubatch with n_tokens =    1, n_seqs =  1, n_outputs =    1
resolve_fused_ops: fused DeepSeek V4 HC pre enabled
graph_reserve: reserving a graph for ubatch with n_tokens =    1, n_seqs =  1, n_outputs =    1
resolve_fused_ops: fused DeepSeek V4 HC comb enabled
graph_reserve: reserving a graph for ubatch with n_tokens =    1, n_seqs =  1, n_outputs =    1
resolve_fused_ops: fused DeepSeek V4 HC post enabled
graph_reserve: reserving a graph for ubatch with n_tokens =    8, n_seqs =  1, n_outputs =    8
graph_reserve: reserving a graph for ubatch with n_tokens =    1, n_seqs =  1, n_outputs =    1
graph_reserve: reserving a graph for ubatch with n_tokens =    8, n_seqs =  1, n_outputs =    8
sched_reserve:  CUDA_Host compute buffer size =     0.03 MiB
sched_reserve: graph nodes  = 110
sched_reserve: graph splits = 1
sched_reserve: reserve took 2.61 ms, sched copies = 1
~llama_context:      CUDA0 compute buffer size is   0.0000 MiB, matches expectation of   0.0000 MiB
~llama_context:  CUDA_Host compute buffer size is   0.0304 MiB, matches expectation of   0.0304 MiB
~llama_context:      CUDA0 compute buffer size is   0.0000 MiB, matches expectation of   0.0000 MiB
~llama_context:  CUDA_Host compute buffer size is   0.0304 MiB, matches expectation of   0.0304 MiB
llama_model_loader: loaded meta data with 13 key-value pairs and 23 tensors from C:\Users\cadel\AppData\Local\Temp\moe-integration-1727447.gguf (version GGUF V3 (latest))
llama_model_loader: Dumping metadata keys/values. Note: KV overrides do not apply in this output.
llama_model_loader: - kv   0:                       general.architecture str              = llama
llama_model_loader: - kv   1:                       tokenizer.ggml.model str              = no_vocab
llama_model_loader: - kv   2:                           llama.vocab_size u32              = 32
llama_model_loader: - kv   3:                       llama.context_length u32              = 128
llama_model_loader: - kv   4:                     llama.embedding_length u32              = 32
llama_model_loader: - kv   5:                          llama.block_count u32              = 2
llama_model_loader: - kv   6:                  llama.feed_forward_length u32              = 64
llama_model_loader: - kv   7:                 llama.attention.head_count u32              = 2
llama_model_loader: - kv   8:              llama.attention.head_count_kv u32              = 2
llama_model_loader: - kv   9:                 llama.rope.dimension_count u32              = 16
llama_model_loader: - kv  10:                         llama.expert_count u32              = 4
llama_model_loader: - kv  11:                    llama.expert_used_count u32              = 2
llama_model_loader: - kv  12:     llama.attention.layer_norm_rms_epsilon f32              = 0.000010
llama_model_loader: - type  f32:   17 tensors
llama_model_loader: - type  f16:    6 tensors
print_info: file format = GGUF V3 (latest)
print_info: file type   = (guessed) all F32
print_info: file size   = 0.13 MiB (18.85 BPW) 
llama_prepare_model_devices: using device CUDA0 (NVIDIA GeForce RTX 4060 Laptop GPU) (0000:01:00.0) - 7094 MiB free
load: adding 32 dummy tokens
print_info: arch                  = llama
print_info: vocab_only            = 0
print_info: no_alloc              = 0
print_info: n_ctx_train           = 128
print_info: n_embd_inp            = 32
print_info: n_embd                = 32
print_info: n_embd_out            = 32
print_info: n_layer               = 2
print_info: n_layer_all           = 2
print_info: n_head                = 2
print_info: n_head_kv             = 2
print_info: n_rot                 = 16
print_info: n_swa                 = 0
print_info: is_swa_any            = 0
print_info: n_embd_head_k         = 16
print_info: n_embd_head_v         = 16
print_info: n_gqa                 = 1
print_info: n_embd_k_gqa          = 32
print_info: n_embd_v_gqa          = 32
print_info: f_norm_eps            = 0.0e+00
print_info: f_norm_rms_eps        = 1.0e-05
print_info: f_clamp_kqv           = 0.0e+00
print_info: f_max_alibi_bias      = 0.0e+00
print_info: f_logit_scale         = 0.0e+00
print_info: f_attn_scale          = 0.0e+00
print_info: f_attn_value_scale    = 0.0000
print_info: n_ff                  = 64
print_info: n_expert              = 4
print_info: n_expert_used         = 2
print_info: n_expert_groups       = 0
print_info: n_group_used          = 0
print_info: causal attn           = 1
print_info: pooling type          = -1
print_info: rope type             = 0
print_info: rope scaling          = linear
print_info: freq_base_train       = 10000.0
print_info: freq_scale_train      = 1
print_info: n_ctx_orig_yarn       = 128
print_info: rope_yarn_log_mul     = 0.0000
print_info: rope_finetuned        = unknown
print_info: model type            = ?B
print_info: model params          = 59.81 K
print_info: general.name          = n/a
print_info: vocab type            = no vocab
print_info: n_vocab               = 32
print_info: n_merges              = 0
print_info: max token length      = 0
load_tensors: loading model tensors, this can take a while... (load_mode = mmap)
load_tensors: layer   0 assigned to device CPU, is_swa = 0
load_tensors: layer   1 assigned to device CPU, is_swa = 0
load_tensors: layer   2 assigned to device CPU, is_swa = 0
create_tensor: loading tensor token_embd.weight
create_tensor: loading tensor output_norm.weight
create_tensor: loading tensor output.weight
create_tensor: loading tensor blk.0.attn_norm.weight
create_tensor: loading tensor blk.0.attn_qkv.weight
create_tensor: loading tensor blk.0.attn_q.weight
create_tensor: loading tensor blk.0.attn_k.weight
create_tensor: loading tensor blk.0.attn_v.weight
create_tensor: loading tensor blk.0.attn_q.bias
create_tensor: loading tensor blk.0.attn_k.bias
create_tensor: loading tensor blk.0.attn_v.bias
create_tensor: loading tensor blk.0.attn_output.weight
create_tensor: loading tensor blk.0.attn_output.bias
create_tensor: loading tensor blk.0.ffn_norm.weight
create_tensor: loading tensor rope_freqs.weight
create_tensor: loading tensor blk.0.ffn_gate_inp.weight
create_tensor: loading tensor blk.0.ffn_gate_exps.weight
create_tensor: loading tensor blk.0.ffn_down_exps.weight
create_tensor: loading tensor blk.0.ffn_up_exps.weight
create_tensor: loading tensor blk.1.attn_norm.weight
create_tensor: loading tensor blk.1.attn_qkv.weight
create_tensor: loading tensor blk.1.attn_q.weight
create_tensor: loading tensor blk.1.attn_k.weight
create_tensor: loading tensor blk.1.attn_v.weight
create_tensor: loading tensor blk.1.attn_q.bias
create_tensor: loading tensor blk.1.attn_k.bias
create_tensor: loading tensor blk.1.attn_v.bias
create_tensor: loading tensor blk.1.attn_output.weight
create_tensor: loading tensor blk.1.attn_output.bias
create_tensor: loading tensor blk.1.ffn_norm.weight
create_tensor: loading tensor rope_freqs.weight
create_tensor: loading tensor blk.1.ffn_gate_inp.weight
create_tensor: loading tensor blk.1.ffn_gate_exps.weight
create_tensor: loading tensor blk.1.ffn_down_exps.weight
create_tensor: loading tensor blk.1.ffn_up_exps.weight
create_tensor: loading tensor blk.0.attn_q.scale
create_tensor: loading tensor blk.0.attn_k.scale
create_tensor: loading tensor blk.0.attn_v.scale
create_tensor: loading tensor blk.0.attn_output.scale
create_tensor: loading tensor blk.0.ffn_gate_exps.scale
create_tensor: loading tensor blk.0.ffn_down_exps.scale
create_tensor: loading tensor blk.0.ffn_up_exps.scale
create_tensor: loading tensor blk.0.attn_q.input_scale
create_tensor: loading tensor blk.0.attn_k.input_scale
create_tensor: loading tensor blk.0.attn_v.input_scale
create_tensor: loading tensor blk.0.attn_output.input_scale
create_tensor: loading tensor blk.0.ffn_gate_exps.input_scale
create_tensor: loading tensor blk.0.ffn_down_exps.input_scale
create_tensor: loading tensor blk.0.ffn_up_exps.input_scale
create_tensor: loading tensor blk.1.attn_q.scale
create_tensor: loading tensor blk.1.attn_k.scale
create_tensor: loading tensor blk.1.attn_v.scale
create_tensor: loading tensor blk.1.attn_output.scale
create_tensor: loading tensor blk.1.ffn_gate_exps.scale
create_tensor: loading tensor blk.1.ffn_down_exps.scale
create_tensor: loading tensor blk.1.ffn_up_exps.scale
create_tensor: loading tensor blk.1.attn_q.input_scale
create_tensor: loading tensor blk.1.attn_k.input_scale
create_tensor: loading tensor blk.1.attn_v.input_scale
create_tensor: loading tensor blk.1.attn_output.input_scale
create_tensor: loading tensor blk.1.ffn_gate_exps.input_scale
create_tensor: loading tensor blk.1.ffn_down_exps.input_scale
create_tensor: loading tensor blk.1.ffn_up_exps.input_scale
done_getting_tensors: tensor 'token_embd.weight' (f32) (and 22 others) cannot be used with preferred buffer type CUDA_Host, using CPU instead
load_tensors: offloading 0 repeating layers to GPU
load_tensors: offloaded 0/3 layers to GPU
load_tensors:   CPU_Mapped model buffer size =     0.13 MiB
...................
llama_model_loader: loaded meta data with 13 key-value pairs and 23 tensors from C:\Users\cadel\AppData\Local\Temp\moe-integration-1727447.gguf (version GGUF V3 (latest))
llama_model_loader: Dumping metadata keys/values. Note: KV overrides do not apply in this output.
llama_model_loader: - kv   0:                       general.architecture str              = llama
llama_model_loader: - kv   1:                       tokenizer.ggml.model str              = no_vocab
llama_model_loader: - kv   2:                           llama.vocab_size u32              = 32
llama_model_loader: - kv   3:                       llama.context_length u32              = 128
llama_model_loader: - kv   4:                     llama.embedding_length u32              = 32
llama_model_loader: - kv   5:                          llama.block_count u32              = 2
llama_model_loader: - kv   6:                  llama.feed_forward_length u32              = 64
llama_model_loader: - kv   7:                 llama.attention.head_count u32              = 2
llama_model_loader: - kv   8:              llama.attention.head_count_kv u32              = 2
llama_model_loader: - kv   9:                 llama.rope.dimension_count u32              = 16
llama_model_loader: - kv  10:                         llama.expert_count u32              = 4
llama_model_loader: - kv  11:                    llama.expert_used_count u32              = 2
llama_model_loader: - kv  12:     llama.attention.layer_norm_rms_epsilon f32              = 0.000010
llama_model_loader: - type  f32:   17 tensors
llama_model_loader: - type  f16:    6 tensors
print_info: file format = GGUF V3 (latest)
print_info: file type   = (guessed) all F32
print_info: file size   = 0.13 MiB (18.85 BPW) 
llama_prepare_model_devices: using device CUDA0 (NVIDIA GeForce RTX 4060 Laptop GPU) (0000:01:00.0) - 7094 MiB free
load: adding 32 dummy tokens
print_info: arch                  = llama
print_info: vocab_only            = 0
print_info: no_alloc              = 0
print_info: n_ctx_train           = 128
print_info: n_embd_inp            = 32
print_info: n_embd                = 32
print_info: n_embd_out            = 32
print_info: n_layer               = 2
print_info: n_layer_all           = 2
print_info: n_head                = 2
print_info: n_head_kv             = 2
print_info: n_rot                 = 16
print_info: n_swa                 = 0
print_info: is_swa_any            = 0
print_info: n_embd_head_k         = 16
print_info: n_embd_head_v         = 16
print_info: n_gqa                 = 1
print_info: n_embd_k_gqa          = 32
print_info: n_embd_v_gqa          = 32
print_info: f_norm_eps            = 0.0e+00
print_info: f_norm_rms_eps        = 1.0e-05
print_info: f_clamp_kqv           = 0.0e+00
print_info: f_max_alibi_bias      = 0.0e+00
print_info: f_logit_scale         = 0.0e+00
print_info: f_attn_scale          = 0.0e+00
print_info: f_attn_value_scale    = 0.0000
print_info: n_ff                  = 64
print_info: n_expert              = 4
print_info: n_expert_used         = 2
print_info: n_expert_groups       = 0
print_info: n_group_used          = 0
print_info: causal attn           = 1
print_info: pooling type          = -1
print_info: rope type             = 0
print_info: rope scaling          = linear
print_info: freq_base_train       = 10000.0
print_info: freq_scale_train      = 1
print_info: n_ctx_orig_yarn       = 128
print_info: rope_yarn_log_mul     = 0.0000
print_info: rope_finetuned        = unknown
print_info: model type            = ?B
print_info: model params          = 59.81 K
print_info: general.name          = n/a
print_info: vocab type            = no vocab
print_info: n_vocab               = 32
print_info: n_merges              = 0
print_info: max token length      = 0
load_tensors: loading model tensors, this can take a while... (load_mode = mmap)
load_tensors: layer   0 assigned to device CPU, is_swa = 0
load_tensors: layer   1 assigned to device CPU, is_swa = 0
load_tensors: layer   2 assigned to device CPU, is_swa = 0
create_tensor: loading tensor token_embd.weight
create_tensor: loading tensor output_norm.weight
create_tensor: loading tensor output.weight
create_tensor: loading tensor blk.0.attn_norm.weight
create_tensor: loading tensor blk.0.attn_qkv.weight
create_tensor: loading tensor blk.0.attn_q.weight
create_tensor: loading tensor blk.0.attn_k.weight
create_tensor: loading tensor blk.0.attn_v.weight
create_tensor: loading tensor blk.0.attn_q.bias
create_tensor: loading tensor blk.0.attn_k.bias
create_tensor: loading tensor blk.0.attn_v.bias
create_tensor: loading tensor blk.0.attn_output.weight
create_tensor: loading tensor blk.0.attn_output.bias
create_tensor: loading tensor blk.0.ffn_norm.weight
create_tensor: loading tensor rope_freqs.weight
create_tensor: loading tensor blk.0.ffn_gate_inp.weight
create_tensor: loading tensor blk.0.ffn_gate_exps.weight
create_tensor: loading tensor blk.0.ffn_down_exps.weight
create_tensor: loading tensor blk.0.ffn_up_exps.weight
create_tensor: loading tensor blk.1.attn_norm.weight
create_tensor: loading tensor blk.1.attn_qkv.weight
create_tensor: loading tensor blk.1.attn_q.weight
create_tensor: loading tensor blk.1.attn_k.weight
create_tensor: loading tensor blk.1.attn_v.weight
create_tensor: loading tensor blk.1.attn_q.bias
create_tensor: loading tensor blk.1.attn_k.bias
create_tensor: loading tensor blk.1.attn_v.bias
create_tensor: loading tensor blk.1.attn_output.weight
create_tensor: loading tensor blk.1.attn_output.bias
create_tensor: loading tensor blk.1.ffn_norm.weight
create_tensor: loading tensor rope_freqs.weight
create_tensor: loading tensor blk.1.ffn_gate_inp.weight
create_tensor: loading tensor blk.1.ffn_gate_exps.weight
create_tensor: loading tensor blk.1.ffn_down_exps.weight
create_tensor: loading tensor blk.1.ffn_up_exps.weight
create_tensor: loading tensor blk.0.attn_q.scale
create_tensor: loading tensor blk.0.attn_k.scale
create_tensor: loading tensor blk.0.attn_v.scale
create_tensor: loading tensor blk.0.attn_output.scale
create_tensor: loading tensor blk.0.ffn_gate_exps.scale
create_tensor: loading tensor blk.0.ffn_down_exps.scale
create_tensor: loading tensor blk.0.ffn_up_exps.scale
create_tensor: loading tensor blk.0.attn_q.input_scale
create_tensor: loading tensor blk.0.attn_k.input_scale
create_tensor: loading tensor blk.0.attn_v.input_scale
create_tensor: loading tensor blk.0.attn_output.input_scale
create_tensor: loading tensor blk.0.ffn_gate_exps.input_scale
create_tensor: loading tensor blk.0.ffn_down_exps.input_scale
create_tensor: loading tensor blk.0.ffn_up_exps.input_scale
create_tensor: loading tensor blk.1.attn_q.scale
create_tensor: loading tensor blk.1.attn_k.scale
create_tensor: loading tensor blk.1.attn_v.scale
create_tensor: loading tensor blk.1.attn_output.scale
create_tensor: loading tensor blk.1.ffn_gate_exps.scale
create_tensor: loading tensor blk.1.ffn_down_exps.scale
create_tensor: loading tensor blk.1.ffn_up_exps.scale
create_tensor: loading tensor blk.1.attn_q.input_scale
create_tensor: loading tensor blk.1.attn_k.input_scale
create_tensor: loading tensor blk.1.attn_v.input_scale
create_tensor: loading tensor blk.1.attn_output.input_scale
create_tensor: loading tensor blk.1.ffn_gate_exps.input_scale
create_tensor: loading tensor blk.1.ffn_down_exps.input_scale
create_tensor: loading tensor blk.1.ffn_up_exps.input_scale
load_tensors: offloading 0 repeating layers to GPU
load_tensors: offloaded 0/3 layers to GPU
load_tensors:   CPU_Mapped model buffer size =     0.13 MiB
...................
load_tensors: experimental host-bank MoE enabled, tile weights <= 50176 bytes; this is not a total memory limit
llama_context: constructing llama_context
llama_context: n_seq_max             = 1
llama_context: n_ctx                 = 256
llama_context: n_ctx_seq             = 256
llama_context: n_batch               = 32
llama_context: n_ubatch              = 8
llama_context: causal_attn           = 1
llama_context: flash_attn            = disabled
llama_context: kv_unified            = false
llama_context: freq_base             = 10000.0
llama_context: freq_scale            = 1
llama_context: n_rs_seq              = 0
llama_context: n_outputs_max         = 32
llama_context: n_outputs_max_per_seq = 1
llama_context: n_ctx_seq (256) > n_ctx_train (128) -- possible training context overflow
set_abort_callback: call
llama_context:        CPU  output buffer size =     0.00 MiB
llama_kv_cache: layer   0: dev = CPU
llama_kv_cache: layer   1: dev = CPU
llama_kv_cache:        CPU KV buffer size =     0.06 MiB
llama_kv_cache: size =    0.06 MiB (   256 cells,   2 layers,  1/1 seqs), K (f16):    0.03 MiB, V (f16):    0.03 MiB
llama_kv_cache: attn_rot_k = 0, n_embd_head_k_all = 16
llama_kv_cache: attn_rot_v = 0, n_embd_head_k_all = 16
llama_context: enumerating backends
llama_context: backend_ptrs.size() = 2
sched_reserve: reserving ...
sched_reserve: max_nodes = 1024
sched_reserve: decode graph slots = 4 (n_tokens <= 4)
sched_reserve: reserving full memory module
sched_reserve: worst-case: n_tokens = 8, n_seqs = 1, n_outputs = 1
resolve_fused_ops: resolving fused Gated Delta Net support:
graph_reserve: reserving a graph for ubatch with n_tokens =    1, n_seqs =  1, n_outputs =    1
resolve_fused_ops: fused Gated Delta Net (autoregressive) enabled
graph_reserve: reserving a graph for ubatch with n_tokens =   16, n_seqs =  1, n_outputs =   16
resolve_fused_ops: fused Gated Delta Net (chunked) enabled
resolve_fused_ops: resolving fused Lightning Indexer support:
graph_reserve: reserving a graph for ubatch with n_tokens =    1, n_seqs =  1, n_outputs =    1
resolve_fused_ops: Lightning Indexer enabled
resolve_fused_ops: resolving fused DeepSeek V4 HC support:
graph_reserve: reserving a graph for ubatch with n_tokens =    1, n_seqs =  1, n_outputs =    1
resolve_fused_ops: fused DeepSeek V4 HC pre enabled
graph_reserve: reserving a graph for ubatch with n_tokens =    1, n_seqs =  1, n_outputs =    1
resolve_fused_ops: fused DeepSeek V4 HC comb enabled
graph_reserve: reserving a graph for ubatch with n_tokens =    1, n_seqs =  1, n_outputs =    1
resolve_fused_ops: fused DeepSeek V4 HC post enabled
graph_reserve: reserving a graph for ubatch with n_tokens =    8, n_seqs =  1, n_outputs =    8
graph_reserve: reserving a graph for ubatch with n_tokens =    1, n_seqs =  1, n_outputs =    1
graph_reserve: reserving a graph for ubatch with n_tokens =    8, n_seqs =  1, n_outputs =    8
sched_reserve:  CUDA_Host compute buffer size =     0.03 MiB
sched_reserve: graph nodes  = 110
sched_reserve: graph splits = 1
sched_reserve: reserve took 3.04 ms, sched copies = 1
llama_context: constructing llama_context
llama_context: n_seq_max             = 1
llama_context: n_ctx                 = 256
llama_context: n_ctx_seq             = 256
llama_context: n_batch               = 32
llama_context: n_ubatch              = 8
llama_context: causal_attn           = 1
llama_context: flash_attn            = disabled
llama_context: kv_unified            = false
llama_context: freq_base             = 10000.0
llama_context: freq_scale            = 1
llama_context: n_rs_seq              = 0
llama_context: n_outputs_max         = 32
llama_context: n_outputs_max_per_seq = 1
llama_context: n_ctx_seq (256) > n_ctx_train (128) -- possible training context overflow
set_abort_callback: call
llama_context:        CPU  output buffer size =     0.00 MiB
llama_kv_cache: layer   0: dev = CPU
llama_kv_cache: layer   1: dev = CPU
llama_kv_cache:        CPU KV buffer size =     0.06 MiB
llama_kv_cache: size =    0.06 MiB (   256 cells,   2 layers,  1/1 seqs), K (f16):    0.03 MiB, V (f16):    0.03 MiB
llama_kv_cache: attn_rot_k = 0, n_embd_head_k_all = 16
llama_kv_cache: attn_rot_v = 0, n_embd_head_k_all = 16
llama_context: enumerating backends
llama_context: backend_ptrs.size() = 2
sched_reserve: reserving ...
sched_reserve: max_nodes = 1024
sched_reserve: decode graph slots = 4 (n_tokens <= 4)
sched_reserve: reserving full memory module
sched_reserve: worst-case: n_tokens = 8, n_seqs = 1, n_outputs = 1
resolve_fused_ops: resolving fused Gated Delta Net support:
graph_reserve: reserving a graph for ubatch with n_tokens =    1, n_seqs =  1, n_outputs =    1
resolve_fused_ops: fused Gated Delta Net (autoregressive) enabled
graph_reserve: reserving a graph for ubatch with n_tokens =   16, n_seqs =  1, n_outputs =   16
resolve_fused_ops: fused Gated Delta Net (chunked) enabled
resolve_fused_ops: resolving fused Lightning Indexer support:
graph_reserve: reserving a graph for ubatch with n_tokens =    1, n_seqs =  1, n_outputs =    1
resolve_fused_ops: Lightning Indexer enabled
resolve_fused_ops: resolving fused DeepSeek V4 HC support:
graph_reserve: reserving a graph for ubatch with n_tokens =    1, n_seqs =  1, n_outputs =    1
resolve_fused_ops: fused DeepSeek V4 HC pre enabled
graph_reserve: reserving a graph for ubatch with n_tokens =    1, n_seqs =  1, n_outputs =    1
resolve_fused_ops: fused DeepSeek V4 HC comb enabled
graph_reserve: reserving a graph for ubatch with n_tokens =    1, n_seqs =  1, n_outputs =    1
resolve_fused_ops: fused DeepSeek V4 HC post enabled
graph_reserve: reserving a graph for ubatch with n_tokens =    8, n_seqs =  1, n_outputs =    8
graph_reserve: reserving a graph for ubatch with n_tokens =    1, n_seqs =  1, n_outputs =    1
graph_reserve: reserving a graph for ubatch with n_tokens =    8, n_seqs =  1, n_outputs =    8
sched_reserve:  CUDA_Host compute buffer size =     0.03 MiB
sched_reserve: graph nodes  = 100
sched_reserve: graph splits = 1
sched_reserve: reserve took 2.37 ms, sched copies = 1
graph_reserve: reserving a graph for ubatch with n_tokens =    4, n_seqs =  1, n_outputs =    4
set_abort_callback: call
graph_compute: ggml_backend_sched_graph_compute_async failed with error 1
process_ubatch: failed to compute graph, compute status: 1
decode: removing memory module entries for seq_id = 0, pos = [59, +inf)
llama_decode: failed to decode, ret = 2
set_abort_callback: call
host-bank MoE execution failed: MoE routing weight must be finite
host-bank MoE execution failed: MoE routing weight must be finite
process_ubatch: failed to compute graph, compute status: -1
decode: removing memory module entries for seq_id = 0, pos = [59, +inf)
llama_decode: failed to decode, ret = -3
llama_context: constructing llama_context
llama_init_from_model: failed to initialize the context: host-bank MoE requires one sequence, op_offload=false and offload_kqv=false
llama_context: constructing llama_context
llama_init_from_model: failed to initialize the context: host-bank MoE requires one sequence, op_offload=false and offload_kqv=false
llama_context: constructing llama_context
llama_init_from_model: failed to initialize the context: host-bank MoE requires one sequence, op_offload=false and offload_kqv=false
llama_context: constructing llama_context
llama_init_from_model: failed to initialize the context: moe cache: invalid uniform arena geometry
llama_context: constructing llama_context
llama_init_from_model: failed to initialize the context: host-bank MoE cache requires model.moe_cpu_tile_bytes host-bank setup
~llama_context:      CUDA0 compute buffer size is   0.0000 MiB, matches expectation of   0.0000 MiB
~llama_context:  CUDA_Host compute buffer size is   0.0304 MiB, matches expectation of   0.0304 MiB
~llama_context:      CUDA0 compute buffer size is   0.0000 MiB, matches expectation of   0.0000 MiB
~llama_context:  CUDA_Host compute buffer size is   0.0304 MiB, matches expectation of   0.0304 MiB
llama_context: constructing llama_context
llama_context: n_seq_max             = 1
llama_context: n_ctx                 = 256
llama_context: n_ctx_seq             = 256
llama_context: n_batch               = 32
llama_context: n_ubatch              = 8
llama_context: causal_attn           = 1
llama_context: flash_attn            = disabled
llama_context: kv_unified            = false
llama_context: freq_base             = 10000.0
llama_context: freq_scale            = 1
llama_context: n_rs_seq              = 0
llama_context: n_outputs_max         = 32
llama_context: n_outputs_max_per_seq = 1
llama_context: n_ctx_seq (256) > n_ctx_train (128) -- possible training context overflow
set_abort_callback: call
llama_context:        CPU  output buffer size =     0.00 MiB
llama_kv_cache: layer   0: dev = CPU
llama_kv_cache: layer   1: dev = CPU
llama_kv_cache:        CPU KV buffer size =     0.06 MiB
llama_kv_cache: size =    0.06 MiB (   256 cells,   2 layers,  1/1 seqs), K (f16):    0.03 MiB, V (f16):    0.03 MiB
llama_kv_cache: attn_rot_k = 0, n_embd_head_k_all = 16
llama_kv_cache: attn_rot_v = 0, n_embd_head_k_all = 16
llama_context: enumerating backends
llama_context: backend_ptrs.size() = 2
sched_reserve: reserving ...
sched_reserve: max_nodes = 1024
sched_reserve: decode graph slots = 4 (n_tokens <= 4)
sched_reserve: reserving full memory module
sched_reserve: worst-case: n_tokens = 8, n_seqs = 1, n_outputs = 1
resolve_fused_ops: resolving fused Gated Delta Net support:
graph_reserve: reserving a graph for ubatch with n_tokens =    1, n_seqs =  1, n_outputs =    1
resolve_fused_ops: fused Gated Delta Net (autoregressive) enabled
graph_reserve: reserving a graph for ubatch with n_tokens =   16, n_seqs =  1, n_outputs =   16
resolve_fused_ops: fused Gated Delta Net (chunked) enabled
resolve_fused_ops: resolving fused Lightning Indexer support:
graph_reserve: reserving a graph for ubatch with n_tokens =    1, n_seqs =  1, n_outputs =    1
resolve_fused_ops: Lightning Indexer enabled
resolve_fused_ops: resolving fused DeepSeek V4 HC support:
graph_reserve: reserving a graph for ubatch with n_tokens =    1, n_seqs =  1, n_outputs =    1
resolve_fused_ops: fused DeepSeek V4 HC pre enabled
graph_reserve: reserving a graph for ubatch with n_tokens =    1, n_seqs =  1, n_outputs =    1
resolve_fused_ops: fused DeepSeek V4 HC comb enabled
graph_reserve: reserving a graph for ubatch with n_tokens =    1, n_seqs =  1, n_outputs =    1
resolve_fused_ops: fused DeepSeek V4 HC post enabled
graph_reserve: reserving a graph for ubatch with n_tokens =    8, n_seqs =  1, n_outputs =    8
graph_reserve: reserving a graph for ubatch with n_tokens =    1, n_seqs =  1, n_outputs =    1
graph_reserve: reserving a graph for ubatch with n_tokens =    8, n_seqs =  1, n_outputs =    8
sched_reserve:  CUDA_Host compute buffer size =     0.03 MiB
sched_reserve: graph nodes  = 100
sched_reserve: graph splits = 1
sched_reserve: reserve took 2.70 ms, sched copies = 1
llama_context: constructing llama_context
llama_context: n_seq_max             = 1
llama_context: n_ctx                 = 256
llama_context: n_ctx_seq             = 256
llama_context: n_batch               = 32
llama_context: n_ubatch              = 8
llama_context: causal_attn           = 1
llama_context: flash_attn            = disabled
llama_context: kv_unified            = false
llama_context: freq_base             = 10000.0
llama_context: freq_scale            = 1
llama_context: n_rs_seq              = 0
llama_context: n_outputs_max         = 32
llama_context: n_outputs_max_per_seq = 1
llama_context: n_ctx_seq (256) > n_ctx_train (128) -- possible training context overflow
set_abort_callback: call
llama_context:        CPU  output buffer size =     0.00 MiB
llama_kv_cache: layer   0: dev = CPU
llama_kv_cache: layer   1: dev = CPU
llama_kv_cache:        CPU KV buffer size =     0.06 MiB
llama_kv_cache: size =    0.06 MiB (   256 cells,   2 layers,  1/1 seqs), K (f16):    0.03 MiB, V (f16):    0.03 MiB
llama_kv_cache: attn_rot_k = 0, n_embd_head_k_all = 16
llama_kv_cache: attn_rot_v = 0, n_embd_head_k_all = 16
llama_context: enumerating backends
llama_context: backend_ptrs.size() = 2
sched_reserve: reserving ...
sched_reserve: max_nodes = 1024
sched_reserve: decode graph slots = 4 (n_tokens <= 4)
sched_reserve: reserving full memory module
sched_reserve: worst-case: n_tokens = 8, n_seqs = 1, n_outputs = 1
resolve_fused_ops: resolving fused Gated Delta Net support:
graph_reserve: reserving a graph for ubatch with n_tokens =    1, n_seqs =  1, n_outputs =    1
resolve_fused_ops: fused Gated Delta Net (autoregressive) enabled
graph_reserve: reserving a graph for ubatch with n_tokens =   16, n_seqs =  1, n_outputs =   16
resolve_fused_ops: fused Gated Delta Net (chunked) enabled
resolve_fused_ops: resolving fused Lightning Indexer support:
graph_reserve: reserving a graph for ubatch with n_tokens =    1, n_seqs =  1, n_outputs =    1
resolve_fused_ops: Lightning Indexer enabled
resolve_fused_ops: resolving fused DeepSeek V4 HC support:
graph_reserve: reserving a graph for ubatch with n_tokens =    1, n_seqs =  1, n_outputs =    1
resolve_fused_ops: fused DeepSeek V4 HC pre enabled
graph_reserve: reserving a graph for ubatch with n_tokens =    1, n_seqs =  1, n_outputs =    1
resolve_fused_ops: fused DeepSeek V4 HC comb enabled
graph_reserve: reserving a graph for ubatch with n_tokens =    1, n_seqs =  1, n_outputs =    1
resolve_fused_ops: fused DeepSeek V4 HC post enabled
graph_reserve: reserving a graph for ubatch with n_tokens =    8, n_seqs =  1, n_outputs =    8
graph_reserve: reserving a graph for ubatch with n_tokens =    1, n_seqs =  1, n_outputs =    1
graph_reserve: reserving a graph for ubatch with n_tokens =    8, n_seqs =  1, n_outputs =    8
sched_reserve:  CUDA_Host compute buffer size =     0.03 MiB
sched_reserve: graph nodes  = 110
sched_reserve: graph splits = 1
sched_reserve: reserve took 3.57 ms, sched copies = 1
~llama_context:      CUDA0 compute buffer size is   0.0000 MiB, matches expectation of   0.0000 MiB
~llama_context:  CUDA_Host compute buffer size is   0.0304 MiB, matches expectation of   0.0304 MiB
~llama_context:      CUDA0 compute buffer size is   0.0000 MiB, matches expectation of   0.0000 MiB
~llama_context:  CUDA_Host compute buffer size is   0.0304 MiB, matches expectation of   0.0304 MiB
llama_model_loader: loaded meta data with 13 key-value pairs and 23 tensors from C:\Users\cadel\AppData\Local\Temp\moe-integration-1727447.gguf (version GGUF V3 (latest))
llama_model_loader: Dumping metadata keys/values. Note: KV overrides do not apply in this output.
llama_model_loader: - kv   0:                       general.architecture str              = llama
llama_model_loader: - kv   1:                       tokenizer.ggml.model str              = no_vocab
llama_model_loader: - kv   2:                           llama.vocab_size u32              = 32
llama_model_loader: - kv   3:                       llama.context_length u32              = 128
llama_model_loader: - kv   4:                     llama.embedding_length u32              = 32
llama_model_loader: - kv   5:                          llama.block_count u32              = 2
llama_model_loader: - kv   6:                  llama.feed_forward_length u32              = 64
llama_model_loader: - kv   7:                 llama.attention.head_count u32              = 2
llama_model_loader: - kv   8:              llama.attention.head_count_kv u32              = 2
llama_model_loader: - kv   9:                 llama.rope.dimension_count u32              = 16
llama_model_loader: - kv  10:                         llama.expert_count u32              = 4
llama_model_loader: - kv  11:                    llama.expert_used_count u32              = 2
llama_model_loader: - kv  12:     llama.attention.layer_norm_rms_epsilon f32              = 0.000010
llama_model_loader: - type  f32:   17 tensors
llama_model_loader: - type  f16:    6 tensors
print_info: file format = GGUF V3 (latest)
print_info: file type   = (guessed) all F32
print_info: file size   = 0.13 MiB (18.85 BPW) 
llama_prepare_model_devices: using device CUDA0 (NVIDIA GeForce RTX 4060 Laptop GPU) (0000:01:00.0) - 7094 MiB free
load: adding 32 dummy tokens
print_info: arch                  = llama
print_info: vocab_only            = 0
print_info: no_alloc              = 0
print_info: n_ctx_train           = 128
print_info: n_embd_inp            = 32
print_info: n_embd                = 32
print_info: n_embd_out            = 32
print_info: n_layer               = 2
print_info: n_layer_all           = 2
print_info: n_head                = 2
print_info: n_head_kv             = 2
print_info: n_rot                 = 16
print_info: n_swa                 = 0
print_info: is_swa_any            = 0
print_info: n_embd_head_k         = 16
print_info: n_embd_head_v         = 16
print_info: n_gqa                 = 1
print_info: n_embd_k_gqa          = 32
print_info: n_embd_v_gqa          = 32
print_info: f_norm_eps            = 0.0e+00
print_info: f_norm_rms_eps        = 1.0e-05
print_info: f_clamp_kqv           = 0.0e+00
print_info: f_max_alibi_bias      = 0.0e+00
print_info: f_logit_scale         = 0.0e+00
print_info: f_attn_scale          = 0.0e+00
print_info: f_attn_value_scale    = 0.0000
print_info: n_ff                  = 64
print_info: n_expert              = 4
print_info: n_expert_used         = 2
print_info: n_expert_groups       = 0
print_info: n_group_used          = 0
print_info: causal attn           = 1
print_info: pooling type          = -1
print_info: rope type             = 0
print_info: rope scaling          = linear
print_info: freq_base_train       = 10000.0
print_info: freq_scale_train      = 1
print_info: n_ctx_orig_yarn       = 128
print_info: rope_yarn_log_mul     = 0.0000
print_info: rope_finetuned        = unknown
print_info: model type            = ?B
print_info: model params          = 59.81 K
print_info: general.name          = n/a
print_info: vocab type            = no vocab
print_info: n_vocab               = 32
print_info: n_merges              = 0
print_info: max token length      = 0
load_tensors: loading model tensors, this can take a while... (load_mode = mmap)
load_tensors: layer   0 assigned to device CPU, is_swa = 0
load_tensors: layer   1 assigned to device CPU, is_swa = 0
load_tensors: layer   2 assigned to device CPU, is_swa = 0
create_tensor: loading tensor token_embd.weight
create_tensor: loading tensor output_norm.weight
create_tensor: loading tensor output.weight
create_tensor: loading tensor blk.0.attn_norm.weight
create_tensor: loading tensor blk.0.attn_qkv.weight
create_tensor: loading tensor blk.0.attn_q.weight
create_tensor: loading tensor blk.0.attn_k.weight
create_tensor: loading tensor blk.0.attn_v.weight
create_tensor: loading tensor blk.0.attn_q.bias
create_tensor: loading tensor blk.0.attn_k.bias
create_tensor: loading tensor blk.0.attn_v.bias
create_tensor: loading tensor blk.0.attn_output.weight
create_tensor: loading tensor blk.0.attn_output.bias
create_tensor: loading tensor blk.0.ffn_norm.weight
create_tensor: loading tensor rope_freqs.weight
create_tensor: loading tensor blk.0.ffn_gate_inp.weight
create_tensor: loading tensor blk.0.ffn_gate_exps.weight
create_tensor: loading tensor blk.0.ffn_down_exps.weight
create_tensor: loading tensor blk.0.ffn_up_exps.weight
create_tensor: loading tensor blk.1.attn_norm.weight
create_tensor: loading tensor blk.1.attn_qkv.weight
create_tensor: loading tensor blk.1.attn_q.weight
create_tensor: loading tensor blk.1.attn_k.weight
create_tensor: loading tensor blk.1.attn_v.weight
create_tensor: loading tensor blk.1.attn_q.bias
create_tensor: loading tensor blk.1.attn_k.bias
create_tensor: loading tensor blk.1.attn_v.bias
create_tensor: loading tensor blk.1.attn_output.weight
create_tensor: loading tensor blk.1.attn_output.bias
create_tensor: loading tensor blk.1.ffn_norm.weight
create_tensor: loading tensor rope_freqs.weight
create_tensor: loading tensor blk.1.ffn_gate_inp.weight
create_tensor: loading tensor blk.1.ffn_gate_exps.weight
create_tensor: loading tensor blk.1.ffn_down_exps.weight
create_tensor: loading tensor blk.1.ffn_up_exps.weight
create_tensor: loading tensor blk.0.attn_q.scale
create_tensor: loading tensor blk.0.attn_k.scale
create_tensor: loading tensor blk.0.attn_v.scale
create_tensor: loading tensor blk.0.attn_output.scale
create_tensor: loading tensor blk.0.ffn_gate_exps.scale
create_tensor: loading tensor blk.0.ffn_down_exps.scale
create_tensor: loading tensor blk.0.ffn_up_exps.scale
create_tensor: loading tensor blk.0.attn_q.input_scale
create_tensor: loading tensor blk.0.attn_k.input_scale
create_tensor: loading tensor blk.0.attn_v.input_scale
create_tensor: loading tensor blk.0.attn_output.input_scale
create_tensor: loading tensor blk.0.ffn_gate_exps.input_scale
create_tensor: loading tensor blk.0.ffn_down_exps.input_scale
create_tensor: loading tensor blk.0.ffn_up_exps.input_scale
create_tensor: loading tensor blk.1.attn_q.scale
create_tensor: loading tensor blk.1.attn_k.scale
create_tensor: loading tensor blk.1.attn_v.scale
create_tensor: loading tensor blk.1.attn_output.scale
create_tensor: loading tensor blk.1.ffn_gate_exps.scale
create_tensor: loading tensor blk.1.ffn_down_exps.scale
create_tensor: loading tensor blk.1.ffn_up_exps.scale
create_tensor: loading tensor blk.1.attn_q.input_scale
create_tensor: loading tensor blk.1.attn_k.input_scale
create_tensor: loading tensor blk.1.attn_v.input_scale
create_tensor: loading tensor blk.1.attn_output.input_scale
create_tensor: loading tensor blk.1.ffn_gate_exps.input_scale
create_tensor: loading tensor blk.1.ffn_down_exps.input_scale
create_tensor: loading tensor blk.1.ffn_up_exps.input_scale
done_getting_tensors: tensor 'token_embd.weight' (f32) (and 22 others) cannot be used with preferred buffer type CUDA_Host, using CPU instead
load_tensors: offloading 0 repeating layers to GPU
load_tensors: offloaded 0/3 layers to GPU
load_tensors:   CPU_Mapped model buffer size =     0.13 MiB
...................
llama_model_loader: loaded meta data with 13 key-value pairs and 23 tensors from C:\Users\cadel\AppData\Local\Temp\moe-integration-1727447.gguf (version GGUF V3 (latest))
llama_model_loader: Dumping metadata keys/values. Note: KV overrides do not apply in this output.
llama_model_loader: - kv   0:                       general.architecture str              = llama
llama_model_loader: - kv   1:                       tokenizer.ggml.model str              = no_vocab
llama_model_loader: - kv   2:                           llama.vocab_size u32              = 32
llama_model_loader: - kv   3:                       llama.context_length u32              = 128
llama_model_loader: - kv   4:                     llama.embedding_length u32              = 32
llama_model_loader: - kv   5:                          llama.block_count u32              = 2
llama_model_loader: - kv   6:                  llama.feed_forward_length u32              = 64
llama_model_loader: - kv   7:                 llama.attention.head_count u32              = 2
llama_model_loader: - kv   8:              llama.attention.head_count_kv u32              = 2
llama_model_loader: - kv   9:                 llama.rope.dimension_count u32              = 16
llama_model_loader: - kv  10:                         llama.expert_count u32              = 4
llama_model_loader: - kv  11:                    llama.expert_used_count u32              = 2
llama_model_loader: - kv  12:     llama.attention.layer_norm_rms_epsilon f32              = 0.000010
llama_model_loader: - type  f32:   17 tensors
llama_model_loader: - type  f16:    6 tensors
print_info: file format = GGUF V3 (latest)
print_info: file type   = (guessed) all F32
print_info: file size   = 0.13 MiB (18.85 BPW) 
llama_prepare_model_devices: using device CUDA0 (NVIDIA GeForce RTX 4060 Laptop GPU) (0000:01:00.0) - 7094 MiB free
load: adding 32 dummy tokens
print_info: arch                  = llama
print_info: vocab_only            = 0
print_info: no_alloc              = 0
print_info: n_ctx_train           = 128
print_info: n_embd_inp            = 32
print_info: n_embd                = 32
print_info: n_embd_out            = 32
print_info: n_layer               = 2
print_info: n_layer_all           = 2
print_info: n_head                = 2
print_info: n_head_kv             = 2
print_info: n_rot                 = 16
print_info: n_swa                 = 0
print_info: is_swa_any            = 0
print_info: n_embd_head_k         = 16
print_info: n_embd_head_v         = 16
print_info: n_gqa                 = 1
print_info: n_embd_k_gqa          = 32
print_info: n_embd_v_gqa          = 32
print_info: f_norm_eps            = 0.0e+00
print_info: f_norm_rms_eps        = 1.0e-05
print_info: f_clamp_kqv           = 0.0e+00
print_info: f_max_alibi_bias      = 0.0e+00
print_info: f_logit_scale         = 0.0e+00
print_info: f_attn_scale          = 0.0e+00
print_info: f_attn_value_scale    = 0.0000
print_info: n_ff                  = 64
print_info: n_expert              = 4
print_info: n_expert_used         = 2
print_info: n_expert_groups       = 0
print_info: n_group_used          = 0
print_info: causal attn           = 1
print_info: pooling type          = -1
print_info: rope type             = 0
print_info: rope scaling          = linear
print_info: freq_base_train       = 10000.0
print_info: freq_scale_train      = 1
print_info: n_ctx_orig_yarn       = 128
print_info: rope_yarn_log_mul     = 0.0000
print_info: rope_finetuned        = unknown
print_info: model type            = ?B
print_info: model params          = 59.81 K
print_info: general.name          = n/a
print_info: vocab type            = no vocab
print_info: n_vocab               = 32
print_info: n_merges              = 0
print_info: max token length      = 0
load_tensors: loading model tensors, this can take a while... (load_mode = mmap)
load_tensors: layer   0 assigned to device CPU, is_swa = 0
load_tensors: layer   1 assigned to device CPU, is_swa = 0
load_tensors: layer   2 assigned to device CPU, is_swa = 0
create_tensor: loading tensor token_embd.weight
create_tensor: loading tensor output_norm.weight
create_tensor: loading tensor output.weight
create_tensor: loading tensor blk.0.attn_norm.weight
create_tensor: loading tensor blk.0.attn_qkv.weight
create_tensor: loading tensor blk.0.attn_q.weight
create_tensor: loading tensor blk.0.attn_k.weight
create_tensor: loading tensor blk.0.attn_v.weight
create_tensor: loading tensor blk.0.attn_q.bias
create_tensor: loading tensor blk.0.attn_k.bias
create_tensor: loading tensor blk.0.attn_v.bias
create_tensor: loading tensor blk.0.attn_output.weight
create_tensor: loading tensor blk.0.attn_output.bias
create_tensor: loading tensor blk.0.ffn_norm.weight
create_tensor: loading tensor rope_freqs.weight
create_tensor: loading tensor blk.0.ffn_gate_inp.weight
create_tensor: loading tensor blk.0.ffn_gate_exps.weight
create_tensor: loading tensor blk.0.ffn_down_exps.weight
create_tensor: loading tensor blk.0.ffn_up_exps.weight
create_tensor: loading tensor blk.1.attn_norm.weight
create_tensor: loading tensor blk.1.attn_qkv.weight
create_tensor: loading tensor blk.1.attn_q.weight
create_tensor: loading tensor blk.1.attn_k.weight
create_tensor: loading tensor blk.1.attn_v.weight
create_tensor: loading tensor blk.1.attn_q.bias
create_tensor: loading tensor blk.1.attn_k.bias
create_tensor: loading tensor blk.1.attn_v.bias
create_tensor: loading tensor blk.1.attn_output.weight
create_tensor: loading tensor blk.1.attn_output.bias
create_tensor: loading tensor blk.1.ffn_norm.weight
create_tensor: loading tensor rope_freqs.weight
create_tensor: loading tensor blk.1.ffn_gate_inp.weight
create_tensor: loading tensor blk.1.ffn_gate_exps.weight
create_tensor: loading tensor blk.1.ffn_down_exps.weight
create_tensor: loading tensor blk.1.ffn_up_exps.weight
create_tensor: loading tensor blk.0.attn_q.scale
create_tensor: loading tensor blk.0.attn_k.scale
create_tensor: loading tensor blk.0.attn_v.scale
create_tensor: loading tensor blk.0.attn_output.scale
create_tensor: loading tensor blk.0.ffn_gate_exps.scale
create_tensor: loading tensor blk.0.ffn_down_exps.scale
create_tensor: loading tensor blk.0.ffn_up_exps.scale
create_tensor: loading tensor blk.0.attn_q.input_scale
create_tensor: loading tensor blk.0.attn_k.input_scale
create_tensor: loading tensor blk.0.attn_v.input_scale
create_tensor: loading tensor blk.0.attn_output.input_scale
create_tensor: loading tensor blk.0.ffn_gate_exps.input_scale
create_tensor: loading tensor blk.0.ffn_down_exps.input_scale
create_tensor: loading tensor blk.0.ffn_up_exps.input_scale
create_tensor: loading tensor blk.1.attn_q.scale
create_tensor: loading tensor blk.1.attn_k.scale
create_tensor: loading tensor blk.1.attn_v.scale
create_tensor: loading tensor blk.1.attn_output.scale
create_tensor: loading tensor blk.1.ffn_gate_exps.scale
create_tensor: loading tensor blk.1.ffn_down_exps.scale
create_tensor: loading tensor blk.1.ffn_up_exps.scale
create_tensor: loading tensor blk.1.attn_q.input_scale
create_tensor: loading tensor blk.1.attn_k.input_scale
create_tensor: loading tensor blk.1.attn_v.input_scale
create_tensor: loading tensor blk.1.attn_output.input_scale
create_tensor: loading tensor blk.1.ffn_gate_exps.input_scale
create_tensor: loading tensor blk.1.ffn_down_exps.input_scale
create_tensor: loading tensor blk.1.ffn_up_exps.input_scale
load_tensors: offloading 0 repeating layers to GPU
load_tensors: offloaded 0/3 layers to GPU
load_tensors:   CPU_Mapped model buffer size =     0.13 MiB
...................
load_tensors: experimental host-bank MoE enabled, tile weights <= 12544 bytes; this is not a total memory limit
llama_context: constructing llama_context
llama_context: n_seq_max             = 1
llama_context: n_ctx                 = 256
llama_context: n_ctx_seq             = 256
llama_context: n_batch               = 32
llama_context: n_ubatch              = 8
llama_context: causal_attn           = 1
llama_context: flash_attn            = disabled
llama_context: kv_unified            = false
llama_context: freq_base             = 10000.0
llama_context: freq_scale            = 1
llama_context: n_rs_seq              = 0
llama_context: n_outputs_max         = 32
llama_context: n_outputs_max_per_seq = 1
llama_context: n_ctx_seq (256) > n_ctx_train (128) -- possible training context overflow
set_abort_callback: call
llama_context:        CPU  output buffer size =     0.00 MiB
llama_kv_cache: layer   0: dev = CPU
llama_kv_cache: layer   1: dev = CPU
llama_kv_cache:        CPU KV buffer size =     0.06 MiB
llama_kv_cache: size =    0.06 MiB (   256 cells,   2 layers,  1/1 seqs), K (f16):    0.03 MiB, V (f16):    0.03 MiB
llama_kv_cache: attn_rot_k = 0, n_embd_head_k_all = 16
llama_kv_cache: attn_rot_v = 0, n_embd_head_k_all = 16
llama_context: enumerating backends
llama_context: backend_ptrs.size() = 2
sched_reserve: reserving ...
sched_reserve: max_nodes = 1024
sched_reserve: decode graph slots = 4 (n_tokens <= 4)
sched_reserve: reserving full memory module
sched_reserve: worst-case: n_tokens = 8, n_seqs = 1, n_outputs = 1
resolve_fused_ops: resolving fused Gated Delta Net support:
graph_reserve: reserving a graph for ubatch with n_tokens =    1, n_seqs =  1, n_outputs =    1
resolve_fused_ops: fused Gated Delta Net (autoregressive) enabled
graph_reserve: reserving a graph for ubatch with n_tokens =   16, n_seqs =  1, n_outputs =   16
resolve_fused_ops: fused Gated Delta Net (chunked) enabled
resolve_fused_ops: resolving fused Lightning Indexer support:
graph_reserve: reserving a graph for ubatch with n_tokens =    1, n_seqs =  1, n_outputs =    1
resolve_fused_ops: Lightning Indexer enabled
resolve_fused_ops: resolving fused DeepSeek V4 HC support:
graph_reserve: reserving a graph for ubatch with n_tokens =    1, n_seqs =  1, n_outputs =    1
resolve_fused_ops: fused DeepSeek V4 HC pre enabled
graph_reserve: reserving a graph for ubatch with n_tokens =    1, n_seqs =  1, n_outputs =    1
resolve_fused_ops: fused DeepSeek V4 HC comb enabled
graph_reserve: reserving a graph for ubatch with n_tokens =    1, n_seqs =  1, n_outputs =    1
resolve_fused_ops: fused DeepSeek V4 HC post enabled
graph_reserve: reserving a graph for ubatch with n_tokens =    8, n_seqs =  1, n_outputs =    8
graph_reserve: reserving a graph for ubatch with n_tokens =    1, n_seqs =  1, n_outputs =    1
graph_reserve: reserving a graph for ubatch with n_tokens =    8, n_seqs =  1, n_outputs =    8
sched_reserve:  CUDA_Host compute buffer size =     0.03 MiB
sched_reserve: graph nodes  = 110
sched_reserve: graph splits = 1
sched_reserve: reserve took 2.85 ms, sched copies = 1
llama_context: constructing llama_context
llama_context: MoE device=CUDA0 cache=98304 staging=1048576 compute-limit=67108864 bytes
llama_context: n_seq_max             = 1
llama_context: n_ctx                 = 256
llama_context: n_ctx_seq             = 256
llama_context: n_batch               = 32
llama_context: n_ubatch              = 8
llama_context: causal_attn           = 1
llama_context: flash_attn            = disabled
llama_context: kv_unified            = false
llama_context: freq_base             = 10000.0
llama_context: freq_scale            = 1
llama_context: n_rs_seq              = 0
llama_context: n_outputs_max         = 32
llama_context: n_outputs_max_per_seq = 1
llama_context: n_ctx_seq (256) > n_ctx_train (128) -- possible training context overflow
set_abort_callback: call
llama_context:        CPU  output buffer size =     0.00 MiB
llama_kv_cache: layer   0: dev = CPU
llama_kv_cache: layer   1: dev = CPU
llama_kv_cache:        CPU KV buffer size =     0.06 MiB
llama_kv_cache: size =    0.06 MiB (   256 cells,   2 layers,  1/1 seqs), K (f16):    0.03 MiB, V (f16):    0.03 MiB
llama_kv_cache: attn_rot_k = 0, n_embd_head_k_all = 16
llama_kv_cache: attn_rot_v = 0, n_embd_head_k_all = 16
llama_context: enumerating backends
llama_context: backend_ptrs.size() = 2
sched_reserve: reserving ...
sched_reserve: max_nodes = 1024
sched_reserve: decode graph slots = 4 (n_tokens <= 4)
sched_reserve: reserving full memory module
sched_reserve: worst-case: n_tokens = 8, n_seqs = 1, n_outputs = 1
resolve_fused_ops: resolving fused Gated Delta Net support:
graph_reserve: reserving a graph for ubatch with n_tokens =    1, n_seqs =  1, n_outputs =    1
resolve_fused_ops: fused Gated Delta Net (autoregressive) enabled
graph_reserve: reserving a graph for ubatch with n_tokens =   16, n_seqs =  1, n_outputs =   16
resolve_fused_ops: fused Gated Delta Net (chunked) enabled
resolve_fused_ops: resolving fused Lightning Indexer support:
graph_reserve: reserving a graph for ubatch with n_tokens =    1, n_seqs =  1, n_outputs =    1
resolve_fused_ops: Lightning Indexer enabled
resolve_fused_ops: resolving fused DeepSeek V4 HC support:
graph_reserve: reserving a graph for ubatch with n_tokens =    1, n_seqs =  1, n_outputs =    1
resolve_fused_ops: fused DeepSeek V4 HC pre enabled
graph_reserve: reserving a graph for ubatch with n_tokens =    1, n_seqs =  1, n_outputs =    1
resolve_fused_ops: fused DeepSeek V4 HC comb enabled
graph_reserve: reserving a graph for ubatch with n_tokens =    1, n_seqs =  1, n_outputs =    1
resolve_fused_ops: fused DeepSeek V4 HC post enabled
graph_reserve: reserving a graph for ubatch with n_tokens =    8, n_seqs =  1, n_outputs =    8
graph_reserve: reserving a graph for ubatch with n_tokens =    1, n_seqs =  1, n_outputs =    1
graph_reserve: reserving a graph for ubatch with n_tokens =    8, n_seqs =  1, n_outputs =    8
sched_reserve:  CUDA_Host compute buffer size =     0.03 MiB
sched_reserve: graph nodes  = 100
sched_reserve: graph splits = 1
sched_reserve: reserve took 2.50 ms, sched copies = 1
graph_reserve: reserving a graph for ubatch with n_tokens =    4, n_seqs =  1, n_outputs =    4
FT_COMPARE layer=0 relative=0.000756014 first=-0.0187822/-0.0188195
FT_COMPARE layer=1 relative=0.000487958 first=-0.0408186/-0.0407563
FT_COMPARE layer=0 relative=0.000630634 first=0.0360882/0.0360892
FT_COMPARE layer=1 relative=0.000466582 first=0.0134638/0.0134737
FT_COMPARE layer=0 relative=0.000327842 first=0.0217211/0.0217268
FT_COMPARE layer=1 relative=0.000849258 first=-0.0932609/-0.0932364
FT_COMPARE layer=0 relative=0.000531414 first=0.0863656/0.0863358
FT_COMPARE layer=1 relative=0.000593445 first=-0.0183266/-0.0183567
FT_COMPARE layer=0 relative=0.000473362 first=0.00429035/0.00430704
FT_COMPARE layer=1 relative=0.000645152 first=-0.0257115/-0.0256689
FT_COMPARE layer=0 relative=0.000631604 first=0.056195/0.0561763
FT_COMPARE layer=1 relative=0.000445602 first=0.0582515/0.0582691
FT_COMPARE layer=0 relative=0.000444464 first=-0.0912278/-0.0912252
FT_COMPARE layer=1 relative=0.000481988 first=0.0646283/0.0646779
FT_COMPARE layer=0 relative=0.000596522 first=-0.0281853/-0.0281919
FT_COMPARE layer=1 relative=0.000549509 first=-0.0336694/-0.0336641
FT_COMPARE layer=0 relative=0.000662996 first=0.0826735/0.0826118
FT_COMPARE layer=1 relative=0.000632308 first=-0.0782246/-0.0781518
FT_COMPARE layer=0 relative=0.000377659 first=0.0361291/0.0361076
FT_COMPARE layer=1 relative=0.000396664 first=0.00708435/0.00709733
FT_COMPARE layer=0 relative=0.000505487 first=-0.056655/-0.0565675
FT_COMPARE layer=1 relative=0.000680994 first=-0.0537908/-0.0538098
FT_COMPARE layer=0 relative=0.000339741 first=-0.0759489/-0.0759434
FT_COMPARE layer=1 relative=0.00050484 first=-0.00475747/-0.00474477
FT_COMPARE layer=0 relative=0.000447569 first=-0.138436/-0.138401
FT_COMPARE layer=1 relative=0.000516164 first=0.0506209/0.0506057
FT_COMPARE layer=0 relative=0.000646913 first=-0.0573487/-0.0573027
FT_COMPARE layer=1 relative=0.000505222 first=-0.0937623/-0.0937473
FT_COMPARE layer=0 relative=0.000737508 first=0.0280256/0.0280163
FT_COMPARE layer=1 relative=0.000366364 first=0.0120961/0.0121083
FT_COMPARE layer=0 relative=0.000501171 first=-0.0102862/-0.0102732
FT_COMPARE layer=1 relative=0.00048269 first=-0.0401845/-0.0401927
FT_COMPARE layer=0 relative=0.000380793 first=-0.0685385/-0.0685333
FT_COMPARE layer=1 relative=0.000560237 first=0.0348459/0.0348458
FT_COMPARE layer=0 relative=0.000785922 first=0.0402541/0.0402979
FT_COMPARE layer=1 relative=0.000540316 first=-0.0375713/-0.0375634
FT_COMPARE layer=0 relative=0.000456802 first=0.0214676/0.021461
FT_COMPARE layer=1 relative=0.000900348 first=-0.038902/-0.0388778
FT_COMPARE layer=0 relative=0.000631335 first=0.0468409/0.0468255
FT_COMPARE layer=1 relative=0.000562659 first=-0.0146213/-0.0146628
FT_COMPARE layer=0 relative=0.000670737 first=0.041694/0.0416818
FT_COMPARE layer=1 relative=0.000499681 first=0.0093372/0.00929271
FT_COMPARE layer=0 relative=0.000400684 first=-0.0146388/-0.0146299
FT_COMPARE layer=1 relative=0.000679675 first=-0.030471/-0.0304727
FT_COMPARE layer=0 relative=0.000589724 first=-0.0623086/-0.062301
FT_COMPARE layer=1 relative=0.000502857 first=-0.0741566/-0.0741351
FT_COMPARE layer=0 relative=0.000360118 first=-0.0562228/-0.0561924
FT_COMPARE layer=1 relative=0.00085061 first=-0.026591/-0.0265827
FT_COMPARE layer=0 relative=0.000411874 first=0.102597/0.102556
FT_COMPARE layer=1 relative=0.000370938 first=-0.0553063/-0.0552676
FT_COMPARE layer=0 relative=0.000669181 first=0.0403998/0.0404489
FT_COMPARE layer=1 relative=0.000707414 first=-0.0825966/-0.0826262
FT_COMPARE layer=0 relative=0.00100628 first=0.0410449/0.0410443
FT_COMPARE layer=1 relative=0.000622365 first=-0.112243/-0.112221
FT_COMPARE layer=0 relative=0.000653713 first=0.150199/0.150153
FT_COMPARE layer=1 relative=0.000382025 first=-0.110173/-0.110143
FT_COMPARE layer=0 relative=0.000539306 first=0.0382332/0.0382623
FT_COMPARE layer=1 relative=0.000637463 first=-0.0626289/-0.0626592
FT_COMPARE layer=0 relative=0.000658508 first=-0.0787379/-0.0787756
FT_COMPARE layer=1 relative=0.000745005 first=0.0217422/0.021682
FT_COMPARE layer=0 relative=0.000433076 first=-0.133947/-0.133869
FT_COMPARE layer=1 relative=0.000462674 first=-0.0268435/-0.0268402
FT_COMPARE layer=0 relative=0.000640234 first=-0.0262099/-0.0262756
FT_COMPARE layer=1 relative=0.000464414 first=0.0051954/0.00521242
FT_COMPARE layer=0 relative=0.000447625 first=-0.0386611/-0.0386132
FT_COMPARE layer=1 relative=0.000454892 first=0.060558/0.0605308
FT_COMPARE layer=0 relative=0.000486074 first=0.0576557/0.0576505
FT_COMPARE layer=1 relative=0.000726124 first=0.0503174/0.0503283
FT_COMPARE layer=0 relative=0.000835151 first=-0.0233079/-0.0232316
FT_COMPARE layer=1 relative=0.000461117 first=-0.0975221/-0.0974915
FT_COMPARE layer=0 relative=0.000456527 first=-0.0658859/-0.0658888
FT_COMPARE layer=1 relative=0.000414846 first=-0.020077/-0.020112
FT_COMPARE layer=0 relative=0.000556397 first=0.0813584/0.0813278
FT_COMPARE layer=1 relative=0.00058562 first=-0.0356808/-0.0357057
FT_COMPARE layer=0 relative=0.000565982 first=-0.0603409/-0.0603077
FT_COMPARE layer=1 relative=0.000604176 first=0.132607/0.132661
FT_COMPARE layer=0 relative=0.000386021 first=-0.0185391/-0.0185802
FT_COMPARE layer=1 relative=0.000664071 first=0.128986/0.129015
FT_COMPARE layer=0 relative=0.000377107 first=-0.0164286/-0.0163874
FT_COMPARE layer=1 relative=0.000636538 first=-0.0496734/-0.0496874
FT_COMPARE layer=0 relative=0.000327895 first=0.123289/0.123273
FT_COMPARE layer=1 relative=0.000588964 first=-0.0966811/-0.0966835
FT_COMPARE layer=0 relative=0.000480091 first=0.031759/0.0317856
FT_COMPARE layer=1 relative=0.000523408 first=0.0806522/0.0806228
FT_COMPARE layer=0 relative=0.000462252 first=-0.0639133/-0.0639465
FT_COMPARE layer=1 relative=0.000392555 first=-0.0630549/-0.063086
FT_COMPARE layer=0 relative=0.00065892 first=-0.0966088/-0.0965625
FT_COMPARE layer=1 relative=0.000621642 first=0.0401044/0.040097
FT_COMPARE layer=0 relative=0.000812638 first=-0.0971595/-0.0972044
FT_COMPARE layer=1 relative=0.000504547 first=0.0333091/0.0333606
FT_COMPARE layer=0 relative=0.000668431 first=-0.0529057/-0.0528198
FT_COMPARE layer=1 relative=0.000635676 first=-0.0608866/-0.0608726
FT_COMPARE layer=0 relative=0.00090497 first=-0.00994606/-0.00998063
FT_COMPARE layer=1 relative=0.000621911 first=0.0499126/0.04992
FT_COMPARE layer=0 relative=0.000549502 first=-0.0603443/-0.0603085
FT_COMPARE layer=1 relative=0.000435025 first=-0.0431021/-0.0431102
set_abort_callback: call
graph_compute: ggml_backend_sched_graph_compute_async failed with error 1
process_ubatch: failed to compute graph, compute status: 1
decode: removing memory module entries for seq_id = 0, pos = [59, +inf)
llama_decode: failed to decode, ret = 2
set_abort_callback: call
graph_compute: ggml_backend_sched_graph_compute_async failed with error -1
host-bank MoE execution failed: MoE routing weight must be finite
process_ubatch: failed to compute graph, compute status: -1
decode: removing memory module entries for seq_id = 0, pos = [59, +inf)
llama_decode: failed to decode, ret = -3
FT_COMPARE layer=0 relative=0.000531105 first=-0.068028/-0.0680362
FT_COMPARE layer=1 relative=0.00062346 first=0.0742541/0.0742755
llama_context: constructing llama_context
llama_init_from_model: failed to initialize the context: host-bank MoE requires one sequence, op_offload=false and offload_kqv=false
llama_context: constructing llama_context
llama_init_from_model: failed to initialize the context: host-bank MoE requires one sequence, op_offload=false and offload_kqv=false
llama_context: constructing llama_context
llama_init_from_model: failed to initialize the context: host-bank MoE requires one sequence, op_offload=false and offload_kqv=false
llama_context: constructing llama_context
llama_init_from_model: failed to initialize the context: moe cache: invalid uniform arena geometry
llama_context: constructing llama_context
llama_init_from_model: failed to initialize the context: host-bank MoE cache requires model.moe_cpu_tile_bytes host-bank setup
~llama_context:      CUDA0 compute buffer size is   0.0000 MiB, matches expectation of   0.0000 MiB
~llama_context:  CUDA_Host compute buffer size is   0.0304 MiB, matches expectation of   0.0304 MiB
~llama_context:      CUDA0 compute buffer size is   0.0000 MiB, matches expectation of   0.0000 MiB
~llama_context:  CUDA_Host compute buffer size is   0.0304 MiB, matches expectation of   0.0304 MiB
llama_context: constructing llama_context
llama_context: MoE device=CUDA0 cache=98304 staging=1048576 compute-limit=67108864 bytes
llama_context: n_seq_max             = 1
llama_context: n_ctx                 = 256
llama_context: n_ctx_seq             = 256
llama_context: n_batch               = 32
llama_context: n_ubatch              = 8
llama_context: causal_attn           = 1
llama_context: flash_attn            = disabled
llama_context: kv_unified            = false
llama_context: freq_base             = 10000.0
llama_context: freq_scale            = 1
llama_context: n_rs_seq              = 0
llama_context: n_outputs_max         = 32
llama_context: n_outputs_max_per_seq = 1
llama_context: n_ctx_seq (256) > n_ctx_train (128) -- possible training context overflow
set_abort_callback: call
llama_context:        CPU  output buffer size =     0.00 MiB
llama_kv_cache: layer   0: dev = CPU
llama_kv_cache: layer   1: dev = CPU
llama_kv_cache:        CPU KV buffer size =     0.06 MiB
llama_kv_cache: size =    0.06 MiB (   256 cells,   2 layers,  1/1 seqs), K (f16):    0.03 MiB, V (f16):    0.03 MiB
llama_kv_cache: attn_rot_k = 0, n_embd_head_k_all = 16
llama_kv_cache: attn_rot_v = 0, n_embd_head_k_all = 16
llama_context: enumerating backends
llama_context: backend_ptrs.size() = 2
sched_reserve: reserving ...
sched_reserve: max_nodes = 1024
sched_reserve: decode graph slots = 4 (n_tokens <= 4)
sched_reserve: reserving full memory module
sched_reserve: worst-case: n_tokens = 8, n_seqs = 1, n_outputs = 1
resolve_fused_ops: resolving fused Gated Delta Net support:
graph_reserve: reserving a graph for ubatch with n_tokens =    1, n_seqs =  1, n_outputs =    1
resolve_fused_ops: fused Gated Delta Net (autoregressive) enabled
graph_reserve: reserving a graph for ubatch with n_tokens =   16, n_seqs =  1, n_outputs =   16
resolve_fused_ops: fused Gated Delta Net (chunked) enabled
resolve_fused_ops: resolving fused Lightning Indexer support:
graph_reserve: reserving a graph for ubatch with n_tokens =    1, n_seqs =  1, n_outputs =    1
resolve_fused_ops: Lightning Indexer enabled
resolve_fused_ops: resolving fused DeepSeek V4 HC support:
graph_reserve: reserving a graph for ubatch with n_tokens =    1, n_seqs =  1, n_outputs =    1
resolve_fused_ops: fused DeepSeek V4 HC pre enabled
graph_reserve: reserving a graph for ubatch with n_tokens =    1, n_seqs =  1, n_outputs =    1
resolve_fused_ops: fused DeepSeek V4 HC comb enabled
graph_reserve: reserving a graph for ubatch with n_tokens =    1, n_seqs =  1, n_outputs =    1
resolve_fused_ops: fused DeepSeek V4 HC post enabled
graph_reserve: reserving a graph for ubatch with n_tokens =    8, n_seqs =  1, n_outputs =    8
graph_reserve: reserving a graph for ubatch with n_tokens =    1, n_seqs =  1, n_outputs =    1
graph_reserve: reserving a graph for ubatch with n_tokens =    8, n_seqs =  1, n_outputs =    8
sched_reserve:  CUDA_Host compute buffer size =     0.03 MiB
sched_reserve: graph nodes  = 100
sched_reserve: graph splits = 1
sched_reserve: reserve took 2.25 ms, sched copies = 1
llama_context: constructing llama_context
llama_context: n_seq_max             = 1
llama_context: n_ctx                 = 256
llama_context: n_ctx_seq             = 256
llama_context: n_batch               = 32
llama_context: n_ubatch              = 8
llama_context: causal_attn           = 1
llama_context: flash_attn            = disabled
llama_context: kv_unified            = false
llama_context: freq_base             = 10000.0
llama_context: freq_scale            = 1
llama_context: n_rs_seq              = 0
llama_context: n_outputs_max         = 32
llama_context: n_outputs_max_per_seq = 1
llama_context: n_ctx_seq (256) > n_ctx_train (128) -- possible training context overflow
set_abort_callback: call
llama_context:        CPU  output buffer size =     0.00 MiB
llama_kv_cache: layer   0: dev = CPU
llama_kv_cache: layer   1: dev = CPU
llama_kv_cache:        CPU KV buffer size =     0.06 MiB
llama_kv_cache: size =    0.06 MiB (   256 cells,   2 layers,  1/1 seqs), K (f16):    0.03 MiB, V (f16):    0.03 MiB
llama_kv_cache: attn_rot_k = 0, n_embd_head_k_all = 16
llama_kv_cache: attn_rot_v = 0, n_embd_head_k_all = 16
llama_context: enumerating backends
llama_context: backend_ptrs.size() = 2
sched_reserve: reserving ...
sched_reserve: max_nodes = 1024
sched_reserve: decode graph slots = 4 (n_tokens <= 4)
sched_reserve: reserving full memory module
sched_reserve: worst-case: n_tokens = 8, n_seqs = 1, n_outputs = 1
resolve_fused_ops: resolving fused Gated Delta Net support:
graph_reserve: reserving a graph for ubatch with n_tokens =    1, n_seqs =  1, n_outputs =    1
resolve_fused_ops: fused Gated Delta Net (autoregressive) enabled
graph_reserve: reserving a graph for ubatch with n_tokens =   16, n_seqs =  1, n_outputs =   16
resolve_fused_ops: fused Gated Delta Net (chunked) enabled
resolve_fused_ops: resolving fused Lightning Indexer support:
graph_reserve: reserving a graph for ubatch with n_tokens =    1, n_seqs =  1, n_outputs =    1
resolve_fused_ops: Lightning Indexer enabled
resolve_fused_ops: resolving fused DeepSeek V4 HC support:
graph_reserve: reserving a graph for ubatch with n_tokens =    1, n_seqs =  1, n_outputs =    1
resolve_fused_ops: fused DeepSeek V4 HC pre enabled
graph_reserve: reserving a graph for ubatch with n_tokens =    1, n_seqs =  1, n_outputs =    1
resolve_fused_ops: fused DeepSeek V4 HC comb enabled
graph_reserve: reserving a graph for ubatch with n_tokens =    1, n_seqs =  1, n_outputs =    1
resolve_fused_ops: fused DeepSeek V4 HC post enabled
graph_reserve: reserving a graph for ubatch with n_tokens =    8, n_seqs =  1, n_outputs =    8
graph_reserve: reserving a graph for ubatch with n_tokens =    1, n_seqs =  1, n_outputs =    1
graph_reserve: reserving a graph for ubatch with n_tokens =    8, n_seqs =  1, n_outputs =    8
sched_reserve:  CUDA_Host compute buffer size =     0.03 MiB
sched_reserve: graph nodes  = 110
sched_reserve: graph splits = 1
sched_reserve: reserve took 2.55 ms, sched copies = 1
FT_COMPARE layer=0 relative=0.000756014 first=-0.0187822/-0.0188195
FT_COMPARE layer=1 relative=0.000487958 first=-0.0408186/-0.0407563
~llama_context:      CUDA0 compute buffer size is   0.0000 MiB, matches expectation of   0.0000 MiB
~llama_context:  CUDA_Host compute buffer size is   0.0304 MiB, matches expectation of   0.0304 MiB
~llama_context:      CUDA0 compute buffer size is   0.0000 MiB, matches expectation of   0.0000 MiB
~llama_context:  CUDA_Host compute buffer size is   0.0304 MiB, matches expectation of   0.0304 MiB
llama_model_loader: loaded meta data with 13 key-value pairs and 23 tensors from C:\Users\cadel\AppData\Local\Temp\moe-integration-1727447.gguf (version GGUF V3 (latest))
llama_model_loader: Dumping metadata keys/values. Note: KV overrides do not apply in this output.
llama_model_loader: - kv   0:                       general.architecture str              = llama
llama_model_loader: - kv   1:                       tokenizer.ggml.model str              = no_vocab
llama_model_loader: - kv   2:                           llama.vocab_size u32              = 32
llama_model_loader: - kv   3:                       llama.context_length u32              = 128
llama_model_loader: - kv   4:                     llama.embedding_length u32              = 32
llama_model_loader: - kv   5:                          llama.block_count u32              = 2
llama_model_loader: - kv   6:                  llama.feed_forward_length u32              = 64
llama_model_loader: - kv   7:                 llama.attention.head_count u32              = 2
llama_model_loader: - kv   8:              llama.attention.head_count_kv u32              = 2
llama_model_loader: - kv   9:                 llama.rope.dimension_count u32              = 16
llama_model_loader: - kv  10:                         llama.expert_count u32              = 4
llama_model_loader: - kv  11:                    llama.expert_used_count u32              = 2
llama_model_loader: - kv  12:     llama.attention.layer_norm_rms_epsilon f32              = 0.000010
llama_model_loader: - type  f32:   17 tensors
llama_model_loader: - type q4_0:    6 tensors
print_info: file format = GGUF V3 (latest)
print_info: file type   = (guessed) all F32
print_info: file size   = 0.07 MiB (9.40 BPW) 
llama_prepare_model_devices: using device CUDA0 (NVIDIA GeForce RTX 4060 Laptop GPU) (0000:01:00.0) - 7094 MiB free
load: adding 32 dummy tokens
print_info: arch                  = llama
print_info: vocab_only            = 0
print_info: no_alloc              = 0
print_info: n_ctx_train           = 128
print_info: n_embd_inp            = 32
print_info: n_embd                = 32
print_info: n_embd_out            = 32
print_info: n_layer               = 2
print_info: n_layer_all           = 2
print_info: n_head                = 2
print_info: n_head_kv             = 2
print_info: n_rot                 = 16
print_info: n_swa                 = 0
print_info: is_swa_any            = 0
print_info: n_embd_head_k         = 16
print_info: n_embd_head_v         = 16
print_info: n_gqa                 = 1
print_info: n_embd_k_gqa          = 32
print_info: n_embd_v_gqa          = 32
print_info: f_norm_eps            = 0.0e+00
print_info: f_norm_rms_eps        = 1.0e-05
print_info: f_clamp_kqv           = 0.0e+00
print_info: f_max_alibi_bias      = 0.0e+00
print_info: f_logit_scale         = 0.0e+00
print_info: f_attn_scale          = 0.0e+00
print_info: f_attn_value_scale    = 0.0000
print_info: n_ff                  = 64
print_info: n_expert              = 4
print_info: n_expert_used         = 2
print_info: n_expert_groups       = 0
print_info: n_group_used          = 0
print_info: causal attn           = 1
print_info: pooling type          = -1
print_info: rope type             = 0
print_info: rope scaling          = linear
print_info: freq_base_train       = 10000.0
print_info: freq_scale_train      = 1
print_info: n_ctx_orig_yarn       = 128
print_info: rope_yarn_log_mul     = 0.0000
print_info: rope_finetuned        = unknown
print_info: model type            = ?B
print_info: model params          = 59.81 K
print_info: general.name          = n/a
print_info: vocab type            = no vocab
print_info: n_vocab               = 32
print_info: n_merges              = 0
print_info: max token length      = 0
load_tensors: loading model tensors, this can take a while... (load_mode = none)
load_tensors: layer   0 assigned to device CPU, is_swa = 0
load_tensors: layer   1 assigned to device CPU, is_swa = 0
load_tensors: layer   2 assigned to device CPU, is_swa = 0
create_tensor: loading tensor token_embd.weight
create_tensor: loading tensor output_norm.weight
create_tensor: loading tensor output.weight
create_tensor: loading tensor blk.0.attn_norm.weight
create_tensor: loading tensor blk.0.attn_qkv.weight
create_tensor: loading tensor blk.0.attn_q.weight
create_tensor: loading tensor blk.0.attn_k.weight
create_tensor: loading tensor blk.0.attn_v.weight
create_tensor: loading tensor blk.0.attn_q.bias
create_tensor: loading tensor blk.0.attn_k.bias
create_tensor: loading tensor blk.0.attn_v.bias
create_tensor: loading tensor blk.0.attn_output.weight
create_tensor: loading tensor blk.0.attn_output.bias
create_tensor: loading tensor blk.0.ffn_norm.weight
create_tensor: loading tensor rope_freqs.weight
create_tensor: loading tensor blk.0.ffn_gate_inp.weight
create_tensor: loading tensor blk.0.ffn_gate_exps.weight
create_tensor: loading tensor blk.0.ffn_down_exps.weight
create_tensor: loading tensor blk.0.ffn_up_exps.weight
create_tensor: loading tensor blk.1.attn_norm.weight
create_tensor: loading tensor blk.1.attn_qkv.weight
create_tensor: loading tensor blk.1.attn_q.weight
create_tensor: loading tensor blk.1.attn_k.weight
create_tensor: loading tensor blk.1.attn_v.weight
create_tensor: loading tensor blk.1.attn_q.bias
create_tensor: loading tensor blk.1.attn_k.bias
create_tensor: loading tensor blk.1.attn_v.bias
create_tensor: loading tensor blk.1.attn_output.weight
create_tensor: loading tensor blk.1.attn_output.bias
create_tensor: loading tensor blk.1.ffn_norm.weight
create_tensor: loading tensor rope_freqs.weight
create_tensor: loading tensor blk.1.ffn_gate_inp.weight
create_tensor: loading tensor blk.1.ffn_gate_exps.weight
create_tensor: loading tensor blk.1.ffn_down_exps.weight
create_tensor: loading tensor blk.1.ffn_up_exps.weight
create_tensor: loading tensor blk.0.attn_q.scale
create_tensor: loading tensor blk.0.attn_k.scale
create_tensor: loading tensor blk.0.attn_v.scale
create_tensor: loading tensor blk.0.attn_output.scale
create_tensor: loading tensor blk.0.ffn_gate_exps.scale
create_tensor: loading tensor blk.0.ffn_down_exps.scale
create_tensor: loading tensor blk.0.ffn_up_exps.scale
create_tensor: loading tensor blk.0.attn_q.input_scale
create_tensor: loading tensor blk.0.attn_k.input_scale
create_tensor: loading tensor blk.0.attn_v.input_scale
create_tensor: loading tensor blk.0.attn_output.input_scale
create_tensor: loading tensor blk.0.ffn_gate_exps.input_scale
create_tensor: loading tensor blk.0.ffn_down_exps.input_scale
create_tensor: loading tensor blk.0.ffn_up_exps.input_scale
create_tensor: loading tensor blk.1.attn_q.scale
create_tensor: loading tensor blk.1.attn_k.scale
create_tensor: loading tensor blk.1.attn_v.scale
create_tensor: loading tensor blk.1.attn_output.scale
create_tensor: loading tensor blk.1.ffn_gate_exps.scale
create_tensor: loading tensor blk.1.ffn_down_exps.scale
create_tensor: loading tensor blk.1.ffn_up_exps.scale
create_tensor: loading tensor blk.1.attn_q.input_scale
create_tensor: loading tensor blk.1.attn_k.input_scale
create_tensor: loading tensor blk.1.attn_v.input_scale
create_tensor: loading tensor blk.1.attn_output.input_scale
create_tensor: loading tensor blk.1.ffn_gate_exps.input_scale
create_tensor: loading tensor blk.1.ffn_down_exps.input_scale
create_tensor: loading tensor blk.1.ffn_up_exps.input_scale
load_tensors: offloading 0 repeating layers to GPU
load_tensors: offloaded 0/3 layers to GPU
load_tensors:    CUDA_Host model buffer size =     0.07 MiB
load_all_data: buffer type CUDA_Host is not the default buffer type for device CUDA0 for async uploads
.....................
llama_model_loader: loaded meta data with 13 key-value pairs and 23 tensors from C:\Users\cadel\AppData\Local\Temp\moe-integration-1727447.gguf (version GGUF V3 (latest))
llama_model_loader: Dumping metadata keys/values. Note: KV overrides do not apply in this output.
llama_model_loader: - kv   0:                       general.architecture str              = llama
llama_model_loader: - kv   1:                       tokenizer.ggml.model str              = no_vocab
llama_model_loader: - kv   2:                           llama.vocab_size u32              = 32
llama_model_loader: - kv   3:                       llama.context_length u32              = 128
llama_model_loader: - kv   4:                     llama.embedding_length u32              = 32
llama_model_loader: - kv   5:                          llama.block_count u32              = 2
llama_model_loader: - kv   6:                  llama.feed_forward_length u32              = 64
llama_model_loader: - kv   7:                 llama.attention.head_count u32              = 2
llama_model_loader: - kv   8:              llama.attention.head_count_kv u32              = 2
llama_model_loader: - kv   9:                 llama.rope.dimension_count u32              = 16
llama_model_loader: - kv  10:                         llama.expert_count u32              = 4
llama_model_loader: - kv  11:                    llama.expert_used_count u32              = 2
llama_model_loader: - kv  12:     llama.attention.layer_norm_rms_epsilon f32              = 0.000010
llama_model_loader: - type  f32:   17 tensors
llama_model_loader: - type q4_0:    6 tensors
print_info: file format = GGUF V3 (latest)
print_info: file type   = (guessed) all F32
print_info: file size   = 0.07 MiB (9.40 BPW) 
llama_prepare_model_devices: using device CUDA0 (NVIDIA GeForce RTX 4060 Laptop GPU) (0000:01:00.0) - 7094 MiB free
load: adding 32 dummy tokens
print_info: arch                  = llama
print_info: vocab_only            = 0
print_info: no_alloc              = 0
print_info: n_ctx_train           = 128
print_info: n_embd_inp            = 32
print_info: n_embd                = 32
print_info: n_embd_out            = 32
print_info: n_layer               = 2
print_info: n_layer_all           = 2
print_info: n_head                = 2
print_info: n_head_kv             = 2
print_info: n_rot                 = 16
print_info: n_swa                 = 0
print_info: is_swa_any            = 0
print_info: n_embd_head_k         = 16
print_info: n_embd_head_v         = 16
print_info: n_gqa                 = 1
print_info: n_embd_k_gqa          = 32
print_info: n_embd_v_gqa          = 32
print_info: f_norm_eps            = 0.0e+00
print_info: f_norm_rms_eps        = 1.0e-05
print_info: f_clamp_kqv           = 0.0e+00
print_info: f_max_alibi_bias      = 0.0e+00
print_info: f_logit_scale         = 0.0e+00
print_info: f_attn_scale          = 0.0e+00
print_info: f_attn_value_scale    = 0.0000
print_info: n_ff                  = 64
print_info: n_expert              = 4
print_info: n_expert_used         = 2
print_info: n_expert_groups       = 0
print_info: n_group_used          = 0
print_info: causal attn           = 1
print_info: pooling type          = -1
print_info: rope type             = 0
print_info: rope scaling          = linear
print_info: freq_base_train       = 10000.0
print_info: freq_scale_train      = 1
print_info: n_ctx_orig_yarn       = 128
print_info: rope_yarn_log_mul     = 0.0000
print_info: rope_finetuned        = unknown
print_info: model type            = ?B
print_info: model params          = 59.81 K
print_info: general.name          = n/a
print_info: vocab type            = no vocab
print_info: n_vocab               = 32
print_info: n_merges              = 0
print_info: max token length      = 0
load_tensors: loading model tensors, this can take a while... (load_mode = none)
load_tensors: layer   0 assigned to device CPU, is_swa = 0
load_tensors: layer   1 assigned to device CPU, is_swa = 0
load_tensors: layer   2 assigned to device CPU, is_swa = 0
create_tensor: loading tensor token_embd.weight
create_tensor: loading tensor output_norm.weight
create_tensor: loading tensor output.weight
create_tensor: loading tensor blk.0.attn_norm.weight
create_tensor: loading tensor blk.0.attn_qkv.weight
create_tensor: loading tensor blk.0.attn_q.weight
create_tensor: loading tensor blk.0.attn_k.weight
create_tensor: loading tensor blk.0.attn_v.weight
create_tensor: loading tensor blk.0.attn_q.bias
create_tensor: loading tensor blk.0.attn_k.bias
create_tensor: loading tensor blk.0.attn_v.bias
create_tensor: loading tensor blk.0.attn_output.weight
create_tensor: loading tensor blk.0.attn_output.bias
create_tensor: loading tensor blk.0.ffn_norm.weight
create_tensor: loading tensor rope_freqs.weight
create_tensor: loading tensor blk.0.ffn_gate_inp.weight
create_tensor: loading tensor blk.0.ffn_gate_exps.weight
create_tensor: loading tensor blk.0.ffn_down_exps.weight
create_tensor: loading tensor blk.0.ffn_up_exps.weight
create_tensor: loading tensor blk.1.attn_norm.weight
create_tensor: loading tensor blk.1.attn_qkv.weight
create_tensor: loading tensor blk.1.attn_q.weight
create_tensor: loading tensor blk.1.attn_k.weight
create_tensor: loading tensor blk.1.attn_v.weight
create_tensor: loading tensor blk.1.attn_q.bias
create_tensor: loading tensor blk.1.attn_k.bias
create_tensor: loading tensor blk.1.attn_v.bias
create_tensor: loading tensor blk.1.attn_output.weight
create_tensor: loading tensor blk.1.attn_output.bias
create_tensor: loading tensor blk.1.ffn_norm.weight
create_tensor: loading tensor rope_freqs.weight
create_tensor: loading tensor blk.1.ffn_gate_inp.weight
create_tensor: loading tensor blk.1.ffn_gate_exps.weight
create_tensor: loading tensor blk.1.ffn_down_exps.weight
create_tensor: loading tensor blk.1.ffn_up_exps.weight
create_tensor: loading tensor blk.0.attn_q.scale
create_tensor: loading tensor blk.0.attn_k.scale
create_tensor: loading tensor blk.0.attn_v.scale
create_tensor: loading tensor blk.0.attn_output.scale
create_tensor: loading tensor blk.0.ffn_gate_exps.scale
create_tensor: loading tensor blk.0.ffn_down_exps.scale
create_tensor: loading tensor blk.0.ffn_up_exps.scale
create_tensor: loading tensor blk.0.attn_q.input_scale
create_tensor: loading tensor blk.0.attn_k.input_scale
create_tensor: loading tensor blk.0.attn_v.input_scale
create_tensor: loading tensor blk.0.attn_output.input_scale
create_tensor: loading tensor blk.0.ffn_gate_exps.input_scale
create_tensor: loading tensor blk.0.ffn_down_exps.input_scale
create_tensor: loading tensor blk.0.ffn_up_exps.input_scale
create_tensor: loading tensor blk.1.attn_q.scale
create_tensor: loading tensor blk.1.attn_k.scale
create_tensor: loading tensor blk.1.attn_v.scale
create_tensor: loading tensor blk.1.attn_output.scale
create_tensor: loading tensor blk.1.ffn_gate_exps.scale
create_tensor: loading tensor blk.1.ffn_down_exps.scale
create_tensor: loading tensor blk.1.ffn_up_exps.scale
create_tensor: loading tensor blk.1.attn_q.input_scale
create_tensor: loading tensor blk.1.attn_k.input_scale
create_tensor: loading tensor blk.1.attn_v.input_scale
create_tensor: loading tensor blk.1.attn_output.input_scale
create_tensor: loading tensor blk.1.ffn_gate_exps.input_scale
create_tensor: loading tensor blk.1.ffn_down_exps.input_scale
create_tensor: loading tensor blk.1.ffn_up_exps.input_scale
load_tensors: offloading 0 repeating layers to GPU
load_tensors: offloaded 0/3 layers to GPU
load_tensors:          CPU model buffer size =     0.07 MiB
load_all_data: no device found for buffer type CPU for async uploads
.....................
load_tensors: experimental host-bank MoE enabled, tile weights <= 3712 bytes; this is not a total memory limit
llama_context: constructing llama_context
llama_context: n_seq_max             = 1
llama_context: n_ctx                 = 256
llama_context: n_ctx_seq             = 256
llama_context: n_batch               = 32
llama_context: n_ubatch              = 8
llama_context: causal_attn           = 1
llama_context: flash_attn            = disabled
llama_context: kv_unified            = false
llama_context: freq_base             = 10000.0
llama_context: freq_scale            = 1
llama_context: n_rs_seq              = 0
llama_context: n_outputs_max         = 32
llama_context: n_outputs_max_per_seq = 1
llama_context: n_ctx_seq (256) > n_ctx_train (128) -- possible training context overflow
set_abort_callback: call
llama_context:        CPU  output buffer size =     0.00 MiB
llama_kv_cache: layer   0: dev = CPU
llama_kv_cache: layer   1: dev = CPU
llama_kv_cache:        CPU KV buffer size =     0.06 MiB
llama_kv_cache: size =    0.06 MiB (   256 cells,   2 layers,  1/1 seqs), K (f16):    0.03 MiB, V (f16):    0.03 MiB
llama_kv_cache: attn_rot_k = 0, n_embd_head_k_all = 16
llama_kv_cache: attn_rot_v = 0, n_embd_head_k_all = 16
llama_context: enumerating backends
llama_context: backend_ptrs.size() = 2
sched_reserve: reserving ...
sched_reserve: max_nodes = 1024
sched_reserve: decode graph slots = 4 (n_tokens <= 4)
sched_reserve: reserving full memory module
sched_reserve: worst-case: n_tokens = 8, n_seqs = 1, n_outputs = 1
resolve_fused_ops: resolving fused Gated Delta Net support:
graph_reserve: reserving a graph for ubatch with n_tokens =    1, n_seqs =  1, n_outputs =    1
resolve_fused_ops: fused Gated Delta Net (autoregressive) enabled
graph_reserve: reserving a graph for ubatch with n_tokens =   16, n_seqs =  1, n_outputs =   16
resolve_fused_ops: fused Gated Delta Net (chunked) enabled
resolve_fused_ops: resolving fused Lightning Indexer support:
graph_reserve: reserving a graph for ubatch with n_tokens =    1, n_seqs =  1, n_outputs =    1
resolve_fused_ops: Lightning Indexer enabled
resolve_fused_ops: resolving fused DeepSeek V4 HC support:
graph_reserve: reserving a graph for ubatch with n_tokens =    1, n_seqs =  1, n_outputs =    1
resolve_fused_ops: fused DeepSeek V4 HC pre enabled
graph_reserve: reserving a graph for ubatch with n_tokens =    1, n_seqs =  1, n_outputs =    1
resolve_fused_ops: fused DeepSeek V4 HC comb enabled
graph_reserve: reserving a graph for ubatch with n_tokens =    1, n_seqs =  1, n_outputs =    1
resolve_fused_ops: fused DeepSeek V4 HC post enabled
graph_reserve: reserving a graph for ubatch with n_tokens =    8, n_seqs =  1, n_outputs =    8
graph_reserve: reserving a graph for ubatch with n_tokens =    1, n_seqs =  1, n_outputs =    1
graph_reserve: reserving a graph for ubatch with n_tokens =    8, n_seqs =  1, n_outputs =    8
sched_reserve:  CUDA_Host compute buffer size =     0.03 MiB
sched_reserve: graph nodes  = 110
sched_reserve: graph splits = 1
sched_reserve: reserve took 2.67 ms, sched copies = 1
llama_context: constructing llama_context
llama_context: n_seq_max             = 1
llama_context: n_ctx                 = 256
llama_context: n_ctx_seq             = 256
llama_context: n_batch               = 32
llama_context: n_ubatch              = 8
llama_context: causal_attn           = 1
llama_context: flash_attn            = disabled
llama_context: kv_unified            = false
llama_context: freq_base             = 10000.0
llama_context: freq_scale            = 1
llama_context: n_rs_seq              = 0
llama_context: n_outputs_max         = 32
llama_context: n_outputs_max_per_seq = 1
llama_context: n_ctx_seq (256) > n_ctx_train (128) -- possible training context overflow
set_abort_callback: call
llama_context:        CPU  output buffer size =     0.00 MiB
llama_kv_cache: layer   0: dev = CPU
llama_kv_cache: layer   1: dev = CPU
llama_kv_cache:        CPU KV buffer size =     0.06 MiB
llama_kv_cache: size =    0.06 MiB (   256 cells,   2 layers,  1/1 seqs), K (f16):    0.03 MiB, V (f16):    0.03 MiB
llama_kv_cache: attn_rot_k = 0, n_embd_head_k_all = 16
llama_kv_cache: attn_rot_v = 0, n_embd_head_k_all = 16
llama_context: enumerating backends
llama_context: backend_ptrs.size() = 2
sched_reserve: reserving ...
sched_reserve: max_nodes = 1024
sched_reserve: decode graph slots = 4 (n_tokens <= 4)
sched_reserve: reserving full memory module
sched_reserve: worst-case: n_tokens = 8, n_seqs = 1, n_outputs = 1
resolve_fused_ops: resolving fused Gated Delta Net support:
graph_reserve: reserving a graph for ubatch with n_tokens =    1, n_seqs =  1, n_outputs =    1
resolve_fused_ops: fused Gated Delta Net (autoregressive) enabled
graph_reserve: reserving a graph for ubatch with n_tokens =   16, n_seqs =  1, n_outputs =   16
resolve_fused_ops: fused Gated Delta Net (chunked) enabled
resolve_fused_ops: resolving fused Lightning Indexer support:
graph_reserve: reserving a graph for ubatch with n_tokens =    1, n_seqs =  1, n_outputs =    1
resolve_fused_ops: Lightning Indexer enabled
resolve_fused_ops: resolving fused DeepSeek V4 HC support:
graph_reserve: reserving a graph for ubatch with n_tokens =    1, n_seqs =  1, n_outputs =    1
resolve_fused_ops: fused DeepSeek V4 HC pre enabled
graph_reserve: reserving a graph for ubatch with n_tokens =    1, n_seqs =  1, n_outputs =    1
resolve_fused_ops: fused DeepSeek V4 HC comb enabled
graph_reserve: reserving a graph for ubatch with n_tokens =    1, n_seqs =  1, n_outputs =    1
resolve_fused_ops: fused DeepSeek V4 HC post enabled
graph_reserve: reserving a graph for ubatch with n_tokens =    8, n_seqs =  1, n_outputs =    8
graph_reserve: reserving a graph for ubatch with n_tokens =    1, n_seqs =  1, n_outputs =    1
graph_reserve: reserving a graph for ubatch with n_tokens =    8, n_seqs =  1, n_outputs =    8
sched_reserve:  CUDA_Host compute buffer size =     0.03 MiB
sched_reserve: graph nodes  = 100
sched_reserve: graph splits = 1
sched_reserve: reserve took 2.37 ms, sched copies = 1
graph_reserve: reserving a graph for ubatch with n_tokens =    4, n_seqs =  1, n_outputs =    4
set_abort_callback: call
graph_compute: ggml_backend_sched_graph_compute_async failed with error 1
process_ubatch: failed to compute graph, compute status: 1
decode: removing memory module entries for seq_id = 0, pos = [59, +inf)
llama_decode: failed to decode, ret = 2
set_abort_callback: call
host-bank MoE execution failed: MoE routing weight must be finite
host-bank MoE execution failed: MoE routing weight must be finite
process_ubatch: failed to compute graph, compute status: -1
decode: removing memory module entries for seq_id = 0, pos = [59, +inf)
llama_decode: failed to decode, ret = -3
llama_context: constructing llama_context
llama_init_from_model: failed to initialize the context: host-bank MoE requires one sequence, op_offload=false and offload_kqv=false
llama_context: constructing llama_context
llama_init_from_model: failed to initialize the context: host-bank MoE requires one sequence, op_offload=false and offload_kqv=false
llama_context: constructing llama_context
llama_init_from_model: failed to initialize the context: host-bank MoE requires one sequence, op_offload=false and offload_kqv=false
llama_context: constructing llama_context
llama_init_from_model: failed to initialize the context: moe cache: invalid uniform arena geometry
llama_context: constructing llama_context
llama_init_from_model: failed to initialize the context: host-bank MoE cache requires model.moe_cpu_tile_bytes host-bank setup
~llama_context:      CUDA0 compute buffer size is   0.0000 MiB, matches expectation of   0.0000 MiB
~llama_context:  CUDA_Host compute buffer size is   0.0304 MiB, matches expectation of   0.0304 MiB
~llama_context:      CUDA0 compute buffer size is   0.0000 MiB, matches expectation of   0.0000 MiB
~llama_context:  CUDA_Host compute buffer size is   0.0304 MiB, matches expectation of   0.0304 MiB
llama_context: constructing llama_context
llama_context: n_seq_max             = 1
llama_context: n_ctx                 = 256
llama_context: n_ctx_seq             = 256
llama_context: n_batch               = 32
llama_context: n_ubatch              = 8
llama_context: causal_attn           = 1
llama_context: flash_attn            = disabled
llama_context: kv_unified            = false
llama_context: freq_base             = 10000.0
llama_context: freq_scale            = 1
llama_context: n_rs_seq              = 0
llama_context: n_outputs_max         = 32
llama_context: n_outputs_max_per_seq = 1
llama_context: n_ctx_seq (256) > n_ctx_train (128) -- possible training context overflow
set_abort_callback: call
llama_context:        CPU  output buffer size =     0.00 MiB
llama_kv_cache: layer   0: dev = CPU
llama_kv_cache: layer   1: dev = CPU
llama_kv_cache:        CPU KV buffer size =     0.06 MiB
llama_kv_cache: size =    0.06 MiB (   256 cells,   2 layers,  1/1 seqs), K (f16):    0.03 MiB, V (f16):    0.03 MiB
llama_kv_cache: attn_rot_k = 0, n_embd_head_k_all = 16
llama_kv_cache: attn_rot_v = 0, n_embd_head_k_all = 16
llama_context: enumerating backends
llama_context: backend_ptrs.size() = 2
sched_reserve: reserving ...
sched_reserve: max_nodes = 1024
sched_reserve: decode graph slots = 4 (n_tokens <= 4)
sched_reserve: reserving full memory module
sched_reserve: worst-case: n_tokens = 8, n_seqs = 1, n_outputs = 1
resolve_fused_ops: resolving fused Gated Delta Net support:
graph_reserve: reserving a graph for ubatch with n_tokens =    1, n_seqs =  1, n_outputs =    1
resolve_fused_ops: fused Gated Delta Net (autoregressive) enabled
graph_reserve: reserving a graph for ubatch with n_tokens =   16, n_seqs =  1, n_outputs =   16
resolve_fused_ops: fused Gated Delta Net (chunked) enabled
resolve_fused_ops: resolving fused Lightning Indexer support:
graph_reserve: reserving a graph for ubatch with n_tokens =    1, n_seqs =  1, n_outputs =    1
resolve_fused_ops: Lightning Indexer enabled
resolve_fused_ops: resolving fused DeepSeek V4 HC support:
graph_reserve: reserving a graph for ubatch with n_tokens =    1, n_seqs =  1, n_outputs =    1
resolve_fused_ops: fused DeepSeek V4 HC pre enabled
graph_reserve: reserving a graph for ubatch with n_tokens =    1, n_seqs =  1, n_outputs =    1
resolve_fused_ops: fused DeepSeek V4 HC comb enabled
graph_reserve: reserving a graph for ubatch with n_tokens =    1, n_seqs =  1, n_outputs =    1
resolve_fused_ops: fused DeepSeek V4 HC post enabled
graph_reserve: reserving a graph for ubatch with n_tokens =    8, n_seqs =  1, n_outputs =    8
graph_reserve: reserving a graph for ubatch with n_tokens =    1, n_seqs =  1, n_outputs =    1
graph_reserve: reserving a graph for ubatch with n_tokens =    8, n_seqs =  1, n_outputs =    8
sched_reserve:  CUDA_Host compute buffer size =     0.03 MiB
sched_reserve: graph nodes  = 100
sched_reserve: graph splits = 1
sched_reserve: reserve took 2.15 ms, sched copies = 1
llama_context: constructing llama_context
llama_context: n_seq_max             = 1
llama_context: n_ctx                 = 256
llama_context: n_ctx_seq             = 256
llama_context: n_batch               = 32
llama_context: n_ubatch              = 8
llama_context: causal_attn           = 1
llama_context: flash_attn            = disabled
llama_context: kv_unified            = false
llama_context: freq_base             = 10000.0
llama_context: freq_scale            = 1
llama_context: n_rs_seq              = 0
llama_context: n_outputs_max         = 32
llama_context: n_outputs_max_per_seq = 1
llama_context: n_ctx_seq (256) > n_ctx_train (128) -- possible training context overflow
set_abort_callback: call
llama_context:        CPU  output buffer size =     0.00 MiB
llama_kv_cache: layer   0: dev = CPU
llama_kv_cache: layer   1: dev = CPU
llama_kv_cache:        CPU KV buffer size =     0.06 MiB
llama_kv_cache: size =    0.06 MiB (   256 cells,   2 layers,  1/1 seqs), K (f16):    0.03 MiB, V (f16):    0.03 MiB
llama_kv_cache: attn_rot_k = 0, n_embd_head_k_all = 16
llama_kv_cache: attn_rot_v = 0, n_embd_head_k_all = 16
llama_context: enumerating backends
llama_context: backend_ptrs.size() = 2
sched_reserve: reserving ...
sched_reserve: max_nodes = 1024
sched_reserve: decode graph slots = 4 (n_tokens <= 4)
sched_reserve: reserving full memory module
sched_reserve: worst-case: n_tokens = 8, n_seqs = 1, n_outputs = 1
resolve_fused_ops: resolving fused Gated Delta Net support:
graph_reserve: reserving a graph for ubatch with n_tokens =    1, n_seqs =  1, n_outputs =    1
resolve_fused_ops: fused Gated Delta Net (autoregressive) enabled
graph_reserve: reserving a graph for ubatch with n_tokens =   16, n_seqs =  1, n_outputs =   16
resolve_fused_ops: fused Gated Delta Net (chunked) enabled
resolve_fused_ops: resolving fused Lightning Indexer support:
graph_reserve: reserving a graph for ubatch with n_tokens =    1, n_seqs =  1, n_outputs =    1
resolve_fused_ops: Lightning Indexer enabled
resolve_fused_ops: resolving fused DeepSeek V4 HC support:
graph_reserve: reserving a graph for ubatch with n_tokens =    1, n_seqs =  1, n_outputs =    1
resolve_fused_ops: fused DeepSeek V4 HC pre enabled
graph_reserve: reserving a graph for ubatch with n_tokens =    1, n_seqs =  1, n_outputs =    1
resolve_fused_ops: fused DeepSeek V4 HC comb enabled
graph_reserve: reserving a graph for ubatch with n_tokens =    1, n_seqs =  1, n_outputs =    1
resolve_fused_ops: fused DeepSeek V4 HC post enabled
graph_reserve: reserving a graph for ubatch with n_tokens =    8, n_seqs =  1, n_outputs =    8
graph_reserve: reserving a graph for ubatch with n_tokens =    1, n_seqs =  1, n_outputs =    1
graph_reserve: reserving a graph for ubatch with n_tokens =    8, n_seqs =  1, n_outputs =    8
sched_reserve:  CUDA_Host compute buffer size =     0.03 MiB
sched_reserve: graph nodes  = 110
sched_reserve: graph splits = 1
sched_reserve: reserve took 2.53 ms, sched copies = 1
~llama_context:      CUDA0 compute buffer size is   0.0000 MiB, matches expectation of   0.0000 MiB
~llama_context:  CUDA_Host compute buffer size is   0.0304 MiB, matches expectation of   0.0304 MiB
~llama_context:      CUDA0 compute buffer size is   0.0000 MiB, matches expectation of   0.0000 MiB
~llama_context:  CUDA_Host compute buffer size is   0.0304 MiB, matches expectation of   0.0304 MiB
llama_model_loader: loaded meta data with 13 key-value pairs and 23 tensors from C:\Users\cadel\AppData\Local\Temp\moe-integration-1727447.gguf (version GGUF V3 (latest))
llama_model_loader: Dumping metadata keys/values. Note: KV overrides do not apply in this output.
llama_model_loader: - kv   0:                       general.architecture str              = llama
llama_model_loader: - kv   1:                       tokenizer.ggml.model str              = no_vocab
llama_model_loader: - kv   2:                           llama.vocab_size u32              = 32
llama_model_loader: - kv   3:                       llama.context_length u32              = 128
llama_model_loader: - kv   4:                     llama.embedding_length u32              = 32
llama_model_loader: - kv   5:                          llama.block_count u32              = 2
llama_model_loader: - kv   6:                  llama.feed_forward_length u32              = 64
llama_model_loader: - kv   7:                 llama.attention.head_count u32              = 2
llama_model_loader: - kv   8:              llama.attention.head_count_kv u32              = 2
llama_model_loader: - kv   9:                 llama.rope.dimension_count u32              = 16
llama_model_loader: - kv  10:                         llama.expert_count u32              = 4
llama_model_loader: - kv  11:                    llama.expert_used_count u32              = 2
llama_model_loader: - kv  12:     llama.attention.layer_norm_rms_epsilon f32              = 0.000010
llama_model_loader: - type  f32:   17 tensors
llama_model_loader: - type q4_0:    6 tensors
print_info: file format = GGUF V3 (latest)
print_info: file type   = (guessed) all F32
print_info: file size   = 0.07 MiB (9.40 BPW) 
llama_prepare_model_devices: using device CUDA0 (NVIDIA GeForce RTX 4060 Laptop GPU) (0000:01:00.0) - 7094 MiB free
load: adding 32 dummy tokens
print_info: arch                  = llama
print_info: vocab_only            = 0
print_info: no_alloc              = 0
print_info: n_ctx_train           = 128
print_info: n_embd_inp            = 32
print_info: n_embd                = 32
print_info: n_embd_out            = 32
print_info: n_layer               = 2
print_info: n_layer_all           = 2
print_info: n_head                = 2
print_info: n_head_kv             = 2
print_info: n_rot                 = 16
print_info: n_swa                 = 0
print_info: is_swa_any            = 0
print_info: n_embd_head_k         = 16
print_info: n_embd_head_v         = 16
print_info: n_gqa                 = 1
print_info: n_embd_k_gqa          = 32
print_info: n_embd_v_gqa          = 32
print_info: f_norm_eps            = 0.0e+00
print_info: f_norm_rms_eps        = 1.0e-05
print_info: f_clamp_kqv           = 0.0e+00
print_info: f_max_alibi_bias      = 0.0e+00
print_info: f_logit_scale         = 0.0e+00
print_info: f_attn_scale          = 0.0e+00
print_info: f_attn_value_scale    = 0.0000
print_info: n_ff                  = 64
print_info: n_expert              = 4
print_info: n_expert_used         = 2
print_info: n_expert_groups       = 0
print_info: n_group_used          = 0
print_info: causal attn           = 1
print_info: pooling type          = -1
print_info: rope type             = 0
print_info: rope scaling          = linear
print_info: freq_base_train       = 10000.0
print_info: freq_scale_train      = 1
print_info: n_ctx_orig_yarn       = 128
print_info: rope_yarn_log_mul     = 0.0000
print_info: rope_finetuned        = unknown
print_info: model type            = ?B
print_info: model params          = 59.81 K
print_info: general.name          = n/a
print_info: vocab type            = no vocab
print_info: n_vocab               = 32
print_info: n_merges              = 0
print_info: max token length      = 0
load_tensors: loading model tensors, this can take a while... (load_mode = none)
load_tensors: layer   0 assigned to device CPU, is_swa = 0
load_tensors: layer   1 assigned to device CPU, is_swa = 0
load_tensors: layer   2 assigned to device CPU, is_swa = 0
create_tensor: loading tensor token_embd.weight
create_tensor: loading tensor output_norm.weight
create_tensor: loading tensor output.weight
create_tensor: loading tensor blk.0.attn_norm.weight
create_tensor: loading tensor blk.0.attn_qkv.weight
create_tensor: loading tensor blk.0.attn_q.weight
create_tensor: loading tensor blk.0.attn_k.weight
create_tensor: loading tensor blk.0.attn_v.weight
create_tensor: loading tensor blk.0.attn_q.bias
create_tensor: loading tensor blk.0.attn_k.bias
create_tensor: loading tensor blk.0.attn_v.bias
create_tensor: loading tensor blk.0.attn_output.weight
create_tensor: loading tensor blk.0.attn_output.bias
create_tensor: loading tensor blk.0.ffn_norm.weight
create_tensor: loading tensor rope_freqs.weight
create_tensor: loading tensor blk.0.ffn_gate_inp.weight
create_tensor: loading tensor blk.0.ffn_gate_exps.weight
create_tensor: loading tensor blk.0.ffn_down_exps.weight
create_tensor: loading tensor blk.0.ffn_up_exps.weight
create_tensor: loading tensor blk.1.attn_norm.weight
create_tensor: loading tensor blk.1.attn_qkv.weight
create_tensor: loading tensor blk.1.attn_q.weight
create_tensor: loading tensor blk.1.attn_k.weight
create_tensor: loading tensor blk.1.attn_v.weight
create_tensor: loading tensor blk.1.attn_q.bias
create_tensor: loading tensor blk.1.attn_k.bias
create_tensor: loading tensor blk.1.attn_v.bias
create_tensor: loading tensor blk.1.attn_output.weight
create_tensor: loading tensor blk.1.attn_output.bias
create_tensor: loading tensor blk.1.ffn_norm.weight
create_tensor: loading tensor rope_freqs.weight
create_tensor: loading tensor blk.1.ffn_gate_inp.weight
create_tensor: loading tensor blk.1.ffn_gate_exps.weight
create_tensor: loading tensor blk.1.ffn_down_exps.weight
create_tensor: loading tensor blk.1.ffn_up_exps.weight
create_tensor: loading tensor blk.0.attn_q.scale
create_tensor: loading tensor blk.0.attn_k.scale
create_tensor: loading tensor blk.0.attn_v.scale
create_tensor: loading tensor blk.0.attn_output.scale
create_tensor: loading tensor blk.0.ffn_gate_exps.scale
create_tensor: loading tensor blk.0.ffn_down_exps.scale
create_tensor: loading tensor blk.0.ffn_up_exps.scale
create_tensor: loading tensor blk.0.attn_q.input_scale
create_tensor: loading tensor blk.0.attn_k.input_scale
create_tensor: loading tensor blk.0.attn_v.input_scale
create_tensor: loading tensor blk.0.attn_output.input_scale
create_tensor: loading tensor blk.0.ffn_gate_exps.input_scale
create_tensor: loading tensor blk.0.ffn_down_exps.input_scale
create_tensor: loading tensor blk.0.ffn_up_exps.input_scale
create_tensor: loading tensor blk.1.attn_q.scale
create_tensor: loading tensor blk.1.attn_k.scale
create_tensor: loading tensor blk.1.attn_v.scale
create_tensor: loading tensor blk.1.attn_output.scale
create_tensor: loading tensor blk.1.ffn_gate_exps.scale
create_tensor: loading tensor blk.1.ffn_down_exps.scale
create_tensor: loading tensor blk.1.ffn_up_exps.scale
create_tensor: loading tensor blk.1.attn_q.input_scale
create_tensor: loading tensor blk.1.attn_k.input_scale
create_tensor: loading tensor blk.1.attn_v.input_scale
create_tensor: loading tensor blk.1.attn_output.input_scale
create_tensor: loading tensor blk.1.ffn_gate_exps.input_scale
create_tensor: loading tensor blk.1.ffn_down_exps.input_scale
create_tensor: loading tensor blk.1.ffn_up_exps.input_scale
load_tensors: offloading 0 repeating layers to GPU
load_tensors: offloaded 0/3 layers to GPU
load_tensors:    CUDA_Host model buffer size =     0.07 MiB
load_all_data: buffer type CUDA_Host is not the default buffer type for device CUDA0 for async uploads
.....................
llama_model_loader: loaded meta data with 13 key-value pairs and 23 tensors from C:\Users\cadel\AppData\Local\Temp\moe-integration-1727447.gguf (version GGUF V3 (latest))
llama_model_loader: Dumping metadata keys/values. Note: KV overrides do not apply in this output.
llama_model_loader: - kv   0:                       general.architecture str              = llama
llama_model_loader: - kv   1:                       tokenizer.ggml.model str              = no_vocab
llama_model_loader: - kv   2:                           llama.vocab_size u32              = 32
llama_model_loader: - kv   3:                       llama.context_length u32              = 128
llama_model_loader: - kv   4:                     llama.embedding_length u32              = 32
llama_model_loader: - kv   5:                          llama.block_count u32              = 2
llama_model_loader: - kv   6:                  llama.feed_forward_length u32              = 64
llama_model_loader: - kv   7:                 llama.attention.head_count u32              = 2
llama_model_loader: - kv   8:              llama.attention.head_count_kv u32              = 2
llama_model_loader: - kv   9:                 llama.rope.dimension_count u32              = 16
llama_model_loader: - kv  10:                         llama.expert_count u32              = 4
llama_model_loader: - kv  11:                    llama.expert_used_count u32              = 2
llama_model_loader: - kv  12:     llama.attention.layer_norm_rms_epsilon f32              = 0.000010
llama_model_loader: - type  f32:   17 tensors
llama_model_loader: - type q4_0:    6 tensors
print_info: file format = GGUF V3 (latest)
print_info: file type   = (guessed) all F32
print_info: file size   = 0.07 MiB (9.40 BPW) 
llama_prepare_model_devices: using device CUDA0 (NVIDIA GeForce RTX 4060 Laptop GPU) (0000:01:00.0) - 7094 MiB free
load: adding 32 dummy tokens
print_info: arch                  = llama
print_info: vocab_only            = 0
print_info: no_alloc              = 0
print_info: n_ctx_train           = 128
print_info: n_embd_inp            = 32
print_info: n_embd                = 32
print_info: n_embd_out            = 32
print_info: n_layer               = 2
print_info: n_layer_all           = 2
print_info: n_head                = 2
print_info: n_head_kv             = 2
print_info: n_rot                 = 16
print_info: n_swa                 = 0
print_info: is_swa_any            = 0
print_info: n_embd_head_k         = 16
print_info: n_embd_head_v         = 16
print_info: n_gqa                 = 1
print_info: n_embd_k_gqa          = 32
print_info: n_embd_v_gqa          = 32
print_info: f_norm_eps            = 0.0e+00
print_info: f_norm_rms_eps        = 1.0e-05
print_info: f_clamp_kqv           = 0.0e+00
print_info: f_max_alibi_bias      = 0.0e+00
print_info: f_logit_scale         = 0.0e+00
print_info: f_attn_scale          = 0.0e+00
print_info: f_attn_value_scale    = 0.0000
print_info: n_ff                  = 64
print_info: n_expert              = 4
print_info: n_expert_used         = 2
print_info: n_expert_groups       = 0
print_info: n_group_used          = 0
print_info: causal attn           = 1
print_info: pooling type          = -1
print_info: rope type             = 0
print_info: rope scaling          = linear
print_info: freq_base_train       = 10000.0
print_info: freq_scale_train      = 1
print_info: n_ctx_orig_yarn       = 128
print_info: rope_yarn_log_mul     = 0.0000
print_info: rope_finetuned        = unknown
print_info: model type            = ?B
print_info: model params          = 59.81 K
print_info: general.name          = n/a
print_info: vocab type            = no vocab
print_info: n_vocab               = 32
print_info: n_merges              = 0
print_info: max token length      = 0
load_tensors: loading model tensors, this can take a while... (load_mode = none)
load_tensors: layer   0 assigned to device CPU, is_swa = 0
load_tensors: layer   1 assigned to device CPU, is_swa = 0
load_tensors: layer   2 assigned to device CPU, is_swa = 0
create_tensor: loading tensor token_embd.weight
create_tensor: loading tensor output_norm.weight
create_tensor: loading tensor output.weight
create_tensor: loading tensor blk.0.attn_norm.weight
create_tensor: loading tensor blk.0.attn_qkv.weight
create_tensor: loading tensor blk.0.attn_q.weight
create_tensor: loading tensor blk.0.attn_k.weight
create_tensor: loading tensor blk.0.attn_v.weight
create_tensor: loading tensor blk.0.attn_q.bias
create_tensor: loading tensor blk.0.attn_k.bias
create_tensor: loading tensor blk.0.attn_v.bias
create_tensor: loading tensor blk.0.attn_output.weight
create_tensor: loading tensor blk.0.attn_output.bias
create_tensor: loading tensor blk.0.ffn_norm.weight
create_tensor: loading tensor rope_freqs.weight
create_tensor: loading tensor blk.0.ffn_gate_inp.weight
create_tensor: loading tensor blk.0.ffn_gate_exps.weight
create_tensor: loading tensor blk.0.ffn_down_exps.weight
create_tensor: loading tensor blk.0.ffn_up_exps.weight
create_tensor: loading tensor blk.1.attn_norm.weight
create_tensor: loading tensor blk.1.attn_qkv.weight
create_tensor: loading tensor blk.1.attn_q.weight
create_tensor: loading tensor blk.1.attn_k.weight
create_tensor: loading tensor blk.1.attn_v.weight
create_tensor: loading tensor blk.1.attn_q.bias
create_tensor: loading tensor blk.1.attn_k.bias
create_tensor: loading tensor blk.1.attn_v.bias
create_tensor: loading tensor blk.1.attn_output.weight
create_tensor: loading tensor blk.1.attn_output.bias
create_tensor: loading tensor blk.1.ffn_norm.weight
create_tensor: loading tensor rope_freqs.weight
create_tensor: loading tensor blk.1.ffn_gate_inp.weight
create_tensor: loading tensor blk.1.ffn_gate_exps.weight
create_tensor: loading tensor blk.1.ffn_down_exps.weight
create_tensor: loading tensor blk.1.ffn_up_exps.weight
create_tensor: loading tensor blk.0.attn_q.scale
create_tensor: loading tensor blk.0.attn_k.scale
create_tensor: loading tensor blk.0.attn_v.scale
create_tensor: loading tensor blk.0.attn_output.scale
create_tensor: loading tensor blk.0.ffn_gate_exps.scale
create_tensor: loading tensor blk.0.ffn_down_exps.scale
create_tensor: loading tensor blk.0.ffn_up_exps.scale
create_tensor: loading tensor blk.0.attn_q.input_scale
create_tensor: loading tensor blk.0.attn_k.input_scale
create_tensor: loading tensor blk.0.attn_v.input_scale
create_tensor: loading tensor blk.0.attn_output.input_scale
create_tensor: loading tensor blk.0.ffn_gate_exps.input_scale
create_tensor: loading tensor blk.0.ffn_down_exps.input_scale
create_tensor: loading tensor blk.0.ffn_up_exps.input_scale
create_tensor: loading tensor blk.1.attn_q.scale
create_tensor: loading tensor blk.1.attn_k.scale
create_tensor: loading tensor blk.1.attn_v.scale
create_tensor: loading tensor blk.1.attn_output.scale
create_tensor: loading tensor blk.1.ffn_gate_exps.scale
create_tensor: loading tensor blk.1.ffn_down_exps.scale
create_tensor: loading tensor blk.1.ffn_up_exps.scale
create_tensor: loading tensor blk.1.attn_q.input_scale
create_tensor: loading tensor blk.1.attn_k.input_scale
create_tensor: loading tensor blk.1.attn_v.input_scale
create_tensor: loading tensor blk.1.attn_output.input_scale
create_tensor: loading tensor blk.1.ffn_gate_exps.input_scale
create_tensor: loading tensor blk.1.ffn_down_exps.input_scale
create_tensor: loading tensor blk.1.ffn_up_exps.input_scale
load_tensors: offloading 0 repeating layers to GPU
load_tensors: offloaded 0/3 layers to GPU
load_tensors:          CPU model buffer size =     0.07 MiB
load_all_data: no device found for buffer type CPU for async uploads
.....................
load_tensors: experimental host-bank MoE enabled, tile weights <= 14848 bytes; this is not a total memory limit
llama_context: constructing llama_context
llama_context: n_seq_max             = 1
llama_context: n_ctx                 = 256
llama_context: n_ctx_seq             = 256
llama_context: n_batch               = 32
llama_context: n_ubatch              = 8
llama_context: causal_attn           = 1
llama_context: flash_attn            = disabled
llama_context: kv_unified            = false
llama_context: freq_base             = 10000.0
llama_context: freq_scale            = 1
llama_context: n_rs_seq              = 0
llama_context: n_outputs_max         = 32
llama_context: n_outputs_max_per_seq = 1
llama_context: n_ctx_seq (256) > n_ctx_train (128) -- possible training context overflow
set_abort_callback: call
llama_context:        CPU  output buffer size =     0.00 MiB
llama_kv_cache: layer   0: dev = CPU
llama_kv_cache: layer   1: dev = CPU
llama_kv_cache:        CPU KV buffer size =     0.06 MiB
llama_kv_cache: size =    0.06 MiB (   256 cells,   2 layers,  1/1 seqs), K (f16):    0.03 MiB, V (f16):    0.03 MiB
llama_kv_cache: attn_rot_k = 0, n_embd_head_k_all = 16
llama_kv_cache: attn_rot_v = 0, n_embd_head_k_all = 16
llama_context: enumerating backends
llama_context: backend_ptrs.size() = 2
sched_reserve: reserving ...
sched_reserve: max_nodes = 1024
sched_reserve: decode graph slots = 4 (n_tokens <= 4)
sched_reserve: reserving full memory module
sched_reserve: worst-case: n_tokens = 8, n_seqs = 1, n_outputs = 1
resolve_fused_ops: resolving fused Gated Delta Net support:
graph_reserve: reserving a graph for ubatch with n_tokens =    1, n_seqs =  1, n_outputs =    1
resolve_fused_ops: fused Gated Delta Net (autoregressive) enabled
graph_reserve: reserving a graph for ubatch with n_tokens =   16, n_seqs =  1, n_outputs =   16
resolve_fused_ops: fused Gated Delta Net (chunked) enabled
resolve_fused_ops: resolving fused Lightning Indexer support:
graph_reserve: reserving a graph for ubatch with n_tokens =    1, n_seqs =  1, n_outputs =    1
resolve_fused_ops: Lightning Indexer enabled
resolve_fused_ops: resolving fused DeepSeek V4 HC support:
graph_reserve: reserving a graph for ubatch with n_tokens =    1, n_seqs =  1, n_outputs =    1
resolve_fused_ops: fused DeepSeek V4 HC pre enabled
graph_reserve: reserving a graph for ubatch with n_tokens =    1, n_seqs =  1, n_outputs =    1
resolve_fused_ops: fused DeepSeek V4 HC comb enabled
graph_reserve: reserving a graph for ubatch with n_tokens =    1, n_seqs =  1, n_outputs =    1
resolve_fused_ops: fused DeepSeek V4 HC post enabled
graph_reserve: reserving a graph for ubatch with n_tokens =    8, n_seqs =  1, n_outputs =    8
graph_reserve: reserving a graph for ubatch with n_tokens =    1, n_seqs =  1, n_outputs =    1
graph_reserve: reserving a graph for ubatch with n_tokens =    8, n_seqs =  1, n_outputs =    8
sched_reserve:  CUDA_Host compute buffer size =     0.03 MiB
sched_reserve: graph nodes  = 110
sched_reserve: graph splits = 1
sched_reserve: reserve took 2.68 ms, sched copies = 1
llama_context: constructing llama_context
llama_context: n_seq_max             = 1
llama_context: n_ctx                 = 256
llama_context: n_ctx_seq             = 256
llama_context: n_batch               = 32
llama_context: n_ubatch              = 8
llama_context: causal_attn           = 1
llama_context: flash_attn            = disabled
llama_context: kv_unified            = false
llama_context: freq_base             = 10000.0
llama_context: freq_scale            = 1
llama_context: n_rs_seq              = 0
llama_context: n_outputs_max         = 32
llama_context: n_outputs_max_per_seq = 1
llama_context: n_ctx_seq (256) > n_ctx_train (128) -- possible training context overflow
set_abort_callback: call
llama_context:        CPU  output buffer size =     0.00 MiB
llama_kv_cache: layer   0: dev = CPU
llama_kv_cache: layer   1: dev = CPU
llama_kv_cache:        CPU KV buffer size =     0.06 MiB
llama_kv_cache: size =    0.06 MiB (   256 cells,   2 layers,  1/1 seqs), K (f16):    0.03 MiB, V (f16):    0.03 MiB
llama_kv_cache: attn_rot_k = 0, n_embd_head_k_all = 16
llama_kv_cache: attn_rot_v = 0, n_embd_head_k_all = 16
llama_context: enumerating backends
llama_context: backend_ptrs.size() = 2
sched_reserve: reserving ...
sched_reserve: max_nodes = 1024
sched_reserve: decode graph slots = 4 (n_tokens <= 4)
sched_reserve: reserving full memory module
sched_reserve: worst-case: n_tokens = 8, n_seqs = 1, n_outputs = 1
resolve_fused_ops: resolving fused Gated Delta Net support:
graph_reserve: reserving a graph for ubatch with n_tokens =    1, n_seqs =  1, n_outputs =    1
resolve_fused_ops: fused Gated Delta Net (autoregressive) enabled
graph_reserve: reserving a graph for ubatch with n_tokens =   16, n_seqs =  1, n_outputs =   16
resolve_fused_ops: fused Gated Delta Net (chunked) enabled
resolve_fused_ops: resolving fused Lightning Indexer support:
graph_reserve: reserving a graph for ubatch with n_tokens =    1, n_seqs =  1, n_outputs =    1
resolve_fused_ops: Lightning Indexer enabled
resolve_fused_ops: resolving fused DeepSeek V4 HC support:
graph_reserve: reserving a graph for ubatch with n_tokens =    1, n_seqs =  1, n_outputs =    1
resolve_fused_ops: fused DeepSeek V4 HC pre enabled
graph_reserve: reserving a graph for ubatch with n_tokens =    1, n_seqs =  1, n_outputs =    1
resolve_fused_ops: fused DeepSeek V4 HC comb enabled
graph_reserve: reserving a graph for ubatch with n_tokens =    1, n_seqs =  1, n_outputs =    1
resolve_fused_ops: fused DeepSeek V4 HC post enabled
graph_reserve: reserving a graph for ubatch with n_tokens =    8, n_seqs =  1, n_outputs =    8
graph_reserve: reserving a graph for ubatch with n_tokens =    1, n_seqs =  1, n_outputs =    1
graph_reserve: reserving a graph for ubatch with n_tokens =    8, n_seqs =  1, n_outputs =    8
sched_reserve:  CUDA_Host compute buffer size =     0.03 MiB
sched_reserve: graph nodes  = 100
sched_reserve: graph splits = 1
sched_reserve: reserve took 2.22 ms, sched copies = 1
graph_reserve: reserving a graph for ubatch with n_tokens =    4, n_seqs =  1, n_outputs =    4
set_abort_callback: call
graph_compute: ggml_backend_sched_graph_compute_async failed with error 1
process_ubatch: failed to compute graph, compute status: 1
decode: removing memory module entries for seq_id = 0, pos = [59, +inf)
llama_decode: failed to decode, ret = 2
set_abort_callback: call
host-bank MoE execution failed: MoE routing weight must be finite
host-bank MoE execution failed: MoE routing weight must be finite
process_ubatch: failed to compute graph, compute status: -1
decode: removing memory module entries for seq_id = 0, pos = [59, +inf)
llama_decode: failed to decode, ret = -3
llama_context: constructing llama_context
llama_init_from_model: failed to initialize the context: host-bank MoE requires one sequence, op_offload=false and offload_kqv=false
llama_context: constructing llama_context
llama_init_from_model: failed to initialize the context: host-bank MoE requires one sequence, op_offload=false and offload_kqv=false
llama_context: constructing llama_context
llama_init_from_model: failed to initialize the context: host-bank MoE requires one sequence, op_offload=false and offload_kqv=false
llama_context: constructing llama_context
llama_init_from_model: failed to initialize the context: moe cache: invalid uniform arena geometry
llama_context: constructing llama_context
llama_init_from_model: failed to initialize the context: host-bank MoE cache requires model.moe_cpu_tile_bytes host-bank setup
~llama_context:      CUDA0 compute buffer size is   0.0000 MiB, matches expectation of   0.0000 MiB
~llama_context:  CUDA_Host compute buffer size is   0.0304 MiB, matches expectation of   0.0304 MiB
~llama_context:      CUDA0 compute buffer size is   0.0000 MiB, matches expectation of   0.0000 MiB
~llama_context:  CUDA_Host compute buffer size is   0.0304 MiB, matches expectation of   0.0304 MiB
llama_context: constructing llama_context
llama_context: n_seq_max             = 1
llama_context: n_ctx                 = 256
llama_context: n_ctx_seq             = 256
llama_context: n_batch               = 32
llama_context: n_ubatch              = 8
llama_context: causal_attn           = 1
llama_context: flash_attn            = disabled
llama_context: kv_unified            = false
llama_context: freq_base             = 10000.0
llama_context: freq_scale            = 1
llama_context: n_rs_seq              = 0
llama_context: n_outputs_max         = 32
llama_context: n_outputs_max_per_seq = 1
llama_context: n_ctx_seq (256) > n_ctx_train (128) -- possible training context overflow
set_abort_callback: call
llama_context:        CPU  output buffer size =     0.00 MiB
llama_kv_cache: layer   0: dev = CPU
llama_kv_cache: layer   1: dev = CPU
llama_kv_cache:        CPU KV buffer size =     0.06 MiB
llama_kv_cache: size =    0.06 MiB (   256 cells,   2 layers,  1/1 seqs), K (f16):    0.03 MiB, V (f16):    0.03 MiB
llama_kv_cache: attn_rot_k = 0, n_embd_head_k_all = 16
llama_kv_cache: attn_rot_v = 0, n_embd_head_k_all = 16
llama_context: enumerating backends
llama_context: backend_ptrs.size() = 2
sched_reserve: reserving ...
sched_reserve: max_nodes = 1024
sched_reserve: decode graph slots = 4 (n_tokens <= 4)
sched_reserve: reserving full memory module
sched_reserve: worst-case: n_tokens = 8, n_seqs = 1, n_outputs = 1
resolve_fused_ops: resolving fused Gated Delta Net support:
graph_reserve: reserving a graph for ubatch with n_tokens =    1, n_seqs =  1, n_outputs =    1
resolve_fused_ops: fused Gated Delta Net (autoregressive) enabled
graph_reserve: reserving a graph for ubatch with n_tokens =   16, n_seqs =  1, n_outputs =   16
resolve_fused_ops: fused Gated Delta Net (chunked) enabled
resolve_fused_ops: resolving fused Lightning Indexer support:
graph_reserve: reserving a graph for ubatch with n_tokens =    1, n_seqs =  1, n_outputs =    1
resolve_fused_ops: Lightning Indexer enabled
resolve_fused_ops: resolving fused DeepSeek V4 HC support:
graph_reserve: reserving a graph for ubatch with n_tokens =    1, n_seqs =  1, n_outputs =    1
resolve_fused_ops: fused DeepSeek V4 HC pre enabled
graph_reserve: reserving a graph for ubatch with n_tokens =    1, n_seqs =  1, n_outputs =    1
resolve_fused_ops: fused DeepSeek V4 HC comb enabled
graph_reserve: reserving a graph for ubatch with n_tokens =    1, n_seqs =  1, n_outputs =    1
resolve_fused_ops: fused DeepSeek V4 HC post enabled
graph_reserve: reserving a graph for ubatch with n_tokens =    8, n_seqs =  1, n_outputs =    8
graph_reserve: reserving a graph for ubatch with n_tokens =    1, n_seqs =  1, n_outputs =    1
graph_reserve: reserving a graph for ubatch with n_tokens =    8, n_seqs =  1, n_outputs =    8
sched_reserve:  CUDA_Host compute buffer size =     0.03 MiB
sched_reserve: graph nodes  = 100
sched_reserve: graph splits = 1
sched_reserve: reserve took 2.21 ms, sched copies = 1
llama_context: constructing llama_context
llama_context: n_seq_max             = 1
llama_context: n_ctx                 = 256
llama_context: n_ctx_seq             = 256
llama_context: n_batch               = 32
llama_context: n_ubatch              = 8
llama_context: causal_attn           = 1
llama_context: flash_attn            = disabled
llama_context: kv_unified            = false
llama_context: freq_base             = 10000.0
llama_context: freq_scale            = 1
llama_context: n_rs_seq              = 0
llama_context: n_outputs_max         = 32
llama_context: n_outputs_max_per_seq = 1
llama_context: n_ctx_seq (256) > n_ctx_train (128) -- possible training context overflow
set_abort_callback: call
llama_context:        CPU  output buffer size =     0.00 MiB
llama_kv_cache: layer   0: dev = CPU
llama_kv_cache: layer   1: dev = CPU
llama_kv_cache:        CPU KV buffer size =     0.06 MiB
llama_kv_cache: size =    0.06 MiB (   256 cells,   2 layers,  1/1 seqs), K (f16):    0.03 MiB, V (f16):    0.03 MiB
llama_kv_cache: attn_rot_k = 0, n_embd_head_k_all = 16
llama_kv_cache: attn_rot_v = 0, n_embd_head_k_all = 16
llama_context: enumerating backends
llama_context: backend_ptrs.size() = 2
sched_reserve: reserving ...
sched_reserve: max_nodes = 1024
sched_reserve: decode graph slots = 4 (n_tokens <= 4)
sched_reserve: reserving full memory module
sched_reserve: worst-case: n_tokens = 8, n_seqs = 1, n_outputs = 1
resolve_fused_ops: resolving fused Gated Delta Net support:
graph_reserve: reserving a graph for ubatch with n_tokens =    1, n_seqs =  1, n_outputs =    1
resolve_fused_ops: fused Gated Delta Net (autoregressive) enabled
graph_reserve: reserving a graph for ubatch with n_tokens =   16, n_seqs =  1, n_outputs =   16
resolve_fused_ops: fused Gated Delta Net (chunked) enabled
resolve_fused_ops: resolving fused Lightning Indexer support:
graph_reserve: reserving a graph for ubatch with n_tokens =    1, n_seqs =  1, n_outputs =    1
resolve_fused_ops: Lightning Indexer enabled
resolve_fused_ops: resolving fused DeepSeek V4 HC support:
graph_reserve: reserving a graph for ubatch with n_tokens =    1, n_seqs =  1, n_outputs =    1
resolve_fused_ops: fused DeepSeek V4 HC pre enabled
graph_reserve: reserving a graph for ubatch with n_tokens =    1, n_seqs =  1, n_outputs =    1
resolve_fused_ops: fused DeepSeek V4 HC comb enabled
graph_reserve: reserving a graph for ubatch with n_tokens =    1, n_seqs =  1, n_outputs =    1
resolve_fused_ops: fused DeepSeek V4 HC post enabled
graph_reserve: reserving a graph for ubatch with n_tokens =    8, n_seqs =  1, n_outputs =    8
graph_reserve: reserving a graph for ubatch with n_tokens =    1, n_seqs =  1, n_outputs =    1
graph_reserve: reserving a graph for ubatch with n_tokens =    8, n_seqs =  1, n_outputs =    8
sched_reserve:  CUDA_Host compute buffer size =     0.03 MiB
sched_reserve: graph nodes  = 110
sched_reserve: graph splits = 1
sched_reserve: reserve took 2.55 ms, sched copies = 1
~llama_context:      CUDA0 compute buffer size is   0.0000 MiB, matches expectation of   0.0000 MiB
~llama_context:  CUDA_Host compute buffer size is   0.0304 MiB, matches expectation of   0.0304 MiB
~llama_context:      CUDA0 compute buffer size is   0.0000 MiB, matches expectation of   0.0000 MiB
~llama_context:  CUDA_Host compute buffer size is   0.0304 MiB, matches expectation of   0.0304 MiB
llama_model_loader: loaded meta data with 13 key-value pairs and 23 tensors from C:\Users\cadel\AppData\Local\Temp\moe-integration-1727447.gguf (version GGUF V3 (latest))
llama_model_loader: Dumping metadata keys/values. Note: KV overrides do not apply in this output.
llama_model_loader: - kv   0:                       general.architecture str              = llama
llama_model_loader: - kv   1:                       tokenizer.ggml.model str              = no_vocab
llama_model_loader: - kv   2:                           llama.vocab_size u32              = 32
llama_model_loader: - kv   3:                       llama.context_length u32              = 128
llama_model_loader: - kv   4:                     llama.embedding_length u32              = 32
llama_model_loader: - kv   5:                          llama.block_count u32              = 2
llama_model_loader: - kv   6:                  llama.feed_forward_length u32              = 64
llama_model_loader: - kv   7:                 llama.attention.head_count u32              = 2
llama_model_loader: - kv   8:              llama.attention.head_count_kv u32              = 2
llama_model_loader: - kv   9:                 llama.rope.dimension_count u32              = 16
llama_model_loader: - kv  10:                         llama.expert_count u32              = 4
llama_model_loader: - kv  11:                    llama.expert_used_count u32              = 2
llama_model_loader: - kv  12:     llama.attention.layer_norm_rms_epsilon f32              = 0.000010
llama_model_loader: - type  f32:   17 tensors
llama_model_loader: - type q4_0:    6 tensors
print_info: file format = GGUF V3 (latest)
print_info: file type   = (guessed) all F32
print_info: file size   = 0.07 MiB (9.40 BPW) 
llama_prepare_model_devices: using device CUDA0 (NVIDIA GeForce RTX 4060 Laptop GPU) (0000:01:00.0) - 7094 MiB free
load: adding 32 dummy tokens
print_info: arch                  = llama
print_info: vocab_only            = 0
print_info: no_alloc              = 0
print_info: n_ctx_train           = 128
print_info: n_embd_inp            = 32
print_info: n_embd                = 32
print_info: n_embd_out            = 32
print_info: n_layer               = 2
print_info: n_layer_all           = 2
print_info: n_head                = 2
print_info: n_head_kv             = 2
print_info: n_rot                 = 16
print_info: n_swa                 = 0
print_info: is_swa_any            = 0
print_info: n_embd_head_k         = 16
print_info: n_embd_head_v         = 16
print_info: n_gqa                 = 1
print_info: n_embd_k_gqa          = 32
print_info: n_embd_v_gqa          = 32
print_info: f_norm_eps            = 0.0e+00
print_info: f_norm_rms_eps        = 1.0e-05
print_info: f_clamp_kqv           = 0.0e+00
print_info: f_max_alibi_bias      = 0.0e+00
print_info: f_logit_scale         = 0.0e+00
print_info: f_attn_scale          = 0.0e+00
print_info: f_attn_value_scale    = 0.0000
print_info: n_ff                  = 64
print_info: n_expert              = 4
print_info: n_expert_used         = 2
print_info: n_expert_groups       = 0
print_info: n_group_used          = 0
print_info: causal attn           = 1
print_info: pooling type          = -1
print_info: rope type             = 0
print_info: rope scaling          = linear
print_info: freq_base_train       = 10000.0
print_info: freq_scale_train      = 1
print_info: n_ctx_orig_yarn       = 128
print_info: rope_yarn_log_mul     = 0.0000
print_info: rope_finetuned        = unknown
print_info: model type            = ?B
print_info: model params          = 59.81 K
print_info: general.name          = n/a
print_info: vocab type            = no vocab
print_info: n_vocab               = 32
print_info: n_merges              = 0
print_info: max token length      = 0
load_tensors: loading model tensors, this can take a while... (load_mode = none)
load_tensors: layer   0 assigned to device CPU, is_swa = 0
load_tensors: layer   1 assigned to device CPU, is_swa = 0
load_tensors: layer   2 assigned to device CPU, is_swa = 0
create_tensor: loading tensor token_embd.weight
create_tensor: loading tensor output_norm.weight
create_tensor: loading tensor output.weight
create_tensor: loading tensor blk.0.attn_norm.weight
create_tensor: loading tensor blk.0.attn_qkv.weight
create_tensor: loading tensor blk.0.attn_q.weight
create_tensor: loading tensor blk.0.attn_k.weight
create_tensor: loading tensor blk.0.attn_v.weight
create_tensor: loading tensor blk.0.attn_q.bias
create_tensor: loading tensor blk.0.attn_k.bias
create_tensor: loading tensor blk.0.attn_v.bias
create_tensor: loading tensor blk.0.attn_output.weight
create_tensor: loading tensor blk.0.attn_output.bias
create_tensor: loading tensor blk.0.ffn_norm.weight
create_tensor: loading tensor rope_freqs.weight
create_tensor: loading tensor blk.0.ffn_gate_inp.weight
create_tensor: loading tensor blk.0.ffn_gate_exps.weight
create_tensor: loading tensor blk.0.ffn_down_exps.weight
create_tensor: loading tensor blk.0.ffn_up_exps.weight
create_tensor: loading tensor blk.1.attn_norm.weight
create_tensor: loading tensor blk.1.attn_qkv.weight
create_tensor: loading tensor blk.1.attn_q.weight
create_tensor: loading tensor blk.1.attn_k.weight
create_tensor: loading tensor blk.1.attn_v.weight
create_tensor: loading tensor blk.1.attn_q.bias
create_tensor: loading tensor blk.1.attn_k.bias
create_tensor: loading tensor blk.1.attn_v.bias
create_tensor: loading tensor blk.1.attn_output.weight
create_tensor: loading tensor blk.1.attn_output.bias
create_tensor: loading tensor blk.1.ffn_norm.weight
create_tensor: loading tensor rope_freqs.weight
create_tensor: loading tensor blk.1.ffn_gate_inp.weight
create_tensor: loading tensor blk.1.ffn_gate_exps.weight
create_tensor: loading tensor blk.1.ffn_down_exps.weight
create_tensor: loading tensor blk.1.ffn_up_exps.weight
create_tensor: loading tensor blk.0.attn_q.scale
create_tensor: loading tensor blk.0.attn_k.scale
create_tensor: loading tensor blk.0.attn_v.scale
create_tensor: loading tensor blk.0.attn_output.scale
create_tensor: loading tensor blk.0.ffn_gate_exps.scale
create_tensor: loading tensor blk.0.ffn_down_exps.scale
create_tensor: loading tensor blk.0.ffn_up_exps.scale
create_tensor: loading tensor blk.0.attn_q.input_scale
create_tensor: loading tensor blk.0.attn_k.input_scale
create_tensor: loading tensor blk.0.attn_v.input_scale
create_tensor: loading tensor blk.0.attn_output.input_scale
create_tensor: loading tensor blk.0.ffn_gate_exps.input_scale
create_tensor: loading tensor blk.0.ffn_down_exps.input_scale
create_tensor: loading tensor blk.0.ffn_up_exps.input_scale
create_tensor: loading tensor blk.1.attn_q.scale
create_tensor: loading tensor blk.1.attn_k.scale
create_tensor: loading tensor blk.1.attn_v.scale
create_tensor: loading tensor blk.1.attn_output.scale
create_tensor: loading tensor blk.1.ffn_gate_exps.scale
create_tensor: loading tensor blk.1.ffn_down_exps.scale
create_tensor: loading tensor blk.1.ffn_up_exps.scale
create_tensor: loading tensor blk.1.attn_q.input_scale
create_tensor: loading tensor blk.1.attn_k.input_scale
create_tensor: loading tensor blk.1.attn_v.input_scale
create_tensor: loading tensor blk.1.attn_output.input_scale
create_tensor: loading tensor blk.1.ffn_gate_exps.input_scale
create_tensor: loading tensor blk.1.ffn_down_exps.input_scale
create_tensor: loading tensor blk.1.ffn_up_exps.input_scale
load_tensors: offloading 0 repeating layers to GPU
load_tensors: offloaded 0/3 layers to GPU
load_tensors:    CUDA_Host model buffer size =     0.07 MiB
load_all_data: buffer type CUDA_Host is not the default buffer type for device CUDA0 for async uploads
.....................
llama_model_loader: loaded meta data with 13 key-value pairs and 23 tensors from C:\Users\cadel\AppData\Local\Temp\moe-integration-1727447.gguf (version GGUF V3 (latest))
llama_model_loader: Dumping metadata keys/values. Note: KV overrides do not apply in this output.
llama_model_loader: - kv   0:                       general.architecture str              = llama
llama_model_loader: - kv   1:                       tokenizer.ggml.model str              = no_vocab
llama_model_loader: - kv   2:                           llama.vocab_size u32              = 32
llama_model_loader: - kv   3:                       llama.context_length u32              = 128
llama_model_loader: - kv   4:                     llama.embedding_length u32              = 32
llama_model_loader: - kv   5:                          llama.block_count u32              = 2
llama_model_loader: - kv   6:                  llama.feed_forward_length u32              = 64
llama_model_loader: - kv   7:                 llama.attention.head_count u32              = 2
llama_model_loader: - kv   8:              llama.attention.head_count_kv u32              = 2
llama_model_loader: - kv   9:                 llama.rope.dimension_count u32              = 16
llama_model_loader: - kv  10:                         llama.expert_count u32              = 4
llama_model_loader: - kv  11:                    llama.expert_used_count u32              = 2
llama_model_loader: - kv  12:     llama.attention.layer_norm_rms_epsilon f32              = 0.000010
llama_model_loader: - type  f32:   17 tensors
llama_model_loader: - type q4_0:    6 tensors
print_info: file format = GGUF V3 (latest)
print_info: file type   = (guessed) all F32
print_info: file size   = 0.07 MiB (9.40 BPW) 
llama_prepare_model_devices: using device CUDA0 (NVIDIA GeForce RTX 4060 Laptop GPU) (0000:01:00.0) - 7094 MiB free
load: adding 32 dummy tokens
print_info: arch                  = llama
print_info: vocab_only            = 0
print_info: no_alloc              = 0
print_info: n_ctx_train           = 128
print_info: n_embd_inp            = 32
print_info: n_embd                = 32
print_info: n_embd_out            = 32
print_info: n_layer               = 2
print_info: n_layer_all           = 2
print_info: n_head                = 2
print_info: n_head_kv             = 2
print_info: n_rot                 = 16
print_info: n_swa                 = 0
print_info: is_swa_any            = 0
print_info: n_embd_head_k         = 16
print_info: n_embd_head_v         = 16
print_info: n_gqa                 = 1
print_info: n_embd_k_gqa          = 32
print_info: n_embd_v_gqa          = 32
print_info: f_norm_eps            = 0.0e+00
print_info: f_norm_rms_eps        = 1.0e-05
print_info: f_clamp_kqv           = 0.0e+00
print_info: f_max_alibi_bias      = 0.0e+00
print_info: f_logit_scale         = 0.0e+00
print_info: f_attn_scale          = 0.0e+00
print_info: f_attn_value_scale    = 0.0000
print_info: n_ff                  = 64
print_info: n_expert              = 4
print_info: n_expert_used         = 2
print_info: n_expert_groups       = 0
print_info: n_group_used          = 0
print_info: causal attn           = 1
print_info: pooling type          = -1
print_info: rope type             = 0
print_info: rope scaling          = linear
print_info: freq_base_train       = 10000.0
print_info: freq_scale_train      = 1
print_info: n_ctx_orig_yarn       = 128
print_info: rope_yarn_log_mul     = 0.0000
print_info: rope_finetuned        = unknown
print_info: model type            = ?B
print_info: model params          = 59.81 K
print_info: general.name          = n/a
print_info: vocab type            = no vocab
print_info: n_vocab               = 32
print_info: n_merges              = 0
print_info: max token length      = 0
load_tensors: loading model tensors, this can take a while... (load_mode = none)
load_tensors: layer   0 assigned to device CPU, is_swa = 0
load_tensors: layer   1 assigned to device CPU, is_swa = 0
load_tensors: layer   2 assigned to device CPU, is_swa = 0
create_tensor: loading tensor token_embd.weight
create_tensor: loading tensor output_norm.weight
create_tensor: loading tensor output.weight
create_tensor: loading tensor blk.0.attn_norm.weight
create_tensor: loading tensor blk.0.attn_qkv.weight
create_tensor: loading tensor blk.0.attn_q.weight
create_tensor: loading tensor blk.0.attn_k.weight
create_tensor: loading tensor blk.0.attn_v.weight
create_tensor: loading tensor blk.0.attn_q.bias
create_tensor: loading tensor blk.0.attn_k.bias
create_tensor: loading tensor blk.0.attn_v.bias
create_tensor: loading tensor blk.0.attn_output.weight
create_tensor: loading tensor blk.0.attn_output.bias
create_tensor: loading tensor blk.0.ffn_norm.weight
create_tensor: loading tensor rope_freqs.weight
create_tensor: loading tensor blk.0.ffn_gate_inp.weight
create_tensor: loading tensor blk.0.ffn_gate_exps.weight
create_tensor: loading tensor blk.0.ffn_down_exps.weight
create_tensor: loading tensor blk.0.ffn_up_exps.weight
create_tensor: loading tensor blk.1.attn_norm.weight
create_tensor: loading tensor blk.1.attn_qkv.weight
create_tensor: loading tensor blk.1.attn_q.weight
create_tensor: loading tensor blk.1.attn_k.weight
create_tensor: loading tensor blk.1.attn_v.weight
create_tensor: loading tensor blk.1.attn_q.bias
create_tensor: loading tensor blk.1.attn_k.bias
create_tensor: loading tensor blk.1.attn_v.bias
create_tensor: loading tensor blk.1.attn_output.weight
create_tensor: loading tensor blk.1.attn_output.bias
create_tensor: loading tensor blk.1.ffn_norm.weight
create_tensor: loading tensor rope_freqs.weight
create_tensor: loading tensor blk.1.ffn_gate_inp.weight
create_tensor: loading tensor blk.1.ffn_gate_exps.weight
create_tensor: loading tensor blk.1.ffn_down_exps.weight
create_tensor: loading tensor blk.1.ffn_up_exps.weight
create_tensor: loading tensor blk.0.attn_q.scale
create_tensor: loading tensor blk.0.attn_k.scale
create_tensor: loading tensor blk.0.attn_v.scale
create_tensor: loading tensor blk.0.attn_output.scale
create_tensor: loading tensor blk.0.ffn_gate_exps.scale
create_tensor: loading tensor blk.0.ffn_down_exps.scale
create_tensor: loading tensor blk.0.ffn_up_exps.scale
create_tensor: loading tensor blk.0.attn_q.input_scale
create_tensor: loading tensor blk.0.attn_k.input_scale
create_tensor: loading tensor blk.0.attn_v.input_scale
create_tensor: loading tensor blk.0.attn_output.input_scale
create_tensor: loading tensor blk.0.ffn_gate_exps.input_scale
create_tensor: loading tensor blk.0.ffn_down_exps.input_scale
create_tensor: loading tensor blk.0.ffn_up_exps.input_scale
create_tensor: loading tensor blk.1.attn_q.scale
create_tensor: loading tensor blk.1.attn_k.scale
create_tensor: loading tensor blk.1.attn_v.scale
create_tensor: loading tensor blk.1.attn_output.scale
create_tensor: loading tensor blk.1.ffn_gate_exps.scale
create_tensor: loading tensor blk.1.ffn_down_exps.scale
create_tensor: loading tensor blk.1.ffn_up_exps.scale
create_tensor: loading tensor blk.1.attn_q.input_scale
create_tensor: loading tensor blk.1.attn_k.input_scale
create_tensor: loading tensor blk.1.attn_v.input_scale
create_tensor: loading tensor blk.1.attn_output.input_scale
create_tensor: loading tensor blk.1.ffn_gate_exps.input_scale
create_tensor: loading tensor blk.1.ffn_down_exps.input_scale
create_tensor: loading tensor blk.1.ffn_up_exps.input_scale
load_tensors: offloading 0 repeating layers to GPU
load_tensors: offloaded 0/3 layers to GPU
load_tensors:          CPU model buffer size =     0.07 MiB
load_all_data: no device found for buffer type CPU for async uploads
.....................
load_tensors: experimental host-bank MoE enabled, tile weights <= 3712 bytes; this is not a total memory limit
llama_context: constructing llama_context
llama_context: n_seq_max             = 1
llama_context: n_ctx                 = 256
llama_context: n_ctx_seq             = 256
llama_context: n_batch               = 32
llama_context: n_ubatch              = 8
llama_context: causal_attn           = 1
llama_context: flash_attn            = disabled
llama_context: kv_unified            = false
llama_context: freq_base             = 10000.0
llama_context: freq_scale            = 1
llama_context: n_rs_seq              = 0
llama_context: n_outputs_max         = 32
llama_context: n_outputs_max_per_seq = 1
llama_context: n_ctx_seq (256) > n_ctx_train (128) -- possible training context overflow
set_abort_callback: call
llama_context:        CPU  output buffer size =     0.00 MiB
llama_kv_cache: layer   0: dev = CPU
llama_kv_cache: layer   1: dev = CPU
llama_kv_cache:        CPU KV buffer size =     0.06 MiB
llama_kv_cache: size =    0.06 MiB (   256 cells,   2 layers,  1/1 seqs), K (f16):    0.03 MiB, V (f16):    0.03 MiB
llama_kv_cache: attn_rot_k = 0, n_embd_head_k_all = 16
llama_kv_cache: attn_rot_v = 0, n_embd_head_k_all = 16
llama_context: enumerating backends
llama_context: backend_ptrs.size() = 2
sched_reserve: reserving ...
sched_reserve: max_nodes = 1024
sched_reserve: decode graph slots = 4 (n_tokens <= 4)
sched_reserve: reserving full memory module
sched_reserve: worst-case: n_tokens = 8, n_seqs = 1, n_outputs = 1
resolve_fused_ops: resolving fused Gated Delta Net support:
graph_reserve: reserving a graph for ubatch with n_tokens =    1, n_seqs =  1, n_outputs =    1
resolve_fused_ops: fused Gated Delta Net (autoregressive) enabled
graph_reserve: reserving a graph for ubatch with n_tokens =   16, n_seqs =  1, n_outputs =   16
resolve_fused_ops: fused Gated Delta Net (chunked) enabled
resolve_fused_ops: resolving fused Lightning Indexer support:
graph_reserve: reserving a graph for ubatch with n_tokens =    1, n_seqs =  1, n_outputs =    1
resolve_fused_ops: Lightning Indexer enabled
resolve_fused_ops: resolving fused DeepSeek V4 HC support:
graph_reserve: reserving a graph for ubatch with n_tokens =    1, n_seqs =  1, n_outputs =    1
resolve_fused_ops: fused DeepSeek V4 HC pre enabled
graph_reserve: reserving a graph for ubatch with n_tokens =    1, n_seqs =  1, n_outputs =    1
resolve_fused_ops: fused DeepSeek V4 HC comb enabled
graph_reserve: reserving a graph for ubatch with n_tokens =    1, n_seqs =  1, n_outputs =    1
resolve_fused_ops: fused DeepSeek V4 HC post enabled
graph_reserve: reserving a graph for ubatch with n_tokens =    8, n_seqs =  1, n_outputs =    8
graph_reserve: reserving a graph for ubatch with n_tokens =    1, n_seqs =  1, n_outputs =    1
graph_reserve: reserving a graph for ubatch with n_tokens =    8, n_seqs =  1, n_outputs =    8
sched_reserve:  CUDA_Host compute buffer size =     0.03 MiB
sched_reserve: graph nodes  = 110
sched_reserve: graph splits = 1
sched_reserve: reserve took 3.71 ms, sched copies = 1
llama_context: constructing llama_context
llama_context: MoE device=CUDA0 cache=35840 staging=1048576 compute-limit=67108864 bytes
llama_context: n_seq_max             = 1
llama_context: n_ctx                 = 256
llama_context: n_ctx_seq             = 256
llama_context: n_batch               = 32
llama_context: n_ubatch              = 8
llama_context: causal_attn           = 1
llama_context: flash_attn            = disabled
llama_context: kv_unified            = false
llama_context: freq_base             = 10000.0
llama_context: freq_scale            = 1
llama_context: n_rs_seq              = 0
llama_context: n_outputs_max         = 32
llama_context: n_outputs_max_per_seq = 1
llama_context: n_ctx_seq (256) > n_ctx_train (128) -- possible training context overflow
set_abort_callback: call
llama_context:        CPU  output buffer size =     0.00 MiB
llama_kv_cache: layer   0: dev = CPU
llama_kv_cache: layer   1: dev = CPU
llama_kv_cache:        CPU KV buffer size =     0.06 MiB
llama_kv_cache: size =    0.06 MiB (   256 cells,   2 layers,  1/1 seqs), K (f16):    0.03 MiB, V (f16):    0.03 MiB
llama_kv_cache: attn_rot_k = 0, n_embd_head_k_all = 16
llama_kv_cache: attn_rot_v = 0, n_embd_head_k_all = 16
llama_context: enumerating backends
llama_context: backend_ptrs.size() = 2
sched_reserve: reserving ...
sched_reserve: max_nodes = 1024
sched_reserve: decode graph slots = 4 (n_tokens <= 4)
sched_reserve: reserving full memory module
sched_reserve: worst-case: n_tokens = 8, n_seqs = 1, n_outputs = 1
resolve_fused_ops: resolving fused Gated Delta Net support:
graph_reserve: reserving a graph for ubatch with n_tokens =    1, n_seqs =  1, n_outputs =    1
resolve_fused_ops: fused Gated Delta Net (autoregressive) enabled
graph_reserve: reserving a graph for ubatch with n_tokens =   16, n_seqs =  1, n_outputs =   16
resolve_fused_ops: fused Gated Delta Net (chunked) enabled
resolve_fused_ops: resolving fused Lightning Indexer support:
graph_reserve: reserving a graph for ubatch with n_tokens =    1, n_seqs =  1, n_outputs =    1
resolve_fused_ops: Lightning Indexer enabled
resolve_fused_ops: resolving fused DeepSeek V4 HC support:
graph_reserve: reserving a graph for ubatch with n_tokens =    1, n_seqs =  1, n_outputs =    1
resolve_fused_ops: fused DeepSeek V4 HC pre enabled
graph_reserve: reserving a graph for ubatch with n_tokens =    1, n_seqs =  1, n_outputs =    1
resolve_fused_ops: fused DeepSeek V4 HC comb enabled
graph_reserve: reserving a graph for ubatch with n_tokens =    1, n_seqs =  1, n_outputs =    1
resolve_fused_ops: fused DeepSeek V4 HC post enabled
graph_reserve: reserving a graph for ubatch with n_tokens =    8, n_seqs =  1, n_outputs =    8
graph_reserve: reserving a graph for ubatch with n_tokens =    1, n_seqs =  1, n_outputs =    1
graph_reserve: reserving a graph for ubatch with n_tokens =    8, n_seqs =  1, n_outputs =    8
sched_reserve:  CUDA_Host compute buffer size =     0.03 MiB
sched_reserve: graph nodes  = 100
sched_reserve: graph splits = 1
sched_reserve: reserve took 2.25 ms, sched copies = 1
graph_reserve: reserving a graph for ubatch with n_tokens =    4, n_seqs =  1, n_outputs =    4
FT_COMPARE layer=0 relative=0.0158406 first=-0.0199519/-0.0184823
FT_COMPARE layer=1 relative=0.0228437 first=-0.0416704/-0.0406833
logit/value mismatch index=16 reference=-0.000194038032 actual=-0.00796426274 limit=0.00500970194
~llama_context:      CUDA0 compute buffer size is   0.0000 MiB, matches expectation of   0.0000 MiB
~llama_context:  CUDA_Host compute buffer size is   0.0304 MiB, matches expectation of   0.0304 MiB
~llama_context:      CUDA0 compute buffer size is   0.0000 MiB, matches expectation of   0.0000 MiB
~llama_context:  CUDA_Host compute buffer size is   0.0304 MiB, matches expectation of   0.0304 MiB
model output differs from baseline
