ggml_cuda_init: found 1 CUDA devices (Total VRAM: 8187 MiB):
  Device 0: NVIDIA GeForce RTX 4060 Laptop GPU, compute capability 8.9, VMM: yes, VRAM: 8187 MiB
llama_model_loader: loaded meta data with 13 key-value pairs and 23 tensors from C:\Users\cadel\AppData\Local\Temp\moe-integration-24246.gguf (version GGUF V3 (latest))
llama_model_loader: Dumping metadata keys/values. Note: KV overrides do not apply in this output.
llama_model_loader: - kv   0:                       general.architecture str              = llama
llama_model_loader: - kv   1:                       tokenizer.ggml.model str              = no_vocab
llama_model_loader: - kv   2:                           llama.vocab_size u32              = 32
llama_model_loader: - kv   3:                       llama.context_length u32              = 128
llama_model_loader: - kv   4:                     llama.embedding_length u32              = 32
llama_model_loader: - kv   5:                          llama.block_count u32              = 2
llama_model_loader: - kv   6:                  llama.feed_forward_length u32              = 64
llama_model_loader: - kv   7:                 llama.attention.head_count u32              = 2
llama_model_loader: - kv   8:              llama.attention.head_count_kv u32              = 2
llama_model_loader: - kv   9:                 llama.rope.dimension_count u32              = 16
llama_model_loader: - kv  10:                         llama.expert_count u32              = 4
llama_model_loader: - kv  11:                    llama.expert_used_count u32              = 2
llama_model_loader: - kv  12:     llama.attention.layer_norm_rms_epsilon f32              = 0.000010
llama_model_loader: - type  f32:   23 tensors
print_info: file format = GGUF V3 (latest)
print_info: file type   = (guessed) all F32
print_info: file size   = 0.23 MiB (32.00 BPW) 
llama_prepare_model_devices: using device CUDA0 (NVIDIA GeForce RTX 4060 Laptop GPU) (0000:01:00.0) - 7106 MiB free
load: adding 32 dummy tokens
print_info: arch                  = llama
print_info: vocab_only            = 0
print_info: no_alloc              = 0
print_info: n_ctx_train           = 128
print_info: n_embd_inp            = 32
print_info: n_embd                = 32
print_info: n_embd_out            = 32
print_info: n_layer               = 2
print_info: n_layer_all           = 2
print_info: n_head                = 2
print_info: n_head_kv             = 2
print_info: n_rot                 = 16
print_info: n_swa                 = 0
print_info: is_swa_any            = 0
print_info: n_embd_head_k         = 16
print_info: n_embd_head_v         = 16
print_info: n_gqa                 = 1
print_info: n_embd_k_gqa          = 32
print_info: n_embd_v_gqa          = 32
print_info: f_norm_eps            = 0.0e+00
print_info: f_norm_rms_eps        = 1.0e-05
print_info: f_clamp_kqv           = 0.0e+00
print_info: f_max_alibi_bias      = 0.0e+00
print_info: f_logit_scale         = 0.0e+00
print_info: f_attn_scale          = 0.0e+00
print_info: f_attn_value_scale    = 0.0000
print_info: n_ff                  = 64
print_info: n_expert              = 4
print_info: n_expert_used         = 2
print_info: n_expert_groups       = 0
print_info: n_group_used          = 0
print_info: causal attn           = 1
print_info: pooling type          = -1
print_info: rope type             = 0
print_info: rope scaling          = linear
print_info: freq_base_train       = 10000.0
print_info: freq_scale_train      = 1
print_info: n_ctx_orig_yarn       = 128
print_info: rope_yarn_log_mul     = 0.0000
print_info: rope_finetuned        = unknown
print_info: model type            = ?B
print_info: model params          = 59.81 K
print_info: general.name          = n/a
print_info: vocab type            = no vocab
print_info: n_vocab               = 32
print_info: n_merges              = 0
print_info: max token length      = 0
load_tensors: loading model tensors, this can take a while... (load_mode = none)
load_tensors: layer   0 assigned to device CPU, is_swa = 0
load_tensors: layer   1 assigned to device CPU, is_swa = 0
load_tensors: layer   2 assigned to device CPU, is_swa = 0
create_tensor: loading tensor token_embd.weight
create_tensor: loading tensor output_norm.weight
create_tensor: loading tensor output.weight
create_tensor: loading tensor blk.0.attn_norm.weight
create_tensor: loading tensor blk.0.attn_qkv.weight
create_tensor: loading tensor blk.0.attn_q.weight
create_tensor: loading tensor blk.0.attn_k.weight
create_tensor: loading tensor blk.0.attn_v.weight
create_tensor: loading tensor blk.0.attn_q.bias
create_tensor: loading tensor blk.0.attn_k.bias
create_tensor: loading tensor blk.0.attn_v.bias
create_tensor: loading tensor blk.0.attn_output.weight
create_tensor: loading tensor blk.0.attn_output.bias
create_tensor: loading tensor blk.0.ffn_norm.weight
create_tensor: loading tensor rope_freqs.weight
create_tensor: loading tensor blk.0.ffn_gate_inp.weight
create_tensor: loading tensor blk.0.ffn_gate_exps.weight
create_tensor: loading tensor blk.0.ffn_down_exps.weight
create_tensor: loading tensor blk.0.ffn_up_exps.weight
create_tensor: loading tensor blk.1.attn_norm.weight
create_tensor: loading tensor blk.1.attn_qkv.weight
create_tensor: loading tensor blk.1.attn_q.weight
create_tensor: loading tensor blk.1.attn_k.weight
create_tensor: loading tensor blk.1.attn_v.weight
create_tensor: loading tensor blk.1.attn_q.bias
create_tensor: loading tensor blk.1.attn_k.bias
create_tensor: loading tensor blk.1.attn_v.bias
create_tensor: loading tensor blk.1.attn_output.weight
create_tensor: loading tensor blk.1.attn_output.bias
create_tensor: loading tensor blk.1.ffn_norm.weight
create_tensor: loading tensor rope_freqs.weight
create_tensor: loading tensor blk.1.ffn_gate_inp.weight
create_tensor: loading tensor blk.1.ffn_gate_exps.weight
create_tensor: loading tensor blk.1.ffn_down_exps.weight
create_tensor: loading tensor blk.1.ffn_up_exps.weight
create_tensor: loading tensor blk.0.attn_q.scale
create_tensor: loading tensor blk.0.attn_k.scale
create_tensor: loading tensor blk.0.attn_v.scale
create_tensor: loading tensor blk.0.attn_output.scale
create_tensor: loading tensor blk.0.ffn_gate_exps.scale
create_tensor: loading tensor blk.0.ffn_down_exps.scale
create_tensor: loading tensor blk.0.ffn_up_exps.scale
create_tensor: loading tensor blk.0.attn_q.input_scale
create_tensor: loading tensor blk.0.attn_k.input_scale
create_tensor: loading tensor blk.0.attn_v.input_scale
create_tensor: loading tensor blk.0.attn_output.input_scale
create_tensor: loading tensor blk.0.ffn_gate_exps.input_scale
create_tensor: loading tensor blk.0.ffn_down_exps.input_scale
create_tensor: loading tensor blk.0.ffn_up_exps.input_scale
create_tensor: loading tensor blk.1.attn_q.scale
create_tensor: loading tensor blk.1.attn_k.scale
create_tensor: loading tensor blk.1.attn_v.scale
create_tensor: loading tensor blk.1.attn_output.scale
create_tensor: loading tensor blk.1.ffn_gate_exps.scale
create_tensor: loading tensor blk.1.ffn_down_exps.scale
create_tensor: loading tensor blk.1.ffn_up_exps.scale
create_tensor: loading tensor blk.1.attn_q.input_scale
create_tensor: loading tensor blk.1.attn_k.input_scale
create_tensor: loading tensor blk.1.attn_v.input_scale
create_tensor: loading tensor blk.1.attn_output.input_scale
create_tensor: loading tensor blk.1.ffn_gate_exps.input_scale
create_tensor: loading tensor blk.1.ffn_down_exps.input_scale
create_tensor: loading tensor blk.1.ffn_up_exps.input_scale
load_tensors: offloading 0 repeating layers to GPU
load_tensors: offloaded 0/3 layers to GPU
load_tensors:    CUDA_Host model buffer size =     0.23 MiB
load_all_data: buffer type CUDA_Host is not the default buffer type for device CUDA0 for async uploads
................
llama_model_loader: loaded meta data with 13 key-value pairs and 23 tensors from C:\Users\cadel\AppData\Local\Temp\moe-integration-24246.gguf (version GGUF V3 (latest))
llama_model_loader: Dumping metadata keys/values. Note: KV overrides do not apply in this output.
llama_model_loader: - kv   0:                       general.architecture str              = llama
llama_model_loader: - kv   1:                       tokenizer.ggml.model str              = no_vocab
llama_model_loader: - kv   2:                           llama.vocab_size u32              = 32
llama_model_loader: - kv   3:                       llama.context_length u32              = 128
llama_model_loader: - kv   4:                     llama.embedding_length u32              = 32
llama_model_loader: - kv   5:                          llama.block_count u32              = 2
llama_model_loader: - kv   6:                  llama.feed_forward_length u32              = 64
llama_model_loader: - kv   7:                 llama.attention.head_count u32              = 2
llama_model_loader: - kv   8:              llama.attention.head_count_kv u32              = 2
llama_model_loader: - kv   9:                 llama.rope.dimension_count u32              = 16
llama_model_loader: - kv  10:                         llama.expert_count u32              = 4
llama_model_loader: - kv  11:                    llama.expert_used_count u32              = 2
llama_model_loader: - kv  12:     llama.attention.layer_norm_rms_epsilon f32              = 0.000010
llama_model_loader: - type  f32:   23 tensors
print_info: file format = GGUF V3 (latest)
print_info: file type   = (guessed) all F32
print_info: file size   = 0.23 MiB (32.00 BPW) 
llama_prepare_model_devices: using device CUDA0 (NVIDIA GeForce RTX 4060 Laptop GPU) (0000:01:00.0) - 7106 MiB free
load: adding 32 dummy tokens
print_info: arch                  = llama
print_info: vocab_only            = 0
print_info: no_alloc              = 0
print_info: n_ctx_train           = 128
print_info: n_embd_inp            = 32
print_info: n_embd                = 32
print_info: n_embd_out            = 32
print_info: n_layer               = 2
print_info: n_layer_all           = 2
print_info: n_head                = 2
print_info: n_head_kv             = 2
print_info: n_rot                 = 16
print_info: n_swa                 = 0
print_info: is_swa_any            = 0
print_info: n_embd_head_k         = 16
print_info: n_embd_head_v         = 16
print_info: n_gqa                 = 1
print_info: n_embd_k_gqa          = 32
print_info: n_embd_v_gqa          = 32
print_info: f_norm_eps            = 0.0e+00
print_info: f_norm_rms_eps        = 1.0e-05
print_info: f_clamp_kqv           = 0.0e+00
print_info: f_max_alibi_bias      = 0.0e+00
print_info: f_logit_scale         = 0.0e+00
print_info: f_attn_scale          = 0.0e+00
print_info: f_attn_value_scale    = 0.0000
print_info: n_ff                  = 64
print_info: n_expert              = 4
print_info: n_expert_used         = 2
print_info: n_expert_groups       = 0
print_info: n_group_used          = 0
print_info: causal attn           = 1
print_info: pooling type          = -1
print_info: rope type             = 0
print_info: rope scaling          = linear
print_info: freq_base_train       = 10000.0
print_info: freq_scale_train      = 1
print_info: n_ctx_orig_yarn       = 128
print_info: rope_yarn_log_mul     = 0.0000
print_info: rope_finetuned        = unknown
print_info: model type            = ?B
print_info: model params          = 59.81 K
print_info: general.name          = n/a
print_info: vocab type            = no vocab
print_info: n_vocab               = 32
print_info: n_merges              = 0
print_info: max token length      = 0
load_tensors: loading model tensors, this can take a while... (load_mode = none)
load_tensors: layer   0 assigned to device CPU, is_swa = 0
load_tensors: layer   1 assigned to device CPU, is_swa = 0
load_tensors: layer   2 assigned to device CPU, is_swa = 0
create_tensor: loading tensor token_embd.weight
create_tensor: loading tensor output_norm.weight
create_tensor: loading tensor output.weight
create_tensor: loading tensor blk.0.attn_norm.weight
create_tensor: loading tensor blk.0.attn_qkv.weight
create_tensor: loading tensor blk.0.attn_q.weight
create_tensor: loading tensor blk.0.attn_k.weight
create_tensor: loading tensor blk.0.attn_v.weight
create_tensor: loading tensor blk.0.attn_q.bias
create_tensor: loading tensor blk.0.attn_k.bias
create_tensor: loading tensor blk.0.attn_v.bias
create_tensor: loading tensor blk.0.attn_output.weight
create_tensor: loading tensor blk.0.attn_output.bias
create_tensor: loading tensor blk.0.ffn_norm.weight
create_tensor: loading tensor rope_freqs.weight
create_tensor: loading tensor blk.0.ffn_gate_inp.weight
create_tensor: loading tensor blk.0.ffn_gate_exps.weight
create_tensor: loading tensor blk.0.ffn_down_exps.weight
create_tensor: loading tensor blk.0.ffn_up_exps.weight
create_tensor: loading tensor blk.1.attn_norm.weight
create_tensor: loading tensor blk.1.attn_qkv.weight
create_tensor: loading tensor blk.1.attn_q.weight
create_tensor: loading tensor blk.1.attn_k.weight
create_tensor: loading tensor blk.1.attn_v.weight
create_tensor: loading tensor blk.1.attn_q.bias
create_tensor: loading tensor blk.1.attn_k.bias
create_tensor: loading tensor blk.1.attn_v.bias
create_tensor: loading tensor blk.1.attn_output.weight
create_tensor: loading tensor blk.1.attn_output.bias
create_tensor: loading tensor blk.1.ffn_norm.weight
create_tensor: loading tensor rope_freqs.weight
create_tensor: loading tensor blk.1.ffn_gate_inp.weight
create_tensor: loading tensor blk.1.ffn_gate_exps.weight
create_tensor: loading tensor blk.1.ffn_down_exps.weight
create_tensor: loading tensor blk.1.ffn_up_exps.weight
create_tensor: loading tensor blk.0.attn_q.scale
create_tensor: loading tensor blk.0.attn_k.scale
create_tensor: loading tensor blk.0.attn_v.scale
create_tensor: loading tensor blk.0.attn_output.scale
create_tensor: loading tensor blk.0.ffn_gate_exps.scale
create_tensor: loading tensor blk.0.ffn_down_exps.scale
create_tensor: loading tensor blk.0.ffn_up_exps.scale
create_tensor: loading tensor blk.0.attn_q.input_scale
create_tensor: loading tensor blk.0.attn_k.input_scale
create_tensor: loading tensor blk.0.attn_v.input_scale
create_tensor: loading tensor blk.0.attn_output.input_scale
create_tensor: loading tensor blk.0.ffn_gate_exps.input_scale
create_tensor: loading tensor blk.0.ffn_down_exps.input_scale
create_tensor: loading tensor blk.0.ffn_up_exps.input_scale
create_tensor: loading tensor blk.1.attn_q.scale
create_tensor: loading tensor blk.1.attn_k.scale
create_tensor: loading tensor blk.1.attn_v.scale
create_tensor: loading tensor blk.1.attn_output.scale
create_tensor: loading tensor blk.1.ffn_gate_exps.scale
create_tensor: loading tensor blk.1.ffn_down_exps.scale
create_tensor: loading tensor blk.1.ffn_up_exps.scale
create_tensor: loading tensor blk.1.attn_q.input_scale
create_tensor: loading tensor blk.1.attn_k.input_scale
create_tensor: loading tensor blk.1.attn_v.input_scale
create_tensor: loading tensor blk.1.attn_output.input_scale
create_tensor: loading tensor blk.1.ffn_gate_exps.input_scale
create_tensor: loading tensor blk.1.ffn_down_exps.input_scale
create_tensor: loading tensor blk.1.ffn_up_exps.input_scale
load_tensors: offloading 0 repeating layers to GPU
load_tensors: offloaded 0/3 layers to GPU
load_tensors:          CPU model buffer size =     0.23 MiB
load_all_data: no device found for buffer type CPU for async uploads
................
load_tensors: experimental host-bank MoE enabled, tile weights <= 24832 bytes; this is not a total memory limit
llama_context: constructing llama_context
llama_context: n_seq_max             = 1
llama_context: n_ctx                 = 256
llama_context: n_ctx_seq             = 256
llama_context: n_batch               = 32
llama_context: n_ubatch              = 8
llama_context: causal_attn           = 1
llama_context: flash_attn            = disabled
llama_context: kv_unified            = false
llama_context: freq_base             = 10000.0
llama_context: freq_scale            = 1
llama_context: n_rs_seq              = 0
llama_context: n_outputs_max         = 32
llama_context: n_outputs_max_per_seq = 1
llama_context: n_ctx_seq (256) > n_ctx_train (128) -- possible training context overflow
set_abort_callback: call
llama_context:        CPU  output buffer size =     0.00 MiB
llama_kv_cache: layer   0: dev = CPU
llama_kv_cache: layer   1: dev = CPU
llama_kv_cache:        CPU KV buffer size =     0.06 MiB
llama_kv_cache: size =    0.06 MiB (   256 cells,   2 layers,  1/1 seqs), K (f16):    0.03 MiB, V (f16):    0.03 MiB
llama_kv_cache: attn_rot_k = 0, n_embd_head_k_all = 16
llama_kv_cache: attn_rot_v = 0, n_embd_head_k_all = 16
llama_context: enumerating backends
llama_context: backend_ptrs.size() = 2
sched_reserve: reserving ...
sched_reserve: max_nodes = 1024
sched_reserve: decode graph slots = 4 (n_tokens <= 4)
sched_reserve: reserving full memory module
sched_reserve: worst-case: n_tokens = 8, n_seqs = 1, n_outputs = 1
resolve_fused_ops: resolving fused Gated Delta Net support:
graph_reserve: reserving a graph for ubatch with n_tokens =    1, n_seqs =  1, n_outputs =    1
resolve_fused_ops: fused Gated Delta Net (autoregressive) enabled
graph_reserve: reserving a graph for ubatch with n_tokens =   16, n_seqs =  1, n_outputs =   16
resolve_fused_ops: fused Gated Delta Net (chunked) enabled
resolve_fused_ops: resolving fused Lightning Indexer support:
graph_reserve: reserving a graph for ubatch with n_tokens =    1, n_seqs =  1, n_outputs =    1
resolve_fused_ops: Lightning Indexer enabled
resolve_fused_ops: resolving fused DeepSeek V4 HC support:
graph_reserve: reserving a graph for ubatch with n_tokens =    1, n_seqs =  1, n_outputs =    1
resolve_fused_ops: fused DeepSeek V4 HC pre enabled
graph_reserve: reserving a graph for ubatch with n_tokens =    1, n_seqs =  1, n_outputs =    1
resolve_fused_ops: fused DeepSeek V4 HC comb enabled
graph_reserve: reserving a graph for ubatch with n_tokens =    1, n_seqs =  1, n_outputs =    1
resolve_fused_ops: fused DeepSeek V4 HC post enabled
graph_reserve: reserving a graph for ubatch with n_tokens =    8, n_seqs =  1, n_outputs =    8
graph_reserve: reserving a graph for ubatch with n_tokens =    1, n_seqs =  1, n_outputs =    1
graph_reserve: reserving a graph for ubatch with n_tokens =    8, n_seqs =  1, n_outputs =    8
sched_reserve:  CUDA_Host compute buffer size =     0.03 MiB
sched_reserve: graph nodes  = 110
sched_reserve: graph splits = 1
sched_reserve: reserve took 2.93 ms, sched copies = 1
llama_context: constructing llama_context
llama_context: n_seq_max             = 1
llama_context: n_ctx                 = 256
llama_context: n_ctx_seq             = 256
llama_context: n_batch               = 32
llama_context: n_ubatch              = 8
llama_context: causal_attn           = 1
llama_context: flash_attn            = disabled
llama_context: kv_unified            = false
llama_context: freq_base             = 10000.0
llama_context: freq_scale            = 1
llama_context: n_rs_seq              = 0
llama_context: n_outputs_max         = 32
llama_context: n_outputs_max_per_seq = 1
llama_context: n_ctx_seq (256) > n_ctx_train (128) -- possible training context overflow
set_abort_callback: call
llama_context:        CPU  output buffer size =     0.00 MiB
llama_kv_cache: layer   0: dev = CPU
llama_kv_cache: layer   1: dev = CPU
llama_kv_cache:        CPU KV buffer size =     0.06 MiB
llama_kv_cache: size =    0.06 MiB (   256 cells,   2 layers,  1/1 seqs), K (f16):    0.03 MiB, V (f16):    0.03 MiB
llama_kv_cache: attn_rot_k = 0, n_embd_head_k_all = 16
llama_kv_cache: attn_rot_v = 0, n_embd_head_k_all = 16
llama_context: enumerating backends
llama_context: backend_ptrs.size() = 2
sched_reserve: reserving ...
sched_reserve: max_nodes = 1024
sched_reserve: decode graph slots = 4 (n_tokens <= 4)
sched_reserve: reserving full memory module
sched_reserve: worst-case: n_tokens = 8, n_seqs = 1, n_outputs = 1
resolve_fused_ops: resolving fused Gated Delta Net support:
graph_reserve: reserving a graph for ubatch with n_tokens =    1, n_seqs =  1, n_outputs =    1
resolve_fused_ops: fused Gated Delta Net (autoregressive) enabled
graph_reserve: reserving a graph for ubatch with n_tokens =   16, n_seqs =  1, n_outputs =   16
resolve_fused_ops: fused Gated Delta Net (chunked) enabled
resolve_fused_ops: resolving fused Lightning Indexer support:
graph_reserve: reserving a graph for ubatch with n_tokens =    1, n_seqs =  1, n_outputs =    1
resolve_fused_ops: Lightning Indexer enabled
resolve_fused_ops: resolving fused DeepSeek V4 HC support:
graph_reserve: reserving a graph for ubatch with n_tokens =    1, n_seqs =  1, n_outputs =    1
resolve_fused_ops: fused DeepSeek V4 HC pre enabled
graph_reserve: reserving a graph for ubatch with n_tokens =    1, n_seqs =  1, n_outputs =    1
resolve_fused_ops: fused DeepSeek V4 HC comb enabled
graph_reserve: reserving a graph for ubatch with n_tokens =    1, n_seqs =  1, n_outputs =    1
resolve_fused_ops: fused DeepSeek V4 HC post enabled
graph_reserve: reserving a graph for ubatch with n_tokens =    8, n_seqs =  1, n_outputs =    8
graph_reserve: reserving a graph for ubatch with n_tokens =    1, n_seqs =  1, n_outputs =    1
graph_reserve: reserving a graph for ubatch with n_tokens =    8, n_seqs =  1, n_outputs =    8
sched_reserve:  CUDA_Host compute buffer size =     0.03 MiB
sched_reserve: graph nodes  = 100
sched_reserve: graph splits = 1
sched_reserve: reserve took 3.04 ms, sched copies = 1
graph_reserve: reserving a graph for ubatch with n_tokens =    4, n_seqs =  1, n_outputs =    4
set_abort_callback: call
graph_compute: ggml_backend_sched_graph_compute_async failed with error 1
process_ubatch: failed to compute graph, compute status: 1
decode: removing memory module entries for seq_id = 0, pos = [59, +inf)
llama_decode: failed to decode, ret = 2
set_abort_callback: call
host-bank MoE execution failed: MoE routing weight must be finite
host-bank MoE execution failed: MoE routing weight must be finite
process_ubatch: failed to compute graph, compute status: -1
decode: removing memory module entries for seq_id = 0, pos = [59, +inf)
llama_decode: failed to decode, ret = -3
llama_context: constructing llama_context
llama_init_from_model: failed to initialize the context: host-bank MoE requires one sequence, op_offload=false and offload_kqv=false
llama_context: constructing llama_context
llama_init_from_model: failed to initialize the context: host-bank MoE requires one sequence, op_offload=false and offload_kqv=false
llama_context: constructing llama_context
llama_init_from_model: failed to initialize the context: host-bank MoE requires one sequence, op_offload=false and offload_kqv=false
llama_context: constructing llama_context
llama_init_from_model: failed to initialize the context: moe cache: invalid uniform arena geometry
llama_context: constructing llama_context
llama_init_from_model: failed to initialize the context: host-bank MoE cache requires model.moe_cpu_tile_bytes host-bank setup
~llama_context:      CUDA0 compute buffer size is   0.0000 MiB, matches expectation of   0.0000 MiB
~llama_context:  CUDA_Host compute buffer size is   0.0304 MiB, matches expectation of   0.0304 MiB
~llama_context:      CUDA0 compute buffer size is   0.0000 MiB, matches expectation of   0.0000 MiB
~llama_context:  CUDA_Host compute buffer size is   0.0304 MiB, matches expectation of   0.0304 MiB
llama_context: constructing llama_context
llama_context: n_seq_max             = 1
llama_context: n_ctx                 = 256
llama_context: n_ctx_seq             = 256
llama_context: n_batch               = 32
llama_context: n_ubatch              = 8
llama_context: causal_attn           = 1
llama_context: flash_attn            = disabled
llama_context: kv_unified            = false
llama_context: freq_base             = 10000.0
llama_context: freq_scale            = 1
llama_context: n_rs_seq              = 0
llama_context: n_outputs_max         = 32
llama_context: n_outputs_max_per_seq = 1
llama_context: n_ctx_seq (256) > n_ctx_train (128) -- possible training context overflow
set_abort_callback: call
llama_context:        CPU  output buffer size =     0.00 MiB
llama_kv_cache: layer   0: dev = CPU
llama_kv_cache: layer   1: dev = CPU
llama_kv_cache:        CPU KV buffer size =     0.06 MiB
llama_kv_cache: size =    0.06 MiB (   256 cells,   2 layers,  1/1 seqs), K (f16):    0.03 MiB, V (f16):    0.03 MiB
llama_kv_cache: attn_rot_k = 0, n_embd_head_k_all = 16
llama_kv_cache: attn_rot_v = 0, n_embd_head_k_all = 16
llama_context: enumerating backends
llama_context: backend_ptrs.size() = 2
sched_reserve: reserving ...
sched_reserve: max_nodes = 1024
sched_reserve: decode graph slots = 4 (n_tokens <= 4)
sched_reserve: reserving full memory module
sched_reserve: worst-case: n_tokens = 8, n_seqs = 1, n_outputs = 1
resolve_fused_ops: resolving fused Gated Delta Net support:
graph_reserve: reserving a graph for ubatch with n_tokens =    1, n_seqs =  1, n_outputs =    1
resolve_fused_ops: fused Gated Delta Net (autoregressive) enabled
graph_reserve: reserving a graph for ubatch with n_tokens =   16, n_seqs =  1, n_outputs =   16
resolve_fused_ops: fused Gated Delta Net (chunked) enabled
resolve_fused_ops: resolving fused Lightning Indexer support:
graph_reserve: reserving a graph for ubatch with n_tokens =    1, n_seqs =  1, n_outputs =    1
resolve_fused_ops: Lightning Indexer enabled
resolve_fused_ops: resolving fused DeepSeek V4 HC support:
graph_reserve: reserving a graph for ubatch with n_tokens =    1, n_seqs =  1, n_outputs =    1
resolve_fused_ops: fused DeepSeek V4 HC pre enabled
graph_reserve: reserving a graph for ubatch with n_tokens =    1, n_seqs =  1, n_outputs =    1
resolve_fused_ops: fused DeepSeek V4 HC comb enabled
graph_reserve: reserving a graph for ubatch with n_tokens =    1, n_seqs =  1, n_outputs =    1
resolve_fused_ops: fused DeepSeek V4 HC post enabled
graph_reserve: reserving a graph for ubatch with n_tokens =    8, n_seqs =  1, n_outputs =    8
graph_reserve: reserving a graph for ubatch with n_tokens =    1, n_seqs =  1, n_outputs =    1
graph_reserve: reserving a graph for ubatch with n_tokens =    8, n_seqs =  1, n_outputs =    8
sched_reserve:  CUDA_Host compute buffer size =     0.03 MiB
sched_reserve: graph nodes  = 100
sched_reserve: graph splits = 1
sched_reserve: reserve took 3.10 ms, sched copies = 1
llama_context: constructing llama_context
llama_context: n_seq_max             = 1
llama_context: n_ctx                 = 256
llama_context: n_ctx_seq             = 256
llama_context: n_batch               = 32
llama_context: n_ubatch              = 8
llama_context: causal_attn           = 1
llama_context: flash_attn            = disabled
llama_context: kv_unified            = false
llama_context: freq_base             = 10000.0
llama_context: freq_scale            = 1
llama_context: n_rs_seq              = 0
llama_context: n_outputs_max         = 32
llama_context: n_outputs_max_per_seq = 1
llama_context: n_ctx_seq (256) > n_ctx_train (128) -- possible training context overflow
set_abort_callback: call
llama_context:        CPU  output buffer size =     0.00 MiB
llama_kv_cache: layer   0: dev = CPU
llama_kv_cache: layer   1: dev = CPU
llama_kv_cache:        CPU KV buffer size =     0.06 MiB
llama_kv_cache: size =    0.06 MiB (   256 cells,   2 layers,  1/1 seqs), K (f16):    0.03 MiB, V (f16):    0.03 MiB
llama_kv_cache: attn_rot_k = 0, n_embd_head_k_all = 16
llama_kv_cache: attn_rot_v = 0, n_embd_head_k_all = 16
llama_context: enumerating backends
llama_context: backend_ptrs.size() = 2
sched_reserve: reserving ...
sched_reserve: max_nodes = 1024
sched_reserve: decode graph slots = 4 (n_tokens <= 4)
sched_reserve: reserving full memory module
sched_reserve: worst-case: n_tokens = 8, n_seqs = 1, n_outputs = 1
resolve_fused_ops: resolving fused Gated Delta Net support:
graph_reserve: reserving a graph for ubatch with n_tokens =    1, n_seqs =  1, n_outputs =    1
resolve_fused_ops: fused Gated Delta Net (autoregressive) enabled
graph_reserve: reserving a graph for ubatch with n_tokens =   16, n_seqs =  1, n_outputs =   16
resolve_fused_ops: fused Gated Delta Net (chunked) enabled
resolve_fused_ops: resolving fused Lightning Indexer support:
graph_reserve: reserving a graph for ubatch with n_tokens =    1, n_seqs =  1, n_outputs =    1
resolve_fused_ops: Lightning Indexer enabled
resolve_fused_ops: resolving fused DeepSeek V4 HC support:
graph_reserve: reserving a graph for ubatch with n_tokens =    1, n_seqs =  1, n_outputs =    1
resolve_fused_ops: fused DeepSeek V4 HC pre enabled
graph_reserve: reserving a graph for ubatch with n_tokens =    1, n_seqs =  1, n_outputs =    1
resolve_fused_ops: fused DeepSeek V4 HC comb enabled
graph_reserve: reserving a graph for ubatch with n_tokens =    1, n_seqs =  1, n_outputs =    1
resolve_fused_ops: fused DeepSeek V4 HC post enabled
graph_reserve: reserving a graph for ubatch with n_tokens =    8, n_seqs =  1, n_outputs =    8
graph_reserve: reserving a graph for ubatch with n_tokens =    1, n_seqs =  1, n_outputs =    1
graph_reserve: reserving a graph for ubatch with n_tokens =    8, n_seqs =  1, n_outputs =    8
sched_reserve:  CUDA_Host compute buffer size =     0.03 MiB
sched_reserve: graph nodes  = 110
sched_reserve: graph splits = 1
sched_reserve: reserve took 3.02 ms, sched copies = 1
~llama_context:      CUDA0 compute buffer size is   0.0000 MiB, matches expectation of   0.0000 MiB
~llama_context:  CUDA_Host compute buffer size is   0.0304 MiB, matches expectation of   0.0304 MiB
~llama_context:      CUDA0 compute buffer size is   0.0000 MiB, matches expectation of   0.0000 MiB
~llama_context:  CUDA_Host compute buffer size is   0.0304 MiB, matches expectation of   0.0304 MiB
llama_model_loader: loaded meta data with 13 key-value pairs and 23 tensors from C:\Users\cadel\AppData\Local\Temp\moe-integration-24246.gguf (version GGUF V3 (latest))
llama_model_loader: Dumping metadata keys/values. Note: KV overrides do not apply in this output.
llama_model_loader: - kv   0:                       general.architecture str              = llama
llama_model_loader: - kv   1:                       tokenizer.ggml.model str              = no_vocab
llama_model_loader: - kv   2:                           llama.vocab_size u32              = 32
llama_model_loader: - kv   3:                       llama.context_length u32              = 128
llama_model_loader: - kv   4:                     llama.embedding_length u32              = 32
llama_model_loader: - kv   5:                          llama.block_count u32              = 2
llama_model_loader: - kv   6:                  llama.feed_forward_length u32              = 64
llama_model_loader: - kv   7:                 llama.attention.head_count u32              = 2
llama_model_loader: - kv   8:              llama.attention.head_count_kv u32              = 2
llama_model_loader: - kv   9:                 llama.rope.dimension_count u32              = 16
llama_model_loader: - kv  10:                         llama.expert_count u32              = 4
llama_model_loader: - kv  11:                    llama.expert_used_count u32              = 2
llama_model_loader: - kv  12:     llama.attention.layer_norm_rms_epsilon f32              = 0.000010
llama_model_loader: - type  f32:   23 tensors
print_info: file format = GGUF V3 (latest)
print_info: file type   = (guessed) all F32
print_info: file size   = 0.23 MiB (32.00 BPW) 
llama_prepare_model_devices: using device CUDA0 (NVIDIA GeForce RTX 4060 Laptop GPU) (0000:01:00.0) - 7106 MiB free
load: adding 32 dummy tokens
print_info: arch                  = llama
print_info: vocab_only            = 0
print_info: no_alloc              = 0
print_info: n_ctx_train           = 128
print_info: n_embd_inp            = 32
print_info: n_embd                = 32
print_info: n_embd_out            = 32
print_info: n_layer               = 2
print_info: n_layer_all           = 2
print_info: n_head                = 2
print_info: n_head_kv             = 2
print_info: n_rot                 = 16
print_info: n_swa                 = 0
print_info: is_swa_any            = 0
print_info: n_embd_head_k         = 16
print_info: n_embd_head_v         = 16
print_info: n_gqa                 = 1
print_info: n_embd_k_gqa          = 32
print_info: n_embd_v_gqa          = 32
print_info: f_norm_eps            = 0.0e+00
print_info: f_norm_rms_eps        = 1.0e-05
print_info: f_clamp_kqv           = 0.0e+00
print_info: f_max_alibi_bias      = 0.0e+00
print_info: f_logit_scale         = 0.0e+00
print_info: f_attn_scale          = 0.0e+00
print_info: f_attn_value_scale    = 0.0000
print_info: n_ff                  = 64
print_info: n_expert              = 4
print_info: n_expert_used         = 2
print_info: n_expert_groups       = 0
print_info: n_group_used          = 0
print_info: causal attn           = 1
print_info: pooling type          = -1
print_info: rope type             = 0
print_info: rope scaling          = linear
print_info: freq_base_train       = 10000.0
print_info: freq_scale_train      = 1
print_info: n_ctx_orig_yarn       = 128
print_info: rope_yarn_log_mul     = 0.0000
print_info: rope_finetuned        = unknown
print_info: model type            = ?B
print_info: model params          = 59.81 K
print_info: general.name          = n/a
print_info: vocab type            = no vocab
print_info: n_vocab               = 32
print_info: n_merges              = 0
print_info: max token length      = 0
load_tensors: loading model tensors, this can take a while... (load_mode = none)
load_tensors: layer   0 assigned to device CPU, is_swa = 0
load_tensors: layer   1 assigned to device CPU, is_swa = 0
load_tensors: layer   2 assigned to device CPU, is_swa = 0
create_tensor: loading tensor token_embd.weight
create_tensor: loading tensor output_norm.weight
create_tensor: loading tensor output.weight
create_tensor: loading tensor blk.0.attn_norm.weight
create_tensor: loading tensor blk.0.attn_qkv.weight
create_tensor: loading tensor blk.0.attn_q.weight
create_tensor: loading tensor blk.0.attn_k.weight
create_tensor: loading tensor blk.0.attn_v.weight
create_tensor: loading tensor blk.0.attn_q.bias
create_tensor: loading tensor blk.0.attn_k.bias
create_tensor: loading tensor blk.0.attn_v.bias
create_tensor: loading tensor blk.0.attn_output.weight
create_tensor: loading tensor blk.0.attn_output.bias
create_tensor: loading tensor blk.0.ffn_norm.weight
create_tensor: loading tensor rope_freqs.weight
create_tensor: loading tensor blk.0.ffn_gate_inp.weight
create_tensor: loading tensor blk.0.ffn_gate_exps.weight
create_tensor: loading tensor blk.0.ffn_down_exps.weight
create_tensor: loading tensor blk.0.ffn_up_exps.weight
create_tensor: loading tensor blk.1.attn_norm.weight
create_tensor: loading tensor blk.1.attn_qkv.weight
create_tensor: loading tensor blk.1.attn_q.weight
create_tensor: loading tensor blk.1.attn_k.weight
create_tensor: loading tensor blk.1.attn_v.weight
create_tensor: loading tensor blk.1.attn_q.bias
create_tensor: loading tensor blk.1.attn_k.bias
create_tensor: loading tensor blk.1.attn_v.bias
create_tensor: loading tensor blk.1.attn_output.weight
create_tensor: loading tensor blk.1.attn_output.bias
create_tensor: loading tensor blk.1.ffn_norm.weight
create_tensor: loading tensor rope_freqs.weight
create_tensor: loading tensor blk.1.ffn_gate_inp.weight
create_tensor: loading tensor blk.1.ffn_gate_exps.weight
create_tensor: loading tensor blk.1.ffn_down_exps.weight
create_tensor: loading tensor blk.1.ffn_up_exps.weight
create_tensor: loading tensor blk.0.attn_q.scale
create_tensor: loading tensor blk.0.attn_k.scale
create_tensor: loading tensor blk.0.attn_v.scale
create_tensor: loading tensor blk.0.attn_output.scale
create_tensor: loading tensor blk.0.ffn_gate_exps.scale
create_tensor: loading tensor blk.0.ffn_down_exps.scale
create_tensor: loading tensor blk.0.ffn_up_exps.scale
create_tensor: loading tensor blk.0.attn_q.input_scale
create_tensor: loading tensor blk.0.attn_k.input_scale
create_tensor: loading tensor blk.0.attn_v.input_scale
create_tensor: loading tensor blk.0.attn_output.input_scale
create_tensor: loading tensor blk.0.ffn_gate_exps.input_scale
create_tensor: loading tensor blk.0.ffn_down_exps.input_scale
create_tensor: loading tensor blk.0.ffn_up_exps.input_scale
create_tensor: loading tensor blk.1.attn_q.scale
create_tensor: loading tensor blk.1.attn_k.scale
create_tensor: loading tensor blk.1.attn_v.scale
create_tensor: loading tensor blk.1.attn_output.scale
create_tensor: loading tensor blk.1.ffn_gate_exps.scale
create_tensor: loading tensor blk.1.ffn_down_exps.scale
create_tensor: loading tensor blk.1.ffn_up_exps.scale
create_tensor: loading tensor blk.1.attn_q.input_scale
create_tensor: loading tensor blk.1.attn_k.input_scale
create_tensor: loading tensor blk.1.attn_v.input_scale
create_tensor: loading tensor blk.1.attn_output.input_scale
create_tensor: loading tensor blk.1.ffn_gate_exps.input_scale
create_tensor: loading tensor blk.1.ffn_down_exps.input_scale
create_tensor: loading tensor blk.1.ffn_up_exps.input_scale
load_tensors: offloading 0 repeating layers to GPU
load_tensors: offloaded 0/3 layers to GPU
load_tensors:    CUDA_Host model buffer size =     0.23 MiB
load_all_data: buffer type CUDA_Host is not the default buffer type for device CUDA0 for async uploads
................
llama_model_loader: loaded meta data with 13 key-value pairs and 23 tensors from C:\Users\cadel\AppData\Local\Temp\moe-integration-24246.gguf (version GGUF V3 (latest))
llama_model_loader: Dumping metadata keys/values. Note: KV overrides do not apply in this output.
llama_model_loader: - kv   0:                       general.architecture str              = llama
llama_model_loader: - kv   1:                       tokenizer.ggml.model str              = no_vocab
llama_model_loader: - kv   2:                           llama.vocab_size u32              = 32
llama_model_loader: - kv   3:                       llama.context_length u32              = 128
llama_model_loader: - kv   4:                     llama.embedding_length u32              = 32
llama_model_loader: - kv   5:                          llama.block_count u32              = 2
llama_model_loader: - kv   6:                  llama.feed_forward_length u32              = 64
llama_model_loader: - kv   7:                 llama.attention.head_count u32              = 2
llama_model_loader: - kv   8:              llama.attention.head_count_kv u32              = 2
llama_model_loader: - kv   9:                 llama.rope.dimension_count u32              = 16
llama_model_loader: - kv  10:                         llama.expert_count u32              = 4
llama_model_loader: - kv  11:                    llama.expert_used_count u32              = 2
llama_model_loader: - kv  12:     llama.attention.layer_norm_rms_epsilon f32              = 0.000010
llama_model_loader: - type  f32:   23 tensors
print_info: file format = GGUF V3 (latest)
print_info: file type   = (guessed) all F32
print_info: file size   = 0.23 MiB (32.00 BPW) 
llama_prepare_model_devices: using device CUDA0 (NVIDIA GeForce RTX 4060 Laptop GPU) (0000:01:00.0) - 7106 MiB free
load: adding 32 dummy tokens
print_info: arch                  = llama
print_info: vocab_only            = 0
print_info: no_alloc              = 0
print_info: n_ctx_train           = 128
print_info: n_embd_inp            = 32
print_info: n_embd                = 32
print_info: n_embd_out            = 32
print_info: n_layer               = 2
print_info: n_layer_all           = 2
print_info: n_head                = 2
print_info: n_head_kv             = 2
print_info: n_rot                 = 16
print_info: n_swa                 = 0
print_info: is_swa_any            = 0
print_info: n_embd_head_k         = 16
print_info: n_embd_head_v         = 16
print_info: n_gqa                 = 1
print_info: n_embd_k_gqa          = 32
print_info: n_embd_v_gqa          = 32
print_info: f_norm_eps            = 0.0e+00
print_info: f_norm_rms_eps        = 1.0e-05
print_info: f_clamp_kqv           = 0.0e+00
print_info: f_max_alibi_bias      = 0.0e+00
print_info: f_logit_scale         = 0.0e+00
print_info: f_attn_scale          = 0.0e+00
print_info: f_attn_value_scale    = 0.0000
print_info: n_ff                  = 64
print_info: n_expert              = 4
print_info: n_expert_used         = 2
print_info: n_expert_groups       = 0
print_info: n_group_used          = 0
print_info: causal attn           = 1
print_info: pooling type          = -1
print_info: rope type             = 0
print_info: rope scaling          = linear
print_info: freq_base_train       = 10000.0
print_info: freq_scale_train      = 1
print_info: n_ctx_orig_yarn       = 128
print_info: rope_yarn_log_mul     = 0.0000
print_info: rope_finetuned        = unknown
print_info: model type            = ?B
print_info: model params          = 59.81 K
print_info: general.name          = n/a
print_info: vocab type            = no vocab
print_info: n_vocab               = 32
print_info: n_merges              = 0
print_info: max token length      = 0
load_tensors: loading model tensors, this can take a while... (load_mode = none)
load_tensors: layer   0 assigned to device CPU, is_swa = 0
load_tensors: layer   1 assigned to device CPU, is_swa = 0
load_tensors: layer   2 assigned to device CPU, is_swa = 0
create_tensor: loading tensor token_embd.weight
create_tensor: loading tensor output_norm.weight
create_tensor: loading tensor output.weight
create_tensor: loading tensor blk.0.attn_norm.weight
create_tensor: loading tensor blk.0.attn_qkv.weight
create_tensor: loading tensor blk.0.attn_q.weight
create_tensor: loading tensor blk.0.attn_k.weight
create_tensor: loading tensor blk.0.attn_v.weight
create_tensor: loading tensor blk.0.attn_q.bias
create_tensor: loading tensor blk.0.attn_k.bias
create_tensor: loading tensor blk.0.attn_v.bias
create_tensor: loading tensor blk.0.attn_output.weight
create_tensor: loading tensor blk.0.attn_output.bias
create_tensor: loading tensor blk.0.ffn_norm.weight
create_tensor: loading tensor rope_freqs.weight
create_tensor: loading tensor blk.0.ffn_gate_inp.weight
create_tensor: loading tensor blk.0.ffn_gate_exps.weight
create_tensor: loading tensor blk.0.ffn_down_exps.weight
create_tensor: loading tensor blk.0.ffn_up_exps.weight
create_tensor: loading tensor blk.1.attn_norm.weight
create_tensor: loading tensor blk.1.attn_qkv.weight
create_tensor: loading tensor blk.1.attn_q.weight
create_tensor: loading tensor blk.1.attn_k.weight
create_tensor: loading tensor blk.1.attn_v.weight
create_tensor: loading tensor blk.1.attn_q.bias
create_tensor: loading tensor blk.1.attn_k.bias
create_tensor: loading tensor blk.1.attn_v.bias
create_tensor: loading tensor blk.1.attn_output.weight
create_tensor: loading tensor blk.1.attn_output.bias
create_tensor: loading tensor blk.1.ffn_norm.weight
create_tensor: loading tensor rope_freqs.weight
create_tensor: loading tensor blk.1.ffn_gate_inp.weight
create_tensor: loading tensor blk.1.ffn_gate_exps.weight
create_tensor: loading tensor blk.1.ffn_down_exps.weight
create_tensor: loading tensor blk.1.ffn_up_exps.weight
create_tensor: loading tensor blk.0.attn_q.scale
create_tensor: loading tensor blk.0.attn_k.scale
create_tensor: loading tensor blk.0.attn_v.scale
create_tensor: loading tensor blk.0.attn_output.scale
create_tensor: loading tensor blk.0.ffn_gate_exps.scale
create_tensor: loading tensor blk.0.ffn_down_exps.scale
create_tensor: loading tensor blk.0.ffn_up_exps.scale
create_tensor: loading tensor blk.0.attn_q.input_scale
create_tensor: loading tensor blk.0.attn_k.input_scale
create_tensor: loading tensor blk.0.attn_v.input_scale
create_tensor: loading tensor blk.0.attn_output.input_scale
create_tensor: loading tensor blk.0.ffn_gate_exps.input_scale
create_tensor: loading tensor blk.0.ffn_down_exps.input_scale
create_tensor: loading tensor blk.0.ffn_up_exps.input_scale
create_tensor: loading tensor blk.1.attn_q.scale
create_tensor: loading tensor blk.1.attn_k.scale
create_tensor: loading tensor blk.1.attn_v.scale
create_tensor: loading tensor blk.1.attn_output.scale
create_tensor: loading tensor blk.1.ffn_gate_exps.scale
create_tensor: loading tensor blk.1.ffn_down_exps.scale
create_tensor: loading tensor blk.1.ffn_up_exps.scale
create_tensor: loading tensor blk.1.attn_q.input_scale
create_tensor: loading tensor blk.1.attn_k.input_scale
create_tensor: loading tensor blk.1.attn_v.input_scale
create_tensor: loading tensor blk.1.attn_output.input_scale
create_tensor: loading tensor blk.1.ffn_gate_exps.input_scale
create_tensor: loading tensor blk.1.ffn_down_exps.input_scale
create_tensor: loading tensor blk.1.ffn_up_exps.input_scale
load_tensors: offloading 0 repeating layers to GPU
load_tensors: offloaded 0/3 layers to GPU
load_tensors:          CPU model buffer size =     0.23 MiB
load_all_data: no device found for buffer type CPU for async uploads
................
load_tensors: experimental host-bank MoE enabled, tile weights <= 99328 bytes; this is not a total memory limit
llama_context: constructing llama_context
llama_context: n_seq_max             = 1
llama_context: n_ctx                 = 256
llama_context: n_ctx_seq             = 256
llama_context: n_batch               = 32
llama_context: n_ubatch              = 8
llama_context: causal_attn           = 1
llama_context: flash_attn            = disabled
llama_context: kv_unified            = false
llama_context: freq_base             = 10000.0
llama_context: freq_scale            = 1
llama_context: n_rs_seq              = 0
llama_context: n_outputs_max         = 32
llama_context: n_outputs_max_per_seq = 1
llama_context: n_ctx_seq (256) > n_ctx_train (128) -- possible training context overflow
set_abort_callback: call
llama_context:        CPU  output buffer size =     0.00 MiB
llama_kv_cache: layer   0: dev = CPU
llama_kv_cache: layer   1: dev = CPU
llama_kv_cache:        CPU KV buffer size =     0.06 MiB
llama_kv_cache: size =    0.06 MiB (   256 cells,   2 layers,  1/1 seqs), K (f16):    0.03 MiB, V (f16):    0.03 MiB
llama_kv_cache: attn_rot_k = 0, n_embd_head_k_all = 16
llama_kv_cache: attn_rot_v = 0, n_embd_head_k_all = 16
llama_context: enumerating backends
llama_context: backend_ptrs.size() = 2
sched_reserve: reserving ...
sched_reserve: max_nodes = 1024
sched_reserve: decode graph slots = 4 (n_tokens <= 4)
sched_reserve: reserving full memory module
sched_reserve: worst-case: n_tokens = 8, n_seqs = 1, n_outputs = 1
resolve_fused_ops: resolving fused Gated Delta Net support:
graph_reserve: reserving a graph for ubatch with n_tokens =    1, n_seqs =  1, n_outputs =    1
resolve_fused_ops: fused Gated Delta Net (autoregressive) enabled
graph_reserve: reserving a graph for ubatch with n_tokens =   16, n_seqs =  1, n_outputs =   16
resolve_fused_ops: fused Gated Delta Net (chunked) enabled
resolve_fused_ops: resolving fused Lightning Indexer support:
graph_reserve: reserving a graph for ubatch with n_tokens =    1, n_seqs =  1, n_outputs =    1
resolve_fused_ops: Lightning Indexer enabled
resolve_fused_ops: resolving fused DeepSeek V4 HC support:
graph_reserve: reserving a graph for ubatch with n_tokens =    1, n_seqs =  1, n_outputs =    1
resolve_fused_ops: fused DeepSeek V4 HC pre enabled
graph_reserve: reserving a graph for ubatch with n_tokens =    1, n_seqs =  1, n_outputs =    1
resolve_fused_ops: fused DeepSeek V4 HC comb enabled
graph_reserve: reserving a graph for ubatch with n_tokens =    1, n_seqs =  1, n_outputs =    1
resolve_fused_ops: fused DeepSeek V4 HC post enabled
graph_reserve: reserving a graph for ubatch with n_tokens =    8, n_seqs =  1, n_outputs =    8
graph_reserve: reserving a graph for ubatch with n_tokens =    1, n_seqs =  1, n_outputs =    1
graph_reserve: reserving a graph for ubatch with n_tokens =    8, n_seqs =  1, n_outputs =    8
sched_reserve:  CUDA_Host compute buffer size =     0.03 MiB
sched_reserve: graph nodes  = 110
sched_reserve: graph splits = 1
sched_reserve: reserve took 2.68 ms, sched copies = 1
llama_context: constructing llama_context
llama_context: n_seq_max             = 1
llama_context: n_ctx                 = 256
llama_context: n_ctx_seq             = 256
llama_context: n_batch               = 32
llama_context: n_ubatch              = 8
llama_context: causal_attn           = 1
llama_context: flash_attn            = disabled
llama_context: kv_unified            = false
llama_context: freq_base             = 10000.0
llama_context: freq_scale            = 1
llama_context: n_rs_seq              = 0
llama_context: n_outputs_max         = 32
llama_context: n_outputs_max_per_seq = 1
llama_context: n_ctx_seq (256) > n_ctx_train (128) -- possible training context overflow
set_abort_callback: call
llama_context:        CPU  output buffer size =     0.00 MiB
llama_kv_cache: layer   0: dev = CPU
llama_kv_cache: layer   1: dev = CPU
llama_kv_cache:        CPU KV buffer size =     0.06 MiB
llama_kv_cache: size =    0.06 MiB (   256 cells,   2 layers,  1/1 seqs), K (f16):    0.03 MiB, V (f16):    0.03 MiB
llama_kv_cache: attn_rot_k = 0, n_embd_head_k_all = 16
llama_kv_cache: attn_rot_v = 0, n_embd_head_k_all = 16
llama_context: enumerating backends
llama_context: backend_ptrs.size() = 2
sched_reserve: reserving ...
sched_reserve: max_nodes = 1024
sched_reserve: decode graph slots = 4 (n_tokens <= 4)
sched_reserve: reserving full memory module
sched_reserve: worst-case: n_tokens = 8, n_seqs = 1, n_outputs = 1
resolve_fused_ops: resolving fused Gated Delta Net support:
graph_reserve: reserving a graph for ubatch with n_tokens =    1, n_seqs =  1, n_outputs =    1
resolve_fused_ops: fused Gated Delta Net (autoregressive) enabled
graph_reserve: reserving a graph for ubatch with n_tokens =   16, n_seqs =  1, n_outputs =   16
resolve_fused_ops: fused Gated Delta Net (chunked) enabled
resolve_fused_ops: resolving fused Lightning Indexer support:
graph_reserve: reserving a graph for ubatch with n_tokens =    1, n_seqs =  1, n_outputs =    1
resolve_fused_ops: Lightning Indexer enabled
resolve_fused_ops: resolving fused DeepSeek V4 HC support:
graph_reserve: reserving a graph for ubatch with n_tokens =    1, n_seqs =  1, n_outputs =    1
resolve_fused_ops: fused DeepSeek V4 HC pre enabled
graph_reserve: reserving a graph for ubatch with n_tokens =    1, n_seqs =  1, n_outputs =    1
resolve_fused_ops: fused DeepSeek V4 HC comb enabled
graph_reserve: reserving a graph for ubatch with n_tokens =    1, n_seqs =  1, n_outputs =    1
resolve_fused_ops: fused DeepSeek V4 HC post enabled
graph_reserve: reserving a graph for ubatch with n_tokens =    8, n_seqs =  1, n_outputs =    8
graph_reserve: reserving a graph for ubatch with n_tokens =    1, n_seqs =  1, n_outputs =    1
graph_reserve: reserving a graph for ubatch with n_tokens =    8, n_seqs =  1, n_outputs =    8
sched_reserve:  CUDA_Host compute buffer size =     0.03 MiB
sched_reserve: graph nodes  = 100
sched_reserve: graph splits = 1
sched_reserve: reserve took 2.98 ms, sched copies = 1
graph_reserve: reserving a graph for ubatch with n_tokens =    4, n_seqs =  1, n_outputs =    4
set_abort_callback: call
graph_compute: ggml_backend_sched_graph_compute_async failed with error 1
process_ubatch: failed to compute graph, compute status: 1
decode: removing memory module entries for seq_id = 0, pos = [59, +inf)
llama_decode: failed to decode, ret = 2
set_abort_callback: call
host-bank MoE execution failed: MoE routing weight must be finite
host-bank MoE execution failed: MoE routing weight must be finite
process_ubatch: failed to compute graph, compute status: -1
decode: removing memory module entries for seq_id = 0, pos = [59, +inf)
llama_decode: failed to decode, ret = -3
llama_context: constructing llama_context
llama_init_from_model: failed to initialize the context: host-bank MoE requires one sequence, op_offload=false and offload_kqv=false
llama_context: constructing llama_context
llama_init_from_model: failed to initialize the context: host-bank MoE requires one sequence, op_offload=false and offload_kqv=false
llama_context: constructing llama_context
llama_init_from_model: failed to initialize the context: host-bank MoE requires one sequence, op_offload=false and offload_kqv=false
llama_context: constructing llama_context
llama_init_from_model: failed to initialize the context: moe cache: invalid uniform arena geometry
llama_context: constructing llama_context
llama_init_from_model: failed to initialize the context: host-bank MoE cache requires model.moe_cpu_tile_bytes host-bank setup
~llama_context:      CUDA0 compute buffer size is   0.0000 MiB, matches expectation of   0.0000 MiB
~llama_context:  CUDA_Host compute buffer size is   0.0304 MiB, matches expectation of   0.0304 MiB
~llama_context:      CUDA0 compute buffer size is   0.0000 MiB, matches expectation of   0.0000 MiB
~llama_context:  CUDA_Host compute buffer size is   0.0304 MiB, matches expectation of   0.0304 MiB
llama_context: constructing llama_context
llama_context: n_seq_max             = 1
llama_context: n_ctx                 = 256
llama_context: n_ctx_seq             = 256
llama_context: n_batch               = 32
llama_context: n_ubatch              = 8
llama_context: causal_attn           = 1
llama_context: flash_attn            = disabled
llama_context: kv_unified            = false
llama_context: freq_base             = 10000.0
llama_context: freq_scale            = 1
llama_context: n_rs_seq              = 0
llama_context: n_outputs_max         = 32
llama_context: n_outputs_max_per_seq = 1
llama_context: n_ctx_seq (256) > n_ctx_train (128) -- possible training context overflow
set_abort_callback: call
llama_context:        CPU  output buffer size =     0.00 MiB
llama_kv_cache: layer   0: dev = CPU
llama_kv_cache: layer   1: dev = CPU
llama_kv_cache:        CPU KV buffer size =     0.06 MiB
llama_kv_cache: size =    0.06 MiB (   256 cells,   2 layers,  1/1 seqs), K (f16):    0.03 MiB, V (f16):    0.03 MiB
llama_kv_cache: attn_rot_k = 0, n_embd_head_k_all = 16
llama_kv_cache: attn_rot_v = 0, n_embd_head_k_all = 16
llama_context: enumerating backends
llama_context: backend_ptrs.size() = 2
sched_reserve: reserving ...
sched_reserve: max_nodes = 1024
sched_reserve: decode graph slots = 4 (n_tokens <= 4)
sched_reserve: reserving full memory module
sched_reserve: worst-case: n_tokens = 8, n_seqs = 1, n_outputs = 1
resolve_fused_ops: resolving fused Gated Delta Net support:
graph_reserve: reserving a graph for ubatch with n_tokens =    1, n_seqs =  1, n_outputs =    1
resolve_fused_ops: fused Gated Delta Net (autoregressive) enabled
graph_reserve: reserving a graph for ubatch with n_tokens =   16, n_seqs =  1, n_outputs =   16
resolve_fused_ops: fused Gated Delta Net (chunked) enabled
resolve_fused_ops: resolving fused Lightning Indexer support:
graph_reserve: reserving a graph for ubatch with n_tokens =    1, n_seqs =  1, n_outputs =    1
resolve_fused_ops: Lightning Indexer enabled
resolve_fused_ops: resolving fused DeepSeek V4 HC support:
graph_reserve: reserving a graph for ubatch with n_tokens =    1, n_seqs =  1, n_outputs =    1
resolve_fused_ops: fused DeepSeek V4 HC pre enabled
graph_reserve: reserving a graph for ubatch with n_tokens =    1, n_seqs =  1, n_outputs =    1
resolve_fused_ops: fused DeepSeek V4 HC comb enabled
graph_reserve: reserving a graph for ubatch with n_tokens =    1, n_seqs =  1, n_outputs =    1
resolve_fused_ops: fused DeepSeek V4 HC post enabled
graph_reserve: reserving a graph for ubatch with n_tokens =    8, n_seqs =  1, n_outputs =    8
graph_reserve: reserving a graph for ubatch with n_tokens =    1, n_seqs =  1, n_outputs =    1
graph_reserve: reserving a graph for ubatch with n_tokens =    8, n_seqs =  1, n_outputs =    8
sched_reserve:  CUDA_Host compute buffer size =     0.03 MiB
sched_reserve: graph nodes  = 100
sched_reserve: graph splits = 1
sched_reserve: reserve took 2.53 ms, sched copies = 1
llama_context: constructing llama_context
llama_context: n_seq_max             = 1
llama_context: n_ctx                 = 256
llama_context: n_ctx_seq             = 256
llama_context: n_batch               = 32
llama_context: n_ubatch              = 8
llama_context: causal_attn           = 1
llama_context: flash_attn            = disabled
llama_context: kv_unified            = false
llama_context: freq_base             = 10000.0
llama_context: freq_scale            = 1
llama_context: n_rs_seq              = 0
llama_context: n_outputs_max         = 32
llama_context: n_outputs_max_per_seq = 1
llama_context: n_ctx_seq (256) > n_ctx_train (128) -- possible training context overflow
set_abort_callback: call
llama_context:        CPU  output buffer size =     0.00 MiB
llama_kv_cache: layer   0: dev = CPU
llama_kv_cache: layer   1: dev = CPU
llama_kv_cache:        CPU KV buffer size =     0.06 MiB
llama_kv_cache: size =    0.06 MiB (   256 cells,   2 layers,  1/1 seqs), K (f16):    0.03 MiB, V (f16):    0.03 MiB
llama_kv_cache: attn_rot_k = 0, n_embd_head_k_all = 16
llama_kv_cache: attn_rot_v = 0, n_embd_head_k_all = 16
llama_context: enumerating backends
llama_context: backend_ptrs.size() = 2
sched_reserve: reserving ...
sched_reserve: max_nodes = 1024
sched_reserve: decode graph slots = 4 (n_tokens <= 4)
sched_reserve: reserving full memory module
sched_reserve: worst-case: n_tokens = 8, n_seqs = 1, n_outputs = 1
resolve_fused_ops: resolving fused Gated Delta Net support:
graph_reserve: reserving a graph for ubatch with n_tokens =    1, n_seqs =  1, n_outputs =    1
resolve_fused_ops: fused Gated Delta Net (autoregressive) enabled
graph_reserve: reserving a graph for ubatch with n_tokens =   16, n_seqs =  1, n_outputs =   16
resolve_fused_ops: fused Gated Delta Net (chunked) enabled
resolve_fused_ops: resolving fused Lightning Indexer support:
graph_reserve: reserving a graph for ubatch with n_tokens =    1, n_seqs =  1, n_outputs =    1
resolve_fused_ops: Lightning Indexer enabled
resolve_fused_ops: resolving fused DeepSeek V4 HC support:
graph_reserve: reserving a graph for ubatch with n_tokens =    1, n_seqs =  1, n_outputs =    1
resolve_fused_ops: fused DeepSeek V4 HC pre enabled
graph_reserve: reserving a graph for ubatch with n_tokens =    1, n_seqs =  1, n_outputs =    1
resolve_fused_ops: fused DeepSeek V4 HC comb enabled
graph_reserve: reserving a graph for ubatch with n_tokens =    1, n_seqs =  1, n_outputs =    1
resolve_fused_ops: fused DeepSeek V4 HC post enabled
graph_reserve: reserving a graph for ubatch with n_tokens =    8, n_seqs =  1, n_outputs =    8
graph_reserve: reserving a graph for ubatch with n_tokens =    1, n_seqs =  1, n_outputs =    1
graph_reserve: reserving a graph for ubatch with n_tokens =    8, n_seqs =  1, n_outputs =    8
sched_reserve:  CUDA_Host compute buffer size =     0.03 MiB
sched_reserve: graph nodes  = 110
sched_reserve: graph splits = 1
sched_reserve: reserve took 2.79 ms, sched copies = 1
~llama_context:      CUDA0 compute buffer size is   0.0000 MiB, matches expectation of   0.0000 MiB
~llama_context:  CUDA_Host compute buffer size is   0.0304 MiB, matches expectation of   0.0304 MiB
~llama_context:      CUDA0 compute buffer size is   0.0000 MiB, matches expectation of   0.0000 MiB
~llama_context:  CUDA_Host compute buffer size is   0.0304 MiB, matches expectation of   0.0304 MiB
llama_model_loader: loaded meta data with 13 key-value pairs and 23 tensors from C:\Users\cadel\AppData\Local\Temp\moe-integration-24246.gguf (version GGUF V3 (latest))
llama_model_loader: Dumping metadata keys/values. Note: KV overrides do not apply in this output.
llama_model_loader: - kv   0:                       general.architecture str              = llama
llama_model_loader: - kv   1:                       tokenizer.ggml.model str              = no_vocab
llama_model_loader: - kv   2:                           llama.vocab_size u32              = 32
llama_model_loader: - kv   3:                       llama.context_length u32              = 128
llama_model_loader: - kv   4:                     llama.embedding_length u32              = 32
llama_model_loader: - kv   5:                          llama.block_count u32              = 2
llama_model_loader: - kv   6:                  llama.feed_forward_length u32              = 64
llama_model_loader: - kv   7:                 llama.attention.head_count u32              = 2
llama_model_loader: - kv   8:              llama.attention.head_count_kv u32              = 2
llama_model_loader: - kv   9:                 llama.rope.dimension_count u32              = 16
llama_model_loader: - kv  10:                         llama.expert_count u32              = 4
llama_model_loader: - kv  11:                    llama.expert_used_count u32              = 2
llama_model_loader: - kv  12:     llama.attention.layer_norm_rms_epsilon f32              = 0.000010
llama_model_loader: - type  f32:   23 tensors
print_info: file format = GGUF V3 (latest)
print_info: file type   = (guessed) all F32
print_info: file size   = 0.23 MiB (32.00 BPW) 
llama_prepare_model_devices: using device CUDA0 (NVIDIA GeForce RTX 4060 Laptop GPU) (0000:01:00.0) - 7106 MiB free
load: adding 32 dummy tokens
print_info: arch                  = llama
print_info: vocab_only            = 0
print_info: no_alloc              = 0
print_info: n_ctx_train           = 128
print_info: n_embd_inp            = 32
print_info: n_embd                = 32
print_info: n_embd_out            = 32
print_info: n_layer               = 2
print_info: n_layer_all           = 2
print_info: n_head                = 2
print_info: n_head_kv             = 2
print_info: n_rot                 = 16
print_info: n_swa                 = 0
print_info: is_swa_any            = 0
print_info: n_embd_head_k         = 16
print_info: n_embd_head_v         = 16
print_info: n_gqa                 = 1
print_info: n_embd_k_gqa          = 32
print_info: n_embd_v_gqa          = 32
print_info: f_norm_eps            = 0.0e+00
print_info: f_norm_rms_eps        = 1.0e-05
print_info: f_clamp_kqv           = 0.0e+00
print_info: f_max_alibi_bias      = 0.0e+00
print_info: f_logit_scale         = 0.0e+00
print_info: f_attn_scale          = 0.0e+00
print_info: f_attn_value_scale    = 0.0000
print_info: n_ff                  = 64
print_info: n_expert              = 4
print_info: n_expert_used         = 2
print_info: n_expert_groups       = 0
print_info: n_group_used          = 0
print_info: causal attn           = 1
print_info: pooling type          = -1
print_info: rope type             = 0
print_info: rope scaling          = linear
print_info: freq_base_train       = 10000.0
print_info: freq_scale_train      = 1
print_info: n_ctx_orig_yarn       = 128
print_info: rope_yarn_log_mul     = 0.0000
print_info: rope_finetuned        = unknown
print_info: model type            = ?B
print_info: model params          = 59.81 K
print_info: general.name          = n/a
print_info: vocab type            = no vocab
print_info: n_vocab               = 32
print_info: n_merges              = 0
print_info: max token length      = 0
load_tensors: loading model tensors, this can take a while... (load_mode = none)
load_tensors: layer   0 assigned to device CPU, is_swa = 0
load_tensors: layer   1 assigned to device CPU, is_swa = 0
load_tensors: layer   2 assigned to device CPU, is_swa = 0
create_tensor: loading tensor token_embd.weight
create_tensor: loading tensor output_norm.weight
create_tensor: loading tensor output.weight
create_tensor: loading tensor blk.0.attn_norm.weight
create_tensor: loading tensor blk.0.attn_qkv.weight
create_tensor: loading tensor blk.0.attn_q.weight
create_tensor: loading tensor blk.0.attn_k.weight
create_tensor: loading tensor blk.0.attn_v.weight
create_tensor: loading tensor blk.0.attn_q.bias
create_tensor: loading tensor blk.0.attn_k.bias
create_tensor: loading tensor blk.0.attn_v.bias
create_tensor: loading tensor blk.0.attn_output.weight
create_tensor: loading tensor blk.0.attn_output.bias
create_tensor: loading tensor blk.0.ffn_norm.weight
create_tensor: loading tensor rope_freqs.weight
create_tensor: loading tensor blk.0.ffn_gate_inp.weight
create_tensor: loading tensor blk.0.ffn_gate_exps.weight
create_tensor: loading tensor blk.0.ffn_down_exps.weight
create_tensor: loading tensor blk.0.ffn_up_exps.weight
create_tensor: loading tensor blk.1.attn_norm.weight
create_tensor: loading tensor blk.1.attn_qkv.weight
create_tensor: loading tensor blk.1.attn_q.weight
create_tensor: loading tensor blk.1.attn_k.weight
create_tensor: loading tensor blk.1.attn_v.weight
create_tensor: loading tensor blk.1.attn_q.bias
create_tensor: loading tensor blk.1.attn_k.bias
create_tensor: loading tensor blk.1.attn_v.bias
create_tensor: loading tensor blk.1.attn_output.weight
create_tensor: loading tensor blk.1.attn_output.bias
create_tensor: loading tensor blk.1.ffn_norm.weight
create_tensor: loading tensor rope_freqs.weight
create_tensor: loading tensor blk.1.ffn_gate_inp.weight
create_tensor: loading tensor blk.1.ffn_gate_exps.weight
create_tensor: loading tensor blk.1.ffn_down_exps.weight
create_tensor: loading tensor blk.1.ffn_up_exps.weight
create_tensor: loading tensor blk.0.attn_q.scale
create_tensor: loading tensor blk.0.attn_k.scale
create_tensor: loading tensor blk.0.attn_v.scale
create_tensor: loading tensor blk.0.attn_output.scale
create_tensor: loading tensor blk.0.ffn_gate_exps.scale
create_tensor: loading tensor blk.0.ffn_down_exps.scale
create_tensor: loading tensor blk.0.ffn_up_exps.scale
create_tensor: loading tensor blk.0.attn_q.input_scale
create_tensor: loading tensor blk.0.attn_k.input_scale
create_tensor: loading tensor blk.0.attn_v.input_scale
create_tensor: loading tensor blk.0.attn_output.input_scale
create_tensor: loading tensor blk.0.ffn_gate_exps.input_scale
create_tensor: loading tensor blk.0.ffn_down_exps.input_scale
create_tensor: loading tensor blk.0.ffn_up_exps.input_scale
create_tensor: loading tensor blk.1.attn_q.scale
create_tensor: loading tensor blk.1.attn_k.scale
create_tensor: loading tensor blk.1.attn_v.scale
create_tensor: loading tensor blk.1.attn_output.scale
create_tensor: loading tensor blk.1.ffn_gate_exps.scale
create_tensor: loading tensor blk.1.ffn_down_exps.scale
create_tensor: loading tensor blk.1.ffn_up_exps.scale
create_tensor: loading tensor blk.1.attn_q.input_scale
create_tensor: loading tensor blk.1.attn_k.input_scale
create_tensor: loading tensor blk.1.attn_v.input_scale
create_tensor: loading tensor blk.1.attn_output.input_scale
create_tensor: loading tensor blk.1.ffn_gate_exps.input_scale
create_tensor: loading tensor blk.1.ffn_down_exps.input_scale
create_tensor: loading tensor blk.1.ffn_up_exps.input_scale
load_tensors: offloading 0 repeating layers to GPU
load_tensors: offloaded 0/3 layers to GPU
load_tensors:    CUDA_Host model buffer size =     0.23 MiB
load_all_data: buffer type CUDA_Host is not the default buffer type for device CUDA0 for async uploads
................
llama_model_loader: loaded meta data with 13 key-value pairs and 23 tensors from C:\Users\cadel\AppData\Local\Temp\moe-integration-24246.gguf (version GGUF V3 (latest))
llama_model_loader: Dumping metadata keys/values. Note: KV overrides do not apply in this output.
llama_model_loader: - kv   0:                       general.architecture str              = llama
llama_model_loader: - kv   1:                       tokenizer.ggml.model str              = no_vocab
llama_model_loader: - kv   2:                           llama.vocab_size u32              = 32
llama_model_loader: - kv   3:                       llama.context_length u32              = 128
llama_model_loader: - kv   4:                     llama.embedding_length u32              = 32
llama_model_loader: - kv   5:                          llama.block_count u32              = 2
llama_model_loader: - kv   6:                  llama.feed_forward_length u32              = 64
llama_model_loader: - kv   7:                 llama.attention.head_count u32              = 2
llama_model_loader: - kv   8:              llama.attention.head_count_kv u32              = 2
llama_model_loader: - kv   9:                 llama.rope.dimension_count u32              = 16
llama_model_loader: - kv  10:                         llama.expert_count u32              = 4
llama_model_loader: - kv  11:                    llama.expert_used_count u32              = 2
llama_model_loader: - kv  12:     llama.attention.layer_norm_rms_epsilon f32              = 0.000010
llama_model_loader: - type  f32:   23 tensors
print_info: file format = GGUF V3 (latest)
print_info: file type   = (guessed) all F32
print_info: file size   = 0.23 MiB (32.00 BPW) 
llama_prepare_model_devices: using device CUDA0 (NVIDIA GeForce RTX 4060 Laptop GPU) (0000:01:00.0) - 7106 MiB free
load: adding 32 dummy tokens
print_info: arch                  = llama
print_info: vocab_only            = 0
print_info: no_alloc              = 0
print_info: n_ctx_train           = 128
print_info: n_embd_inp            = 32
print_info: n_embd                = 32
print_info: n_embd_out            = 32
print_info: n_layer               = 2
print_info: n_layer_all           = 2
print_info: n_head                = 2
print_info: n_head_kv             = 2
print_info: n_rot                 = 16
print_info: n_swa                 = 0
print_info: is_swa_any            = 0
print_info: n_embd_head_k         = 16
print_info: n_embd_head_v         = 16
print_info: n_gqa                 = 1
print_info: n_embd_k_gqa          = 32
print_info: n_embd_v_gqa          = 32
print_info: f_norm_eps            = 0.0e+00
print_info: f_norm_rms_eps        = 1.0e-05
print_info: f_clamp_kqv           = 0.0e+00
print_info: f_max_alibi_bias      = 0.0e+00
print_info: f_logit_scale         = 0.0e+00
print_info: f_attn_scale          = 0.0e+00
print_info: f_attn_value_scale    = 0.0000
print_info: n_ff                  = 64
print_info: n_expert              = 4
print_info: n_expert_used         = 2
print_info: n_expert_groups       = 0
print_info: n_group_used          = 0
print_info: causal attn           = 1
print_info: pooling type          = -1
print_info: rope type             = 0
print_info: rope scaling          = linear
print_info: freq_base_train       = 10000.0
print_info: freq_scale_train      = 1
print_info: n_ctx_orig_yarn       = 128
print_info: rope_yarn_log_mul     = 0.0000
print_info: rope_finetuned        = unknown
print_info: model type            = ?B
print_info: model params          = 59.81 K
print_info: general.name          = n/a
print_info: vocab type            = no vocab
print_info: n_vocab               = 32
print_info: n_merges              = 0
print_info: max token length      = 0
load_tensors: loading model tensors, this can take a while... (load_mode = none)
load_tensors: layer   0 assigned to device CPU, is_swa = 0
load_tensors: layer   1 assigned to device CPU, is_swa = 0
load_tensors: layer   2 assigned to device CPU, is_swa = 0
create_tensor: loading tensor token_embd.weight
create_tensor: loading tensor output_norm.weight
create_tensor: loading tensor output.weight
create_tensor: loading tensor blk.0.attn_norm.weight
create_tensor: loading tensor blk.0.attn_qkv.weight
create_tensor: loading tensor blk.0.attn_q.weight
create_tensor: loading tensor blk.0.attn_k.weight
create_tensor: loading tensor blk.0.attn_v.weight
create_tensor: loading tensor blk.0.attn_q.bias
create_tensor: loading tensor blk.0.attn_k.bias
create_tensor: loading tensor blk.0.attn_v.bias
create_tensor: loading tensor blk.0.attn_output.weight
create_tensor: loading tensor blk.0.attn_output.bias
create_tensor: loading tensor blk.0.ffn_norm.weight
create_tensor: loading tensor rope_freqs.weight
create_tensor: loading tensor blk.0.ffn_gate_inp.weight
create_tensor: loading tensor blk.0.ffn_gate_exps.weight
create_tensor: loading tensor blk.0.ffn_down_exps.weight
create_tensor: loading tensor blk.0.ffn_up_exps.weight
create_tensor: loading tensor blk.1.attn_norm.weight
create_tensor: loading tensor blk.1.attn_qkv.weight
create_tensor: loading tensor blk.1.attn_q.weight
create_tensor: loading tensor blk.1.attn_k.weight
create_tensor: loading tensor blk.1.attn_v.weight
create_tensor: loading tensor blk.1.attn_q.bias
create_tensor: loading tensor blk.1.attn_k.bias
create_tensor: loading tensor blk.1.attn_v.bias
create_tensor: loading tensor blk.1.attn_output.weight
create_tensor: loading tensor blk.1.attn_output.bias
create_tensor: loading tensor blk.1.ffn_norm.weight
create_tensor: loading tensor rope_freqs.weight
create_tensor: loading tensor blk.1.ffn_gate_inp.weight
create_tensor: loading tensor blk.1.ffn_gate_exps.weight
create_tensor: loading tensor blk.1.ffn_down_exps.weight
create_tensor: loading tensor blk.1.ffn_up_exps.weight
create_tensor: loading tensor blk.0.attn_q.scale
create_tensor: loading tensor blk.0.attn_k.scale
create_tensor: loading tensor blk.0.attn_v.scale
create_tensor: loading tensor blk.0.attn_output.scale
create_tensor: loading tensor blk.0.ffn_gate_exps.scale
create_tensor: loading tensor blk.0.ffn_down_exps.scale
create_tensor: loading tensor blk.0.ffn_up_exps.scale
create_tensor: loading tensor blk.0.attn_q.input_scale
create_tensor: loading tensor blk.0.attn_k.input_scale
create_tensor: loading tensor blk.0.attn_v.input_scale
create_tensor: loading tensor blk.0.attn_output.input_scale
create_tensor: loading tensor blk.0.ffn_gate_exps.input_scale
create_tensor: loading tensor blk.0.ffn_down_exps.input_scale
create_tensor: loading tensor blk.0.ffn_up_exps.input_scale
create_tensor: loading tensor blk.1.attn_q.scale
create_tensor: loading tensor blk.1.attn_k.scale
create_tensor: loading tensor blk.1.attn_v.scale
create_tensor: loading tensor blk.1.attn_output.scale
create_tensor: loading tensor blk.1.ffn_gate_exps.scale
create_tensor: loading tensor blk.1.ffn_down_exps.scale
create_tensor: loading tensor blk.1.ffn_up_exps.scale
create_tensor: loading tensor blk.1.attn_q.input_scale
create_tensor: loading tensor blk.1.attn_k.input_scale
create_tensor: loading tensor blk.1.attn_v.input_scale
create_tensor: loading tensor blk.1.attn_output.input_scale
create_tensor: loading tensor blk.1.ffn_gate_exps.input_scale
create_tensor: loading tensor blk.1.ffn_down_exps.input_scale
create_tensor: loading tensor blk.1.ffn_up_exps.input_scale
load_tensors: offloading 0 repeating layers to GPU
load_tensors: offloaded 0/3 layers to GPU
load_tensors:          CPU model buffer size =     0.23 MiB
load_all_data: no device found for buffer type CPU for async uploads
................
load_tensors: experimental host-bank MoE enabled, tile weights <= 24832 bytes; this is not a total memory limit
llama_context: constructing llama_context
llama_context: n_seq_max             = 1
llama_context: n_ctx                 = 256
llama_context: n_ctx_seq             = 256
llama_context: n_batch               = 32
llama_context: n_ubatch              = 8
llama_context: causal_attn           = 1
llama_context: flash_attn            = disabled
llama_context: kv_unified            = false
llama_context: freq_base             = 10000.0
llama_context: freq_scale            = 1
llama_context: n_rs_seq              = 0
llama_context: n_outputs_max         = 32
llama_context: n_outputs_max_per_seq = 1
llama_context: n_ctx_seq (256) > n_ctx_train (128) -- possible training context overflow
set_abort_callback: call
llama_context:        CPU  output buffer size =     0.00 MiB
llama_kv_cache: layer   0: dev = CPU
llama_kv_cache: layer   1: dev = CPU
llama_kv_cache:        CPU KV buffer size =     0.06 MiB
llama_kv_cache: size =    0.06 MiB (   256 cells,   2 layers,  1/1 seqs), K (f16):    0.03 MiB, V (f16):    0.03 MiB
llama_kv_cache: attn_rot_k = 0, n_embd_head_k_all = 16
llama_kv_cache: attn_rot_v = 0, n_embd_head_k_all = 16
llama_context: enumerating backends
llama_context: backend_ptrs.size() = 2
sched_reserve: reserving ...
sched_reserve: max_nodes = 1024
sched_reserve: decode graph slots = 4 (n_tokens <= 4)
sched_reserve: reserving full memory module
sched_reserve: worst-case: n_tokens = 8, n_seqs = 1, n_outputs = 1
resolve_fused_ops: resolving fused Gated Delta Net support:
graph_reserve: reserving a graph for ubatch with n_tokens =    1, n_seqs =  1, n_outputs =    1
resolve_fused_ops: fused Gated Delta Net (autoregressive) enabled
graph_reserve: reserving a graph for ubatch with n_tokens =   16, n_seqs =  1, n_outputs =   16
resolve_fused_ops: fused Gated Delta Net (chunked) enabled
resolve_fused_ops: resolving fused Lightning Indexer support:
graph_reserve: reserving a graph for ubatch with n_tokens =    1, n_seqs =  1, n_outputs =    1
resolve_fused_ops: Lightning Indexer enabled
resolve_fused_ops: resolving fused DeepSeek V4 HC support:
graph_reserve: reserving a graph for ubatch with n_tokens =    1, n_seqs =  1, n_outputs =    1
resolve_fused_ops: fused DeepSeek V4 HC pre enabled
graph_reserve: reserving a graph for ubatch with n_tokens =    1, n_seqs =  1, n_outputs =    1
resolve_fused_ops: fused DeepSeek V4 HC comb enabled
graph_reserve: reserving a graph for ubatch with n_tokens =    1, n_seqs =  1, n_outputs =    1
resolve_fused_ops: fused DeepSeek V4 HC post enabled
graph_reserve: reserving a graph for ubatch with n_tokens =    8, n_seqs =  1, n_outputs =    8
graph_reserve: reserving a graph for ubatch with n_tokens =    1, n_seqs =  1, n_outputs =    1
graph_reserve: reserving a graph for ubatch with n_tokens =    8, n_seqs =  1, n_outputs =    8
sched_reserve:  CUDA_Host compute buffer size =     0.03 MiB
sched_reserve: graph nodes  = 110
sched_reserve: graph splits = 1
sched_reserve: reserve took 2.68 ms, sched copies = 1
llama_context: constructing llama_context
llama_context: MoE device=CUDA0 cache=196608 staging=1048576 compute-limit=67108864 bytes
llama_context: n_seq_max             = 1
llama_context: n_ctx                 = 256
llama_context: n_ctx_seq             = 256
llama_context: n_batch               = 32
llama_context: n_ubatch              = 8
llama_context: causal_attn           = 1
llama_context: flash_attn            = disabled
llama_context: kv_unified            = false
llama_context: freq_base             = 10000.0
llama_context: freq_scale            = 1
llama_context: n_rs_seq              = 0
llama_context: n_outputs_max         = 32
llama_context: n_outputs_max_per_seq = 1
llama_context: n_ctx_seq (256) > n_ctx_train (128) -- possible training context overflow
set_abort_callback: call
llama_context:        CPU  output buffer size =     0.00 MiB
llama_kv_cache: layer   0: dev = CPU
llama_kv_cache: layer   1: dev = CPU
llama_kv_cache:        CPU KV buffer size =     0.06 MiB
llama_kv_cache: size =    0.06 MiB (   256 cells,   2 layers,  1/1 seqs), K (f16):    0.03 MiB, V (f16):    0.03 MiB
llama_kv_cache: attn_rot_k = 0, n_embd_head_k_all = 16
llama_kv_cache: attn_rot_v = 0, n_embd_head_k_all = 16
llama_context: enumerating backends
llama_context: backend_ptrs.size() = 2
sched_reserve: reserving ...
sched_reserve: max_nodes = 1024
sched_reserve: decode graph slots = 4 (n_tokens <= 4)
sched_reserve: reserving full memory module
sched_reserve: worst-case: n_tokens = 8, n_seqs = 1, n_outputs = 1
resolve_fused_ops: resolving fused Gated Delta Net support:
graph_reserve: reserving a graph for ubatch with n_tokens =    1, n_seqs =  1, n_outputs =    1
resolve_fused_ops: fused Gated Delta Net (autoregressive) enabled
graph_reserve: reserving a graph for ubatch with n_tokens =   16, n_seqs =  1, n_outputs =   16
resolve_fused_ops: fused Gated Delta Net (chunked) enabled
resolve_fused_ops: resolving fused Lightning Indexer support:
graph_reserve: reserving a graph for ubatch with n_tokens =    1, n_seqs =  1, n_outputs =    1
resolve_fused_ops: Lightning Indexer enabled
resolve_fused_ops: resolving fused DeepSeek V4 HC support:
graph_reserve: reserving a graph for ubatch with n_tokens =    1, n_seqs =  1, n_outputs =    1
resolve_fused_ops: fused DeepSeek V4 HC pre enabled
graph_reserve: reserving a graph for ubatch with n_tokens =    1, n_seqs =  1, n_outputs =    1
resolve_fused_ops: fused DeepSeek V4 HC comb enabled
graph_reserve: reserving a graph for ubatch with n_tokens =    1, n_seqs =  1, n_outputs =    1
resolve_fused_ops: fused DeepSeek V4 HC post enabled
graph_reserve: reserving a graph for ubatch with n_tokens =    8, n_seqs =  1, n_outputs =    8
graph_reserve: reserving a graph for ubatch with n_tokens =    1, n_seqs =  1, n_outputs =    1
graph_reserve: reserving a graph for ubatch with n_tokens =    8, n_seqs =  1, n_outputs =    8
sched_reserve:  CUDA_Host compute buffer size =     0.03 MiB
sched_reserve: graph nodes  = 100
sched_reserve: graph splits = 1
sched_reserve: reserve took 3.05 ms, sched copies = 1
llama_context: constructing llama_context
llama_init_from_model: failed to initialize the context: GPU MoE requires a GPU device, positive staging/compute budgets and no CPU cache
llama_context: constructing llama_context
llama_init_from_model: failed to initialize the context: MoE cache + compute + reserve exceeds available VRAM
llama_context: constructing llama_context
llama_init_from_model: failed to initialize the context: GPU MoE requires a GPU device, positive staging/compute budgets and no CPU cache
llama_context: constructing llama_context
llama_context: MoE device=CUDA0 cache=196608 staging=1048576 compute-limit=1 bytes
llama_context: n_seq_max             = 1
llama_context: n_ctx                 = 256
llama_context: n_ctx_seq             = 256
llama_context: n_batch               = 32
llama_context: n_ubatch              = 8
llama_context: causal_attn           = 1
llama_context: flash_attn            = disabled
llama_context: kv_unified            = false
llama_context: freq_base             = 10000.0
llama_context: freq_scale            = 1
llama_context: n_rs_seq              = 0
llama_context: n_outputs_max         = 32
llama_context: n_outputs_max_per_seq = 1
llama_context: n_ctx_seq (256) > n_ctx_train (128) -- possible training context overflow
set_abort_callback: call
llama_context:        CPU  output buffer size =     0.00 MiB
llama_kv_cache: layer   0: dev = CPU
llama_kv_cache: layer   1: dev = CPU
llama_kv_cache:        CPU KV buffer size =     0.06 MiB
llama_kv_cache: size =    0.06 MiB (   256 cells,   2 layers,  1/1 seqs), K (f16):    0.03 MiB, V (f16):    0.03 MiB
llama_kv_cache: attn_rot_k = 0, n_embd_head_k_all = 16
llama_kv_cache: attn_rot_v = 0, n_embd_head_k_all = 16
llama_context: enumerating backends
llama_context: backend_ptrs.size() = 2
sched_reserve: reserving ...
sched_reserve: max_nodes = 1024
sched_reserve: decode graph slots = 4 (n_tokens <= 4)
sched_reserve: reserving full memory module
sched_reserve: worst-case: n_tokens = 8, n_seqs = 1, n_outputs = 1
resolve_fused_ops: resolving fused Gated Delta Net support:
graph_reserve: reserving a graph for ubatch with n_tokens =    1, n_seqs =  1, n_outputs =    1
resolve_fused_ops: fused Gated Delta Net (autoregressive) enabled
graph_reserve: reserving a graph for ubatch with n_tokens =   16, n_seqs =  1, n_outputs =   16
resolve_fused_ops: fused Gated Delta Net (chunked) enabled
resolve_fused_ops: resolving fused Lightning Indexer support:
graph_reserve: reserving a graph for ubatch with n_tokens =    1, n_seqs =  1, n_outputs =    1
resolve_fused_ops: Lightning Indexer enabled
resolve_fused_ops: resolving fused DeepSeek V4 HC support:
graph_reserve: reserving a graph for ubatch with n_tokens =    1, n_seqs =  1, n_outputs =    1
resolve_fused_ops: fused DeepSeek V4 HC pre enabled
graph_reserve: reserving a graph for ubatch with n_tokens =    1, n_seqs =  1, n_outputs =    1
resolve_fused_ops: fused DeepSeek V4 HC comb enabled
graph_reserve: reserving a graph for ubatch with n_tokens =    1, n_seqs =  1, n_outputs =    1
resolve_fused_ops: fused DeepSeek V4 HC post enabled
graph_reserve: reserving a graph for ubatch with n_tokens =    8, n_seqs =  1, n_outputs =    8
graph_reserve: reserving a graph for ubatch with n_tokens =    1, n_seqs =  1, n_outputs =    1
graph_reserve: reserving a graph for ubatch with n_tokens =    8, n_seqs =  1, n_outputs =    8
sched_reserve:  CUDA_Host compute buffer size =     0.03 MiB
sched_reserve: graph nodes  = 100
sched_reserve: graph splits = 1
sched_reserve: reserve took 3.12 ms, sched copies = 1
graph_compute: ggml_backend_sched_graph_compute_async failed with error -1
host-bank MoE execution failed: MoE device compute budget exceeded
process_ubatch: failed to compute graph, compute status: -1
decode: removing memory module entries for seq_id = 0, pos = [0, +inf)
llama_decode: failed to decode, ret = -3
~llama_context:      CUDA0 compute buffer size is   0.0000 MiB, matches expectation of   0.0000 MiB
~llama_context:  CUDA_Host compute buffer size is   0.0304 MiB, matches expectation of   0.0304 MiB
graph_reserve: reserving a graph for ubatch with n_tokens =    4, n_seqs =  1, n_outputs =    4
set_abort_callback: call
graph_compute: ggml_backend_sched_graph_compute_async failed with error 1
process_ubatch: failed to compute graph, compute status: 1
decode: removing memory module entries for seq_id = 0, pos = [59, +inf)
llama_decode: failed to decode, ret = 2
set_abort_callback: call
graph_compute: ggml_backend_sched_graph_compute_async failed with error -1
host-bank MoE execution failed: MoE routing weight must be finite
process_ubatch: failed to compute graph, compute status: -1
decode: removing memory module entries for seq_id = 0, pos = [59, +inf)
llama_decode: failed to decode, ret = -3
llama_context: constructing llama_context
llama_init_from_model: failed to initialize the context: host-bank MoE requires one sequence, op_offload=false and offload_kqv=false
llama_context: constructing llama_context
llama_init_from_model: failed to initialize the context: host-bank MoE requires one sequence, op_offload=false and offload_kqv=false
llama_context: constructing llama_context
llama_init_from_model: failed to initialize the context: host-bank MoE requires one sequence, op_offload=false and offload_kqv=false
llama_context: constructing llama_context
llama_init_from_model: failed to initialize the context: moe cache: invalid uniform arena geometry
llama_context: constructing llama_context
llama_init_from_model: failed to initialize the context: host-bank MoE cache requires model.moe_cpu_tile_bytes host-bank setup
~llama_context:      CUDA0 compute buffer size is   0.0000 MiB, matches expectation of   0.0000 MiB
~llama_context:  CUDA_Host compute buffer size is   0.0304 MiB, matches expectation of   0.0304 MiB
~llama_context:      CUDA0 compute buffer size is   0.0000 MiB, matches expectation of   0.0000 MiB
~llama_context:  CUDA_Host compute buffer size is   0.0304 MiB, matches expectation of   0.0304 MiB
llama_context: constructing llama_context
llama_context: MoE device=CUDA0 cache=196608 staging=1048576 compute-limit=67108864 bytes
llama_context: n_seq_max             = 1
llama_context: n_ctx                 = 256
llama_context: n_ctx_seq             = 256
llama_context: n_batch               = 32
llama_context: n_ubatch              = 8
llama_context: causal_attn           = 1
llama_context: flash_attn            = disabled
llama_context: kv_unified            = false
llama_context: freq_base             = 10000.0
llama_context: freq_scale            = 1
llama_context: n_rs_seq              = 0
llama_context: n_outputs_max         = 32
llama_context: n_outputs_max_per_seq = 1
llama_context: n_ctx_seq (256) > n_ctx_train (128) -- possible training context overflow
set_abort_callback: call
llama_context:        CPU  output buffer size =     0.00 MiB
llama_kv_cache: layer   0: dev = CPU
llama_kv_cache: layer   1: dev = CPU
llama_kv_cache:        CPU KV buffer size =     0.06 MiB
llama_kv_cache: size =    0.06 MiB (   256 cells,   2 layers,  1/1 seqs), K (f16):    0.03 MiB, V (f16):    0.03 MiB
llama_kv_cache: attn_rot_k = 0, n_embd_head_k_all = 16
llama_kv_cache: attn_rot_v = 0, n_embd_head_k_all = 16
llama_context: enumerating backends
llama_context: backend_ptrs.size() = 2
sched_reserve: reserving ...
sched_reserve: max_nodes = 1024
sched_reserve: decode graph slots = 4 (n_tokens <= 4)
sched_reserve: reserving full memory module
sched_reserve: worst-case: n_tokens = 8, n_seqs = 1, n_outputs = 1
resolve_fused_ops: resolving fused Gated Delta Net support:
graph_reserve: reserving a graph for ubatch with n_tokens =    1, n_seqs =  1, n_outputs =    1
resolve_fused_ops: fused Gated Delta Net (autoregressive) enabled
graph_reserve: reserving a graph for ubatch with n_tokens =   16, n_seqs =  1, n_outputs =   16
resolve_fused_ops: fused Gated Delta Net (chunked) enabled
resolve_fused_ops: resolving fused Lightning Indexer support:
graph_reserve: reserving a graph for ubatch with n_tokens =    1, n_seqs =  1, n_outputs =    1
resolve_fused_ops: Lightning Indexer enabled
resolve_fused_ops: resolving fused DeepSeek V4 HC support:
graph_reserve: reserving a graph for ubatch with n_tokens =    1, n_seqs =  1, n_outputs =    1
resolve_fused_ops: fused DeepSeek V4 HC pre enabled
graph_reserve: reserving a graph for ubatch with n_tokens =    1, n_seqs =  1, n_outputs =    1
resolve_fused_ops: fused DeepSeek V4 HC comb enabled
graph_reserve: reserving a graph for ubatch with n_tokens =    1, n_seqs =  1, n_outputs =    1
resolve_fused_ops: fused DeepSeek V4 HC post enabled
graph_reserve: reserving a graph for ubatch with n_tokens =    8, n_seqs =  1, n_outputs =    8
graph_reserve: reserving a graph for ubatch with n_tokens =    1, n_seqs =  1, n_outputs =    1
graph_reserve: reserving a graph for ubatch with n_tokens =    8, n_seqs =  1, n_outputs =    8
sched_reserve:  CUDA_Host compute buffer size =     0.03 MiB
sched_reserve: graph nodes  = 100
sched_reserve: graph splits = 1
sched_reserve: reserve took 2.17 ms, sched copies = 1
llama_context: constructing llama_context
llama_context: n_seq_max             = 1
llama_context: n_ctx                 = 256
llama_context: n_ctx_seq             = 256
llama_context: n_batch               = 32
llama_context: n_ubatch              = 8
llama_context: causal_attn           = 1
llama_context: flash_attn            = disabled
llama_context: kv_unified            = false
llama_context: freq_base             = 10000.0
llama_context: freq_scale            = 1
llama_context: n_rs_seq              = 0
llama_context: n_outputs_max         = 32
llama_context: n_outputs_max_per_seq = 1
llama_context: n_ctx_seq (256) > n_ctx_train (128) -- possible training context overflow
set_abort_callback: call
llama_context:        CPU  output buffer size =     0.00 MiB
llama_kv_cache: layer   0: dev = CPU
llama_kv_cache: layer   1: dev = CPU
llama_kv_cache:        CPU KV buffer size =     0.06 MiB
llama_kv_cache: size =    0.06 MiB (   256 cells,   2 layers,  1/1 seqs), K (f16):    0.03 MiB, V (f16):    0.03 MiB
llama_kv_cache: attn_rot_k = 0, n_embd_head_k_all = 16
llama_kv_cache: attn_rot_v = 0, n_embd_head_k_all = 16
llama_context: enumerating backends
llama_context: backend_ptrs.size() = 2
sched_reserve: reserving ...
sched_reserve: max_nodes = 1024
sched_reserve: decode graph slots = 4 (n_tokens <= 4)
sched_reserve: reserving full memory module
sched_reserve: worst-case: n_tokens = 8, n_seqs = 1, n_outputs = 1
resolve_fused_ops: resolving fused Gated Delta Net support:
graph_reserve: reserving a graph for ubatch with n_tokens =    1, n_seqs =  1, n_outputs =    1
resolve_fused_ops: fused Gated Delta Net (autoregressive) enabled
graph_reserve: reserving a graph for ubatch with n_tokens =   16, n_seqs =  1, n_outputs =   16
resolve_fused_ops: fused Gated Delta Net (chunked) enabled
resolve_fused_ops: resolving fused Lightning Indexer support:
graph_reserve: reserving a graph for ubatch with n_tokens =    1, n_seqs =  1, n_outputs =    1
resolve_fused_ops: Lightning Indexer enabled
resolve_fused_ops: resolving fused DeepSeek V4 HC support:
graph_reserve: reserving a graph for ubatch with n_tokens =    1, n_seqs =  1, n_outputs =    1
resolve_fused_ops: fused DeepSeek V4 HC pre enabled
graph_reserve: reserving a graph for ubatch with n_tokens =    1, n_seqs =  1, n_outputs =    1
resolve_fused_ops: fused DeepSeek V4 HC comb enabled
graph_reserve: reserving a graph for ubatch with n_tokens =    1, n_seqs =  1, n_outputs =    1
resolve_fused_ops: fused DeepSeek V4 HC post enabled
graph_reserve: reserving a graph for ubatch with n_tokens =    8, n_seqs =  1, n_outputs =    8
graph_reserve: reserving a graph for ubatch with n_tokens =    1, n_seqs =  1, n_outputs =    1
graph_reserve: reserving a graph for ubatch with n_tokens =    8, n_seqs =  1, n_outputs =    8
sched_reserve:  CUDA_Host compute buffer size =     0.03 MiB
sched_reserve: graph nodes  = 110
sched_reserve: graph splits = 1
sched_reserve: reserve took 2.75 ms, sched copies = 1
~llama_context:      CUDA0 compute buffer size is   0.0000 MiB, matches expectation of   0.0000 MiB
~llama_context:  CUDA_Host compute buffer size is   0.0304 MiB, matches expectation of   0.0304 MiB
~llama_context:      CUDA0 compute buffer size is   0.0000 MiB, matches expectation of   0.0000 MiB
~llama_context:  CUDA_Host compute buffer size is   0.0304 MiB, matches expectation of   0.0304 MiB
llama_model_loader: loaded meta data with 13 key-value pairs and 23 tensors from C:\Users\cadel\AppData\Local\Temp\moe-integration-24246.gguf (version GGUF V3 (latest))
llama_model_loader: Dumping metadata keys/values. Note: KV overrides do not apply in this output.
llama_model_loader: - kv   0:                       general.architecture str              = llama
llama_model_loader: - kv   1:                       tokenizer.ggml.model str              = no_vocab
llama_model_loader: - kv   2:                           llama.vocab_size u32              = 32
llama_model_loader: - kv   3:                       llama.context_length u32              = 128
llama_model_loader: - kv   4:                     llama.embedding_length u32              = 32
llama_model_loader: - kv   5:                          llama.block_count u32              = 2
llama_model_loader: - kv   6:                  llama.feed_forward_length u32              = 64
llama_model_loader: - kv   7:                 llama.attention.head_count u32              = 2
llama_model_loader: - kv   8:              llama.attention.head_count_kv u32              = 2
llama_model_loader: - kv   9:                 llama.rope.dimension_count u32              = 16
llama_model_loader: - kv  10:                         llama.expert_count u32              = 4
llama_model_loader: - kv  11:                    llama.expert_used_count u32              = 2
llama_model_loader: - kv  12:     llama.attention.layer_norm_rms_epsilon f32              = 0.000010
llama_model_loader: - type  f32:   23 tensors
print_info: file format = GGUF V3 (latest)
print_info: file type   = (guessed) all F32
print_info: file size   = 0.23 MiB (32.00 BPW) 
llama_prepare_model_devices: using device CUDA0 (NVIDIA GeForce RTX 4060 Laptop GPU) (0000:01:00.0) - 7096 MiB free
load: adding 32 dummy tokens
print_info: arch                  = llama
print_info: vocab_only            = 0
print_info: no_alloc              = 0
print_info: n_ctx_train           = 128
print_info: n_embd_inp            = 32
print_info: n_embd                = 32
print_info: n_embd_out            = 32
print_info: n_layer               = 2
print_info: n_layer_all           = 2
print_info: n_head                = 2
print_info: n_head_kv             = 2
print_info: n_rot                 = 16
print_info: n_swa                 = 0
print_info: is_swa_any            = 0
print_info: n_embd_head_k         = 16
print_info: n_embd_head_v         = 16
print_info: n_gqa                 = 1
print_info: n_embd_k_gqa          = 32
print_info: n_embd_v_gqa          = 32
print_info: f_norm_eps            = 0.0e+00
print_info: f_norm_rms_eps        = 1.0e-05
print_info: f_clamp_kqv           = 0.0e+00
print_info: f_max_alibi_bias      = 0.0e+00
print_info: f_logit_scale         = 0.0e+00
print_info: f_attn_scale          = 0.0e+00
print_info: f_attn_value_scale    = 0.0000
print_info: n_ff                  = 64
print_info: n_expert              = 4
print_info: n_expert_used         = 2
print_info: n_expert_groups       = 0
print_info: n_group_used          = 0
print_info: causal attn           = 1
print_info: pooling type          = -1
print_info: rope type             = 0
print_info: rope scaling          = linear
print_info: freq_base_train       = 10000.0
print_info: freq_scale_train      = 1
print_info: n_ctx_orig_yarn       = 128
print_info: rope_yarn_log_mul     = 0.0000
print_info: rope_finetuned        = unknown
print_info: model type            = ?B
print_info: model params          = 59.81 K
print_info: general.name          = n/a
print_info: vocab type            = no vocab
print_info: n_vocab               = 32
print_info: n_merges              = 0
print_info: max token length      = 0
load_tensors: loading model tensors, this can take a while... (load_mode = mmap)
load_tensors: layer   0 assigned to device CPU, is_swa = 0
load_tensors: layer   1 assigned to device CPU, is_swa = 0
load_tensors: layer   2 assigned to device CPU, is_swa = 0
create_tensor: loading tensor token_embd.weight
create_tensor: loading tensor output_norm.weight
create_tensor: loading tensor output.weight
create_tensor: loading tensor blk.0.attn_norm.weight
create_tensor: loading tensor blk.0.attn_qkv.weight
create_tensor: loading tensor blk.0.attn_q.weight
create_tensor: loading tensor blk.0.attn_k.weight
create_tensor: loading tensor blk.0.attn_v.weight
create_tensor: loading tensor blk.0.attn_q.bias
create_tensor: loading tensor blk.0.attn_k.bias
create_tensor: loading tensor blk.0.attn_v.bias
create_tensor: loading tensor blk.0.attn_output.weight
create_tensor: loading tensor blk.0.attn_output.bias
create_tensor: loading tensor blk.0.ffn_norm.weight
create_tensor: loading tensor rope_freqs.weight
create_tensor: loading tensor blk.0.ffn_gate_inp.weight
create_tensor: loading tensor blk.0.ffn_gate_exps.weight
create_tensor: loading tensor blk.0.ffn_down_exps.weight
create_tensor: loading tensor blk.0.ffn_up_exps.weight
create_tensor: loading tensor blk.1.attn_norm.weight
create_tensor: loading tensor blk.1.attn_qkv.weight
create_tensor: loading tensor blk.1.attn_q.weight
create_tensor: loading tensor blk.1.attn_k.weight
create_tensor: loading tensor blk.1.attn_v.weight
create_tensor: loading tensor blk.1.attn_q.bias
create_tensor: loading tensor blk.1.attn_k.bias
create_tensor: loading tensor blk.1.attn_v.bias
create_tensor: loading tensor blk.1.attn_output.weight
create_tensor: loading tensor blk.1.attn_output.bias
create_tensor: loading tensor blk.1.ffn_norm.weight
create_tensor: loading tensor rope_freqs.weight
create_tensor: loading tensor blk.1.ffn_gate_inp.weight
create_tensor: loading tensor blk.1.ffn_gate_exps.weight
create_tensor: loading tensor blk.1.ffn_down_exps.weight
create_tensor: loading tensor blk.1.ffn_up_exps.weight
create_tensor: loading tensor blk.0.attn_q.scale
create_tensor: loading tensor blk.0.attn_k.scale
create_tensor: loading tensor blk.0.attn_v.scale
create_tensor: loading tensor blk.0.attn_output.scale
create_tensor: loading tensor blk.0.ffn_gate_exps.scale
create_tensor: loading tensor blk.0.ffn_down_exps.scale
create_tensor: loading tensor blk.0.ffn_up_exps.scale
create_tensor: loading tensor blk.0.attn_q.input_scale
create_tensor: loading tensor blk.0.attn_k.input_scale
create_tensor: loading tensor blk.0.attn_v.input_scale
create_tensor: loading tensor blk.0.attn_output.input_scale
create_tensor: loading tensor blk.0.ffn_gate_exps.input_scale
create_tensor: loading tensor blk.0.ffn_down_exps.input_scale
create_tensor: loading tensor blk.0.ffn_up_exps.input_scale
create_tensor: loading tensor blk.1.attn_q.scale
create_tensor: loading tensor blk.1.attn_k.scale
create_tensor: loading tensor blk.1.attn_v.scale
create_tensor: loading tensor blk.1.attn_output.scale
create_tensor: loading tensor blk.1.ffn_gate_exps.scale
create_tensor: loading tensor blk.1.ffn_down_exps.scale
create_tensor: loading tensor blk.1.ffn_up_exps.scale
create_tensor: loading tensor blk.1.attn_q.input_scale
create_tensor: loading tensor blk.1.attn_k.input_scale
create_tensor: loading tensor blk.1.attn_v.input_scale
create_tensor: loading tensor blk.1.attn_output.input_scale
create_tensor: loading tensor blk.1.ffn_gate_exps.input_scale
create_tensor: loading tensor blk.1.ffn_down_exps.input_scale
create_tensor: loading tensor blk.1.ffn_up_exps.input_scale
done_getting_tensors: tensor 'token_embd.weight' (f32) (and 22 others) cannot be used with preferred buffer type CUDA_Host, using CPU instead
load_tensors: offloading 0 repeating layers to GPU
load_tensors: offloaded 0/3 layers to GPU
load_tensors:   CPU_Mapped model buffer size =     0.23 MiB
................
llama_model_loader: loaded meta data with 13 key-value pairs and 23 tensors from C:\Users\cadel\AppData\Local\Temp\moe-integration-24246.gguf (version GGUF V3 (latest))
llama_model_loader: Dumping metadata keys/values. Note: KV overrides do not apply in this output.
llama_model_loader: - kv   0:                       general.architecture str              = llama
llama_model_loader: - kv   1:                       tokenizer.ggml.model str              = no_vocab
llama_model_loader: - kv   2:                           llama.vocab_size u32              = 32
llama_model_loader: - kv   3:                       llama.context_length u32              = 128
llama_model_loader: - kv   4:                     llama.embedding_length u32              = 32
llama_model_loader: - kv   5:                          llama.block_count u32              = 2
llama_model_loader: - kv   6:                  llama.feed_forward_length u32              = 64
llama_model_loader: - kv   7:                 llama.attention.head_count u32              = 2
llama_model_loader: - kv   8:              llama.attention.head_count_kv u32              = 2
llama_model_loader: - kv   9:                 llama.rope.dimension_count u32              = 16
llama_model_loader: - kv  10:                         llama.expert_count u32              = 4
llama_model_loader: - kv  11:                    llama.expert_used_count u32              = 2
llama_model_loader: - kv  12:     llama.attention.layer_norm_rms_epsilon f32              = 0.000010
llama_model_loader: - type  f32:   23 tensors
print_info: file format = GGUF V3 (latest)
print_info: file type   = (guessed) all F32
print_info: file size   = 0.23 MiB (32.00 BPW) 
llama_prepare_model_devices: using device CUDA0 (NVIDIA GeForce RTX 4060 Laptop GPU) (0000:01:00.0) - 7096 MiB free
load: adding 32 dummy tokens
print_info: arch                  = llama
print_info: vocab_only            = 0
print_info: no_alloc              = 0
print_info: n_ctx_train           = 128
print_info: n_embd_inp            = 32
print_info: n_embd                = 32
print_info: n_embd_out            = 32
print_info: n_layer               = 2
print_info: n_layer_all           = 2
print_info: n_head                = 2
print_info: n_head_kv             = 2
print_info: n_rot                 = 16
print_info: n_swa                 = 0
print_info: is_swa_any            = 0
print_info: n_embd_head_k         = 16
print_info: n_embd_head_v         = 16
print_info: n_gqa                 = 1
print_info: n_embd_k_gqa          = 32
print_info: n_embd_v_gqa          = 32
print_info: f_norm_eps            = 0.0e+00
print_info: f_norm_rms_eps        = 1.0e-05
print_info: f_clamp_kqv           = 0.0e+00
print_info: f_max_alibi_bias      = 0.0e+00
print_info: f_logit_scale         = 0.0e+00
print_info: f_attn_scale          = 0.0e+00
print_info: f_attn_value_scale    = 0.0000
print_info: n_ff                  = 64
print_info: n_expert              = 4
print_info: n_expert_used         = 2
print_info: n_expert_groups       = 0
print_info: n_group_used          = 0
print_info: causal attn           = 1
print_info: pooling type          = -1
print_info: rope type             = 0
print_info: rope scaling          = linear
print_info: freq_base_train       = 10000.0
print_info: freq_scale_train      = 1
print_info: n_ctx_orig_yarn       = 128
print_info: rope_yarn_log_mul     = 0.0000
print_info: rope_finetuned        = unknown
print_info: model type            = ?B
print_info: model params          = 59.81 K
print_info: general.name          = n/a
print_info: vocab type            = no vocab
print_info: n_vocab               = 32
print_info: n_merges              = 0
print_info: max token length      = 0
load_tensors: loading model tensors, this can take a while... (load_mode = mmap)
load_tensors: layer   0 assigned to device CPU, is_swa = 0
load_tensors: layer   1 assigned to device CPU, is_swa = 0
load_tensors: layer   2 assigned to device CPU, is_swa = 0
create_tensor: loading tensor token_embd.weight
create_tensor: loading tensor output_norm.weight
create_tensor: loading tensor output.weight
create_tensor: loading tensor blk.0.attn_norm.weight
create_tensor: loading tensor blk.0.attn_qkv.weight
create_tensor: loading tensor blk.0.attn_q.weight
create_tensor: loading tensor blk.0.attn_k.weight
create_tensor: loading tensor blk.0.attn_v.weight
create_tensor: loading tensor blk.0.attn_q.bias
create_tensor: loading tensor blk.0.attn_k.bias
create_tensor: loading tensor blk.0.attn_v.bias
create_tensor: loading tensor blk.0.attn_output.weight
create_tensor: loading tensor blk.0.attn_output.bias
create_tensor: loading tensor blk.0.ffn_norm.weight
create_tensor: loading tensor rope_freqs.weight
create_tensor: loading tensor blk.0.ffn_gate_inp.weight
create_tensor: loading tensor blk.0.ffn_gate_exps.weight
create_tensor: loading tensor blk.0.ffn_down_exps.weight
create_tensor: loading tensor blk.0.ffn_up_exps.weight
create_tensor: loading tensor blk.1.attn_norm.weight
create_tensor: loading tensor blk.1.attn_qkv.weight
create_tensor: loading tensor blk.1.attn_q.weight
create_tensor: loading tensor blk.1.attn_k.weight
create_tensor: loading tensor blk.1.attn_v.weight
create_tensor: loading tensor blk.1.attn_q.bias
create_tensor: loading tensor blk.1.attn_k.bias
create_tensor: loading tensor blk.1.attn_v.bias
create_tensor: loading tensor blk.1.attn_output.weight
create_tensor: loading tensor blk.1.attn_output.bias
create_tensor: loading tensor blk.1.ffn_norm.weight
create_tensor: loading tensor rope_freqs.weight
create_tensor: loading tensor blk.1.ffn_gate_inp.weight
create_tensor: loading tensor blk.1.ffn_gate_exps.weight
create_tensor: loading tensor blk.1.ffn_down_exps.weight
create_tensor: loading tensor blk.1.ffn_up_exps.weight
create_tensor: loading tensor blk.0.attn_q.scale
create_tensor: loading tensor blk.0.attn_k.scale
create_tensor: loading tensor blk.0.attn_v.scale
create_tensor: loading tensor blk.0.attn_output.scale
create_tensor: loading tensor blk.0.ffn_gate_exps.scale
create_tensor: loading tensor blk.0.ffn_down_exps.scale
create_tensor: loading tensor blk.0.ffn_up_exps.scale
create_tensor: loading tensor blk.0.attn_q.input_scale
create_tensor: loading tensor blk.0.attn_k.input_scale
create_tensor: loading tensor blk.0.attn_v.input_scale
create_tensor: loading tensor blk.0.attn_output.input_scale
create_tensor: loading tensor blk.0.ffn_gate_exps.input_scale
create_tensor: loading tensor blk.0.ffn_down_exps.input_scale
create_tensor: loading tensor blk.0.ffn_up_exps.input_scale
create_tensor: loading tensor blk.1.attn_q.scale
create_tensor: loading tensor blk.1.attn_k.scale
create_tensor: loading tensor blk.1.attn_v.scale
create_tensor: loading tensor blk.1.attn_output.scale
create_tensor: loading tensor blk.1.ffn_gate_exps.scale
create_tensor: loading tensor blk.1.ffn_down_exps.scale
create_tensor: loading tensor blk.1.ffn_up_exps.scale
create_tensor: loading tensor blk.1.attn_q.input_scale
create_tensor: loading tensor blk.1.attn_k.input_scale
create_tensor: loading tensor blk.1.attn_v.input_scale
create_tensor: loading tensor blk.1.attn_output.input_scale
create_tensor: loading tensor blk.1.ffn_gate_exps.input_scale
create_tensor: loading tensor blk.1.ffn_down_exps.input_scale
create_tensor: loading tensor blk.1.ffn_up_exps.input_scale
load_tensors: offloading 0 repeating layers to GPU
load_tensors: offloaded 0/3 layers to GPU
load_tensors:   CPU_Mapped model buffer size =     0.23 MiB
................
load_tensors: experimental host-bank MoE enabled, tile weights <= 24832 bytes; this is not a total memory limit
llama_context: constructing llama_context
llama_context: n_seq_max             = 1
llama_context: n_ctx                 = 256
llama_context: n_ctx_seq             = 256
llama_context: n_batch               = 32
llama_context: n_ubatch              = 8
llama_context: causal_attn           = 1
llama_context: flash_attn            = disabled
llama_context: kv_unified            = false
llama_context: freq_base             = 10000.0
llama_context: freq_scale            = 1
llama_context: n_rs_seq              = 0
llama_context: n_outputs_max         = 32
llama_context: n_outputs_max_per_seq = 1
llama_context: n_ctx_seq (256) > n_ctx_train (128) -- possible training context overflow
set_abort_callback: call
llama_context:        CPU  output buffer size =     0.00 MiB
llama_kv_cache: layer   0: dev = CPU
llama_kv_cache: layer   1: dev = CPU
llama_kv_cache:        CPU KV buffer size =     0.06 MiB
llama_kv_cache: size =    0.06 MiB (   256 cells,   2 layers,  1/1 seqs), K (f16):    0.03 MiB, V (f16):    0.03 MiB
llama_kv_cache: attn_rot_k = 0, n_embd_head_k_all = 16
llama_kv_cache: attn_rot_v = 0, n_embd_head_k_all = 16
llama_context: enumerating backends
llama_context: backend_ptrs.size() = 2
sched_reserve: reserving ...
sched_reserve: max_nodes = 1024
sched_reserve: decode graph slots = 4 (n_tokens <= 4)
sched_reserve: reserving full memory module
sched_reserve: worst-case: n_tokens = 8, n_seqs = 1, n_outputs = 1
resolve_fused_ops: resolving fused Gated Delta Net support:
graph_reserve: reserving a graph for ubatch with n_tokens =    1, n_seqs =  1, n_outputs =    1
resolve_fused_ops: fused Gated Delta Net (autoregressive) enabled
graph_reserve: reserving a graph for ubatch with n_tokens =   16, n_seqs =  1, n_outputs =   16
resolve_fused_ops: fused Gated Delta Net (chunked) enabled
resolve_fused_ops: resolving fused Lightning Indexer support:
graph_reserve: reserving a graph for ubatch with n_tokens =    1, n_seqs =  1, n_outputs =    1
resolve_fused_ops: Lightning Indexer enabled
resolve_fused_ops: resolving fused DeepSeek V4 HC support:
graph_reserve: reserving a graph for ubatch with n_tokens =    1, n_seqs =  1, n_outputs =    1
resolve_fused_ops: fused DeepSeek V4 HC pre enabled
graph_reserve: reserving a graph for ubatch with n_tokens =    1, n_seqs =  1, n_outputs =    1
resolve_fused_ops: fused DeepSeek V4 HC comb enabled
graph_reserve: reserving a graph for ubatch with n_tokens =    1, n_seqs =  1, n_outputs =    1
resolve_fused_ops: fused DeepSeek V4 HC post enabled
graph_reserve: reserving a graph for ubatch with n_tokens =    8, n_seqs =  1, n_outputs =    8
graph_reserve: reserving a graph for ubatch with n_tokens =    1, n_seqs =  1, n_outputs =    1
graph_reserve: reserving a graph for ubatch with n_tokens =    8, n_seqs =  1, n_outputs =    8
sched_reserve:  CUDA_Host compute buffer size =     0.03 MiB
sched_reserve: graph nodes  = 110
sched_reserve: graph splits = 1
sched_reserve: reserve took 2.85 ms, sched copies = 1
llama_context: constructing llama_context
llama_context: n_seq_max             = 1
llama_context: n_ctx                 = 256
llama_context: n_ctx_seq             = 256
llama_context: n_batch               = 32
llama_context: n_ubatch              = 8
llama_context: causal_attn           = 1
llama_context: flash_attn            = disabled
llama_context: kv_unified            = false
llama_context: freq_base             = 10000.0
llama_context: freq_scale            = 1
llama_context: n_rs_seq              = 0
llama_context: n_outputs_max         = 32
llama_context: n_outputs_max_per_seq = 1
llama_context: n_ctx_seq (256) > n_ctx_train (128) -- possible training context overflow
set_abort_callback: call
llama_context:        CPU  output buffer size =     0.00 MiB
llama_kv_cache: layer   0: dev = CPU
llama_kv_cache: layer   1: dev = CPU
llama_kv_cache:        CPU KV buffer size =     0.06 MiB
llama_kv_cache: size =    0.06 MiB (   256 cells,   2 layers,  1/1 seqs), K (f16):    0.03 MiB, V (f16):    0.03 MiB
llama_kv_cache: attn_rot_k = 0, n_embd_head_k_all = 16
llama_kv_cache: attn_rot_v = 0, n_embd_head_k_all = 16
llama_context: enumerating backends
llama_context: backend_ptrs.size() = 2
sched_reserve: reserving ...
sched_reserve: max_nodes = 1024
sched_reserve: decode graph slots = 4 (n_tokens <= 4)
sched_reserve: reserving full memory module
sched_reserve: worst-case: n_tokens = 8, n_seqs = 1, n_outputs = 1
resolve_fused_ops: resolving fused Gated Delta Net support:
graph_reserve: reserving a graph for ubatch with n_tokens =    1, n_seqs =  1, n_outputs =    1
resolve_fused_ops: fused Gated Delta Net (autoregressive) enabled
graph_reserve: reserving a graph for ubatch with n_tokens =   16, n_seqs =  1, n_outputs =   16
resolve_fused_ops: fused Gated Delta Net (chunked) enabled
resolve_fused_ops: resolving fused Lightning Indexer support:
graph_reserve: reserving a graph for ubatch with n_tokens =    1, n_seqs =  1, n_outputs =    1
resolve_fused_ops: Lightning Indexer enabled
resolve_fused_ops: resolving fused DeepSeek V4 HC support:
graph_reserve: reserving a graph for ubatch with n_tokens =    1, n_seqs =  1, n_outputs =    1
resolve_fused_ops: fused DeepSeek V4 HC pre enabled
graph_reserve: reserving a graph for ubatch with n_tokens =    1, n_seqs =  1, n_outputs =    1
resolve_fused_ops: fused DeepSeek V4 HC comb enabled
graph_reserve: reserving a graph for ubatch with n_tokens =    1, n_seqs =  1, n_outputs =    1
resolve_fused_ops: fused DeepSeek V4 HC post enabled
graph_reserve: reserving a graph for ubatch with n_tokens =    8, n_seqs =  1, n_outputs =    8
graph_reserve: reserving a graph for ubatch with n_tokens =    1, n_seqs =  1, n_outputs =    1
graph_reserve: reserving a graph for ubatch with n_tokens =    8, n_seqs =  1, n_outputs =    8
sched_reserve:  CUDA_Host compute buffer size =     0.03 MiB
sched_reserve: graph nodes  = 100
sched_reserve: graph splits = 1
sched_reserve: reserve took 2.64 ms, sched copies = 1
graph_reserve: reserving a graph for ubatch with n_tokens =    4, n_seqs =  1, n_outputs =    4
set_abort_callback: call
graph_compute: ggml_backend_sched_graph_compute_async failed with error 1
process_ubatch: failed to compute graph, compute status: 1
decode: removing memory module entries for seq_id = 0, pos = [59, +inf)
llama_decode: failed to decode, ret = 2
set_abort_callback: call
host-bank MoE execution failed: MoE routing weight must be finite
host-bank MoE execution failed: MoE routing weight must be finite
process_ubatch: failed to compute graph, compute status: -1
decode: removing memory module entries for seq_id = 0, pos = [59, +inf)
llama_decode: failed to decode, ret = -3
llama_context: constructing llama_context
llama_init_from_model: failed to initialize the context: host-bank MoE requires one sequence, op_offload=false and offload_kqv=false
llama_context: constructing llama_context
llama_init_from_model: failed to initialize the context: host-bank MoE requires one sequence, op_offload=false and offload_kqv=false
llama_context: constructing llama_context
llama_init_from_model: failed to initialize the context: host-bank MoE requires one sequence, op_offload=false and offload_kqv=false
llama_context: constructing llama_context
llama_init_from_model: failed to initialize the context: moe cache: invalid uniform arena geometry
llama_context: constructing llama_context
llama_init_from_model: failed to initialize the context: host-bank MoE cache requires model.moe_cpu_tile_bytes host-bank setup
~llama_context:      CUDA0 compute buffer size is   0.0000 MiB, matches expectation of   0.0000 MiB
~llama_context:  CUDA_Host compute buffer size is   0.0304 MiB, matches expectation of   0.0304 MiB
~llama_context:      CUDA0 compute buffer size is   0.0000 MiB, matches expectation of   0.0000 MiB
~llama_context:  CUDA_Host compute buffer size is   0.0304 MiB, matches expectation of   0.0304 MiB
llama_context: constructing llama_context
llama_context: n_seq_max             = 1
llama_context: n_ctx                 = 256
llama_context: n_ctx_seq             = 256
llama_context: n_batch               = 32
llama_context: n_ubatch              = 8
llama_context: causal_attn           = 1
llama_context: flash_attn            = disabled
llama_context: kv_unified            = false
llama_context: freq_base             = 10000.0
llama_context: freq_scale            = 1
llama_context: n_rs_seq              = 0
llama_context: n_outputs_max         = 32
llama_context: n_outputs_max_per_seq = 1
llama_context: n_ctx_seq (256) > n_ctx_train (128) -- possible training context overflow
set_abort_callback: call
llama_context:        CPU  output buffer size =     0.00 MiB
llama_kv_cache: layer   0: dev = CPU
llama_kv_cache: layer   1: dev = CPU
llama_kv_cache:        CPU KV buffer size =     0.06 MiB
llama_kv_cache: size =    0.06 MiB (   256 cells,   2 layers,  1/1 seqs), K (f16):    0.03 MiB, V (f16):    0.03 MiB
llama_kv_cache: attn_rot_k = 0, n_embd_head_k_all = 16
llama_kv_cache: attn_rot_v = 0, n_embd_head_k_all = 16
llama_context: enumerating backends
llama_context: backend_ptrs.size() = 2
sched_reserve: reserving ...
sched_reserve: max_nodes = 1024
sched_reserve: decode graph slots = 4 (n_tokens <= 4)
sched_reserve: reserving full memory module
sched_reserve: worst-case: n_tokens = 8, n_seqs = 1, n_outputs = 1
resolve_fused_ops: resolving fused Gated Delta Net support:
graph_reserve: reserving a graph for ubatch with n_tokens =    1, n_seqs =  1, n_outputs =    1
resolve_fused_ops: fused Gated Delta Net (autoregressive) enabled
graph_reserve: reserving a graph for ubatch with n_tokens =   16, n_seqs =  1, n_outputs =   16
resolve_fused_ops: fused Gated Delta Net (chunked) enabled
resolve_fused_ops: resolving fused Lightning Indexer support:
graph_reserve: reserving a graph for ubatch with n_tokens =    1, n_seqs =  1, n_outputs =    1
resolve_fused_ops: Lightning Indexer enabled
resolve_fused_ops: resolving fused DeepSeek V4 HC support:
graph_reserve: reserving a graph for ubatch with n_tokens =    1, n_seqs =  1, n_outputs =    1
resolve_fused_ops: fused DeepSeek V4 HC pre enabled
graph_reserve: reserving a graph for ubatch with n_tokens =    1, n_seqs =  1, n_outputs =    1
resolve_fused_ops: fused DeepSeek V4 HC comb enabled
graph_reserve: reserving a graph for ubatch with n_tokens =    1, n_seqs =  1, n_outputs =    1
resolve_fused_ops: fused DeepSeek V4 HC post enabled
graph_reserve: reserving a graph for ubatch with n_tokens =    8, n_seqs =  1, n_outputs =    8
graph_reserve: reserving a graph for ubatch with n_tokens =    1, n_seqs =  1, n_outputs =    1
graph_reserve: reserving a graph for ubatch with n_tokens =    8, n_seqs =  1, n_outputs =    8
sched_reserve:  CUDA_Host compute buffer size =     0.03 MiB
sched_reserve: graph nodes  = 100
sched_reserve: graph splits = 1
sched_reserve: reserve took 2.72 ms, sched copies = 1
llama_context: constructing llama_context
llama_context: n_seq_max             = 1
llama_context: n_ctx                 = 256
llama_context: n_ctx_seq             = 256
llama_context: n_batch               = 32
llama_context: n_ubatch              = 8
llama_context: causal_attn           = 1
llama_context: flash_attn            = disabled
llama_context: kv_unified            = false
llama_context: freq_base             = 10000.0
llama_context: freq_scale            = 1
llama_context: n_rs_seq              = 0
llama_context: n_outputs_max         = 32
llama_context: n_outputs_max_per_seq = 1
llama_context: n_ctx_seq (256) > n_ctx_train (128) -- possible training context overflow
set_abort_callback: call
llama_context:        CPU  output buffer size =     0.00 MiB
llama_kv_cache: layer   0: dev = CPU
llama_kv_cache: layer   1: dev = CPU
llama_kv_cache:        CPU KV buffer size =     0.06 MiB
llama_kv_cache: size =    0.06 MiB (   256 cells,   2 layers,  1/1 seqs), K (f16):    0.03 MiB, V (f16):    0.03 MiB
llama_kv_cache: attn_rot_k = 0, n_embd_head_k_all = 16
llama_kv_cache: attn_rot_v = 0, n_embd_head_k_all = 16
llama_context: enumerating backends
llama_context: backend_ptrs.size() = 2
sched_reserve: reserving ...
sched_reserve: max_nodes = 1024
sched_reserve: decode graph slots = 4 (n_tokens <= 4)
sched_reserve: reserving full memory module
sched_reserve: worst-case: n_tokens = 8, n_seqs = 1, n_outputs = 1
resolve_fused_ops: resolving fused Gated Delta Net support:
graph_reserve: reserving a graph for ubatch with n_tokens =    1, n_seqs =  1, n_outputs =    1
resolve_fused_ops: fused Gated Delta Net (autoregressive) enabled
graph_reserve: reserving a graph for ubatch with n_tokens =   16, n_seqs =  1, n_outputs =   16
resolve_fused_ops: fused Gated Delta Net (chunked) enabled
resolve_fused_ops: resolving fused Lightning Indexer support:
graph_reserve: reserving a graph for ubatch with n_tokens =    1, n_seqs =  1, n_outputs =    1
resolve_fused_ops: Lightning Indexer enabled
resolve_fused_ops: resolving fused DeepSeek V4 HC support:
graph_reserve: reserving a graph for ubatch with n_tokens =    1, n_seqs =  1, n_outputs =    1
resolve_fused_ops: fused DeepSeek V4 HC pre enabled
graph_reserve: reserving a graph for ubatch with n_tokens =    1, n_seqs =  1, n_outputs =    1
resolve_fused_ops: fused DeepSeek V4 HC comb enabled
graph_reserve: reserving a graph for ubatch with n_tokens =    1, n_seqs =  1, n_outputs =    1
resolve_fused_ops: fused DeepSeek V4 HC post enabled
graph_reserve: reserving a graph for ubatch with n_tokens =    8, n_seqs =  1, n_outputs =    8
graph_reserve: reserving a graph for ubatch with n_tokens =    1, n_seqs =  1, n_outputs =    1
graph_reserve: reserving a graph for ubatch with n_tokens =    8, n_seqs =  1, n_outputs =    8
sched_reserve:  CUDA_Host compute buffer size =     0.03 MiB
sched_reserve: graph nodes  = 110
sched_reserve: graph splits = 1
sched_reserve: reserve took 2.46 ms, sched copies = 1
~llama_context:      CUDA0 compute buffer size is   0.0000 MiB, matches expectation of   0.0000 MiB
~llama_context:  CUDA_Host compute buffer size is   0.0304 MiB, matches expectation of   0.0304 MiB
~llama_context:      CUDA0 compute buffer size is   0.0000 MiB, matches expectation of   0.0000 MiB
~llama_context:  CUDA_Host compute buffer size is   0.0304 MiB, matches expectation of   0.0304 MiB
llama_model_loader: loaded meta data with 13 key-value pairs and 23 tensors from C:\Users\cadel\AppData\Local\Temp\moe-integration-24246.gguf (version GGUF V3 (latest))
llama_model_loader: Dumping metadata keys/values. Note: KV overrides do not apply in this output.
llama_model_loader: - kv   0:                       general.architecture str              = llama
llama_model_loader: - kv   1:                       tokenizer.ggml.model str              = no_vocab
llama_model_loader: - kv   2:                           llama.vocab_size u32              = 32
llama_model_loader: - kv   3:                       llama.context_length u32              = 128
llama_model_loader: - kv   4:                     llama.embedding_length u32              = 32
llama_model_loader: - kv   5:                          llama.block_count u32              = 2
llama_model_loader: - kv   6:                  llama.feed_forward_length u32              = 64
llama_model_loader: - kv   7:                 llama.attention.head_count u32              = 2
llama_model_loader: - kv   8:              llama.attention.head_count_kv u32              = 2
llama_model_loader: - kv   9:                 llama.rope.dimension_count u32              = 16
llama_model_loader: - kv  10:                         llama.expert_count u32              = 4
llama_model_loader: - kv  11:                    llama.expert_used_count u32              = 2
llama_model_loader: - kv  12:     llama.attention.layer_norm_rms_epsilon f32              = 0.000010
llama_model_loader: - type  f32:   23 tensors
print_info: file format = GGUF V3 (latest)
print_info: file type   = (guessed) all F32
print_info: file size   = 0.23 MiB (32.00 BPW) 
llama_prepare_model_devices: using device CUDA0 (NVIDIA GeForce RTX 4060 Laptop GPU) (0000:01:00.0) - 7096 MiB free
load: adding 32 dummy tokens
print_info: arch                  = llama
print_info: vocab_only            = 0
print_info: no_alloc              = 0
print_info: n_ctx_train           = 128
print_info: n_embd_inp            = 32
print_info: n_embd                = 32
print_info: n_embd_out            = 32
print_info: n_layer               = 2
print_info: n_layer_all           = 2
print_info: n_head                = 2
print_info: n_head_kv             = 2
print_info: n_rot                 = 16
print_info: n_swa                 = 0
print_info: is_swa_any            = 0
print_info: n_embd_head_k         = 16
print_info: n_embd_head_v         = 16
print_info: n_gqa                 = 1
print_info: n_embd_k_gqa          = 32
print_info: n_embd_v_gqa          = 32
print_info: f_norm_eps            = 0.0e+00
print_info: f_norm_rms_eps        = 1.0e-05
print_info: f_clamp_kqv           = 0.0e+00
print_info: f_max_alibi_bias      = 0.0e+00
print_info: f_logit_scale         = 0.0e+00
print_info: f_attn_scale          = 0.0e+00
print_info: f_attn_value_scale    = 0.0000
print_info: n_ff                  = 64
print_info: n_expert              = 4
print_info: n_expert_used         = 2
print_info: n_expert_groups       = 0
print_info: n_group_used          = 0
print_info: causal attn           = 1
print_info: pooling type          = -1
print_info: rope type             = 0
print_info: rope scaling          = linear
print_info: freq_base_train       = 10000.0
print_info: freq_scale_train      = 1
print_info: n_ctx_orig_yarn       = 128
print_info: rope_yarn_log_mul     = 0.0000
print_info: rope_finetuned        = unknown
print_info: model type            = ?B
print_info: model params          = 59.81 K
print_info: general.name          = n/a
print_info: vocab type            = no vocab
print_info: n_vocab               = 32
print_info: n_merges              = 0
print_info: max token length      = 0
load_tensors: loading model tensors, this can take a while... (load_mode = mmap)
load_tensors: layer   0 assigned to device CPU, is_swa = 0
load_tensors: layer   1 assigned to device CPU, is_swa = 0
load_tensors: layer   2 assigned to device CPU, is_swa = 0
create_tensor: loading tensor token_embd.weight
create_tensor: loading tensor output_norm.weight
create_tensor: loading tensor output.weight
create_tensor: loading tensor blk.0.attn_norm.weight
create_tensor: loading tensor blk.0.attn_qkv.weight
create_tensor: loading tensor blk.0.attn_q.weight
create_tensor: loading tensor blk.0.attn_k.weight
create_tensor: loading tensor blk.0.attn_v.weight
create_tensor: loading tensor blk.0.attn_q.bias
create_tensor: loading tensor blk.0.attn_k.bias
create_tensor: loading tensor blk.0.attn_v.bias
create_tensor: loading tensor blk.0.attn_output.weight
create_tensor: loading tensor blk.0.attn_output.bias
create_tensor: loading tensor blk.0.ffn_norm.weight
create_tensor: loading tensor rope_freqs.weight
create_tensor: loading tensor blk.0.ffn_gate_inp.weight
create_tensor: loading tensor blk.0.ffn_gate_exps.weight
create_tensor: loading tensor blk.0.ffn_down_exps.weight
create_tensor: loading tensor blk.0.ffn_up_exps.weight
create_tensor: loading tensor blk.1.attn_norm.weight
create_tensor: loading tensor blk.1.attn_qkv.weight
create_tensor: loading tensor blk.1.attn_q.weight
create_tensor: loading tensor blk.1.attn_k.weight
create_tensor: loading tensor blk.1.attn_v.weight
create_tensor: loading tensor blk.1.attn_q.bias
create_tensor: loading tensor blk.1.attn_k.bias
create_tensor: loading tensor blk.1.attn_v.bias
create_tensor: loading tensor blk.1.attn_output.weight
create_tensor: loading tensor blk.1.attn_output.bias
create_tensor: loading tensor blk.1.ffn_norm.weight
create_tensor: loading tensor rope_freqs.weight
create_tensor: loading tensor blk.1.ffn_gate_inp.weight
create_tensor: loading tensor blk.1.ffn_gate_exps.weight
create_tensor: loading tensor blk.1.ffn_down_exps.weight
create_tensor: loading tensor blk.1.ffn_up_exps.weight
create_tensor: loading tensor blk.0.attn_q.scale
create_tensor: loading tensor blk.0.attn_k.scale
create_tensor: loading tensor blk.0.attn_v.scale
create_tensor: loading tensor blk.0.attn_output.scale
create_tensor: loading tensor blk.0.ffn_gate_exps.scale
create_tensor: loading tensor blk.0.ffn_down_exps.scale
create_tensor: loading tensor blk.0.ffn_up_exps.scale
create_tensor: loading tensor blk.0.attn_q.input_scale
create_tensor: loading tensor blk.0.attn_k.input_scale
create_tensor: loading tensor blk.0.attn_v.input_scale
create_tensor: loading tensor blk.0.attn_output.input_scale
create_tensor: loading tensor blk.0.ffn_gate_exps.input_scale
create_tensor: loading tensor blk.0.ffn_down_exps.input_scale
create_tensor: loading tensor blk.0.ffn_up_exps.input_scale
create_tensor: loading tensor blk.1.attn_q.scale
create_tensor: loading tensor blk.1.attn_k.scale
create_tensor: loading tensor blk.1.attn_v.scale
create_tensor: loading tensor blk.1.attn_output.scale
create_tensor: loading tensor blk.1.ffn_gate_exps.scale
create_tensor: loading tensor blk.1.ffn_down_exps.scale
create_tensor: loading tensor blk.1.ffn_up_exps.scale
create_tensor: loading tensor blk.1.attn_q.input_scale
create_tensor: loading tensor blk.1.attn_k.input_scale
create_tensor: loading tensor blk.1.attn_v.input_scale
create_tensor: loading tensor blk.1.attn_output.input_scale
create_tensor: loading tensor blk.1.ffn_gate_exps.input_scale
create_tensor: loading tensor blk.1.ffn_down_exps.input_scale
create_tensor: loading tensor blk.1.ffn_up_exps.input_scale
done_getting_tensors: tensor 'token_embd.weight' (f32) (and 22 others) cannot be used with preferred buffer type CUDA_Host, using CPU instead
load_tensors: offloading 0 repeating layers to GPU
load_tensors: offloaded 0/3 layers to GPU
load_tensors:   CPU_Mapped model buffer size =     0.23 MiB
................
llama_model_loader: loaded meta data with 13 key-value pairs and 23 tensors from C:\Users\cadel\AppData\Local\Temp\moe-integration-24246.gguf (version GGUF V3 (latest))
llama_model_loader: Dumping metadata keys/values. Note: KV overrides do not apply in this output.
llama_model_loader: - kv   0:                       general.architecture str              = llama
llama_model_loader: - kv   1:                       tokenizer.ggml.model str              = no_vocab
llama_model_loader: - kv   2:                           llama.vocab_size u32              = 32
llama_model_loader: - kv   3:                       llama.context_length u32              = 128
llama_model_loader: - kv   4:                     llama.embedding_length u32              = 32
llama_model_loader: - kv   5:                          llama.block_count u32              = 2
llama_model_loader: - kv   6:                  llama.feed_forward_length u32              = 64
llama_model_loader: - kv   7:                 llama.attention.head_count u32              = 2
llama_model_loader: - kv   8:              llama.attention.head_count_kv u32              = 2
llama_model_loader: - kv   9:                 llama.rope.dimension_count u32              = 16
llama_model_loader: - kv  10:                         llama.expert_count u32              = 4
llama_model_loader: - kv  11:                    llama.expert_used_count u32              = 2
llama_model_loader: - kv  12:     llama.attention.layer_norm_rms_epsilon f32              = 0.000010
llama_model_loader: - type  f32:   23 tensors
print_info: file format = GGUF V3 (latest)
print_info: file type   = (guessed) all F32
print_info: file size   = 0.23 MiB (32.00 BPW) 
llama_prepare_model_devices: using device CUDA0 (NVIDIA GeForce RTX 4060 Laptop GPU) (0000:01:00.0) - 7096 MiB free
load: adding 32 dummy tokens
print_info: arch                  = llama
print_info: vocab_only            = 0
print_info: no_alloc              = 0
print_info: n_ctx_train           = 128
print_info: n_embd_inp            = 32
print_info: n_embd                = 32
print_info: n_embd_out            = 32
print_info: n_layer               = 2
print_info: n_layer_all           = 2
print_info: n_head                = 2
print_info: n_head_kv             = 2
print_info: n_rot                 = 16
print_info: n_swa                 = 0
print_info: is_swa_any            = 0
print_info: n_embd_head_k         = 16
print_info: n_embd_head_v         = 16
print_info: n_gqa                 = 1
print_info: n_embd_k_gqa          = 32
print_info: n_embd_v_gqa          = 32
print_info: f_norm_eps            = 0.0e+00
print_info: f_norm_rms_eps        = 1.0e-05
print_info: f_clamp_kqv           = 0.0e+00
print_info: f_max_alibi_bias      = 0.0e+00
print_info: f_logit_scale         = 0.0e+00
print_info: f_attn_scale          = 0.0e+00
print_info: f_attn_value_scale    = 0.0000
print_info: n_ff                  = 64
print_info: n_expert              = 4
print_info: n_expert_used         = 2
print_info: n_expert_groups       = 0
print_info: n_group_used          = 0
print_info: causal attn           = 1
print_info: pooling type          = -1
print_info: rope type             = 0
print_info: rope scaling          = linear
print_info: freq_base_train       = 10000.0
print_info: freq_scale_train      = 1
print_info: n_ctx_orig_yarn       = 128
print_info: rope_yarn_log_mul     = 0.0000
print_info: rope_finetuned        = unknown
print_info: model type            = ?B
print_info: model params          = 59.81 K
print_info: general.name          = n/a
print_info: vocab type            = no vocab
print_info: n_vocab               = 32
print_info: n_merges              = 0
print_info: max token length      = 0
load_tensors: loading model tensors, this can take a while... (load_mode = mmap)
load_tensors: layer   0 assigned to device CPU, is_swa = 0
load_tensors: layer   1 assigned to device CPU, is_swa = 0
load_tensors: layer   2 assigned to device CPU, is_swa = 0
create_tensor: loading tensor token_embd.weight
create_tensor: loading tensor output_norm.weight
create_tensor: loading tensor output.weight
create_tensor: loading tensor blk.0.attn_norm.weight
create_tensor: loading tensor blk.0.attn_qkv.weight
create_tensor: loading tensor blk.0.attn_q.weight
create_tensor: loading tensor blk.0.attn_k.weight
create_tensor: loading tensor blk.0.attn_v.weight
create_tensor: loading tensor blk.0.attn_q.bias
create_tensor: loading tensor blk.0.attn_k.bias
create_tensor: loading tensor blk.0.attn_v.bias
create_tensor: loading tensor blk.0.attn_output.weight
create_tensor: loading tensor blk.0.attn_output.bias
create_tensor: loading tensor blk.0.ffn_norm.weight
create_tensor: loading tensor rope_freqs.weight
create_tensor: loading tensor blk.0.ffn_gate_inp.weight
create_tensor: loading tensor blk.0.ffn_gate_exps.weight
create_tensor: loading tensor blk.0.ffn_down_exps.weight
create_tensor: loading tensor blk.0.ffn_up_exps.weight
create_tensor: loading tensor blk.1.attn_norm.weight
create_tensor: loading tensor blk.1.attn_qkv.weight
create_tensor: loading tensor blk.1.attn_q.weight
create_tensor: loading tensor blk.1.attn_k.weight
create_tensor: loading tensor blk.1.attn_v.weight
create_tensor: loading tensor blk.1.attn_q.bias
create_tensor: loading tensor blk.1.attn_k.bias
create_tensor: loading tensor blk.1.attn_v.bias
create_tensor: loading tensor blk.1.attn_output.weight
create_tensor: loading tensor blk.1.attn_output.bias
create_tensor: loading tensor blk.1.ffn_norm.weight
create_tensor: loading tensor rope_freqs.weight
create_tensor: loading tensor blk.1.ffn_gate_inp.weight
create_tensor: loading tensor blk.1.ffn_gate_exps.weight
create_tensor: loading tensor blk.1.ffn_down_exps.weight
create_tensor: loading tensor blk.1.ffn_up_exps.weight
create_tensor: loading tensor blk.0.attn_q.scale
create_tensor: loading tensor blk.0.attn_k.scale
create_tensor: loading tensor blk.0.attn_v.scale
create_tensor: loading tensor blk.0.attn_output.scale
create_tensor: loading tensor blk.0.ffn_gate_exps.scale
create_tensor: loading tensor blk.0.ffn_down_exps.scale
create_tensor: loading tensor blk.0.ffn_up_exps.scale
create_tensor: loading tensor blk.0.attn_q.input_scale
create_tensor: loading tensor blk.0.attn_k.input_scale
create_tensor: loading tensor blk.0.attn_v.input_scale
create_tensor: loading tensor blk.0.attn_output.input_scale
create_tensor: loading tensor blk.0.ffn_gate_exps.input_scale
create_tensor: loading tensor blk.0.ffn_down_exps.input_scale
create_tensor: loading tensor blk.0.ffn_up_exps.input_scale
create_tensor: loading tensor blk.1.attn_q.scale
create_tensor: loading tensor blk.1.attn_k.scale
create_tensor: loading tensor blk.1.attn_v.scale
create_tensor: loading tensor blk.1.attn_output.scale
create_tensor: loading tensor blk.1.ffn_gate_exps.scale
create_tensor: loading tensor blk.1.ffn_down_exps.scale
create_tensor: loading tensor blk.1.ffn_up_exps.scale
create_tensor: loading tensor blk.1.attn_q.input_scale
create_tensor: loading tensor blk.1.attn_k.input_scale
create_tensor: loading tensor blk.1.attn_v.input_scale
create_tensor: loading tensor blk.1.attn_output.input_scale
create_tensor: loading tensor blk.1.ffn_gate_exps.input_scale
create_tensor: loading tensor blk.1.ffn_down_exps.input_scale
create_tensor: loading tensor blk.1.ffn_up_exps.input_scale
load_tensors: offloading 0 repeating layers to GPU
load_tensors: offloaded 0/3 layers to GPU
load_tensors:   CPU_Mapped model buffer size =     0.23 MiB
................
load_tensors: experimental host-bank MoE enabled, tile weights <= 99328 bytes; this is not a total memory limit
llama_context: constructing llama_context
llama_context: n_seq_max             = 1
llama_context: n_ctx                 = 256
llama_context: n_ctx_seq             = 256
llama_context: n_batch               = 32
llama_context: n_ubatch              = 8
llama_context: causal_attn           = 1
llama_context: flash_attn            = disabled
llama_context: kv_unified            = false
llama_context: freq_base             = 10000.0
llama_context: freq_scale            = 1
llama_context: n_rs_seq              = 0
llama_context: n_outputs_max         = 32
llama_context: n_outputs_max_per_seq = 1
llama_context: n_ctx_seq (256) > n_ctx_train (128) -- possible training context overflow
set_abort_callback: call
llama_context:        CPU  output buffer size =     0.00 MiB
llama_kv_cache: layer   0: dev = CPU
llama_kv_cache: layer   1: dev = CPU
llama_kv_cache:        CPU KV buffer size =     0.06 MiB
llama_kv_cache: size =    0.06 MiB (   256 cells,   2 layers,  1/1 seqs), K (f16):    0.03 MiB, V (f16):    0.03 MiB
llama_kv_cache: attn_rot_k = 0, n_embd_head_k_all = 16
llama_kv_cache: attn_rot_v = 0, n_embd_head_k_all = 16
llama_context: enumerating backends
llama_context: backend_ptrs.size() = 2
sched_reserve: reserving ...
sched_reserve: max_nodes = 1024
sched_reserve: decode graph slots = 4 (n_tokens <= 4)
sched_reserve: reserving full memory module
sched_reserve: worst-case: n_tokens = 8, n_seqs = 1, n_outputs = 1
resolve_fused_ops: resolving fused Gated Delta Net support:
graph_reserve: reserving a graph for ubatch with n_tokens =    1, n_seqs =  1, n_outputs =    1
resolve_fused_ops: fused Gated Delta Net (autoregressive) enabled
graph_reserve: reserving a graph for ubatch with n_tokens =   16, n_seqs =  1, n_outputs =   16
resolve_fused_ops: fused Gated Delta Net (chunked) enabled
resolve_fused_ops: resolving fused Lightning Indexer support:
graph_reserve: reserving a graph for ubatch with n_tokens =    1, n_seqs =  1, n_outputs =    1
resolve_fused_ops: Lightning Indexer enabled
resolve_fused_ops: resolving fused DeepSeek V4 HC support:
graph_reserve: reserving a graph for ubatch with n_tokens =    1, n_seqs =  1, n_outputs =    1
resolve_fused_ops: fused DeepSeek V4 HC pre enabled
graph_reserve: reserving a graph for ubatch with n_tokens =    1, n_seqs =  1, n_outputs =    1
resolve_fused_ops: fused DeepSeek V4 HC comb enabled
graph_reserve: reserving a graph for ubatch with n_tokens =    1, n_seqs =  1, n_outputs =    1
resolve_fused_ops: fused DeepSeek V4 HC post enabled
graph_reserve: reserving a graph for ubatch with n_tokens =    8, n_seqs =  1, n_outputs =    8
graph_reserve: reserving a graph for ubatch with n_tokens =    1, n_seqs =  1, n_outputs =    1
graph_reserve: reserving a graph for ubatch with n_tokens =    8, n_seqs =  1, n_outputs =    8
sched_reserve:  CUDA_Host compute buffer size =     0.03 MiB
sched_reserve: graph nodes  = 110
sched_reserve: graph splits = 1
sched_reserve: reserve took 3.03 ms, sched copies = 1
llama_context: constructing llama_context
llama_context: n_seq_max             = 1
llama_context: n_ctx                 = 256
llama_context: n_ctx_seq             = 256
llama_context: n_batch               = 32
llama_context: n_ubatch              = 8
llama_context: causal_attn           = 1
llama_context: flash_attn            = disabled
llama_context: kv_unified            = false
llama_context: freq_base             = 10000.0
llama_context: freq_scale            = 1
llama_context: n_rs_seq              = 0
llama_context: n_outputs_max         = 32
llama_context: n_outputs_max_per_seq = 1
llama_context: n_ctx_seq (256) > n_ctx_train (128) -- possible training context overflow
set_abort_callback: call
llama_context:        CPU  output buffer size =     0.00 MiB
llama_kv_cache: layer   0: dev = CPU
llama_kv_cache: layer   1: dev = CPU
llama_kv_cache:        CPU KV buffer size =     0.06 MiB
llama_kv_cache: size =    0.06 MiB (   256 cells,   2 layers,  1/1 seqs), K (f16):    0.03 MiB, V (f16):    0.03 MiB
llama_kv_cache: attn_rot_k = 0, n_embd_head_k_all = 16
llama_kv_cache: attn_rot_v = 0, n_embd_head_k_all = 16
llama_context: enumerating backends
llama_context: backend_ptrs.size() = 2
sched_reserve: reserving ...
sched_reserve: max_nodes = 1024
sched_reserve: decode graph slots = 4 (n_tokens <= 4)
sched_reserve: reserving full memory module
sched_reserve: worst-case: n_tokens = 8, n_seqs = 1, n_outputs = 1
resolve_fused_ops: resolving fused Gated Delta Net support:
graph_reserve: reserving a graph for ubatch with n_tokens =    1, n_seqs =  1, n_outputs =    1
resolve_fused_ops: fused Gated Delta Net (autoregressive) enabled
graph_reserve: reserving a graph for ubatch with n_tokens =   16, n_seqs =  1, n_outputs =   16
resolve_fused_ops: fused Gated Delta Net (chunked) enabled
resolve_fused_ops: resolving fused Lightning Indexer support:
graph_reserve: reserving a graph for ubatch with n_tokens =    1, n_seqs =  1, n_outputs =    1
resolve_fused_ops: Lightning Indexer enabled
resolve_fused_ops: resolving fused DeepSeek V4 HC support:
graph_reserve: reserving a graph for ubatch with n_tokens =    1, n_seqs =  1, n_outputs =    1
resolve_fused_ops: fused DeepSeek V4 HC pre enabled
graph_reserve: reserving a graph for ubatch with n_tokens =    1, n_seqs =  1, n_outputs =    1
resolve_fused_ops: fused DeepSeek V4 HC comb enabled
graph_reserve: reserving a graph for ubatch with n_tokens =    1, n_seqs =  1, n_outputs =    1
resolve_fused_ops: fused DeepSeek V4 HC post enabled
graph_reserve: reserving a graph for ubatch with n_tokens =    8, n_seqs =  1, n_outputs =    8
graph_reserve: reserving a graph for ubatch with n_tokens =    1, n_seqs =  1, n_outputs =    1
graph_reserve: reserving a graph for ubatch with n_tokens =    8, n_seqs =  1, n_outputs =    8
sched_reserve:  CUDA_Host compute buffer size =     0.03 MiB
sched_reserve: graph nodes  = 100
sched_reserve: graph splits = 1
sched_reserve: reserve took 2.50 ms, sched copies = 1
graph_reserve: reserving a graph for ubatch with n_tokens =    4, n_seqs =  1, n_outputs =    4
set_abort_callback: call
graph_compute: ggml_backend_sched_graph_compute_async failed with error 1
process_ubatch: failed to compute graph, compute status: 1
decode: removing memory module entries for seq_id = 0, pos = [59, +inf)
llama_decode: failed to decode, ret = 2
set_abort_callback: call
host-bank MoE execution failed: MoE routing weight must be finite
host-bank MoE execution failed: MoE routing weight must be finite
process_ubatch: failed to compute graph, compute status: -1
decode: removing memory module entries for seq_id = 0, pos = [59, +inf)
llama_decode: failed to decode, ret = -3
llama_context: constructing llama_context
llama_init_from_model: failed to initialize the context: host-bank MoE requires one sequence, op_offload=false and offload_kqv=false
llama_context: constructing llama_context
llama_init_from_model: failed to initialize the context: host-bank MoE requires one sequence, op_offload=false and offload_kqv=false
llama_context: constructing llama_context
llama_init_from_model: failed to initialize the context: host-bank MoE requires one sequence, op_offload=false and offload_kqv=false
llama_context: constructing llama_context
llama_init_from_model: failed to initialize the context: moe cache: invalid uniform arena geometry
llama_context: constructing llama_context
llama_init_from_model: failed to initialize the context: host-bank MoE cache requires model.moe_cpu_tile_bytes host-bank setup
~llama_context:      CUDA0 compute buffer size is   0.0000 MiB, matches expectation of   0.0000 MiB
~llama_context:  CUDA_Host compute buffer size is   0.0304 MiB, matches expectation of   0.0304 MiB
~llama_context:      CUDA0 compute buffer size is   0.0000 MiB, matches expectation of   0.0000 MiB
~llama_context:  CUDA_Host compute buffer size is   0.0304 MiB, matches expectation of   0.0304 MiB
llama_context: constructing llama_context
llama_context: n_seq_max             = 1
llama_context: n_ctx                 = 256
llama_context: n_ctx_seq             = 256
llama_context: n_batch               = 32
llama_context: n_ubatch              = 8
llama_context: causal_attn           = 1
llama_context: flash_attn            = disabled
llama_context: kv_unified            = false
llama_context: freq_base             = 10000.0
llama_context: freq_scale            = 1
llama_context: n_rs_seq              = 0
llama_context: n_outputs_max         = 32
llama_context: n_outputs_max_per_seq = 1
llama_context: n_ctx_seq (256) > n_ctx_train (128) -- possible training context overflow
set_abort_callback: call
llama_context:        CPU  output buffer size =     0.00 MiB
llama_kv_cache: layer   0: dev = CPU
llama_kv_cache: layer   1: dev = CPU
llama_kv_cache:        CPU KV buffer size =     0.06 MiB
llama_kv_cache: size =    0.06 MiB (   256 cells,   2 layers,  1/1 seqs), K (f16):    0.03 MiB, V (f16):    0.03 MiB
llama_kv_cache: attn_rot_k = 0, n_embd_head_k_all = 16
llama_kv_cache: attn_rot_v = 0, n_embd_head_k_all = 16
llama_context: enumerating backends
llama_context: backend_ptrs.size() = 2
sched_reserve: reserving ...
sched_reserve: max_nodes = 1024
sched_reserve: decode graph slots = 4 (n_tokens <= 4)
sched_reserve: reserving full memory module
sched_reserve: worst-case: n_tokens = 8, n_seqs = 1, n_outputs = 1
resolve_fused_ops: resolving fused Gated Delta Net support:
graph_reserve: reserving a graph for ubatch with n_tokens =    1, n_seqs =  1, n_outputs =    1
resolve_fused_ops: fused Gated Delta Net (autoregressive) enabled
graph_reserve: reserving a graph for ubatch with n_tokens =   16, n_seqs =  1, n_outputs =   16
resolve_fused_ops: fused Gated Delta Net (chunked) enabled
resolve_fused_ops: resolving fused Lightning Indexer support:
graph_reserve: reserving a graph for ubatch with n_tokens =    1, n_seqs =  1, n_outputs =    1
resolve_fused_ops: Lightning Indexer enabled
resolve_fused_ops: resolving fused DeepSeek V4 HC support:
graph_reserve: reserving a graph for ubatch with n_tokens =    1, n_seqs =  1, n_outputs =    1
resolve_fused_ops: fused DeepSeek V4 HC pre enabled
graph_reserve: reserving a graph for ubatch with n_tokens =    1, n_seqs =  1, n_outputs =    1
resolve_fused_ops: fused DeepSeek V4 HC comb enabled
graph_reserve: reserving a graph for ubatch with n_tokens =    1, n_seqs =  1, n_outputs =    1
resolve_fused_ops: fused DeepSeek V4 HC post enabled
graph_reserve: reserving a graph for ubatch with n_tokens =    8, n_seqs =  1, n_outputs =    8
graph_reserve: reserving a graph for ubatch with n_tokens =    1, n_seqs =  1, n_outputs =    1
graph_reserve: reserving a graph for ubatch with n_tokens =    8, n_seqs =  1, n_outputs =    8
sched_reserve:  CUDA_Host compute buffer size =     0.03 MiB
sched_reserve: graph nodes  = 100
sched_reserve: graph splits = 1
sched_reserve: reserve took 2.62 ms, sched copies = 1
llama_context: constructing llama_context
llama_context: n_seq_max             = 1
llama_context: n_ctx                 = 256
llama_context: n_ctx_seq             = 256
llama_context: n_batch               = 32
llama_context: n_ubatch              = 8
llama_context: causal_attn           = 1
llama_context: flash_attn            = disabled
llama_context: kv_unified            = false
llama_context: freq_base             = 10000.0
llama_context: freq_scale            = 1
llama_context: n_rs_seq              = 0
llama_context: n_outputs_max         = 32
llama_context: n_outputs_max_per_seq = 1
llama_context: n_ctx_seq (256) > n_ctx_train (128) -- possible training context overflow
set_abort_callback: call
llama_context:        CPU  output buffer size =     0.00 MiB
llama_kv_cache: layer   0: dev = CPU
llama_kv_cache: layer   1: dev = CPU
llama_kv_cache:        CPU KV buffer size =     0.06 MiB
llama_kv_cache: size =    0.06 MiB (   256 cells,   2 layers,  1/1 seqs), K (f16):    0.03 MiB, V (f16):    0.03 MiB
llama_kv_cache: attn_rot_k = 0, n_embd_head_k_all = 16
llama_kv_cache: attn_rot_v = 0, n_embd_head_k_all = 16
llama_context: enumerating backends
llama_context: backend_ptrs.size() = 2
sched_reserve: reserving ...
sched_reserve: max_nodes = 1024
sched_reserve: decode graph slots = 4 (n_tokens <= 4)
sched_reserve: reserving full memory module
sched_reserve: worst-case: n_tokens = 8, n_seqs = 1, n_outputs = 1
resolve_fused_ops: resolving fused Gated Delta Net support:
graph_reserve: reserving a graph for ubatch with n_tokens =    1, n_seqs =  1, n_outputs =    1
resolve_fused_ops: fused Gated Delta Net (autoregressive) enabled
graph_reserve: reserving a graph for ubatch with n_tokens =   16, n_seqs =  1, n_outputs =   16
resolve_fused_ops: fused Gated Delta Net (chunked) enabled
resolve_fused_ops: resolving fused Lightning Indexer support:
graph_reserve: reserving a graph for ubatch with n_tokens =    1, n_seqs =  1, n_outputs =    1
resolve_fused_ops: Lightning Indexer enabled
resolve_fused_ops: resolving fused DeepSeek V4 HC support:
graph_reserve: reserving a graph for ubatch with n_tokens =    1, n_seqs =  1, n_outputs =    1
resolve_fused_ops: fused DeepSeek V4 HC pre enabled
graph_reserve: reserving a graph for ubatch with n_tokens =    1, n_seqs =  1, n_outputs =    1
resolve_fused_ops: fused DeepSeek V4 HC comb enabled
graph_reserve: reserving a graph for ubatch with n_tokens =    1, n_seqs =  1, n_outputs =    1
resolve_fused_ops: fused DeepSeek V4 HC post enabled
graph_reserve: reserving a graph for ubatch with n_tokens =    8, n_seqs =  1, n_outputs =    8
graph_reserve: reserving a graph for ubatch with n_tokens =    1, n_seqs =  1, n_outputs =    1
graph_reserve: reserving a graph for ubatch with n_tokens =    8, n_seqs =  1, n_outputs =    8
sched_reserve:  CUDA_Host compute buffer size =     0.03 MiB
sched_reserve: graph nodes  = 110
sched_reserve: graph splits = 1
sched_reserve: reserve took 2.62 ms, sched copies = 1
~llama_context:      CUDA0 compute buffer size is   0.0000 MiB, matches expectation of   0.0000 MiB
~llama_context:  CUDA_Host compute buffer size is   0.0304 MiB, matches expectation of   0.0304 MiB
~llama_context:      CUDA0 compute buffer size is   0.0000 MiB, matches expectation of   0.0000 MiB
~llama_context:  CUDA_Host compute buffer size is   0.0304 MiB, matches expectation of   0.0304 MiB
llama_model_loader: loaded meta data with 13 key-value pairs and 23 tensors from C:\Users\cadel\AppData\Local\Temp\moe-integration-24246.gguf (version GGUF V3 (latest))
llama_model_loader: Dumping metadata keys/values. Note: KV overrides do not apply in this output.
llama_model_loader: - kv   0:                       general.architecture str              = llama
llama_model_loader: - kv   1:                       tokenizer.ggml.model str              = no_vocab
llama_model_loader: - kv   2:                           llama.vocab_size u32              = 32
llama_model_loader: - kv   3:                       llama.context_length u32              = 128
llama_model_loader: - kv   4:                     llama.embedding_length u32              = 32
llama_model_loader: - kv   5:                          llama.block_count u32              = 2
llama_model_loader: - kv   6:                  llama.feed_forward_length u32              = 64
llama_model_loader: - kv   7:                 llama.attention.head_count u32              = 2
llama_model_loader: - kv   8:              llama.attention.head_count_kv u32              = 2
llama_model_loader: - kv   9:                 llama.rope.dimension_count u32              = 16
llama_model_loader: - kv  10:                         llama.expert_count u32              = 4
llama_model_loader: - kv  11:                    llama.expert_used_count u32              = 2
llama_model_loader: - kv  12:     llama.attention.layer_norm_rms_epsilon f32              = 0.000010
llama_model_loader: - type  f32:   23 tensors
print_info: file format = GGUF V3 (latest)
print_info: file type   = (guessed) all F32
print_info: file size   = 0.23 MiB (32.00 BPW) 
llama_prepare_model_devices: using device CUDA0 (NVIDIA GeForce RTX 4060 Laptop GPU) (0000:01:00.0) - 7096 MiB free
load: adding 32 dummy tokens
print_info: arch                  = llama
print_info: vocab_only            = 0
print_info: no_alloc              = 0
print_info: n_ctx_train           = 128
print_info: n_embd_inp            = 32
print_info: n_embd                = 32
print_info: n_embd_out            = 32
print_info: n_layer               = 2
print_info: n_layer_all           = 2
print_info: n_head                = 2
print_info: n_head_kv             = 2
print_info: n_rot                 = 16
print_info: n_swa                 = 0
print_info: is_swa_any            = 0
print_info: n_embd_head_k         = 16
print_info: n_embd_head_v         = 16
print_info: n_gqa                 = 1
print_info: n_embd_k_gqa          = 32
print_info: n_embd_v_gqa          = 32
print_info: f_norm_eps            = 0.0e+00
print_info: f_norm_rms_eps        = 1.0e-05
print_info: f_clamp_kqv           = 0.0e+00
print_info: f_max_alibi_bias      = 0.0e+00
print_info: f_logit_scale         = 0.0e+00
print_info: f_attn_scale          = 0.0e+00
print_info: f_attn_value_scale    = 0.0000
print_info: n_ff                  = 64
print_info: n_expert              = 4
print_info: n_expert_used         = 2
print_info: n_expert_groups       = 0
print_info: n_group_used          = 0
print_info: causal attn           = 1
print_info: pooling type          = -1
print_info: rope type             = 0
print_info: rope scaling          = linear
print_info: freq_base_train       = 10000.0
print_info: freq_scale_train      = 1
print_info: n_ctx_orig_yarn       = 128
print_info: rope_yarn_log_mul     = 0.0000
print_info: rope_finetuned        = unknown
print_info: model type            = ?B
print_info: model params          = 59.81 K
print_info: general.name          = n/a
print_info: vocab type            = no vocab
print_info: n_vocab               = 32
print_info: n_merges              = 0
print_info: max token length      = 0
load_tensors: loading model tensors, this can take a while... (load_mode = mmap)
load_tensors: layer   0 assigned to device CPU, is_swa = 0
load_tensors: layer   1 assigned to device CPU, is_swa = 0
load_tensors: layer   2 assigned to device CPU, is_swa = 0
create_tensor: loading tensor token_embd.weight
create_tensor: loading tensor output_norm.weight
create_tensor: loading tensor output.weight
create_tensor: loading tensor blk.0.attn_norm.weight
create_tensor: loading tensor blk.0.attn_qkv.weight
create_tensor: loading tensor blk.0.attn_q.weight
create_tensor: loading tensor blk.0.attn_k.weight
create_tensor: loading tensor blk.0.attn_v.weight
create_tensor: loading tensor blk.0.attn_q.bias
create_tensor: loading tensor blk.0.attn_k.bias
create_tensor: loading tensor blk.0.attn_v.bias
create_tensor: loading tensor blk.0.attn_output.weight
create_tensor: loading tensor blk.0.attn_output.bias
create_tensor: loading tensor blk.0.ffn_norm.weight
create_tensor: loading tensor rope_freqs.weight
create_tensor: loading tensor blk.0.ffn_gate_inp.weight
create_tensor: loading tensor blk.0.ffn_gate_exps.weight
create_tensor: loading tensor blk.0.ffn_down_exps.weight
create_tensor: loading tensor blk.0.ffn_up_exps.weight
create_tensor: loading tensor blk.1.attn_norm.weight
create_tensor: loading tensor blk.1.attn_qkv.weight
create_tensor: loading tensor blk.1.attn_q.weight
create_tensor: loading tensor blk.1.attn_k.weight
create_tensor: loading tensor blk.1.attn_v.weight
create_tensor: loading tensor blk.1.attn_q.bias
create_tensor: loading tensor blk.1.attn_k.bias
create_tensor: loading tensor blk.1.attn_v.bias
create_tensor: loading tensor blk.1.attn_output.weight
create_tensor: loading tensor blk.1.attn_output.bias
create_tensor: loading tensor blk.1.ffn_norm.weight
create_tensor: loading tensor rope_freqs.weight
create_tensor: loading tensor blk.1.ffn_gate_inp.weight
create_tensor: loading tensor blk.1.ffn_gate_exps.weight
create_tensor: loading tensor blk.1.ffn_down_exps.weight
create_tensor: loading tensor blk.1.ffn_up_exps.weight
create_tensor: loading tensor blk.0.attn_q.scale
create_tensor: loading tensor blk.0.attn_k.scale
create_tensor: loading tensor blk.0.attn_v.scale
create_tensor: loading tensor blk.0.attn_output.scale
create_tensor: loading tensor blk.0.ffn_gate_exps.scale
create_tensor: loading tensor blk.0.ffn_down_exps.scale
create_tensor: loading tensor blk.0.ffn_up_exps.scale
create_tensor: loading tensor blk.0.attn_q.input_scale
create_tensor: loading tensor blk.0.attn_k.input_scale
create_tensor: loading tensor blk.0.attn_v.input_scale
create_tensor: loading tensor blk.0.attn_output.input_scale
create_tensor: loading tensor blk.0.ffn_gate_exps.input_scale
create_tensor: loading tensor blk.0.ffn_down_exps.input_scale
create_tensor: loading tensor blk.0.ffn_up_exps.input_scale
create_tensor: loading tensor blk.1.attn_q.scale
create_tensor: loading tensor blk.1.attn_k.scale
create_tensor: loading tensor blk.1.attn_v.scale
create_tensor: loading tensor blk.1.attn_output.scale
create_tensor: loading tensor blk.1.ffn_gate_exps.scale
create_tensor: loading tensor blk.1.ffn_down_exps.scale
create_tensor: loading tensor blk.1.ffn_up_exps.scale
create_tensor: loading tensor blk.1.attn_q.input_scale
create_tensor: loading tensor blk.1.attn_k.input_scale
create_tensor: loading tensor blk.1.attn_v.input_scale
create_tensor: loading tensor blk.1.attn_output.input_scale
create_tensor: loading tensor blk.1.ffn_gate_exps.input_scale
create_tensor: loading tensor blk.1.ffn_down_exps.input_scale
create_tensor: loading tensor blk.1.ffn_up_exps.input_scale
done_getting_tensors: tensor 'token_embd.weight' (f32) (and 22 others) cannot be used with preferred buffer type CUDA_Host, using CPU instead
load_tensors: offloading 0 repeating layers to GPU
load_tensors: offloaded 0/3 layers to GPU
load_tensors:   CPU_Mapped model buffer size =     0.23 MiB
................
llama_model_loader: loaded meta data with 13 key-value pairs and 23 tensors from C:\Users\cadel\AppData\Local\Temp\moe-integration-24246.gguf (version GGUF V3 (latest))
llama_model_loader: Dumping metadata keys/values. Note: KV overrides do not apply in this output.
llama_model_loader: - kv   0:                       general.architecture str              = llama
llama_model_loader: - kv   1:                       tokenizer.ggml.model str              = no_vocab
llama_model_loader: - kv   2:                           llama.vocab_size u32              = 32
llama_model_loader: - kv   3:                       llama.context_length u32              = 128
llama_model_loader: - kv   4:                     llama.embedding_length u32              = 32
llama_model_loader: - kv   5:                          llama.block_count u32              = 2
llama_model_loader: - kv   6:                  llama.feed_forward_length u32              = 64
llama_model_loader: - kv   7:                 llama.attention.head_count u32              = 2
llama_model_loader: - kv   8:              llama.attention.head_count_kv u32              = 2
llama_model_loader: - kv   9:                 llama.rope.dimension_count u32              = 16
llama_model_loader: - kv  10:                         llama.expert_count u32              = 4
llama_model_loader: - kv  11:                    llama.expert_used_count u32              = 2
llama_model_loader: - kv  12:     llama.attention.layer_norm_rms_epsilon f32              = 0.000010
llama_model_loader: - type  f32:   23 tensors
print_info: file format = GGUF V3 (latest)
print_info: file type   = (guessed) all F32
print_info: file size   = 0.23 MiB (32.00 BPW) 
llama_prepare_model_devices: using device CUDA0 (NVIDIA GeForce RTX 4060 Laptop GPU) (0000:01:00.0) - 7096 MiB free
load: adding 32 dummy tokens
print_info: arch                  = llama
print_info: vocab_only            = 0
print_info: no_alloc              = 0
print_info: n_ctx_train           = 128
print_info: n_embd_inp            = 32
print_info: n_embd                = 32
print_info: n_embd_out            = 32
print_info: n_layer               = 2
print_info: n_layer_all           = 2
print_info: n_head                = 2
print_info: n_head_kv             = 2
print_info: n_rot                 = 16
print_info: n_swa                 = 0
print_info: is_swa_any            = 0
print_info: n_embd_head_k         = 16
print_info: n_embd_head_v         = 16
print_info: n_gqa                 = 1
print_info: n_embd_k_gqa          = 32
print_info: n_embd_v_gqa          = 32
print_info: f_norm_eps            = 0.0e+00
print_info: f_norm_rms_eps        = 1.0e-05
print_info: f_clamp_kqv           = 0.0e+00
print_info: f_max_alibi_bias      = 0.0e+00
print_info: f_logit_scale         = 0.0e+00
print_info: f_attn_scale          = 0.0e+00
print_info: f_attn_value_scale    = 0.0000
print_info: n_ff                  = 64
print_info: n_expert              = 4
print_info: n_expert_used         = 2
print_info: n_expert_groups       = 0
print_info: n_group_used          = 0
print_info: causal attn           = 1
print_info: pooling type          = -1
print_info: rope type             = 0
print_info: rope scaling          = linear
print_info: freq_base_train       = 10000.0
print_info: freq_scale_train      = 1
print_info: n_ctx_orig_yarn       = 128
print_info: rope_yarn_log_mul     = 0.0000
print_info: rope_finetuned        = unknown
print_info: model type            = ?B
print_info: model params          = 59.81 K
print_info: general.name          = n/a
print_info: vocab type            = no vocab
print_info: n_vocab               = 32
print_info: n_merges              = 0
print_info: max token length      = 0
load_tensors: loading model tensors, this can take a while... (load_mode = mmap)
load_tensors: layer   0 assigned to device CPU, is_swa = 0
load_tensors: layer   1 assigned to device CPU, is_swa = 0
load_tensors: layer   2 assigned to device CPU, is_swa = 0
create_tensor: loading tensor token_embd.weight
create_tensor: loading tensor output_norm.weight
create_tensor: loading tensor output.weight
create_tensor: loading tensor blk.0.attn_norm.weight
create_tensor: loading tensor blk.0.attn_qkv.weight
create_tensor: loading tensor blk.0.attn_q.weight
create_tensor: loading tensor blk.0.attn_k.weight
create_tensor: loading tensor blk.0.attn_v.weight
create_tensor: loading tensor blk.0.attn_q.bias
create_tensor: loading tensor blk.0.attn_k.bias
create_tensor: loading tensor blk.0.attn_v.bias
create_tensor: loading tensor blk.0.attn_output.weight
create_tensor: loading tensor blk.0.attn_output.bias
create_tensor: loading tensor blk.0.ffn_norm.weight
create_tensor: loading tensor rope_freqs.weight
create_tensor: loading tensor blk.0.ffn_gate_inp.weight
create_tensor: loading tensor blk.0.ffn_gate_exps.weight
create_tensor: loading tensor blk.0.ffn_down_exps.weight
create_tensor: loading tensor blk.0.ffn_up_exps.weight
create_tensor: loading tensor blk.1.attn_norm.weight
create_tensor: loading tensor blk.1.attn_qkv.weight
create_tensor: loading tensor blk.1.attn_q.weight
create_tensor: loading tensor blk.1.attn_k.weight
create_tensor: loading tensor blk.1.attn_v.weight
create_tensor: loading tensor blk.1.attn_q.bias
create_tensor: loading tensor blk.1.attn_k.bias
create_tensor: loading tensor blk.1.attn_v.bias
create_tensor: loading tensor blk.1.attn_output.weight
create_tensor: loading tensor blk.1.attn_output.bias
create_tensor: loading tensor blk.1.ffn_norm.weight
create_tensor: loading tensor rope_freqs.weight
create_tensor: loading tensor blk.1.ffn_gate_inp.weight
create_tensor: loading tensor blk.1.ffn_gate_exps.weight
create_tensor: loading tensor blk.1.ffn_down_exps.weight
create_tensor: loading tensor blk.1.ffn_up_exps.weight
create_tensor: loading tensor blk.0.attn_q.scale
create_tensor: loading tensor blk.0.attn_k.scale
create_tensor: loading tensor blk.0.attn_v.scale
create_tensor: loading tensor blk.0.attn_output.scale
create_tensor: loading tensor blk.0.ffn_gate_exps.scale
create_tensor: loading tensor blk.0.ffn_down_exps.scale
create_tensor: loading tensor blk.0.ffn_up_exps.scale
create_tensor: loading tensor blk.0.attn_q.input_scale
create_tensor: loading tensor blk.0.attn_k.input_scale
create_tensor: loading tensor blk.0.attn_v.input_scale
create_tensor: loading tensor blk.0.attn_output.input_scale
create_tensor: loading tensor blk.0.ffn_gate_exps.input_scale
create_tensor: loading tensor blk.0.ffn_down_exps.input_scale
create_tensor: loading tensor blk.0.ffn_up_exps.input_scale
create_tensor: loading tensor blk.1.attn_q.scale
create_tensor: loading tensor blk.1.attn_k.scale
create_tensor: loading tensor blk.1.attn_v.scale
create_tensor: loading tensor blk.1.attn_output.scale
create_tensor: loading tensor blk.1.ffn_gate_exps.scale
create_tensor: loading tensor blk.1.ffn_down_exps.scale
create_tensor: loading tensor blk.1.ffn_up_exps.scale
create_tensor: loading tensor blk.1.attn_q.input_scale
create_tensor: loading tensor blk.1.attn_k.input_scale
create_tensor: loading tensor blk.1.attn_v.input_scale
create_tensor: loading tensor blk.1.attn_output.input_scale
create_tensor: loading tensor blk.1.ffn_gate_exps.input_scale
create_tensor: loading tensor blk.1.ffn_down_exps.input_scale
create_tensor: loading tensor blk.1.ffn_up_exps.input_scale
load_tensors: offloading 0 repeating layers to GPU
load_tensors: offloaded 0/3 layers to GPU
load_tensors:   CPU_Mapped model buffer size =     0.23 MiB
................
load_tensors: experimental host-bank MoE enabled, tile weights <= 24832 bytes; this is not a total memory limit
llama_context: constructing llama_context
llama_context: n_seq_max             = 1
llama_context: n_ctx                 = 256
llama_context: n_ctx_seq             = 256
llama_context: n_batch               = 32
llama_context: n_ubatch              = 8
llama_context: causal_attn           = 1
llama_context: flash_attn            = disabled
llama_context: kv_unified            = false
llama_context: freq_base             = 10000.0
llama_context: freq_scale            = 1
llama_context: n_rs_seq              = 0
llama_context: n_outputs_max         = 32
llama_context: n_outputs_max_per_seq = 1
llama_context: n_ctx_seq (256) > n_ctx_train (128) -- possible training context overflow
set_abort_callback: call
llama_context:        CPU  output buffer size =     0.00 MiB
llama_kv_cache: layer   0: dev = CPU
llama_kv_cache: layer   1: dev = CPU
llama_kv_cache:        CPU KV buffer size =     0.06 MiB
llama_kv_cache: size =    0.06 MiB (   256 cells,   2 layers,  1/1 seqs), K (f16):    0.03 MiB, V (f16):    0.03 MiB
llama_kv_cache: attn_rot_k = 0, n_embd_head_k_all = 16
llama_kv_cache: attn_rot_v = 0, n_embd_head_k_all = 16
llama_context: enumerating backends
llama_context: backend_ptrs.size() = 2
sched_reserve: reserving ...
sched_reserve: max_nodes = 1024
sched_reserve: decode graph slots = 4 (n_tokens <= 4)
sched_reserve: reserving full memory module
sched_reserve: worst-case: n_tokens = 8, n_seqs = 1, n_outputs = 1
resolve_fused_ops: resolving fused Gated Delta Net support:
graph_reserve: reserving a graph for ubatch with n_tokens =    1, n_seqs =  1, n_outputs =    1
resolve_fused_ops: fused Gated Delta Net (autoregressive) enabled
graph_reserve: reserving a graph for ubatch with n_tokens =   16, n_seqs =  1, n_outputs =   16
resolve_fused_ops: fused Gated Delta Net (chunked) enabled
resolve_fused_ops: resolving fused Lightning Indexer support:
graph_reserve: reserving a graph for ubatch with n_tokens =    1, n_seqs =  1, n_outputs =    1
resolve_fused_ops: Lightning Indexer enabled
resolve_fused_ops: resolving fused DeepSeek V4 HC support:
graph_reserve: reserving a graph for ubatch with n_tokens =    1, n_seqs =  1, n_outputs =    1
resolve_fused_ops: fused DeepSeek V4 HC pre enabled
graph_reserve: reserving a graph for ubatch with n_tokens =    1, n_seqs =  1, n_outputs =    1
resolve_fused_ops: fused DeepSeek V4 HC comb enabled
graph_reserve: reserving a graph for ubatch with n_tokens =    1, n_seqs =  1, n_outputs =    1
resolve_fused_ops: fused DeepSeek V4 HC post enabled
graph_reserve: reserving a graph for ubatch with n_tokens =    8, n_seqs =  1, n_outputs =    8
graph_reserve: reserving a graph for ubatch with n_tokens =    1, n_seqs =  1, n_outputs =    1
graph_reserve: reserving a graph for ubatch with n_tokens =    8, n_seqs =  1, n_outputs =    8
sched_reserve:  CUDA_Host compute buffer size =     0.03 MiB
sched_reserve: graph nodes  = 110
sched_reserve: graph splits = 1
sched_reserve: reserve took 3.10 ms, sched copies = 1
llama_context: constructing llama_context
llama_context: MoE device=CUDA0 cache=196608 staging=1048576 compute-limit=67108864 bytes
llama_context: n_seq_max             = 1
llama_context: n_ctx                 = 256
llama_context: n_ctx_seq             = 256
llama_context: n_batch               = 32
llama_context: n_ubatch              = 8
llama_context: causal_attn           = 1
llama_context: flash_attn            = disabled
llama_context: kv_unified            = false
llama_context: freq_base             = 10000.0
llama_context: freq_scale            = 1
llama_context: n_rs_seq              = 0
llama_context: n_outputs_max         = 32
llama_context: n_outputs_max_per_seq = 1
llama_context: n_ctx_seq (256) > n_ctx_train (128) -- possible training context overflow
set_abort_callback: call
llama_context:        CPU  output buffer size =     0.00 MiB
llama_kv_cache: layer   0: dev = CPU
llama_kv_cache: layer   1: dev = CPU
llama_kv_cache:        CPU KV buffer size =     0.06 MiB
llama_kv_cache: size =    0.06 MiB (   256 cells,   2 layers,  1/1 seqs), K (f16):    0.03 MiB, V (f16):    0.03 MiB
llama_kv_cache: attn_rot_k = 0, n_embd_head_k_all = 16
llama_kv_cache: attn_rot_v = 0, n_embd_head_k_all = 16
llama_context: enumerating backends
llama_context: backend_ptrs.size() = 2
sched_reserve: reserving ...
sched_reserve: max_nodes = 1024
sched_reserve: decode graph slots = 4 (n_tokens <= 4)
sched_reserve: reserving full memory module
sched_reserve: worst-case: n_tokens = 8, n_seqs = 1, n_outputs = 1
resolve_fused_ops: resolving fused Gated Delta Net support:
graph_reserve: reserving a graph for ubatch with n_tokens =    1, n_seqs =  1, n_outputs =    1
resolve_fused_ops: fused Gated Delta Net (autoregressive) enabled
graph_reserve: reserving a graph for ubatch with n_tokens =   16, n_seqs =  1, n_outputs =   16
resolve_fused_ops: fused Gated Delta Net (chunked) enabled
resolve_fused_ops: resolving fused Lightning Indexer support:
graph_reserve: reserving a graph for ubatch with n_tokens =    1, n_seqs =  1, n_outputs =    1
resolve_fused_ops: Lightning Indexer enabled
resolve_fused_ops: resolving fused DeepSeek V4 HC support:
graph_reserve: reserving a graph for ubatch with n_tokens =    1, n_seqs =  1, n_outputs =    1
resolve_fused_ops: fused DeepSeek V4 HC pre enabled
graph_reserve: reserving a graph for ubatch with n_tokens =    1, n_seqs =  1, n_outputs =    1
resolve_fused_ops: fused DeepSeek V4 HC comb enabled
graph_reserve: reserving a graph for ubatch with n_tokens =    1, n_seqs =  1, n_outputs =    1
resolve_fused_ops: fused DeepSeek V4 HC post enabled
graph_reserve: reserving a graph for ubatch with n_tokens =    8, n_seqs =  1, n_outputs =    8
graph_reserve: reserving a graph for ubatch with n_tokens =    1, n_seqs =  1, n_outputs =    1
graph_reserve: reserving a graph for ubatch with n_tokens =    8, n_seqs =  1, n_outputs =    8
sched_reserve:  CUDA_Host compute buffer size =     0.03 MiB
sched_reserve: graph nodes  = 100
sched_reserve: graph splits = 1
sched_reserve: reserve took 2.37 ms, sched copies = 1
graph_reserve: reserving a graph for ubatch with n_tokens =    4, n_seqs =  1, n_outputs =    4
set_abort_callback: call
graph_compute: ggml_backend_sched_graph_compute_async failed with error 1
process_ubatch: failed to compute graph, compute status: 1
decode: removing memory module entries for seq_id = 0, pos = [59, +inf)
llama_decode: failed to decode, ret = 2
set_abort_callback: call
graph_compute: ggml_backend_sched_graph_compute_async failed with error -1
host-bank MoE execution failed: MoE routing weight must be finite
process_ubatch: failed to compute graph, compute status: -1
decode: removing memory module entries for seq_id = 0, pos = [59, +inf)
llama_decode: failed to decode, ret = -3
llama_context: constructing llama_context
llama_init_from_model: failed to initialize the context: host-bank MoE requires one sequence, op_offload=false and offload_kqv=false
llama_context: constructing llama_context
llama_init_from_model: failed to initialize the context: host-bank MoE requires one sequence, op_offload=false and offload_kqv=false
llama_context: constructing llama_context
llama_init_from_model: failed to initialize the context: host-bank MoE requires one sequence, op_offload=false and offload_kqv=false
llama_context: constructing llama_context
llama_init_from_model: failed to initialize the context: moe cache: invalid uniform arena geometry
llama_context: constructing llama_context
llama_init_from_model: failed to initialize the context: host-bank MoE cache requires model.moe_cpu_tile_bytes host-bank setup
~llama_context:      CUDA0 compute buffer size is   0.0000 MiB, matches expectation of   0.0000 MiB
~llama_context:  CUDA_Host compute buffer size is   0.0304 MiB, matches expectation of   0.0304 MiB
~llama_context:      CUDA0 compute buffer size is   0.0000 MiB, matches expectation of   0.0000 MiB
~llama_context:  CUDA_Host compute buffer size is   0.0304 MiB, matches expectation of   0.0304 MiB
llama_context: constructing llama_context
llama_context: MoE device=CUDA0 cache=196608 staging=1048576 compute-limit=67108864 bytes
llama_context: n_seq_max             = 1
llama_context: n_ctx                 = 256
llama_context: n_ctx_seq             = 256
llama_context: n_batch               = 32
llama_context: n_ubatch              = 8
llama_context: causal_attn           = 1
llama_context: flash_attn            = disabled
llama_context: kv_unified            = false
llama_context: freq_base             = 10000.0
llama_context: freq_scale            = 1
llama_context: n_rs_seq              = 0
llama_context: n_outputs_max         = 32
llama_context: n_outputs_max_per_seq = 1
llama_context: n_ctx_seq (256) > n_ctx_train (128) -- possible training context overflow
set_abort_callback: call
llama_context:        CPU  output buffer size =     0.00 MiB
llama_kv_cache: layer   0: dev = CPU
llama_kv_cache: layer   1: dev = CPU
llama_kv_cache:        CPU KV buffer size =     0.06 MiB
llama_kv_cache: size =    0.06 MiB (   256 cells,   2 layers,  1/1 seqs), K (f16):    0.03 MiB, V (f16):    0.03 MiB
llama_kv_cache: attn_rot_k = 0, n_embd_head_k_all = 16
llama_kv_cache: attn_rot_v = 0, n_embd_head_k_all = 16
llama_context: enumerating backends
llama_context: backend_ptrs.size() = 2
sched_reserve: reserving ...
sched_reserve: max_nodes = 1024
sched_reserve: decode graph slots = 4 (n_tokens <= 4)
sched_reserve: reserving full memory module
sched_reserve: worst-case: n_tokens = 8, n_seqs = 1, n_outputs = 1
resolve_fused_ops: resolving fused Gated Delta Net support:
graph_reserve: reserving a graph for ubatch with n_tokens =    1, n_seqs =  1, n_outputs =    1
resolve_fused_ops: fused Gated Delta Net (autoregressive) enabled
graph_reserve: reserving a graph for ubatch with n_tokens =   16, n_seqs =  1, n_outputs =   16
resolve_fused_ops: fused Gated Delta Net (chunked) enabled
resolve_fused_ops: resolving fused Lightning Indexer support:
graph_reserve: reserving a graph for ubatch with n_tokens =    1, n_seqs =  1, n_outputs =    1
resolve_fused_ops: Lightning Indexer enabled
resolve_fused_ops: resolving fused DeepSeek V4 HC support:
graph_reserve: reserving a graph for ubatch with n_tokens =    1, n_seqs =  1, n_outputs =    1
resolve_fused_ops: fused DeepSeek V4 HC pre enabled
graph_reserve: reserving a graph for ubatch with n_tokens =    1, n_seqs =  1, n_outputs =    1
resolve_fused_ops: fused DeepSeek V4 HC comb enabled
graph_reserve: reserving a graph for ubatch with n_tokens =    1, n_seqs =  1, n_outputs =    1
resolve_fused_ops: fused DeepSeek V4 HC post enabled
graph_reserve: reserving a graph for ubatch with n_tokens =    8, n_seqs =  1, n_outputs =    8
graph_reserve: reserving a graph for ubatch with n_tokens =    1, n_seqs =  1, n_outputs =    1
graph_reserve: reserving a graph for ubatch with n_tokens =    8, n_seqs =  1, n_outputs =    8
sched_reserve:  CUDA_Host compute buffer size =     0.03 MiB
sched_reserve: graph nodes  = 100
sched_reserve: graph splits = 1
sched_reserve: reserve took 2.21 ms, sched copies = 1
llama_context: constructing llama_context
llama_context: n_seq_max             = 1
llama_context: n_ctx                 = 256
llama_context: n_ctx_seq             = 256
llama_context: n_batch               = 32
llama_context: n_ubatch              = 8
llama_context: causal_attn           = 1
llama_context: flash_attn            = disabled
llama_context: kv_unified            = false
llama_context: freq_base             = 10000.0
llama_context: freq_scale            = 1
llama_context: n_rs_seq              = 0
llama_context: n_outputs_max         = 32
llama_context: n_outputs_max_per_seq = 1
llama_context: n_ctx_seq (256) > n_ctx_train (128) -- possible training context overflow
set_abort_callback: call
llama_context:        CPU  output buffer size =     0.00 MiB
llama_kv_cache: layer   0: dev = CPU
llama_kv_cache: layer   1: dev = CPU
llama_kv_cache:        CPU KV buffer size =     0.06 MiB
llama_kv_cache: size =    0.06 MiB (   256 cells,   2 layers,  1/1 seqs), K (f16):    0.03 MiB, V (f16):    0.03 MiB
llama_kv_cache: attn_rot_k = 0, n_embd_head_k_all = 16
llama_kv_cache: attn_rot_v = 0, n_embd_head_k_all = 16
llama_context: enumerating backends
llama_context: backend_ptrs.size() = 2
sched_reserve: reserving ...
sched_reserve: max_nodes = 1024
sched_reserve: decode graph slots = 4 (n_tokens <= 4)
sched_reserve: reserving full memory module
sched_reserve: worst-case: n_tokens = 8, n_seqs = 1, n_outputs = 1
resolve_fused_ops: resolving fused Gated Delta Net support:
graph_reserve: reserving a graph for ubatch with n_tokens =    1, n_seqs =  1, n_outputs =    1
resolve_fused_ops: fused Gated Delta Net (autoregressive) enabled
graph_reserve: reserving a graph for ubatch with n_tokens =   16, n_seqs =  1, n_outputs =   16
resolve_fused_ops: fused Gated Delta Net (chunked) enabled
resolve_fused_ops: resolving fused Lightning Indexer support:
graph_reserve: reserving a graph for ubatch with n_tokens =    1, n_seqs =  1, n_outputs =    1
resolve_fused_ops: Lightning Indexer enabled
resolve_fused_ops: resolving fused DeepSeek V4 HC support:
graph_reserve: reserving a graph for ubatch with n_tokens =    1, n_seqs =  1, n_outputs =    1
resolve_fused_ops: fused DeepSeek V4 HC pre enabled
graph_reserve: reserving a graph for ubatch with n_tokens =    1, n_seqs =  1, n_outputs =    1
resolve_fused_ops: fused DeepSeek V4 HC comb enabled
graph_reserve: reserving a graph for ubatch with n_tokens =    1, n_seqs =  1, n_outputs =    1
resolve_fused_ops: fused DeepSeek V4 HC post enabled
graph_reserve: reserving a graph for ubatch with n_tokens =    8, n_seqs =  1, n_outputs =    8
graph_reserve: reserving a graph for ubatch with n_tokens =    1, n_seqs =  1, n_outputs =    1
graph_reserve: reserving a graph for ubatch with n_tokens =    8, n_seqs =  1, n_outputs =    8
sched_reserve:  CUDA_Host compute buffer size =     0.03 MiB
sched_reserve: graph nodes  = 110
sched_reserve: graph splits = 1
sched_reserve: reserve took 2.57 ms, sched copies = 1
~llama_context:      CUDA0 compute buffer size is   0.0000 MiB, matches expectation of   0.0000 MiB
~llama_context:  CUDA_Host compute buffer size is   0.0304 MiB, matches expectation of   0.0304 MiB
~llama_context:      CUDA0 compute buffer size is   0.0000 MiB, matches expectation of   0.0000 MiB
~llama_context:  CUDA_Host compute buffer size is   0.0304 MiB, matches expectation of   0.0304 MiB
llama_model_loader: loaded meta data with 13 key-value pairs and 23 tensors from C:\Users\cadel\AppData\Local\Temp\moe-integration-24246.gguf (version GGUF V3 (latest))
llama_model_loader: Dumping metadata keys/values. Note: KV overrides do not apply in this output.
llama_model_loader: - kv   0:                       general.architecture str              = llama
llama_model_loader: - kv   1:                       tokenizer.ggml.model str              = no_vocab
llama_model_loader: - kv   2:                           llama.vocab_size u32              = 32
llama_model_loader: - kv   3:                       llama.context_length u32              = 128
llama_model_loader: - kv   4:                     llama.embedding_length u32              = 32
llama_model_loader: - kv   5:                          llama.block_count u32              = 2
llama_model_loader: - kv   6:                  llama.feed_forward_length u32              = 64
llama_model_loader: - kv   7:                 llama.attention.head_count u32              = 2
llama_model_loader: - kv   8:              llama.attention.head_count_kv u32              = 2
llama_model_loader: - kv   9:                 llama.rope.dimension_count u32              = 16
llama_model_loader: - kv  10:                         llama.expert_count u32              = 4
llama_model_loader: - kv  11:                    llama.expert_used_count u32              = 2
llama_model_loader: - kv  12:     llama.attention.layer_norm_rms_epsilon f32              = 0.000010
llama_model_loader: - type  f32:   17 tensors
llama_model_loader: - type  f16:    6 tensors
print_info: file format = GGUF V3 (latest)
print_info: file type   = (guessed) all F32
print_info: file size   = 0.13 MiB (18.85 BPW) 
llama_prepare_model_devices: using device CUDA0 (NVIDIA GeForce RTX 4060 Laptop GPU) (0000:01:00.0) - 7096 MiB free
load: adding 32 dummy tokens
print_info: arch                  = llama
print_info: vocab_only            = 0
print_info: no_alloc              = 0
print_info: n_ctx_train           = 128
print_info: n_embd_inp            = 32
print_info: n_embd                = 32
print_info: n_embd_out            = 32
print_info: n_layer               = 2
print_info: n_layer_all           = 2
print_info: n_head                = 2
print_info: n_head_kv             = 2
print_info: n_rot                 = 16
print_info: n_swa                 = 0
print_info: is_swa_any            = 0
print_info: n_embd_head_k         = 16
print_info: n_embd_head_v         = 16
print_info: n_gqa                 = 1
print_info: n_embd_k_gqa          = 32
print_info: n_embd_v_gqa          = 32
print_info: f_norm_eps            = 0.0e+00
print_info: f_norm_rms_eps        = 1.0e-05
print_info: f_clamp_kqv           = 0.0e+00
print_info: f_max_alibi_bias      = 0.0e+00
print_info: f_logit_scale         = 0.0e+00
print_info: f_attn_scale          = 0.0e+00
print_info: f_attn_value_scale    = 0.0000
print_info: n_ff                  = 64
print_info: n_expert              = 4
print_info: n_expert_used         = 2
print_info: n_expert_groups       = 0
print_info: n_group_used          = 0
print_info: causal attn           = 1
print_info: pooling type          = -1
print_info: rope type             = 0
print_info: rope scaling          = linear
print_info: freq_base_train       = 10000.0
print_info: freq_scale_train      = 1
print_info: n_ctx_orig_yarn       = 128
print_info: rope_yarn_log_mul     = 0.0000
print_info: rope_finetuned        = unknown
print_info: model type            = ?B
print_info: model params          = 59.81 K
print_info: general.name          = n/a
print_info: vocab type            = no vocab
print_info: n_vocab               = 32
print_info: n_merges              = 0
print_info: max token length      = 0
load_tensors: loading model tensors, this can take a while... (load_mode = none)
load_tensors: layer   0 assigned to device CPU, is_swa = 0
load_tensors: layer   1 assigned to device CPU, is_swa = 0
load_tensors: layer   2 assigned to device CPU, is_swa = 0
create_tensor: loading tensor token_embd.weight
create_tensor: loading tensor output_norm.weight
create_tensor: loading tensor output.weight
create_tensor: loading tensor blk.0.attn_norm.weight
create_tensor: loading tensor blk.0.attn_qkv.weight
create_tensor: loading tensor blk.0.attn_q.weight
create_tensor: loading tensor blk.0.attn_k.weight
create_tensor: loading tensor blk.0.attn_v.weight
create_tensor: loading tensor blk.0.attn_q.bias
create_tensor: loading tensor blk.0.attn_k.bias
create_tensor: loading tensor blk.0.attn_v.bias
create_tensor: loading tensor blk.0.attn_output.weight
create_tensor: loading tensor blk.0.attn_output.bias
create_tensor: loading tensor blk.0.ffn_norm.weight
create_tensor: loading tensor rope_freqs.weight
create_tensor: loading tensor blk.0.ffn_gate_inp.weight
create_tensor: loading tensor blk.0.ffn_gate_exps.weight
create_tensor: loading tensor blk.0.ffn_down_exps.weight
create_tensor: loading tensor blk.0.ffn_up_exps.weight
create_tensor: loading tensor blk.1.attn_norm.weight
create_tensor: loading tensor blk.1.attn_qkv.weight
create_tensor: loading tensor blk.1.attn_q.weight
create_tensor: loading tensor blk.1.attn_k.weight
create_tensor: loading tensor blk.1.attn_v.weight
create_tensor: loading tensor blk.1.attn_q.bias
create_tensor: loading tensor blk.1.attn_k.bias
create_tensor: loading tensor blk.1.attn_v.bias
create_tensor: loading tensor blk.1.attn_output.weight
create_tensor: loading tensor blk.1.attn_output.bias
create_tensor: loading tensor blk.1.ffn_norm.weight
create_tensor: loading tensor rope_freqs.weight
create_tensor: loading tensor blk.1.ffn_gate_inp.weight
create_tensor: loading tensor blk.1.ffn_gate_exps.weight
create_tensor: loading tensor blk.1.ffn_down_exps.weight
create_tensor: loading tensor blk.1.ffn_up_exps.weight
create_tensor: loading tensor blk.0.attn_q.scale
create_tensor: loading tensor blk.0.attn_k.scale
create_tensor: loading tensor blk.0.attn_v.scale
create_tensor: loading tensor blk.0.attn_output.scale
create_tensor: loading tensor blk.0.ffn_gate_exps.scale
create_tensor: loading tensor blk.0.ffn_down_exps.scale
create_tensor: loading tensor blk.0.ffn_up_exps.scale
create_tensor: loading tensor blk.0.attn_q.input_scale
create_tensor: loading tensor blk.0.attn_k.input_scale
create_tensor: loading tensor blk.0.attn_v.input_scale
create_tensor: loading tensor blk.0.attn_output.input_scale
create_tensor: loading tensor blk.0.ffn_gate_exps.input_scale
create_tensor: loading tensor blk.0.ffn_down_exps.input_scale
create_tensor: loading tensor blk.0.ffn_up_exps.input_scale
create_tensor: loading tensor blk.1.attn_q.scale
create_tensor: loading tensor blk.1.attn_k.scale
create_tensor: loading tensor blk.1.attn_v.scale
create_tensor: loading tensor blk.1.attn_output.scale
create_tensor: loading tensor blk.1.ffn_gate_exps.scale
create_tensor: loading tensor blk.1.ffn_down_exps.scale
create_tensor: loading tensor blk.1.ffn_up_exps.scale
create_tensor: loading tensor blk.1.attn_q.input_scale
create_tensor: loading tensor blk.1.attn_k.input_scale
create_tensor: loading tensor blk.1.attn_v.input_scale
create_tensor: loading tensor blk.1.attn_output.input_scale
create_tensor: loading tensor blk.1.ffn_gate_exps.input_scale
create_tensor: loading tensor blk.1.ffn_down_exps.input_scale
create_tensor: loading tensor blk.1.ffn_up_exps.input_scale
load_tensors: offloading 0 repeating layers to GPU
load_tensors: offloaded 0/3 layers to GPU
load_tensors:    CUDA_Host model buffer size =     0.13 MiB
load_all_data: buffer type CUDA_Host is not the default buffer type for device CUDA0 for async uploads
...................
llama_model_loader: loaded meta data with 13 key-value pairs and 23 tensors from C:\Users\cadel\AppData\Local\Temp\moe-integration-24246.gguf (version GGUF V3 (latest))
llama_model_loader: Dumping metadata keys/values. Note: KV overrides do not apply in this output.
llama_model_loader: - kv   0:                       general.architecture str              = llama
llama_model_loader: - kv   1:                       tokenizer.ggml.model str              = no_vocab
llama_model_loader: - kv   2:                           llama.vocab_size u32              = 32
llama_model_loader: - kv   3:                       llama.context_length u32              = 128
llama_model_loader: - kv   4:                     llama.embedding_length u32              = 32
llama_model_loader: - kv   5:                          llama.block_count u32              = 2
llama_model_loader: - kv   6:                  llama.feed_forward_length u32              = 64
llama_model_loader: - kv   7:                 llama.attention.head_count u32              = 2
llama_model_loader: - kv   8:              llama.attention.head_count_kv u32              = 2
llama_model_loader: - kv   9:                 llama.rope.dimension_count u32              = 16
llama_model_loader: - kv  10:                         llama.expert_count u32              = 4
llama_model_loader: - kv  11:                    llama.expert_used_count u32              = 2
llama_model_loader: - kv  12:     llama.attention.layer_norm_rms_epsilon f32              = 0.000010
llama_model_loader: - type  f32:   17 tensors
llama_model_loader: - type  f16:    6 tensors
print_info: file format = GGUF V3 (latest)
print_info: file type   = (guessed) all F32
print_info: file size   = 0.13 MiB (18.85 BPW) 
llama_prepare_model_devices: using device CUDA0 (NVIDIA GeForce RTX 4060 Laptop GPU) (0000:01:00.0) - 7096 MiB free
load: adding 32 dummy tokens
print_info: arch                  = llama
print_info: vocab_only            = 0
print_info: no_alloc              = 0
print_info: n_ctx_train           = 128
print_info: n_embd_inp            = 32
print_info: n_embd                = 32
print_info: n_embd_out            = 32
print_info: n_layer               = 2
print_info: n_layer_all           = 2
print_info: n_head                = 2
print_info: n_head_kv             = 2
print_info: n_rot                 = 16
print_info: n_swa                 = 0
print_info: is_swa_any            = 0
print_info: n_embd_head_k         = 16
print_info: n_embd_head_v         = 16
print_info: n_gqa                 = 1
print_info: n_embd_k_gqa          = 32
print_info: n_embd_v_gqa          = 32
print_info: f_norm_eps            = 0.0e+00
print_info: f_norm_rms_eps        = 1.0e-05
print_info: f_clamp_kqv           = 0.0e+00
print_info: f_max_alibi_bias      = 0.0e+00
print_info: f_logit_scale         = 0.0e+00
print_info: f_attn_scale          = 0.0e+00
print_info: f_attn_value_scale    = 0.0000
print_info: n_ff                  = 64
print_info: n_expert              = 4
print_info: n_expert_used         = 2
print_info: n_expert_groups       = 0
print_info: n_group_used          = 0
print_info: causal attn           = 1
print_info: pooling type          = -1
print_info: rope type             = 0
print_info: rope scaling          = linear
print_info: freq_base_train       = 10000.0
print_info: freq_scale_train      = 1
print_info: n_ctx_orig_yarn       = 128
print_info: rope_yarn_log_mul     = 0.0000
print_info: rope_finetuned        = unknown
print_info: model type            = ?B
print_info: model params          = 59.81 K
print_info: general.name          = n/a
print_info: vocab type            = no vocab
print_info: n_vocab               = 32
print_info: n_merges              = 0
print_info: max token length      = 0
load_tensors: loading model tensors, this can take a while... (load_mode = none)
load_tensors: layer   0 assigned to device CPU, is_swa = 0
load_tensors: layer   1 assigned to device CPU, is_swa = 0
load_tensors: layer   2 assigned to device CPU, is_swa = 0
create_tensor: loading tensor token_embd.weight
create_tensor: loading tensor output_norm.weight
create_tensor: loading tensor output.weight
create_tensor: loading tensor blk.0.attn_norm.weight
create_tensor: loading tensor blk.0.attn_qkv.weight
create_tensor: loading tensor blk.0.attn_q.weight
create_tensor: loading tensor blk.0.attn_k.weight
create_tensor: loading tensor blk.0.attn_v.weight
create_tensor: loading tensor blk.0.attn_q.bias
create_tensor: loading tensor blk.0.attn_k.bias
create_tensor: loading tensor blk.0.attn_v.bias
create_tensor: loading tensor blk.0.attn_output.weight
create_tensor: loading tensor blk.0.attn_output.bias
create_tensor: loading tensor blk.0.ffn_norm.weight
create_tensor: loading tensor rope_freqs.weight
create_tensor: loading tensor blk.0.ffn_gate_inp.weight
create_tensor: loading tensor blk.0.ffn_gate_exps.weight
create_tensor: loading tensor blk.0.ffn_down_exps.weight
create_tensor: loading tensor blk.0.ffn_up_exps.weight
create_tensor: loading tensor blk.1.attn_norm.weight
create_tensor: loading tensor blk.1.attn_qkv.weight
create_tensor: loading tensor blk.1.attn_q.weight
create_tensor: loading tensor blk.1.attn_k.weight
create_tensor: loading tensor blk.1.attn_v.weight
create_tensor: loading tensor blk.1.attn_q.bias
create_tensor: loading tensor blk.1.attn_k.bias
create_tensor: loading tensor blk.1.attn_v.bias
create_tensor: loading tensor blk.1.attn_output.weight
create_tensor: loading tensor blk.1.attn_output.bias
create_tensor: loading tensor blk.1.ffn_norm.weight
create_tensor: loading tensor rope_freqs.weight
create_tensor: loading tensor blk.1.ffn_gate_inp.weight
create_tensor: loading tensor blk.1.ffn_gate_exps.weight
create_tensor: loading tensor blk.1.ffn_down_exps.weight
create_tensor: loading tensor blk.1.ffn_up_exps.weight
create_tensor: loading tensor blk.0.attn_q.scale
create_tensor: loading tensor blk.0.attn_k.scale
create_tensor: loading tensor blk.0.attn_v.scale
create_tensor: loading tensor blk.0.attn_output.scale
create_tensor: loading tensor blk.0.ffn_gate_exps.scale
create_tensor: loading tensor blk.0.ffn_down_exps.scale
create_tensor: loading tensor blk.0.ffn_up_exps.scale
create_tensor: loading tensor blk.0.attn_q.input_scale
create_tensor: loading tensor blk.0.attn_k.input_scale
create_tensor: loading tensor blk.0.attn_v.input_scale
create_tensor: loading tensor blk.0.attn_output.input_scale
create_tensor: loading tensor blk.0.ffn_gate_exps.input_scale
create_tensor: loading tensor blk.0.ffn_down_exps.input_scale
create_tensor: loading tensor blk.0.ffn_up_exps.input_scale
create_tensor: loading tensor blk.1.attn_q.scale
create_tensor: loading tensor blk.1.attn_k.scale
create_tensor: loading tensor blk.1.attn_v.scale
create_tensor: loading tensor blk.1.attn_output.scale
create_tensor: loading tensor blk.1.ffn_gate_exps.scale
create_tensor: loading tensor blk.1.ffn_down_exps.scale
create_tensor: loading tensor blk.1.ffn_up_exps.scale
create_tensor: loading tensor blk.1.attn_q.input_scale
create_tensor: loading tensor blk.1.attn_k.input_scale
create_tensor: loading tensor blk.1.attn_v.input_scale
create_tensor: loading tensor blk.1.attn_output.input_scale
create_tensor: loading tensor blk.1.ffn_gate_exps.input_scale
create_tensor: loading tensor blk.1.ffn_down_exps.input_scale
create_tensor: loading tensor blk.1.ffn_up_exps.input_scale
load_tensors: offloading 0 repeating layers to GPU
load_tensors: offloaded 0/3 layers to GPU
load_tensors:          CPU model buffer size =     0.13 MiB
load_all_data: no device found for buffer type CPU for async uploads
...................
load_tensors: experimental host-bank MoE enabled, tile weights <= 12544 bytes; this is not a total memory limit
llama_context: constructing llama_context
llama_context: n_seq_max             = 1
llama_context: n_ctx                 = 256
llama_context: n_ctx_seq             = 256
llama_context: n_batch               = 32
llama_context: n_ubatch              = 8
llama_context: causal_attn           = 1
llama_context: flash_attn            = disabled
llama_context: kv_unified            = false
llama_context: freq_base             = 10000.0
llama_context: freq_scale            = 1
llama_context: n_rs_seq              = 0
llama_context: n_outputs_max         = 32
llama_context: n_outputs_max_per_seq = 1
llama_context: n_ctx_seq (256) > n_ctx_train (128) -- possible training context overflow
set_abort_callback: call
llama_context:        CPU  output buffer size =     0.00 MiB
llama_kv_cache: layer   0: dev = CPU
llama_kv_cache: layer   1: dev = CPU
llama_kv_cache:        CPU KV buffer size =     0.06 MiB
llama_kv_cache: size =    0.06 MiB (   256 cells,   2 layers,  1/1 seqs), K (f16):    0.03 MiB, V (f16):    0.03 MiB
llama_kv_cache: attn_rot_k = 0, n_embd_head_k_all = 16
llama_kv_cache: attn_rot_v = 0, n_embd_head_k_all = 16
llama_context: enumerating backends
llama_context: backend_ptrs.size() = 2
sched_reserve: reserving ...
sched_reserve: max_nodes = 1024
sched_reserve: decode graph slots = 4 (n_tokens <= 4)
sched_reserve: reserving full memory module
sched_reserve: worst-case: n_tokens = 8, n_seqs = 1, n_outputs = 1
resolve_fused_ops: resolving fused Gated Delta Net support:
graph_reserve: reserving a graph for ubatch with n_tokens =    1, n_seqs =  1, n_outputs =    1
resolve_fused_ops: fused Gated Delta Net (autoregressive) enabled
graph_reserve: reserving a graph for ubatch with n_tokens =   16, n_seqs =  1, n_outputs =   16
resolve_fused_ops: fused Gated Delta Net (chunked) enabled
resolve_fused_ops: resolving fused Lightning Indexer support:
graph_reserve: reserving a graph for ubatch with n_tokens =    1, n_seqs =  1, n_outputs =    1
resolve_fused_ops: Lightning Indexer enabled
resolve_fused_ops: resolving fused DeepSeek V4 HC support:
graph_reserve: reserving a graph for ubatch with n_tokens =    1, n_seqs =  1, n_outputs =    1
resolve_fused_ops: fused DeepSeek V4 HC pre enabled
graph_reserve: reserving a graph for ubatch with n_tokens =    1, n_seqs =  1, n_outputs =    1
resolve_fused_ops: fused DeepSeek V4 HC comb enabled
graph_reserve: reserving a graph for ubatch with n_tokens =    1, n_seqs =  1, n_outputs =    1
resolve_fused_ops: fused DeepSeek V4 HC post enabled
graph_reserve: reserving a graph for ubatch with n_tokens =    8, n_seqs =  1, n_outputs =    8
graph_reserve: reserving a graph for ubatch with n_tokens =    1, n_seqs =  1, n_outputs =    1
graph_reserve: reserving a graph for ubatch with n_tokens =    8, n_seqs =  1, n_outputs =    8
sched_reserve:  CUDA_Host compute buffer size =     0.03 MiB
sched_reserve: graph nodes  = 110
sched_reserve: graph splits = 1
sched_reserve: reserve took 2.55 ms, sched copies = 1
llama_context: constructing llama_context
llama_context: n_seq_max             = 1
llama_context: n_ctx                 = 256
llama_context: n_ctx_seq             = 256
llama_context: n_batch               = 32
llama_context: n_ubatch              = 8
llama_context: causal_attn           = 1
llama_context: flash_attn            = disabled
llama_context: kv_unified            = false
llama_context: freq_base             = 10000.0
llama_context: freq_scale            = 1
llama_context: n_rs_seq              = 0
llama_context: n_outputs_max         = 32
llama_context: n_outputs_max_per_seq = 1
llama_context: n_ctx_seq (256) > n_ctx_train (128) -- possible training context overflow
set_abort_callback: call
llama_context:        CPU  output buffer size =     0.00 MiB
llama_kv_cache: layer   0: dev = CPU
llama_kv_cache: layer   1: dev = CPU
llama_kv_cache:        CPU KV buffer size =     0.06 MiB
llama_kv_cache: size =    0.06 MiB (   256 cells,   2 layers,  1/1 seqs), K (f16):    0.03 MiB, V (f16):    0.03 MiB
llama_kv_cache: attn_rot_k = 0, n_embd_head_k_all = 16
llama_kv_cache: attn_rot_v = 0, n_embd_head_k_all = 16
llama_context: enumerating backends
llama_context: backend_ptrs.size() = 2
sched_reserve: reserving ...
sched_reserve: max_nodes = 1024
sched_reserve: decode graph slots = 4 (n_tokens <= 4)
sched_reserve: reserving full memory module
sched_reserve: worst-case: n_tokens = 8, n_seqs = 1, n_outputs = 1
resolve_fused_ops: resolving fused Gated Delta Net support:
graph_reserve: reserving a graph for ubatch with n_tokens =    1, n_seqs =  1, n_outputs =    1
resolve_fused_ops: fused Gated Delta Net (autoregressive) enabled
graph_reserve: reserving a graph for ubatch with n_tokens =   16, n_seqs =  1, n_outputs =   16
resolve_fused_ops: fused Gated Delta Net (chunked) enabled
resolve_fused_ops: resolving fused Lightning Indexer support:
graph_reserve: reserving a graph for ubatch with n_tokens =    1, n_seqs =  1, n_outputs =    1
resolve_fused_ops: Lightning Indexer enabled
resolve_fused_ops: resolving fused DeepSeek V4 HC support:
graph_reserve: reserving a graph for ubatch with n_tokens =    1, n_seqs =  1, n_outputs =    1
resolve_fused_ops: fused DeepSeek V4 HC pre enabled
graph_reserve: reserving a graph for ubatch with n_tokens =    1, n_seqs =  1, n_outputs =    1
resolve_fused_ops: fused DeepSeek V4 HC comb enabled
graph_reserve: reserving a graph for ubatch with n_tokens =    1, n_seqs =  1, n_outputs =    1
resolve_fused_ops: fused DeepSeek V4 HC post enabled
graph_reserve: reserving a graph for ubatch with n_tokens =    8, n_seqs =  1, n_outputs =    8
graph_reserve: reserving a graph for ubatch with n_tokens =    1, n_seqs =  1, n_outputs =    1
graph_reserve: reserving a graph for ubatch with n_tokens =    8, n_seqs =  1, n_outputs =    8
sched_reserve:  CUDA_Host compute buffer size =     0.03 MiB
sched_reserve: graph nodes  = 100
sched_reserve: graph splits = 1
sched_reserve: reserve took 2.58 ms, sched copies = 1
graph_reserve: reserving a graph for ubatch with n_tokens =    4, n_seqs =  1, n_outputs =    4
set_abort_callback: call
graph_compute: ggml_backend_sched_graph_compute_async failed with error 1
process_ubatch: failed to compute graph, compute status: 1
decode: removing memory module entries for seq_id = 0, pos = [59, +inf)
llama_decode: failed to decode, ret = 2
set_abort_callback: call
host-bank MoE execution failed: MoE routing weight must be finite
host-bank MoE execution failed: MoE routing weight must be finite
process_ubatch: failed to compute graph, compute status: -1
decode: removing memory module entries for seq_id = 0, pos = [59, +inf)
llama_decode: failed to decode, ret = -3
llama_context: constructing llama_context
llama_init_from_model: failed to initialize the context: host-bank MoE requires one sequence, op_offload=false and offload_kqv=false
llama_context: constructing llama_context
llama_init_from_model: failed to initialize the context: host-bank MoE requires one sequence, op_offload=false and offload_kqv=false
llama_context: constructing llama_context
llama_init_from_model: failed to initialize the context: host-bank MoE requires one sequence, op_offload=false and offload_kqv=false
llama_context: constructing llama_context
llama_init_from_model: failed to initialize the context: moe cache: invalid uniform arena geometry
llama_context: constructing llama_context
llama_init_from_model: failed to initialize the context: host-bank MoE cache requires model.moe_cpu_tile_bytes host-bank setup
~llama_context:      CUDA0 compute buffer size is   0.0000 MiB, matches expectation of   0.0000 MiB
~llama_context:  CUDA_Host compute buffer size is   0.0304 MiB, matches expectation of   0.0304 MiB
~llama_context:      CUDA0 compute buffer size is   0.0000 MiB, matches expectation of   0.0000 MiB
~llama_context:  CUDA_Host compute buffer size is   0.0304 MiB, matches expectation of   0.0304 MiB
llama_context: constructing llama_context
llama_context: n_seq_max             = 1
llama_context: n_ctx                 = 256
llama_context: n_ctx_seq             = 256
llama_context: n_batch               = 32
llama_context: n_ubatch              = 8
llama_context: causal_attn           = 1
llama_context: flash_attn            = disabled
llama_context: kv_unified            = false
llama_context: freq_base             = 10000.0
llama_context: freq_scale            = 1
llama_context: n_rs_seq              = 0
llama_context: n_outputs_max         = 32
llama_context: n_outputs_max_per_seq = 1
llama_context: n_ctx_seq (256) > n_ctx_train (128) -- possible training context overflow
set_abort_callback: call
llama_context:        CPU  output buffer size =     0.00 MiB
llama_kv_cache: layer   0: dev = CPU
llama_kv_cache: layer   1: dev = CPU
llama_kv_cache:        CPU KV buffer size =     0.06 MiB
llama_kv_cache: size =    0.06 MiB (   256 cells,   2 layers,  1/1 seqs), K (f16):    0.03 MiB, V (f16):    0.03 MiB
llama_kv_cache: attn_rot_k = 0, n_embd_head_k_all = 16
llama_kv_cache: attn_rot_v = 0, n_embd_head_k_all = 16
llama_context: enumerating backends
llama_context: backend_ptrs.size() = 2
sched_reserve: reserving ...
sched_reserve: max_nodes = 1024
sched_reserve: decode graph slots = 4 (n_tokens <= 4)
sched_reserve: reserving full memory module
sched_reserve: worst-case: n_tokens = 8, n_seqs = 1, n_outputs = 1
resolve_fused_ops: resolving fused Gated Delta Net support:
graph_reserve: reserving a graph for ubatch with n_tokens =    1, n_seqs =  1, n_outputs =    1
resolve_fused_ops: fused Gated Delta Net (autoregressive) enabled
graph_reserve: reserving a graph for ubatch with n_tokens =   16, n_seqs =  1, n_outputs =   16
resolve_fused_ops: fused Gated Delta Net (chunked) enabled
resolve_fused_ops: resolving fused Lightning Indexer support:
graph_reserve: reserving a graph for ubatch with n_tokens =    1, n_seqs =  1, n_outputs =    1
resolve_fused_ops: Lightning Indexer enabled
resolve_fused_ops: resolving fused DeepSeek V4 HC support:
graph_reserve: reserving a graph for ubatch with n_tokens =    1, n_seqs =  1, n_outputs =    1
resolve_fused_ops: fused DeepSeek V4 HC pre enabled
graph_reserve: reserving a graph for ubatch with n_tokens =    1, n_seqs =  1, n_outputs =    1
resolve_fused_ops: fused DeepSeek V4 HC comb enabled
graph_reserve: reserving a graph for ubatch with n_tokens =    1, n_seqs =  1, n_outputs =    1
resolve_fused_ops: fused DeepSeek V4 HC post enabled
graph_reserve: reserving a graph for ubatch with n_tokens =    8, n_seqs =  1, n_outputs =    8
graph_reserve: reserving a graph for ubatch with n_tokens =    1, n_seqs =  1, n_outputs =    1
graph_reserve: reserving a graph for ubatch with n_tokens =    8, n_seqs =  1, n_outputs =    8
sched_reserve:  CUDA_Host compute buffer size =     0.03 MiB
sched_reserve: graph nodes  = 100
sched_reserve: graph splits = 1
sched_reserve: reserve took 1.97 ms, sched copies = 1
llama_context: constructing llama_context
llama_context: n_seq_max             = 1
llama_context: n_ctx                 = 256
llama_context: n_ctx_seq             = 256
llama_context: n_batch               = 32
llama_context: n_ubatch              = 8
llama_context: causal_attn           = 1
llama_context: flash_attn            = disabled
llama_context: kv_unified            = false
llama_context: freq_base             = 10000.0
llama_context: freq_scale            = 1
llama_context: n_rs_seq              = 0
llama_context: n_outputs_max         = 32
llama_context: n_outputs_max_per_seq = 1
llama_context: n_ctx_seq (256) > n_ctx_train (128) -- possible training context overflow
set_abort_callback: call
llama_context:        CPU  output buffer size =     0.00 MiB
llama_kv_cache: layer   0: dev = CPU
llama_kv_cache: layer   1: dev = CPU
llama_kv_cache:        CPU KV buffer size =     0.06 MiB
llama_kv_cache: size =    0.06 MiB (   256 cells,   2 layers,  1/1 seqs), K (f16):    0.03 MiB, V (f16):    0.03 MiB
llama_kv_cache: attn_rot_k = 0, n_embd_head_k_all = 16
llama_kv_cache: attn_rot_v = 0, n_embd_head_k_all = 16
llama_context: enumerating backends
llama_context: backend_ptrs.size() = 2
sched_reserve: reserving ...
sched_reserve: max_nodes = 1024
sched_reserve: decode graph slots = 4 (n_tokens <= 4)
sched_reserve: reserving full memory module
sched_reserve: worst-case: n_tokens = 8, n_seqs = 1, n_outputs = 1
resolve_fused_ops: resolving fused Gated Delta Net support:
graph_reserve: reserving a graph for ubatch with n_tokens =    1, n_seqs =  1, n_outputs =    1
resolve_fused_ops: fused Gated Delta Net (autoregressive) enabled
graph_reserve: reserving a graph for ubatch with n_tokens =   16, n_seqs =  1, n_outputs =   16
resolve_fused_ops: fused Gated Delta Net (chunked) enabled
resolve_fused_ops: resolving fused Lightning Indexer support:
graph_reserve: reserving a graph for ubatch with n_tokens =    1, n_seqs =  1, n_outputs =    1
resolve_fused_ops: Lightning Indexer enabled
resolve_fused_ops: resolving fused DeepSeek V4 HC support:
graph_reserve: reserving a graph for ubatch with n_tokens =    1, n_seqs =  1, n_outputs =    1
resolve_fused_ops: fused DeepSeek V4 HC pre enabled
graph_reserve: reserving a graph for ubatch with n_tokens =    1, n_seqs =  1, n_outputs =    1
resolve_fused_ops: fused DeepSeek V4 HC comb enabled
graph_reserve: reserving a graph for ubatch with n_tokens =    1, n_seqs =  1, n_outputs =    1
resolve_fused_ops: fused DeepSeek V4 HC post enabled
graph_reserve: reserving a graph for ubatch with n_tokens =    8, n_seqs =  1, n_outputs =    8
graph_reserve: reserving a graph for ubatch with n_tokens =    1, n_seqs =  1, n_outputs =    1
graph_reserve: reserving a graph for ubatch with n_tokens =    8, n_seqs =  1, n_outputs =    8
sched_reserve:  CUDA_Host compute buffer size =     0.03 MiB
sched_reserve: graph nodes  = 110
sched_reserve: graph splits = 1
sched_reserve: reserve took 2.50 ms, sched copies = 1
~llama_context:      CUDA0 compute buffer size is   0.0000 MiB, matches expectation of   0.0000 MiB
~llama_context:  CUDA_Host compute buffer size is   0.0304 MiB, matches expectation of   0.0304 MiB
~llama_context:      CUDA0 compute buffer size is   0.0000 MiB, matches expectation of   0.0000 MiB
~llama_context:  CUDA_Host compute buffer size is   0.0304 MiB, matches expectation of   0.0304 MiB
llama_model_loader: loaded meta data with 13 key-value pairs and 23 tensors from C:\Users\cadel\AppData\Local\Temp\moe-integration-24246.gguf (version GGUF V3 (latest))
llama_model_loader: Dumping metadata keys/values. Note: KV overrides do not apply in this output.
llama_model_loader: - kv   0:                       general.architecture str              = llama
llama_model_loader: - kv   1:                       tokenizer.ggml.model str              = no_vocab
llama_model_loader: - kv   2:                           llama.vocab_size u32              = 32
llama_model_loader: - kv   3:                       llama.context_length u32              = 128
llama_model_loader: - kv   4:                     llama.embedding_length u32              = 32
llama_model_loader: - kv   5:                          llama.block_count u32              = 2
llama_model_loader: - kv   6:                  llama.feed_forward_length u32              = 64
llama_model_loader: - kv   7:                 llama.attention.head_count u32              = 2
llama_model_loader: - kv   8:              llama.attention.head_count_kv u32              = 2
llama_model_loader: - kv   9:                 llama.rope.dimension_count u32              = 16
llama_model_loader: - kv  10:                         llama.expert_count u32              = 4
llama_model_loader: - kv  11:                    llama.expert_used_count u32              = 2
llama_model_loader: - kv  12:     llama.attention.layer_norm_rms_epsilon f32              = 0.000010
llama_model_loader: - type  f32:   17 tensors
llama_model_loader: - type  f16:    6 tensors
print_info: file format = GGUF V3 (latest)
print_info: file type   = (guessed) all F32
print_info: file size   = 0.13 MiB (18.85 BPW) 
llama_prepare_model_devices: using device CUDA0 (NVIDIA GeForce RTX 4060 Laptop GPU) (0000:01:00.0) - 7096 MiB free
load: adding 32 dummy tokens
print_info: arch                  = llama
print_info: vocab_only            = 0
print_info: no_alloc              = 0
print_info: n_ctx_train           = 128
print_info: n_embd_inp            = 32
print_info: n_embd                = 32
print_info: n_embd_out            = 32
print_info: n_layer               = 2
print_info: n_layer_all           = 2
print_info: n_head                = 2
print_info: n_head_kv             = 2
print_info: n_rot                 = 16
print_info: n_swa                 = 0
print_info: is_swa_any            = 0
print_info: n_embd_head_k         = 16
print_info: n_embd_head_v         = 16
print_info: n_gqa                 = 1
print_info: n_embd_k_gqa          = 32
print_info: n_embd_v_gqa          = 32
print_info: f_norm_eps            = 0.0e+00
print_info: f_norm_rms_eps        = 1.0e-05
print_info: f_clamp_kqv           = 0.0e+00
print_info: f_max_alibi_bias      = 0.0e+00
print_info: f_logit_scale         = 0.0e+00
print_info: f_attn_scale          = 0.0e+00
print_info: f_attn_value_scale    = 0.0000
print_info: n_ff                  = 64
print_info: n_expert              = 4
print_info: n_expert_used         = 2
print_info: n_expert_groups       = 0
print_info: n_group_used          = 0
print_info: causal attn           = 1
print_info: pooling type          = -1
print_info: rope type             = 0
print_info: rope scaling          = linear
print_info: freq_base_train       = 10000.0
print_info: freq_scale_train      = 1
print_info: n_ctx_orig_yarn       = 128
print_info: rope_yarn_log_mul     = 0.0000
print_info: rope_finetuned        = unknown
print_info: model type            = ?B
print_info: model params          = 59.81 K
print_info: general.name          = n/a
print_info: vocab type            = no vocab
print_info: n_vocab               = 32
print_info: n_merges              = 0
print_info: max token length      = 0
load_tensors: loading model tensors, this can take a while... (load_mode = none)
load_tensors: layer   0 assigned to device CPU, is_swa = 0
load_tensors: layer   1 assigned to device CPU, is_swa = 0
load_tensors: layer   2 assigned to device CPU, is_swa = 0
create_tensor: loading tensor token_embd.weight
create_tensor: loading tensor output_norm.weight
create_tensor: loading tensor output.weight
create_tensor: loading tensor blk.0.attn_norm.weight
create_tensor: loading tensor blk.0.attn_qkv.weight
create_tensor: loading tensor blk.0.attn_q.weight
create_tensor: loading tensor blk.0.attn_k.weight
create_tensor: loading tensor blk.0.attn_v.weight
create_tensor: loading tensor blk.0.attn_q.bias
create_tensor: loading tensor blk.0.attn_k.bias
create_tensor: loading tensor blk.0.attn_v.bias
create_tensor: loading tensor blk.0.attn_output.weight
create_tensor: loading tensor blk.0.attn_output.bias
create_tensor: loading tensor blk.0.ffn_norm.weight
create_tensor: loading tensor rope_freqs.weight
create_tensor: loading tensor blk.0.ffn_gate_inp.weight
create_tensor: loading tensor blk.0.ffn_gate_exps.weight
create_tensor: loading tensor blk.0.ffn_down_exps.weight
create_tensor: loading tensor blk.0.ffn_up_exps.weight
create_tensor: loading tensor blk.1.attn_norm.weight
create_tensor: loading tensor blk.1.attn_qkv.weight
create_tensor: loading tensor blk.1.attn_q.weight
create_tensor: loading tensor blk.1.attn_k.weight
create_tensor: loading tensor blk.1.attn_v.weight
create_tensor: loading tensor blk.1.attn_q.bias
create_tensor: loading tensor blk.1.attn_k.bias
create_tensor: loading tensor blk.1.attn_v.bias
create_tensor: loading tensor blk.1.attn_output.weight
create_tensor: loading tensor blk.1.attn_output.bias
create_tensor: loading tensor blk.1.ffn_norm.weight
create_tensor: loading tensor rope_freqs.weight
create_tensor: loading tensor blk.1.ffn_gate_inp.weight
create_tensor: loading tensor blk.1.ffn_gate_exps.weight
create_tensor: loading tensor blk.1.ffn_down_exps.weight
create_tensor: loading tensor blk.1.ffn_up_exps.weight
create_tensor: loading tensor blk.0.attn_q.scale
create_tensor: loading tensor blk.0.attn_k.scale
create_tensor: loading tensor blk.0.attn_v.scale
create_tensor: loading tensor blk.0.attn_output.scale
create_tensor: loading tensor blk.0.ffn_gate_exps.scale
create_tensor: loading tensor blk.0.ffn_down_exps.scale
create_tensor: loading tensor blk.0.ffn_up_exps.scale
create_tensor: loading tensor blk.0.attn_q.input_scale
create_tensor: loading tensor blk.0.attn_k.input_scale
create_tensor: loading tensor blk.0.attn_v.input_scale
create_tensor: loading tensor blk.0.attn_output.input_scale
create_tensor: loading tensor blk.0.ffn_gate_exps.input_scale
create_tensor: loading tensor blk.0.ffn_down_exps.input_scale
create_tensor: loading tensor blk.0.ffn_up_exps.input_scale
create_tensor: loading tensor blk.1.attn_q.scale
create_tensor: loading tensor blk.1.attn_k.scale
create_tensor: loading tensor blk.1.attn_v.scale
create_tensor: loading tensor blk.1.attn_output.scale
create_tensor: loading tensor blk.1.ffn_gate_exps.scale
create_tensor: loading tensor blk.1.ffn_down_exps.scale
create_tensor: loading tensor blk.1.ffn_up_exps.scale
create_tensor: loading tensor blk.1.attn_q.input_scale
create_tensor: loading tensor blk.1.attn_k.input_scale
create_tensor: loading tensor blk.1.attn_v.input_scale
create_tensor: loading tensor blk.1.attn_output.input_scale
create_tensor: loading tensor blk.1.ffn_gate_exps.input_scale
create_tensor: loading tensor blk.1.ffn_down_exps.input_scale
create_tensor: loading tensor blk.1.ffn_up_exps.input_scale
load_tensors: offloading 0 repeating layers to GPU
load_tensors: offloaded 0/3 layers to GPU
load_tensors:    CUDA_Host model buffer size =     0.13 MiB
load_all_data: buffer type CUDA_Host is not the default buffer type for device CUDA0 for async uploads
...................
llama_model_loader: loaded meta data with 13 key-value pairs and 23 tensors from C:\Users\cadel\AppData\Local\Temp\moe-integration-24246.gguf (version GGUF V3 (latest))
llama_model_loader: Dumping metadata keys/values. Note: KV overrides do not apply in this output.
llama_model_loader: - kv   0:                       general.architecture str              = llama
llama_model_loader: - kv   1:                       tokenizer.ggml.model str              = no_vocab
llama_model_loader: - kv   2:                           llama.vocab_size u32              = 32
llama_model_loader: - kv   3:                       llama.context_length u32              = 128
llama_model_loader: - kv   4:                     llama.embedding_length u32              = 32
llama_model_loader: - kv   5:                          llama.block_count u32              = 2
llama_model_loader: - kv   6:                  llama.feed_forward_length u32              = 64
llama_model_loader: - kv   7:                 llama.attention.head_count u32              = 2
llama_model_loader: - kv   8:              llama.attention.head_count_kv u32              = 2
llama_model_loader: - kv   9:                 llama.rope.dimension_count u32              = 16
llama_model_loader: - kv  10:                         llama.expert_count u32              = 4
llama_model_loader: - kv  11:                    llama.expert_used_count u32              = 2
llama_model_loader: - kv  12:     llama.attention.layer_norm_rms_epsilon f32              = 0.000010
llama_model_loader: - type  f32:   17 tensors
llama_model_loader: - type  f16:    6 tensors
print_info: file format = GGUF V3 (latest)
print_info: file type   = (guessed) all F32
print_info: file size   = 0.13 MiB (18.85 BPW) 
llama_prepare_model_devices: using device CUDA0 (NVIDIA GeForce RTX 4060 Laptop GPU) (0000:01:00.0) - 7096 MiB free
load: adding 32 dummy tokens
print_info: arch                  = llama
print_info: vocab_only            = 0
print_info: no_alloc              = 0
print_info: n_ctx_train           = 128
print_info: n_embd_inp            = 32
print_info: n_embd                = 32
print_info: n_embd_out            = 32
print_info: n_layer               = 2
print_info: n_layer_all           = 2
print_info: n_head                = 2
print_info: n_head_kv             = 2
print_info: n_rot                 = 16
print_info: n_swa                 = 0
print_info: is_swa_any            = 0
print_info: n_embd_head_k         = 16
print_info: n_embd_head_v         = 16
print_info: n_gqa                 = 1
print_info: n_embd_k_gqa          = 32
print_info: n_embd_v_gqa          = 32
print_info: f_norm_eps            = 0.0e+00
print_info: f_norm_rms_eps        = 1.0e-05
print_info: f_clamp_kqv           = 0.0e+00
print_info: f_max_alibi_bias      = 0.0e+00
print_info: f_logit_scale         = 0.0e+00
print_info: f_attn_scale          = 0.0e+00
print_info: f_attn_value_scale    = 0.0000
print_info: n_ff                  = 64
print_info: n_expert              = 4
print_info: n_expert_used         = 2
print_info: n_expert_groups       = 0
print_info: n_group_used          = 0
print_info: causal attn           = 1
print_info: pooling type          = -1
print_info: rope type             = 0
print_info: rope scaling          = linear
print_info: freq_base_train       = 10000.0
print_info: freq_scale_train      = 1
print_info: n_ctx_orig_yarn       = 128
print_info: rope_yarn_log_mul     = 0.0000
print_info: rope_finetuned        = unknown
print_info: model type            = ?B
print_info: model params          = 59.81 K
print_info: general.name          = n/a
print_info: vocab type            = no vocab
print_info: n_vocab               = 32
print_info: n_merges              = 0
print_info: max token length      = 0
load_tensors: loading model tensors, this can take a while... (load_mode = none)
load_tensors: layer   0 assigned to device CPU, is_swa = 0
load_tensors: layer   1 assigned to device CPU, is_swa = 0
load_tensors: layer   2 assigned to device CPU, is_swa = 0
create_tensor: loading tensor token_embd.weight
create_tensor: loading tensor output_norm.weight
create_tensor: loading tensor output.weight
create_tensor: loading tensor blk.0.attn_norm.weight
create_tensor: loading tensor blk.0.attn_qkv.weight
create_tensor: loading tensor blk.0.attn_q.weight
create_tensor: loading tensor blk.0.attn_k.weight
create_tensor: loading tensor blk.0.attn_v.weight
create_tensor: loading tensor blk.0.attn_q.bias
create_tensor: loading tensor blk.0.attn_k.bias
create_tensor: loading tensor blk.0.attn_v.bias
create_tensor: loading tensor blk.0.attn_output.weight
create_tensor: loading tensor blk.0.attn_output.bias
create_tensor: loading tensor blk.0.ffn_norm.weight
create_tensor: loading tensor rope_freqs.weight
create_tensor: loading tensor blk.0.ffn_gate_inp.weight
create_tensor: loading tensor blk.0.ffn_gate_exps.weight
create_tensor: loading tensor blk.0.ffn_down_exps.weight
create_tensor: loading tensor blk.0.ffn_up_exps.weight
create_tensor: loading tensor blk.1.attn_norm.weight
create_tensor: loading tensor blk.1.attn_qkv.weight
create_tensor: loading tensor blk.1.attn_q.weight
create_tensor: loading tensor blk.1.attn_k.weight
create_tensor: loading tensor blk.1.attn_v.weight
create_tensor: loading tensor blk.1.attn_q.bias
create_tensor: loading tensor blk.1.attn_k.bias
create_tensor: loading tensor blk.1.attn_v.bias
create_tensor: loading tensor blk.1.attn_output.weight
create_tensor: loading tensor blk.1.attn_output.bias
create_tensor: loading tensor blk.1.ffn_norm.weight
create_tensor: loading tensor rope_freqs.weight
create_tensor: loading tensor blk.1.ffn_gate_inp.weight
create_tensor: loading tensor blk.1.ffn_gate_exps.weight
create_tensor: loading tensor blk.1.ffn_down_exps.weight
create_tensor: loading tensor blk.1.ffn_up_exps.weight
create_tensor: loading tensor blk.0.attn_q.scale
create_tensor: loading tensor blk.0.attn_k.scale
create_tensor: loading tensor blk.0.attn_v.scale
create_tensor: loading tensor blk.0.attn_output.scale
create_tensor: loading tensor blk.0.ffn_gate_exps.scale
create_tensor: loading tensor blk.0.ffn_down_exps.scale
create_tensor: loading tensor blk.0.ffn_up_exps.scale
create_tensor: loading tensor blk.0.attn_q.input_scale
create_tensor: loading tensor blk.0.attn_k.input_scale
create_tensor: loading tensor blk.0.attn_v.input_scale
create_tensor: loading tensor blk.0.attn_output.input_scale
create_tensor: loading tensor blk.0.ffn_gate_exps.input_scale
create_tensor: loading tensor blk.0.ffn_down_exps.input_scale
create_tensor: loading tensor blk.0.ffn_up_exps.input_scale
create_tensor: loading tensor blk.1.attn_q.scale
create_tensor: loading tensor blk.1.attn_k.scale
create_tensor: loading tensor blk.1.attn_v.scale
create_tensor: loading tensor blk.1.attn_output.scale
create_tensor: loading tensor blk.1.ffn_gate_exps.scale
create_tensor: loading tensor blk.1.ffn_down_exps.scale
create_tensor: loading tensor blk.1.ffn_up_exps.scale
create_tensor: loading tensor blk.1.attn_q.input_scale
create_tensor: loading tensor blk.1.attn_k.input_scale
create_tensor: loading tensor blk.1.attn_v.input_scale
create_tensor: loading tensor blk.1.attn_output.input_scale
create_tensor: loading tensor blk.1.ffn_gate_exps.input_scale
create_tensor: loading tensor blk.1.ffn_down_exps.input_scale
create_tensor: loading tensor blk.1.ffn_up_exps.input_scale
load_tensors: offloading 0 repeating layers to GPU
load_tensors: offloaded 0/3 layers to GPU
load_tensors:          CPU model buffer size =     0.13 MiB
load_all_data: no device found for buffer type CPU for async uploads
...................
load_tensors: experimental host-bank MoE enabled, tile weights <= 50176 bytes; this is not a total memory limit
llama_context: constructing llama_context
llama_context: n_seq_max             = 1
llama_context: n_ctx                 = 256
llama_context: n_ctx_seq             = 256
llama_context: n_batch               = 32
llama_context: n_ubatch              = 8
llama_context: causal_attn           = 1
llama_context: flash_attn            = disabled
llama_context: kv_unified            = false
llama_context: freq_base             = 10000.0
llama_context: freq_scale            = 1
llama_context: n_rs_seq              = 0
llama_context: n_outputs_max         = 32
llama_context: n_outputs_max_per_seq = 1
llama_context: n_ctx_seq (256) > n_ctx_train (128) -- possible training context overflow
set_abort_callback: call
llama_context:        CPU  output buffer size =     0.00 MiB
llama_kv_cache: layer   0: dev = CPU
llama_kv_cache: layer   1: dev = CPU
llama_kv_cache:        CPU KV buffer size =     0.06 MiB
llama_kv_cache: size =    0.06 MiB (   256 cells,   2 layers,  1/1 seqs), K (f16):    0.03 MiB, V (f16):    0.03 MiB
llama_kv_cache: attn_rot_k = 0, n_embd_head_k_all = 16
llama_kv_cache: attn_rot_v = 0, n_embd_head_k_all = 16
llama_context: enumerating backends
llama_context: backend_ptrs.size() = 2
sched_reserve: reserving ...
sched_reserve: max_nodes = 1024
sched_reserve: decode graph slots = 4 (n_tokens <= 4)
sched_reserve: reserving full memory module
sched_reserve: worst-case: n_tokens = 8, n_seqs = 1, n_outputs = 1
resolve_fused_ops: resolving fused Gated Delta Net support:
graph_reserve: reserving a graph for ubatch with n_tokens =    1, n_seqs =  1, n_outputs =    1
resolve_fused_ops: fused Gated Delta Net (autoregressive) enabled
graph_reserve: reserving a graph for ubatch with n_tokens =   16, n_seqs =  1, n_outputs =   16
resolve_fused_ops: fused Gated Delta Net (chunked) enabled
resolve_fused_ops: resolving fused Lightning Indexer support:
graph_reserve: reserving a graph for ubatch with n_tokens =    1, n_seqs =  1, n_outputs =    1
resolve_fused_ops: Lightning Indexer enabled
resolve_fused_ops: resolving fused DeepSeek V4 HC support:
graph_reserve: reserving a graph for ubatch with n_tokens =    1, n_seqs =  1, n_outputs =    1
resolve_fused_ops: fused DeepSeek V4 HC pre enabled
graph_reserve: reserving a graph for ubatch with n_tokens =    1, n_seqs =  1, n_outputs =    1
resolve_fused_ops: fused DeepSeek V4 HC comb enabled
graph_reserve: reserving a graph for ubatch with n_tokens =    1, n_seqs =  1, n_outputs =    1
resolve_fused_ops: fused DeepSeek V4 HC post enabled
graph_reserve: reserving a graph for ubatch with n_tokens =    8, n_seqs =  1, n_outputs =    8
graph_reserve: reserving a graph for ubatch with n_tokens =    1, n_seqs =  1, n_outputs =    1
graph_reserve: reserving a graph for ubatch with n_tokens =    8, n_seqs =  1, n_outputs =    8
sched_reserve:  CUDA_Host compute buffer size =     0.03 MiB
sched_reserve: graph nodes  = 110
sched_reserve: graph splits = 1
sched_reserve: reserve took 2.47 ms, sched copies = 1
llama_context: constructing llama_context
llama_context: n_seq_max             = 1
llama_context: n_ctx                 = 256
llama_context: n_ctx_seq             = 256
llama_context: n_batch               = 32
llama_context: n_ubatch              = 8
llama_context: causal_attn           = 1
llama_context: flash_attn            = disabled
llama_context: kv_unified            = false
llama_context: freq_base             = 10000.0
llama_context: freq_scale            = 1
llama_context: n_rs_seq              = 0
llama_context: n_outputs_max         = 32
llama_context: n_outputs_max_per_seq = 1
llama_context: n_ctx_seq (256) > n_ctx_train (128) -- possible training context overflow
set_abort_callback: call
llama_context:        CPU  output buffer size =     0.00 MiB
llama_kv_cache: layer   0: dev = CPU
llama_kv_cache: layer   1: dev = CPU
llama_kv_cache:        CPU KV buffer size =     0.06 MiB
llama_kv_cache: size =    0.06 MiB (   256 cells,   2 layers,  1/1 seqs), K (f16):    0.03 MiB, V (f16):    0.03 MiB
llama_kv_cache: attn_rot_k = 0, n_embd_head_k_all = 16
llama_kv_cache: attn_rot_v = 0, n_embd_head_k_all = 16
llama_context: enumerating backends
llama_context: backend_ptrs.size() = 2
sched_reserve: reserving ...
sched_reserve: max_nodes = 1024
sched_reserve: decode graph slots = 4 (n_tokens <= 4)
sched_reserve: reserving full memory module
sched_reserve: worst-case: n_tokens = 8, n_seqs = 1, n_outputs = 1
resolve_fused_ops: resolving fused Gated Delta Net support:
graph_reserve: reserving a graph for ubatch with n_tokens =    1, n_seqs =  1, n_outputs =    1
resolve_fused_ops: fused Gated Delta Net (autoregressive) enabled
graph_reserve: reserving a graph for ubatch with n_tokens =   16, n_seqs =  1, n_outputs =   16
resolve_fused_ops: fused Gated Delta Net (chunked) enabled
resolve_fused_ops: resolving fused Lightning Indexer support:
graph_reserve: reserving a graph for ubatch with n_tokens =    1, n_seqs =  1, n_outputs =    1
resolve_fused_ops: Lightning Indexer enabled
resolve_fused_ops: resolving fused DeepSeek V4 HC support:
graph_reserve: reserving a graph for ubatch with n_tokens =    1, n_seqs =  1, n_outputs =    1
resolve_fused_ops: fused DeepSeek V4 HC pre enabled
graph_reserve: reserving a graph for ubatch with n_tokens =    1, n_seqs =  1, n_outputs =    1
resolve_fused_ops: fused DeepSeek V4 HC comb enabled
graph_reserve: reserving a graph for ubatch with n_tokens =    1, n_seqs =  1, n_outputs =    1
resolve_fused_ops: fused DeepSeek V4 HC post enabled
graph_reserve: reserving a graph for ubatch with n_tokens =    8, n_seqs =  1, n_outputs =    8
graph_reserve: reserving a graph for ubatch with n_tokens =    1, n_seqs =  1, n_outputs =    1
graph_reserve: reserving a graph for ubatch with n_tokens =    8, n_seqs =  1, n_outputs =    8
sched_reserve:  CUDA_Host compute buffer size =     0.03 MiB
sched_reserve: graph nodes  = 100
sched_reserve: graph splits = 1
sched_reserve: reserve took 2.46 ms, sched copies = 1
graph_reserve: reserving a graph for ubatch with n_tokens =    4, n_seqs =  1, n_outputs =    4
set_abort_callback: call
graph_compute: ggml_backend_sched_graph_compute_async failed with error 1
process_ubatch: failed to compute graph, compute status: 1
decode: removing memory module entries for seq_id = 0, pos = [59, +inf)
llama_decode: failed to decode, ret = 2
set_abort_callback: call
host-bank MoE execution failed: MoE routing weight must be finite
host-bank MoE execution failed: MoE routing weight must be finite
process_ubatch: failed to compute graph, compute status: -1
decode: removing memory module entries for seq_id = 0, pos = [59, +inf)
llama_decode: failed to decode, ret = -3
llama_context: constructing llama_context
llama_init_from_model: failed to initialize the context: host-bank MoE requires one sequence, op_offload=false and offload_kqv=false
llama_context: constructing llama_context
llama_init_from_model: failed to initialize the context: host-bank MoE requires one sequence, op_offload=false and offload_kqv=false
llama_context: constructing llama_context
llama_init_from_model: failed to initialize the context: host-bank MoE requires one sequence, op_offload=false and offload_kqv=false
llama_context: constructing llama_context
llama_init_from_model: failed to initialize the context: moe cache: invalid uniform arena geometry
llama_context: constructing llama_context
llama_init_from_model: failed to initialize the context: host-bank MoE cache requires model.moe_cpu_tile_bytes host-bank setup
~llama_context:      CUDA0 compute buffer size is   0.0000 MiB, matches expectation of   0.0000 MiB
~llama_context:  CUDA_Host compute buffer size is   0.0304 MiB, matches expectation of   0.0304 MiB
~llama_context:      CUDA0 compute buffer size is   0.0000 MiB, matches expectation of   0.0000 MiB
~llama_context:  CUDA_Host compute buffer size is   0.0304 MiB, matches expectation of   0.0304 MiB
llama_context: constructing llama_context
llama_context: n_seq_max             = 1
llama_context: n_ctx                 = 256
llama_context: n_ctx_seq             = 256
llama_context: n_batch               = 32
llama_context: n_ubatch              = 8
llama_context: causal_attn           = 1
llama_context: flash_attn            = disabled
llama_context: kv_unified            = false
llama_context: freq_base             = 10000.0
llama_context: freq_scale            = 1
llama_context: n_rs_seq              = 0
llama_context: n_outputs_max         = 32
llama_context: n_outputs_max_per_seq = 1
llama_context: n_ctx_seq (256) > n_ctx_train (128) -- possible training context overflow
set_abort_callback: call
llama_context:        CPU  output buffer size =     0.00 MiB
llama_kv_cache: layer   0: dev = CPU
llama_kv_cache: layer   1: dev = CPU
llama_kv_cache:        CPU KV buffer size =     0.06 MiB
llama_kv_cache: size =    0.06 MiB (   256 cells,   2 layers,  1/1 seqs), K (f16):    0.03 MiB, V (f16):    0.03 MiB
llama_kv_cache: attn_rot_k = 0, n_embd_head_k_all = 16
llama_kv_cache: attn_rot_v = 0, n_embd_head_k_all = 16
llama_context: enumerating backends
llama_context: backend_ptrs.size() = 2
sched_reserve: reserving ...
sched_reserve: max_nodes = 1024
sched_reserve: decode graph slots = 4 (n_tokens <= 4)
sched_reserve: reserving full memory module
sched_reserve: worst-case: n_tokens = 8, n_seqs = 1, n_outputs = 1
resolve_fused_ops: resolving fused Gated Delta Net support:
graph_reserve: reserving a graph for ubatch with n_tokens =    1, n_seqs =  1, n_outputs =    1
resolve_fused_ops: fused Gated Delta Net (autoregressive) enabled
graph_reserve: reserving a graph for ubatch with n_tokens =   16, n_seqs =  1, n_outputs =   16
resolve_fused_ops: fused Gated Delta Net (chunked) enabled
resolve_fused_ops: resolving fused Lightning Indexer support:
graph_reserve: reserving a graph for ubatch with n_tokens =    1, n_seqs =  1, n_outputs =    1
resolve_fused_ops: Lightning Indexer enabled
resolve_fused_ops: resolving fused DeepSeek V4 HC support:
graph_reserve: reserving a graph for ubatch with n_tokens =    1, n_seqs =  1, n_outputs =    1
resolve_fused_ops: fused DeepSeek V4 HC pre enabled
graph_reserve: reserving a graph for ubatch with n_tokens =    1, n_seqs =  1, n_outputs =    1
resolve_fused_ops: fused DeepSeek V4 HC comb enabled
graph_reserve: reserving a graph for ubatch with n_tokens =    1, n_seqs =  1, n_outputs =    1
resolve_fused_ops: fused DeepSeek V4 HC post enabled
graph_reserve: reserving a graph for ubatch with n_tokens =    8, n_seqs =  1, n_outputs =    8
graph_reserve: reserving a graph for ubatch with n_tokens =    1, n_seqs =  1, n_outputs =    1
graph_reserve: reserving a graph for ubatch with n_tokens =    8, n_seqs =  1, n_outputs =    8
sched_reserve:  CUDA_Host compute buffer size =     0.03 MiB
sched_reserve: graph nodes  = 100
sched_reserve: graph splits = 1
sched_reserve: reserve took 2.63 ms, sched copies = 1
llama_context: constructing llama_context
llama_context: n_seq_max             = 1
llama_context: n_ctx                 = 256
llama_context: n_ctx_seq             = 256
llama_context: n_batch               = 32
llama_context: n_ubatch              = 8
llama_context: causal_attn           = 1
llama_context: flash_attn            = disabled
llama_context: kv_unified            = false
llama_context: freq_base             = 10000.0
llama_context: freq_scale            = 1
llama_context: n_rs_seq              = 0
llama_context: n_outputs_max         = 32
llama_context: n_outputs_max_per_seq = 1
llama_context: n_ctx_seq (256) > n_ctx_train (128) -- possible training context overflow
set_abort_callback: call
llama_context:        CPU  output buffer size =     0.00 MiB
llama_kv_cache: layer   0: dev = CPU
llama_kv_cache: layer   1: dev = CPU
llama_kv_cache:        CPU KV buffer size =     0.06 MiB
llama_kv_cache: size =    0.06 MiB (   256 cells,   2 layers,  1/1 seqs), K (f16):    0.03 MiB, V (f16):    0.03 MiB
llama_kv_cache: attn_rot_k = 0, n_embd_head_k_all = 16
llama_kv_cache: attn_rot_v = 0, n_embd_head_k_all = 16
llama_context: enumerating backends
llama_context: backend_ptrs.size() = 2
sched_reserve: reserving ...
sched_reserve: max_nodes = 1024
sched_reserve: decode graph slots = 4 (n_tokens <= 4)
sched_reserve: reserving full memory module
sched_reserve: worst-case: n_tokens = 8, n_seqs = 1, n_outputs = 1
resolve_fused_ops: resolving fused Gated Delta Net support:
graph_reserve: reserving a graph for ubatch with n_tokens =    1, n_seqs =  1, n_outputs =    1
resolve_fused_ops: fused Gated Delta Net (autoregressive) enabled
graph_reserve: reserving a graph for ubatch with n_tokens =   16, n_seqs =  1, n_outputs =   16
resolve_fused_ops: fused Gated Delta Net (chunked) enabled
resolve_fused_ops: resolving fused Lightning Indexer support:
graph_reserve: reserving a graph for ubatch with n_tokens =    1, n_seqs =  1, n_outputs =    1
resolve_fused_ops: Lightning Indexer enabled
resolve_fused_ops: resolving fused DeepSeek V4 HC support:
graph_reserve: reserving a graph for ubatch with n_tokens =    1, n_seqs =  1, n_outputs =    1
resolve_fused_ops: fused DeepSeek V4 HC pre enabled
graph_reserve: reserving a graph for ubatch with n_tokens =    1, n_seqs =  1, n_outputs =    1
resolve_fused_ops: fused DeepSeek V4 HC comb enabled
graph_reserve: reserving a graph for ubatch with n_tokens =    1, n_seqs =  1, n_outputs =    1
resolve_fused_ops: fused DeepSeek V4 HC post enabled
graph_reserve: reserving a graph for ubatch with n_tokens =    8, n_seqs =  1, n_outputs =    8
graph_reserve: reserving a graph for ubatch with n_tokens =    1, n_seqs =  1, n_outputs =    1
graph_reserve: reserving a graph for ubatch with n_tokens =    8, n_seqs =  1, n_outputs =    8
sched_reserve:  CUDA_Host compute buffer size =     0.03 MiB
sched_reserve: graph nodes  = 110
sched_reserve: graph splits = 1
sched_reserve: reserve took 2.45 ms, sched copies = 1
~llama_context:      CUDA0 compute buffer size is   0.0000 MiB, matches expectation of   0.0000 MiB
~llama_context:  CUDA_Host compute buffer size is   0.0304 MiB, matches expectation of   0.0304 MiB
~llama_context:      CUDA0 compute buffer size is   0.0000 MiB, matches expectation of   0.0000 MiB
~llama_context:  CUDA_Host compute buffer size is   0.0304 MiB, matches expectation of   0.0304 MiB
llama_model_loader: loaded meta data with 13 key-value pairs and 23 tensors from C:\Users\cadel\AppData\Local\Temp\moe-integration-24246.gguf (version GGUF V3 (latest))
llama_model_loader: Dumping metadata keys/values. Note: KV overrides do not apply in this output.
llama_model_loader: - kv   0:                       general.architecture str              = llama
llama_model_loader: - kv   1:                       tokenizer.ggml.model str              = no_vocab
llama_model_loader: - kv   2:                           llama.vocab_size u32              = 32
llama_model_loader: - kv   3:                       llama.context_length u32              = 128
llama_model_loader: - kv   4:                     llama.embedding_length u32              = 32
llama_model_loader: - kv   5:                          llama.block_count u32              = 2
llama_model_loader: - kv   6:                  llama.feed_forward_length u32              = 64
llama_model_loader: - kv   7:                 llama.attention.head_count u32              = 2
llama_model_loader: - kv   8:              llama.attention.head_count_kv u32              = 2
llama_model_loader: - kv   9:                 llama.rope.dimension_count u32              = 16
llama_model_loader: - kv  10:                         llama.expert_count u32              = 4
llama_model_loader: - kv  11:                    llama.expert_used_count u32              = 2
llama_model_loader: - kv  12:     llama.attention.layer_norm_rms_epsilon f32              = 0.000010
llama_model_loader: - type  f32:   17 tensors
llama_model_loader: - type  f16:    6 tensors
print_info: file format = GGUF V3 (latest)
print_info: file type   = (guessed) all F32
print_info: file size   = 0.13 MiB (18.85 BPW) 
llama_prepare_model_devices: using device CUDA0 (NVIDIA GeForce RTX 4060 Laptop GPU) (0000:01:00.0) - 7096 MiB free
load: adding 32 dummy tokens
print_info: arch                  = llama
print_info: vocab_only            = 0
print_info: no_alloc              = 0
print_info: n_ctx_train           = 128
print_info: n_embd_inp            = 32
print_info: n_embd                = 32
print_info: n_embd_out            = 32
print_info: n_layer               = 2
print_info: n_layer_all           = 2
print_info: n_head                = 2
print_info: n_head_kv             = 2
print_info: n_rot                 = 16
print_info: n_swa                 = 0
print_info: is_swa_any            = 0
print_info: n_embd_head_k         = 16
print_info: n_embd_head_v         = 16
print_info: n_gqa                 = 1
print_info: n_embd_k_gqa          = 32
print_info: n_embd_v_gqa          = 32
print_info: f_norm_eps            = 0.0e+00
print_info: f_norm_rms_eps        = 1.0e-05
print_info: f_clamp_kqv           = 0.0e+00
print_info: f_max_alibi_bias      = 0.0e+00
print_info: f_logit_scale         = 0.0e+00
print_info: f_attn_scale          = 0.0e+00
print_info: f_attn_value_scale    = 0.0000
print_info: n_ff                  = 64
print_info: n_expert              = 4
print_info: n_expert_used         = 2
print_info: n_expert_groups       = 0
print_info: n_group_used          = 0
print_info: causal attn           = 1
print_info: pooling type          = -1
print_info: rope type             = 0
print_info: rope scaling          = linear
print_info: freq_base_train       = 10000.0
print_info: freq_scale_train      = 1
print_info: n_ctx_orig_yarn       = 128
print_info: rope_yarn_log_mul     = 0.0000
print_info: rope_finetuned        = unknown
print_info: model type            = ?B
print_info: model params          = 59.81 K
print_info: general.name          = n/a
print_info: vocab type            = no vocab
print_info: n_vocab               = 32
print_info: n_merges              = 0
print_info: max token length      = 0
load_tensors: loading model tensors, this can take a while... (load_mode = none)
load_tensors: layer   0 assigned to device CPU, is_swa = 0
load_tensors: layer   1 assigned to device CPU, is_swa = 0
load_tensors: layer   2 assigned to device CPU, is_swa = 0
create_tensor: loading tensor token_embd.weight
create_tensor: loading tensor output_norm.weight
create_tensor: loading tensor output.weight
create_tensor: loading tensor blk.0.attn_norm.weight
create_tensor: loading tensor blk.0.attn_qkv.weight
create_tensor: loading tensor blk.0.attn_q.weight
create_tensor: loading tensor blk.0.attn_k.weight
create_tensor: loading tensor blk.0.attn_v.weight
create_tensor: loading tensor blk.0.attn_q.bias
create_tensor: loading tensor blk.0.attn_k.bias
create_tensor: loading tensor blk.0.attn_v.bias
create_tensor: loading tensor blk.0.attn_output.weight
create_tensor: loading tensor blk.0.attn_output.bias
create_tensor: loading tensor blk.0.ffn_norm.weight
create_tensor: loading tensor rope_freqs.weight
create_tensor: loading tensor blk.0.ffn_gate_inp.weight
create_tensor: loading tensor blk.0.ffn_gate_exps.weight
create_tensor: loading tensor blk.0.ffn_down_exps.weight
create_tensor: loading tensor blk.0.ffn_up_exps.weight
create_tensor: loading tensor blk.1.attn_norm.weight
create_tensor: loading tensor blk.1.attn_qkv.weight
create_tensor: loading tensor blk.1.attn_q.weight
create_tensor: loading tensor blk.1.attn_k.weight
create_tensor: loading tensor blk.1.attn_v.weight
create_tensor: loading tensor blk.1.attn_q.bias
create_tensor: loading tensor blk.1.attn_k.bias
create_tensor: loading tensor blk.1.attn_v.bias
create_tensor: loading tensor blk.1.attn_output.weight
create_tensor: loading tensor blk.1.attn_output.bias
create_tensor: loading tensor blk.1.ffn_norm.weight
create_tensor: loading tensor rope_freqs.weight
create_tensor: loading tensor blk.1.ffn_gate_inp.weight
create_tensor: loading tensor blk.1.ffn_gate_exps.weight
create_tensor: loading tensor blk.1.ffn_down_exps.weight
create_tensor: loading tensor blk.1.ffn_up_exps.weight
create_tensor: loading tensor blk.0.attn_q.scale
create_tensor: loading tensor blk.0.attn_k.scale
create_tensor: loading tensor blk.0.attn_v.scale
create_tensor: loading tensor blk.0.attn_output.scale
create_tensor: loading tensor blk.0.ffn_gate_exps.scale
create_tensor: loading tensor blk.0.ffn_down_exps.scale
create_tensor: loading tensor blk.0.ffn_up_exps.scale
create_tensor: loading tensor blk.0.attn_q.input_scale
create_tensor: loading tensor blk.0.attn_k.input_scale
create_tensor: loading tensor blk.0.attn_v.input_scale
create_tensor: loading tensor blk.0.attn_output.input_scale
create_tensor: loading tensor blk.0.ffn_gate_exps.input_scale
create_tensor: loading tensor blk.0.ffn_down_exps.input_scale
create_tensor: loading tensor blk.0.ffn_up_exps.input_scale
create_tensor: loading tensor blk.1.attn_q.scale
create_tensor: loading tensor blk.1.attn_k.scale
create_tensor: loading tensor blk.1.attn_v.scale
create_tensor: loading tensor blk.1.attn_output.scale
create_tensor: loading tensor blk.1.ffn_gate_exps.scale
create_tensor: loading tensor blk.1.ffn_down_exps.scale
create_tensor: loading tensor blk.1.ffn_up_exps.scale
create_tensor: loading tensor blk.1.attn_q.input_scale
create_tensor: loading tensor blk.1.attn_k.input_scale
create_tensor: loading tensor blk.1.attn_v.input_scale
create_tensor: loading tensor blk.1.attn_output.input_scale
create_tensor: loading tensor blk.1.ffn_gate_exps.input_scale
create_tensor: loading tensor blk.1.ffn_down_exps.input_scale
create_tensor: loading tensor blk.1.ffn_up_exps.input_scale
load_tensors: offloading 0 repeating layers to GPU
load_tensors: offloaded 0/3 layers to GPU
load_tensors:    CUDA_Host model buffer size =     0.13 MiB
load_all_data: buffer type CUDA_Host is not the default buffer type for device CUDA0 for async uploads
...................
llama_model_loader: loaded meta data with 13 key-value pairs and 23 tensors from C:\Users\cadel\AppData\Local\Temp\moe-integration-24246.gguf (version GGUF V3 (latest))
llama_model_loader: Dumping metadata keys/values. Note: KV overrides do not apply in this output.
llama_model_loader: - kv   0:                       general.architecture str              = llama
llama_model_loader: - kv   1:                       tokenizer.ggml.model str              = no_vocab
llama_model_loader: - kv   2:                           llama.vocab_size u32              = 32
llama_model_loader: - kv   3:                       llama.context_length u32              = 128
llama_model_loader: - kv   4:                     llama.embedding_length u32              = 32
llama_model_loader: - kv   5:                          llama.block_count u32              = 2
llama_model_loader: - kv   6:                  llama.feed_forward_length u32              = 64
llama_model_loader: - kv   7:                 llama.attention.head_count u32              = 2
llama_model_loader: - kv   8:              llama.attention.head_count_kv u32              = 2
llama_model_loader: - kv   9:                 llama.rope.dimension_count u32              = 16
llama_model_loader: - kv  10:                         llama.expert_count u32              = 4
llama_model_loader: - kv  11:                    llama.expert_used_count u32              = 2
llama_model_loader: - kv  12:     llama.attention.layer_norm_rms_epsilon f32              = 0.000010
llama_model_loader: - type  f32:   17 tensors
llama_model_loader: - type  f16:    6 tensors
print_info: file format = GGUF V3 (latest)
print_info: file type   = (guessed) all F32
print_info: file size   = 0.13 MiB (18.85 BPW) 
llama_prepare_model_devices: using device CUDA0 (NVIDIA GeForce RTX 4060 Laptop GPU) (0000:01:00.0) - 7096 MiB free
load: adding 32 dummy tokens
print_info: arch                  = llama
print_info: vocab_only            = 0
print_info: no_alloc              = 0
print_info: n_ctx_train           = 128
print_info: n_embd_inp            = 32
print_info: n_embd                = 32
print_info: n_embd_out            = 32
print_info: n_layer               = 2
print_info: n_layer_all           = 2
print_info: n_head                = 2
print_info: n_head_kv             = 2
print_info: n_rot                 = 16
print_info: n_swa                 = 0
print_info: is_swa_any            = 0
print_info: n_embd_head_k         = 16
print_info: n_embd_head_v         = 16
print_info: n_gqa                 = 1
print_info: n_embd_k_gqa          = 32
print_info: n_embd_v_gqa          = 32
print_info: f_norm_eps            = 0.0e+00
print_info: f_norm_rms_eps        = 1.0e-05
print_info: f_clamp_kqv           = 0.0e+00
print_info: f_max_alibi_bias      = 0.0e+00
print_info: f_logit_scale         = 0.0e+00
print_info: f_attn_scale          = 0.0e+00
print_info: f_attn_value_scale    = 0.0000
print_info: n_ff                  = 64
print_info: n_expert              = 4
print_info: n_expert_used         = 2
print_info: n_expert_groups       = 0
print_info: n_group_used          = 0
print_info: causal attn           = 1
print_info: pooling type          = -1
print_info: rope type             = 0
print_info: rope scaling          = linear
print_info: freq_base_train       = 10000.0
print_info: freq_scale_train      = 1
print_info: n_ctx_orig_yarn       = 128
print_info: rope_yarn_log_mul     = 0.0000
print_info: rope_finetuned        = unknown
print_info: model type            = ?B
print_info: model params          = 59.81 K
print_info: general.name          = n/a
print_info: vocab type            = no vocab
print_info: n_vocab               = 32
print_info: n_merges              = 0
print_info: max token length      = 0
load_tensors: loading model tensors, this can take a while... (load_mode = none)
load_tensors: layer   0 assigned to device CPU, is_swa = 0
load_tensors: layer   1 assigned to device CPU, is_swa = 0
load_tensors: layer   2 assigned to device CPU, is_swa = 0
create_tensor: loading tensor token_embd.weight
create_tensor: loading tensor output_norm.weight
create_tensor: loading tensor output.weight
create_tensor: loading tensor blk.0.attn_norm.weight
create_tensor: loading tensor blk.0.attn_qkv.weight
create_tensor: loading tensor blk.0.attn_q.weight
create_tensor: loading tensor blk.0.attn_k.weight
create_tensor: loading tensor blk.0.attn_v.weight
create_tensor: loading tensor blk.0.attn_q.bias
create_tensor: loading tensor blk.0.attn_k.bias
create_tensor: loading tensor blk.0.attn_v.bias
create_tensor: loading tensor blk.0.attn_output.weight
create_tensor: loading tensor blk.0.attn_output.bias
create_tensor: loading tensor blk.0.ffn_norm.weight
create_tensor: loading tensor rope_freqs.weight
create_tensor: loading tensor blk.0.ffn_gate_inp.weight
create_tensor: loading tensor blk.0.ffn_gate_exps.weight
create_tensor: loading tensor blk.0.ffn_down_exps.weight
create_tensor: loading tensor blk.0.ffn_up_exps.weight
create_tensor: loading tensor blk.1.attn_norm.weight
create_tensor: loading tensor blk.1.attn_qkv.weight
create_tensor: loading tensor blk.1.attn_q.weight
create_tensor: loading tensor blk.1.attn_k.weight
create_tensor: loading tensor blk.1.attn_v.weight
create_tensor: loading tensor blk.1.attn_q.bias
create_tensor: loading tensor blk.1.attn_k.bias
create_tensor: loading tensor blk.1.attn_v.bias
create_tensor: loading tensor blk.1.attn_output.weight
create_tensor: loading tensor blk.1.attn_output.bias
create_tensor: loading tensor blk.1.ffn_norm.weight
create_tensor: loading tensor rope_freqs.weight
create_tensor: loading tensor blk.1.ffn_gate_inp.weight
create_tensor: loading tensor blk.1.ffn_gate_exps.weight
create_tensor: loading tensor blk.1.ffn_down_exps.weight
create_tensor: loading tensor blk.1.ffn_up_exps.weight
create_tensor: loading tensor blk.0.attn_q.scale
create_tensor: loading tensor blk.0.attn_k.scale
create_tensor: loading tensor blk.0.attn_v.scale
create_tensor: loading tensor blk.0.attn_output.scale
create_tensor: loading tensor blk.0.ffn_gate_exps.scale
create_tensor: loading tensor blk.0.ffn_down_exps.scale
create_tensor: loading tensor blk.0.ffn_up_exps.scale
create_tensor: loading tensor blk.0.attn_q.input_scale
create_tensor: loading tensor blk.0.attn_k.input_scale
create_tensor: loading tensor blk.0.attn_v.input_scale
create_tensor: loading tensor blk.0.attn_output.input_scale
create_tensor: loading tensor blk.0.ffn_gate_exps.input_scale
create_tensor: loading tensor blk.0.ffn_down_exps.input_scale
create_tensor: loading tensor blk.0.ffn_up_exps.input_scale
create_tensor: loading tensor blk.1.attn_q.scale
create_tensor: loading tensor blk.1.attn_k.scale
create_tensor: loading tensor blk.1.attn_v.scale
create_tensor: loading tensor blk.1.attn_output.scale
create_tensor: loading tensor blk.1.ffn_gate_exps.scale
create_tensor: loading tensor blk.1.ffn_down_exps.scale
create_tensor: loading tensor blk.1.ffn_up_exps.scale
create_tensor: loading tensor blk.1.attn_q.input_scale
create_tensor: loading tensor blk.1.attn_k.input_scale
create_tensor: loading tensor blk.1.attn_v.input_scale
create_tensor: loading tensor blk.1.attn_output.input_scale
create_tensor: loading tensor blk.1.ffn_gate_exps.input_scale
create_tensor: loading tensor blk.1.ffn_down_exps.input_scale
create_tensor: loading tensor blk.1.ffn_up_exps.input_scale
load_tensors: offloading 0 repeating layers to GPU
load_tensors: offloaded 0/3 layers to GPU
load_tensors:          CPU model buffer size =     0.13 MiB
load_all_data: no device found for buffer type CPU for async uploads
...................
load_tensors: experimental host-bank MoE enabled, tile weights <= 12544 bytes; this is not a total memory limit
llama_context: constructing llama_context
llama_context: n_seq_max             = 1
llama_context: n_ctx                 = 256
llama_context: n_ctx_seq             = 256
llama_context: n_batch               = 32
llama_context: n_ubatch              = 8
llama_context: causal_attn           = 1
llama_context: flash_attn            = disabled
llama_context: kv_unified            = false
llama_context: freq_base             = 10000.0
llama_context: freq_scale            = 1
llama_context: n_rs_seq              = 0
llama_context: n_outputs_max         = 32
llama_context: n_outputs_max_per_seq = 1
llama_context: n_ctx_seq (256) > n_ctx_train (128) -- possible training context overflow
set_abort_callback: call
llama_context:        CPU  output buffer size =     0.00 MiB
llama_kv_cache: layer   0: dev = CPU
llama_kv_cache: layer   1: dev = CPU
llama_kv_cache:        CPU KV buffer size =     0.06 MiB
llama_kv_cache: size =    0.06 MiB (   256 cells,   2 layers,  1/1 seqs), K (f16):    0.03 MiB, V (f16):    0.03 MiB
llama_kv_cache: attn_rot_k = 0, n_embd_head_k_all = 16
llama_kv_cache: attn_rot_v = 0, n_embd_head_k_all = 16
llama_context: enumerating backends
llama_context: backend_ptrs.size() = 2
sched_reserve: reserving ...
sched_reserve: max_nodes = 1024
sched_reserve: decode graph slots = 4 (n_tokens <= 4)
sched_reserve: reserving full memory module
sched_reserve: worst-case: n_tokens = 8, n_seqs = 1, n_outputs = 1
resolve_fused_ops: resolving fused Gated Delta Net support:
graph_reserve: reserving a graph for ubatch with n_tokens =    1, n_seqs =  1, n_outputs =    1
resolve_fused_ops: fused Gated Delta Net (autoregressive) enabled
graph_reserve: reserving a graph for ubatch with n_tokens =   16, n_seqs =  1, n_outputs =   16
resolve_fused_ops: fused Gated Delta Net (chunked) enabled
resolve_fused_ops: resolving fused Lightning Indexer support:
graph_reserve: reserving a graph for ubatch with n_tokens =    1, n_seqs =  1, n_outputs =    1
resolve_fused_ops: Lightning Indexer enabled
resolve_fused_ops: resolving fused DeepSeek V4 HC support:
graph_reserve: reserving a graph for ubatch with n_tokens =    1, n_seqs =  1, n_outputs =    1
resolve_fused_ops: fused DeepSeek V4 HC pre enabled
graph_reserve: reserving a graph for ubatch with n_tokens =    1, n_seqs =  1, n_outputs =    1
resolve_fused_ops: fused DeepSeek V4 HC comb enabled
graph_reserve: reserving a graph for ubatch with n_tokens =    1, n_seqs =  1, n_outputs =    1
resolve_fused_ops: fused DeepSeek V4 HC post enabled
graph_reserve: reserving a graph for ubatch with n_tokens =    8, n_seqs =  1, n_outputs =    8
graph_reserve: reserving a graph for ubatch with n_tokens =    1, n_seqs =  1, n_outputs =    1
graph_reserve: reserving a graph for ubatch with n_tokens =    8, n_seqs =  1, n_outputs =    8
sched_reserve:  CUDA_Host compute buffer size =     0.03 MiB
sched_reserve: graph nodes  = 110
sched_reserve: graph splits = 1
sched_reserve: reserve took 2.66 ms, sched copies = 1
llama_context: constructing llama_context
llama_context: MoE device=CUDA0 cache=98304 staging=1048576 compute-limit=67108864 bytes
llama_context: n_seq_max             = 1
llama_context: n_ctx                 = 256
llama_context: n_ctx_seq             = 256
llama_context: n_batch               = 32
llama_context: n_ubatch              = 8
llama_context: causal_attn           = 1
llama_context: flash_attn            = disabled
llama_context: kv_unified            = false
llama_context: freq_base             = 10000.0
llama_context: freq_scale            = 1
llama_context: n_rs_seq              = 0
llama_context: n_outputs_max         = 32
llama_context: n_outputs_max_per_seq = 1
llama_context: n_ctx_seq (256) > n_ctx_train (128) -- possible training context overflow
set_abort_callback: call
llama_context:        CPU  output buffer size =     0.00 MiB
llama_kv_cache: layer   0: dev = CPU
llama_kv_cache: layer   1: dev = CPU
llama_kv_cache:        CPU KV buffer size =     0.06 MiB
llama_kv_cache: size =    0.06 MiB (   256 cells,   2 layers,  1/1 seqs), K (f16):    0.03 MiB, V (f16):    0.03 MiB
llama_kv_cache: attn_rot_k = 0, n_embd_head_k_all = 16
llama_kv_cache: attn_rot_v = 0, n_embd_head_k_all = 16
llama_context: enumerating backends
llama_context: backend_ptrs.size() = 2
sched_reserve: reserving ...
sched_reserve: max_nodes = 1024
sched_reserve: decode graph slots = 4 (n_tokens <= 4)
sched_reserve: reserving full memory module
sched_reserve: worst-case: n_tokens = 8, n_seqs = 1, n_outputs = 1
resolve_fused_ops: resolving fused Gated Delta Net support:
graph_reserve: reserving a graph for ubatch with n_tokens =    1, n_seqs =  1, n_outputs =    1
resolve_fused_ops: fused Gated Delta Net (autoregressive) enabled
graph_reserve: reserving a graph for ubatch with n_tokens =   16, n_seqs =  1, n_outputs =   16
resolve_fused_ops: fused Gated Delta Net (chunked) enabled
resolve_fused_ops: resolving fused Lightning Indexer support:
graph_reserve: reserving a graph for ubatch with n_tokens =    1, n_seqs =  1, n_outputs =    1
resolve_fused_ops: Lightning Indexer enabled
resolve_fused_ops: resolving fused DeepSeek V4 HC support:
graph_reserve: reserving a graph for ubatch with n_tokens =    1, n_seqs =  1, n_outputs =    1
resolve_fused_ops: fused DeepSeek V4 HC pre enabled
graph_reserve: reserving a graph for ubatch with n_tokens =    1, n_seqs =  1, n_outputs =    1
resolve_fused_ops: fused DeepSeek V4 HC comb enabled
graph_reserve: reserving a graph for ubatch with n_tokens =    1, n_seqs =  1, n_outputs =    1
resolve_fused_ops: fused DeepSeek V4 HC post enabled
graph_reserve: reserving a graph for ubatch with n_tokens =    8, n_seqs =  1, n_outputs =    8
graph_reserve: reserving a graph for ubatch with n_tokens =    1, n_seqs =  1, n_outputs =    1
graph_reserve: reserving a graph for ubatch with n_tokens =    8, n_seqs =  1, n_outputs =    8
sched_reserve:  CUDA_Host compute buffer size =     0.03 MiB
sched_reserve: graph nodes  = 100
sched_reserve: graph splits = 1
sched_reserve: reserve took 2.24 ms, sched copies = 1
graph_reserve: reserving a graph for ubatch with n_tokens =    4, n_seqs =  1, n_outputs =    4
set_abort_callback: call
graph_compute: ggml_backend_sched_graph_compute_async failed with error 1
process_ubatch: failed to compute graph, compute status: 1
decode: removing memory module entries for seq_id = 0, pos = [59, +inf)
llama_decode: failed to decode, ret = 2
set_abort_callback: call
graph_compute: ggml_backend_sched_graph_compute_async failed with error -1
host-bank MoE execution failed: MoE routing weight must be finite
process_ubatch: failed to compute graph, compute status: -1
decode: removing memory module entries for seq_id = 0, pos = [59, +inf)
llama_decode: failed to decode, ret = -3
llama_context: constructing llama_context
llama_init_from_model: failed to initialize the context: host-bank MoE requires one sequence, op_offload=false and offload_kqv=false
llama_context: constructing llama_context
llama_init_from_model: failed to initialize the context: host-bank MoE requires one sequence, op_offload=false and offload_kqv=false
llama_context: constructing llama_context
llama_init_from_model: failed to initialize the context: host-bank MoE requires one sequence, op_offload=false and offload_kqv=false
llama_context: constructing llama_context
llama_init_from_model: failed to initialize the context: moe cache: invalid uniform arena geometry
llama_context: constructing llama_context
llama_init_from_model: failed to initialize the context: host-bank MoE cache requires model.moe_cpu_tile_bytes host-bank setup
~llama_context:      CUDA0 compute buffer size is   0.0000 MiB, matches expectation of   0.0000 MiB
~llama_context:  CUDA_Host compute buffer size is   0.0304 MiB, matches expectation of   0.0304 MiB
~llama_context:      CUDA0 compute buffer size is   0.0000 MiB, matches expectation of   0.0000 MiB
~llama_context:  CUDA_Host compute buffer size is   0.0304 MiB, matches expectation of   0.0304 MiB
llama_context: constructing llama_context
llama_context: MoE device=CUDA0 cache=98304 staging=1048576 compute-limit=67108864 bytes
llama_context: n_seq_max             = 1
llama_context: n_ctx                 = 256
llama_context: n_ctx_seq             = 256
llama_context: n_batch               = 32
llama_context: n_ubatch              = 8
llama_context: causal_attn           = 1
llama_context: flash_attn            = disabled
llama_context: kv_unified            = false
llama_context: freq_base             = 10000.0
llama_context: freq_scale            = 1
llama_context: n_rs_seq              = 0
llama_context: n_outputs_max         = 32
llama_context: n_outputs_max_per_seq = 1
llama_context: n_ctx_seq (256) > n_ctx_train (128) -- possible training context overflow
set_abort_callback: call
llama_context:        CPU  output buffer size =     0.00 MiB
llama_kv_cache: layer   0: dev = CPU
llama_kv_cache: layer   1: dev = CPU
llama_kv_cache:        CPU KV buffer size =     0.06 MiB
llama_kv_cache: size =    0.06 MiB (   256 cells,   2 layers,  1/1 seqs), K (f16):    0.03 MiB, V (f16):    0.03 MiB
llama_kv_cache: attn_rot_k = 0, n_embd_head_k_all = 16
llama_kv_cache: attn_rot_v = 0, n_embd_head_k_all = 16
llama_context: enumerating backends
llama_context: backend_ptrs.size() = 2
sched_reserve: reserving ...
sched_reserve: max_nodes = 1024
sched_reserve: decode graph slots = 4 (n_tokens <= 4)
sched_reserve: reserving full memory module
sched_reserve: worst-case: n_tokens = 8, n_seqs = 1, n_outputs = 1
resolve_fused_ops: resolving fused Gated Delta Net support:
graph_reserve: reserving a graph for ubatch with n_tokens =    1, n_seqs =  1, n_outputs =    1
resolve_fused_ops: fused Gated Delta Net (autoregressive) enabled
graph_reserve: reserving a graph for ubatch with n_tokens =   16, n_seqs =  1, n_outputs =   16
resolve_fused_ops: fused Gated Delta Net (chunked) enabled
resolve_fused_ops: resolving fused Lightning Indexer support:
graph_reserve: reserving a graph for ubatch with n_tokens =    1, n_seqs =  1, n_outputs =    1
resolve_fused_ops: Lightning Indexer enabled
resolve_fused_ops: resolving fused DeepSeek V4 HC support:
graph_reserve: reserving a graph for ubatch with n_tokens =    1, n_seqs =  1, n_outputs =    1
resolve_fused_ops: fused DeepSeek V4 HC pre enabled
graph_reserve: reserving a graph for ubatch with n_tokens =    1, n_seqs =  1, n_outputs =    1
resolve_fused_ops: fused DeepSeek V4 HC comb enabled
graph_reserve: reserving a graph for ubatch with n_tokens =    1, n_seqs =  1, n_outputs =    1
resolve_fused_ops: fused DeepSeek V4 HC post enabled
graph_reserve: reserving a graph for ubatch with n_tokens =    8, n_seqs =  1, n_outputs =    8
graph_reserve: reserving a graph for ubatch with n_tokens =    1, n_seqs =  1, n_outputs =    1
graph_reserve: reserving a graph for ubatch with n_tokens =    8, n_seqs =  1, n_outputs =    8
sched_reserve:  CUDA_Host compute buffer size =     0.03 MiB
sched_reserve: graph nodes  = 100
sched_reserve: graph splits = 1
sched_reserve: reserve took 2.36 ms, sched copies = 1
llama_context: constructing llama_context
llama_context: n_seq_max             = 1
llama_context: n_ctx                 = 256
llama_context: n_ctx_seq             = 256
llama_context: n_batch               = 32
llama_context: n_ubatch              = 8
llama_context: causal_attn           = 1
llama_context: flash_attn            = disabled
llama_context: kv_unified            = false
llama_context: freq_base             = 10000.0
llama_context: freq_scale            = 1
llama_context: n_rs_seq              = 0
llama_context: n_outputs_max         = 32
llama_context: n_outputs_max_per_seq = 1
llama_context: n_ctx_seq (256) > n_ctx_train (128) -- possible training context overflow
set_abort_callback: call
llama_context:        CPU  output buffer size =     0.00 MiB
llama_kv_cache: layer   0: dev = CPU
llama_kv_cache: layer   1: dev = CPU
llama_kv_cache:        CPU KV buffer size =     0.06 MiB
llama_kv_cache: size =    0.06 MiB (   256 cells,   2 layers,  1/1 seqs), K (f16):    0.03 MiB, V (f16):    0.03 MiB
llama_kv_cache: attn_rot_k = 0, n_embd_head_k_all = 16
llama_kv_cache: attn_rot_v = 0, n_embd_head_k_all = 16
llama_context: enumerating backends
llama_context: backend_ptrs.size() = 2
sched_reserve: reserving ...
sched_reserve: max_nodes = 1024
sched_reserve: decode graph slots = 4 (n_tokens <= 4)
sched_reserve: reserving full memory module
sched_reserve: worst-case: n_tokens = 8, n_seqs = 1, n_outputs = 1
resolve_fused_ops: resolving fused Gated Delta Net support:
graph_reserve: reserving a graph for ubatch with n_tokens =    1, n_seqs =  1, n_outputs =    1
resolve_fused_ops: fused Gated Delta Net (autoregressive) enabled
graph_reserve: reserving a graph for ubatch with n_tokens =   16, n_seqs =  1, n_outputs =   16
resolve_fused_ops: fused Gated Delta Net (chunked) enabled
resolve_fused_ops: resolving fused Lightning Indexer support:
graph_reserve: reserving a graph for ubatch with n_tokens =    1, n_seqs =  1, n_outputs =    1
resolve_fused_ops: Lightning Indexer enabled
resolve_fused_ops: resolving fused DeepSeek V4 HC support:
graph_reserve: reserving a graph for ubatch with n_tokens =    1, n_seqs =  1, n_outputs =    1
resolve_fused_ops: fused DeepSeek V4 HC pre enabled
graph_reserve: reserving a graph for ubatch with n_tokens =    1, n_seqs =  1, n_outputs =    1
resolve_fused_ops: fused DeepSeek V4 HC comb enabled
graph_reserve: reserving a graph for ubatch with n_tokens =    1, n_seqs =  1, n_outputs =    1
resolve_fused_ops: fused DeepSeek V4 HC post enabled
graph_reserve: reserving a graph for ubatch with n_tokens =    8, n_seqs =  1, n_outputs =    8
graph_reserve: reserving a graph for ubatch with n_tokens =    1, n_seqs =  1, n_outputs =    1
graph_reserve: reserving a graph for ubatch with n_tokens =    8, n_seqs =  1, n_outputs =    8
sched_reserve:  CUDA_Host compute buffer size =     0.03 MiB
sched_reserve: graph nodes  = 110
sched_reserve: graph splits = 1
sched_reserve: reserve took 2.62 ms, sched copies = 1
~llama_context:      CUDA0 compute buffer size is   0.0000 MiB, matches expectation of   0.0000 MiB
~llama_context:  CUDA_Host compute buffer size is   0.0304 MiB, matches expectation of   0.0304 MiB
~llama_context:      CUDA0 compute buffer size is   0.0000 MiB, matches expectation of   0.0000 MiB
~llama_context:  CUDA_Host compute buffer size is   0.0304 MiB, matches expectation of   0.0304 MiB
llama_model_loader: loaded meta data with 13 key-value pairs and 23 tensors from C:\Users\cadel\AppData\Local\Temp\moe-integration-24246.gguf (version GGUF V3 (latest))
llama_model_loader: Dumping metadata keys/values. Note: KV overrides do not apply in this output.
llama_model_loader: - kv   0:                       general.architecture str              = llama
llama_model_loader: - kv   1:                       tokenizer.ggml.model str              = no_vocab
llama_model_loader: - kv   2:                           llama.vocab_size u32              = 32
llama_model_loader: - kv   3:                       llama.context_length u32              = 128
llama_model_loader: - kv   4:                     llama.embedding_length u32              = 32
llama_model_loader: - kv   5:                          llama.block_count u32              = 2
llama_model_loader: - kv   6:                  llama.feed_forward_length u32              = 64
llama_model_loader: - kv   7:                 llama.attention.head_count u32              = 2
llama_model_loader: - kv   8:              llama.attention.head_count_kv u32              = 2
llama_model_loader: - kv   9:                 llama.rope.dimension_count u32              = 16
llama_model_loader: - kv  10:                         llama.expert_count u32              = 4
llama_model_loader: - kv  11:                    llama.expert_used_count u32              = 2
llama_model_loader: - kv  12:     llama.attention.layer_norm_rms_epsilon f32              = 0.000010
llama_model_loader: - type  f32:   17 tensors
llama_model_loader: - type  f16:    6 tensors
print_info: file format = GGUF V3 (latest)
print_info: file type   = (guessed) all F32
print_info: file size   = 0.13 MiB (18.85 BPW) 
llama_prepare_model_devices: using device CUDA0 (NVIDIA GeForce RTX 4060 Laptop GPU) (0000:01:00.0) - 7094 MiB free
load: adding 32 dummy tokens
print_info: arch                  = llama
print_info: vocab_only            = 0
print_info: no_alloc              = 0
print_info: n_ctx_train           = 128
print_info: n_embd_inp            = 32
print_info: n_embd                = 32
print_info: n_embd_out            = 32
print_info: n_layer               = 2
print_info: n_layer_all           = 2
print_info: n_head                = 2
print_info: n_head_kv             = 2
print_info: n_rot                 = 16
print_info: n_swa                 = 0
print_info: is_swa_any            = 0
print_info: n_embd_head_k         = 16
print_info: n_embd_head_v         = 16
print_info: n_gqa                 = 1
print_info: n_embd_k_gqa          = 32
print_info: n_embd_v_gqa          = 32
print_info: f_norm_eps            = 0.0e+00
print_info: f_norm_rms_eps        = 1.0e-05
print_info: f_clamp_kqv           = 0.0e+00
print_info: f_max_alibi_bias      = 0.0e+00
print_info: f_logit_scale         = 0.0e+00
print_info: f_attn_scale          = 0.0e+00
print_info: f_attn_value_scale    = 0.0000
print_info: n_ff                  = 64
print_info: n_expert              = 4
print_info: n_expert_used         = 2
print_info: n_expert_groups       = 0
print_info: n_group_used          = 0
print_info: causal attn           = 1
print_info: pooling type          = -1
print_info: rope type             = 0
print_info: rope scaling          = linear
print_info: freq_base_train       = 10000.0
print_info: freq_scale_train      = 1
print_info: n_ctx_orig_yarn       = 128
print_info: rope_yarn_log_mul     = 0.0000
print_info: rope_finetuned        = unknown
print_info: model type            = ?B
print_info: model params          = 59.81 K
print_info: general.name          = n/a
print_info: vocab type            = no vocab
print_info: n_vocab               = 32
print_info: n_merges              = 0
print_info: max token length      = 0
load_tensors: loading model tensors, this can take a while... (load_mode = mmap)
load_tensors: layer   0 assigned to device CPU, is_swa = 0
load_tensors: layer   1 assigned to device CPU, is_swa = 0
load_tensors: layer   2 assigned to device CPU, is_swa = 0
create_tensor: loading tensor token_embd.weight
create_tensor: loading tensor output_norm.weight
create_tensor: loading tensor output.weight
create_tensor: loading tensor blk.0.attn_norm.weight
create_tensor: loading tensor blk.0.attn_qkv.weight
create_tensor: loading tensor blk.0.attn_q.weight
create_tensor: loading tensor blk.0.attn_k.weight
create_tensor: loading tensor blk.0.attn_v.weight
create_tensor: loading tensor blk.0.attn_q.bias
create_tensor: loading tensor blk.0.attn_k.bias
create_tensor: loading tensor blk.0.attn_v.bias
create_tensor: loading tensor blk.0.attn_output.weight
create_tensor: loading tensor blk.0.attn_output.bias
create_tensor: loading tensor blk.0.ffn_norm.weight
create_tensor: loading tensor rope_freqs.weight
create_tensor: loading tensor blk.0.ffn_gate_inp.weight
create_tensor: loading tensor blk.0.ffn_gate_exps.weight
create_tensor: loading tensor blk.0.ffn_down_exps.weight
create_tensor: loading tensor blk.0.ffn_up_exps.weight
create_tensor: loading tensor blk.1.attn_norm.weight
create_tensor: loading tensor blk.1.attn_qkv.weight
create_tensor: loading tensor blk.1.attn_q.weight
create_tensor: loading tensor blk.1.attn_k.weight
create_tensor: loading tensor blk.1.attn_v.weight
create_tensor: loading tensor blk.1.attn_q.bias
create_tensor: loading tensor blk.1.attn_k.bias
create_tensor: loading tensor blk.1.attn_v.bias
create_tensor: loading tensor blk.1.attn_output.weight
create_tensor: loading tensor blk.1.attn_output.bias
create_tensor: loading tensor blk.1.ffn_norm.weight
create_tensor: loading tensor rope_freqs.weight
create_tensor: loading tensor blk.1.ffn_gate_inp.weight
create_tensor: loading tensor blk.1.ffn_gate_exps.weight
create_tensor: loading tensor blk.1.ffn_down_exps.weight
create_tensor: loading tensor blk.1.ffn_up_exps.weight
create_tensor: loading tensor blk.0.attn_q.scale
create_tensor: loading tensor blk.0.attn_k.scale
create_tensor: loading tensor blk.0.attn_v.scale
create_tensor: loading tensor blk.0.attn_output.scale
create_tensor: loading tensor blk.0.ffn_gate_exps.scale
create_tensor: loading tensor blk.0.ffn_down_exps.scale
create_tensor: loading tensor blk.0.ffn_up_exps.scale
create_tensor: loading tensor blk.0.attn_q.input_scale
create_tensor: loading tensor blk.0.attn_k.input_scale
create_tensor: loading tensor blk.0.attn_v.input_scale
create_tensor: loading tensor blk.0.attn_output.input_scale
create_tensor: loading tensor blk.0.ffn_gate_exps.input_scale
create_tensor: loading tensor blk.0.ffn_down_exps.input_scale
create_tensor: loading tensor blk.0.ffn_up_exps.input_scale
create_tensor: loading tensor blk.1.attn_q.scale
create_tensor: loading tensor blk.1.attn_k.scale
create_tensor: loading tensor blk.1.attn_v.scale
create_tensor: loading tensor blk.1.attn_output.scale
create_tensor: loading tensor blk.1.ffn_gate_exps.scale
create_tensor: loading tensor blk.1.ffn_down_exps.scale
create_tensor: loading tensor blk.1.ffn_up_exps.scale
create_tensor: loading tensor blk.1.attn_q.input_scale
create_tensor: loading tensor blk.1.attn_k.input_scale
create_tensor: loading tensor blk.1.attn_v.input_scale
create_tensor: loading tensor blk.1.attn_output.input_scale
create_tensor: loading tensor blk.1.ffn_gate_exps.input_scale
create_tensor: loading tensor blk.1.ffn_down_exps.input_scale
create_tensor: loading tensor blk.1.ffn_up_exps.input_scale
done_getting_tensors: tensor 'token_embd.weight' (f32) (and 22 others) cannot be used with preferred buffer type CUDA_Host, using CPU instead
load_tensors: offloading 0 repeating layers to GPU
load_tensors: offloaded 0/3 layers to GPU
load_tensors:   CPU_Mapped model buffer size =     0.13 MiB
...................
llama_model_loader: loaded meta data with 13 key-value pairs and 23 tensors from C:\Users\cadel\AppData\Local\Temp\moe-integration-24246.gguf (version GGUF V3 (latest))
llama_model_loader: Dumping metadata keys/values. Note: KV overrides do not apply in this output.
llama_model_loader: - kv   0:                       general.architecture str              = llama
llama_model_loader: - kv   1:                       tokenizer.ggml.model str              = no_vocab
llama_model_loader: - kv   2:                           llama.vocab_size u32              = 32
llama_model_loader: - kv   3:                       llama.context_length u32              = 128
llama_model_loader: - kv   4:                     llama.embedding_length u32              = 32
llama_model_loader: - kv   5:                          llama.block_count u32              = 2
llama_model_loader: - kv   6:                  llama.feed_forward_length u32              = 64
llama_model_loader: - kv   7:                 llama.attention.head_count u32              = 2
llama_model_loader: - kv   8:              llama.attention.head_count_kv u32              = 2
llama_model_loader: - kv   9:                 llama.rope.dimension_count u32              = 16
llama_model_loader: - kv  10:                         llama.expert_count u32              = 4
llama_model_loader: - kv  11:                    llama.expert_used_count u32              = 2
llama_model_loader: - kv  12:     llama.attention.layer_norm_rms_epsilon f32              = 0.000010
llama_model_loader: - type  f32:   17 tensors
llama_model_loader: - type  f16:    6 tensors
print_info: file format = GGUF V3 (latest)
print_info: file type   = (guessed) all F32
print_info: file size   = 0.13 MiB (18.85 BPW) 
llama_prepare_model_devices: using device CUDA0 (NVIDIA GeForce RTX 4060 Laptop GPU) (0000:01:00.0) - 7094 MiB free
load: adding 32 dummy tokens
print_info: arch                  = llama
print_info: vocab_only            = 0
print_info: no_alloc              = 0
print_info: n_ctx_train           = 128
print_info: n_embd_inp            = 32
print_info: n_embd                = 32
print_info: n_embd_out            = 32
print_info: n_layer               = 2
print_info: n_layer_all           = 2
print_info: n_head                = 2
print_info: n_head_kv             = 2
print_info: n_rot                 = 16
print_info: n_swa                 = 0
print_info: is_swa_any            = 0
print_info: n_embd_head_k         = 16
print_info: n_embd_head_v         = 16
print_info: n_gqa                 = 1
print_info: n_embd_k_gqa          = 32
print_info: n_embd_v_gqa          = 32
print_info: f_norm_eps            = 0.0e+00
print_info: f_norm_rms_eps        = 1.0e-05
print_info: f_clamp_kqv           = 0.0e+00
print_info: f_max_alibi_bias      = 0.0e+00
print_info: f_logit_scale         = 0.0e+00
print_info: f_attn_scale          = 0.0e+00
print_info: f_attn_value_scale    = 0.0000
print_info: n_ff                  = 64
print_info: n_expert              = 4
print_info: n_expert_used         = 2
print_info: n_expert_groups       = 0
print_info: n_group_used          = 0
print_info: causal attn           = 1
print_info: pooling type          = -1
print_info: rope type             = 0
print_info: rope scaling          = linear
print_info: freq_base_train       = 10000.0
print_info: freq_scale_train      = 1
print_info: n_ctx_orig_yarn       = 128
print_info: rope_yarn_log_mul     = 0.0000
print_info: rope_finetuned        = unknown
print_info: model type            = ?B
print_info: model params          = 59.81 K
print_info: general.name          = n/a
print_info: vocab type            = no vocab
print_info: n_vocab               = 32
print_info: n_merges              = 0
print_info: max token length      = 0
load_tensors: loading model tensors, this can take a while... (load_mode = mmap)
load_tensors: layer   0 assigned to device CPU, is_swa = 0
load_tensors: layer   1 assigned to device CPU, is_swa = 0
load_tensors: layer   2 assigned to device CPU, is_swa = 0
create_tensor: loading tensor token_embd.weight
create_tensor: loading tensor output_norm.weight
create_tensor: loading tensor output.weight
create_tensor: loading tensor blk.0.attn_norm.weight
create_tensor: loading tensor blk.0.attn_qkv.weight
create_tensor: loading tensor blk.0.attn_q.weight
create_tensor: loading tensor blk.0.attn_k.weight
create_tensor: loading tensor blk.0.attn_v.weight
create_tensor: loading tensor blk.0.attn_q.bias
create_tensor: loading tensor blk.0.attn_k.bias
create_tensor: loading tensor blk.0.attn_v.bias
create_tensor: loading tensor blk.0.attn_output.weight
create_tensor: loading tensor blk.0.attn_output.bias
create_tensor: loading tensor blk.0.ffn_norm.weight
create_tensor: loading tensor rope_freqs.weight
create_tensor: loading tensor blk.0.ffn_gate_inp.weight
create_tensor: loading tensor blk.0.ffn_gate_exps.weight
create_tensor: loading tensor blk.0.ffn_down_exps.weight
create_tensor: loading tensor blk.0.ffn_up_exps.weight
create_tensor: loading tensor blk.1.attn_norm.weight
create_tensor: loading tensor blk.1.attn_qkv.weight
create_tensor: loading tensor blk.1.attn_q.weight
create_tensor: loading tensor blk.1.attn_k.weight
create_tensor: loading tensor blk.1.attn_v.weight
create_tensor: loading tensor blk.1.attn_q.bias
create_tensor: loading tensor blk.1.attn_k.bias
create_tensor: loading tensor blk.1.attn_v.bias
create_tensor: loading tensor blk.1.attn_output.weight
create_tensor: loading tensor blk.1.attn_output.bias
create_tensor: loading tensor blk.1.ffn_norm.weight
create_tensor: loading tensor rope_freqs.weight
create_tensor: loading tensor blk.1.ffn_gate_inp.weight
create_tensor: loading tensor blk.1.ffn_gate_exps.weight
create_tensor: loading tensor blk.1.ffn_down_exps.weight
create_tensor: loading tensor blk.1.ffn_up_exps.weight
create_tensor: loading tensor blk.0.attn_q.scale
create_tensor: loading tensor blk.0.attn_k.scale
create_tensor: loading tensor blk.0.attn_v.scale
create_tensor: loading tensor blk.0.attn_output.scale
create_tensor: loading tensor blk.0.ffn_gate_exps.scale
create_tensor: loading tensor blk.0.ffn_down_exps.scale
create_tensor: loading tensor blk.0.ffn_up_exps.scale
create_tensor: loading tensor blk.0.attn_q.input_scale
create_tensor: loading tensor blk.0.attn_k.input_scale
create_tensor: loading tensor blk.0.attn_v.input_scale
create_tensor: loading tensor blk.0.attn_output.input_scale
create_tensor: loading tensor blk.0.ffn_gate_exps.input_scale
create_tensor: loading tensor blk.0.ffn_down_exps.input_scale
create_tensor: loading tensor blk.0.ffn_up_exps.input_scale
create_tensor: loading tensor blk.1.attn_q.scale
create_tensor: loading tensor blk.1.attn_k.scale
create_tensor: loading tensor blk.1.attn_v.scale
create_tensor: loading tensor blk.1.attn_output.scale
create_tensor: loading tensor blk.1.ffn_gate_exps.scale
create_tensor: loading tensor blk.1.ffn_down_exps.scale
create_tensor: loading tensor blk.1.ffn_up_exps.scale
create_tensor: loading tensor blk.1.attn_q.input_scale
create_tensor: loading tensor blk.1.attn_k.input_scale
create_tensor: loading tensor blk.1.attn_v.input_scale
create_tensor: loading tensor blk.1.attn_output.input_scale
create_tensor: loading tensor blk.1.ffn_gate_exps.input_scale
create_tensor: loading tensor blk.1.ffn_down_exps.input_scale
create_tensor: loading tensor blk.1.ffn_up_exps.input_scale
load_tensors: offloading 0 repeating layers to GPU
load_tensors: offloaded 0/3 layers to GPU
load_tensors:   CPU_Mapped model buffer size =     0.13 MiB
...................
load_tensors: experimental host-bank MoE enabled, tile weights <= 12544 bytes; this is not a total memory limit
llama_context: constructing llama_context
llama_context: n_seq_max             = 1
llama_context: n_ctx                 = 256
llama_context: n_ctx_seq             = 256
llama_context: n_batch               = 32
llama_context: n_ubatch              = 8
llama_context: causal_attn           = 1
llama_context: flash_attn            = disabled
llama_context: kv_unified            = false
llama_context: freq_base             = 10000.0
llama_context: freq_scale            = 1
llama_context: n_rs_seq              = 0
llama_context: n_outputs_max         = 32
llama_context: n_outputs_max_per_seq = 1
llama_context: n_ctx_seq (256) > n_ctx_train (128) -- possible training context overflow
set_abort_callback: call
llama_context:        CPU  output buffer size =     0.00 MiB
llama_kv_cache: layer   0: dev = CPU
llama_kv_cache: layer   1: dev = CPU
llama_kv_cache:        CPU KV buffer size =     0.06 MiB
llama_kv_cache: size =    0.06 MiB (   256 cells,   2 layers,  1/1 seqs), K (f16):    0.03 MiB, V (f16):    0.03 MiB
llama_kv_cache: attn_rot_k = 0, n_embd_head_k_all = 16
llama_kv_cache: attn_rot_v = 0, n_embd_head_k_all = 16
llama_context: enumerating backends
llama_context: backend_ptrs.size() = 2
sched_reserve: reserving ...
sched_reserve: max_nodes = 1024
sched_reserve: decode graph slots = 4 (n_tokens <= 4)
sched_reserve: reserving full memory module
sched_reserve: worst-case: n_tokens = 8, n_seqs = 1, n_outputs = 1
resolve_fused_ops: resolving fused Gated Delta Net support:
graph_reserve: reserving a graph for ubatch with n_tokens =    1, n_seqs =  1, n_outputs =    1
resolve_fused_ops: fused Gated Delta Net (autoregressive) enabled
graph_reserve: reserving a graph for ubatch with n_tokens =   16, n_seqs =  1, n_outputs =   16
resolve_fused_ops: fused Gated Delta Net (chunked) enabled
resolve_fused_ops: resolving fused Lightning Indexer support:
graph_reserve: reserving a graph for ubatch with n_tokens =    1, n_seqs =  1, n_outputs =    1
resolve_fused_ops: Lightning Indexer enabled
resolve_fused_ops: resolving fused DeepSeek V4 HC support:
graph_reserve: reserving a graph for ubatch with n_tokens =    1, n_seqs =  1, n_outputs =    1
resolve_fused_ops: fused DeepSeek V4 HC pre enabled
graph_reserve: reserving a graph for ubatch with n_tokens =    1, n_seqs =  1, n_outputs =    1
resolve_fused_ops: fused DeepSeek V4 HC comb enabled
graph_reserve: reserving a graph for ubatch with n_tokens =    1, n_seqs =  1, n_outputs =    1
resolve_fused_ops: fused DeepSeek V4 HC post enabled
graph_reserve: reserving a graph for ubatch with n_tokens =    8, n_seqs =  1, n_outputs =    8
graph_reserve: reserving a graph for ubatch with n_tokens =    1, n_seqs =  1, n_outputs =    1
graph_reserve: reserving a graph for ubatch with n_tokens =    8, n_seqs =  1, n_outputs =    8
sched_reserve:  CUDA_Host compute buffer size =     0.03 MiB
sched_reserve: graph nodes  = 110
sched_reserve: graph splits = 1
sched_reserve: reserve took 3.15 ms, sched copies = 1
llama_context: constructing llama_context
llama_context: n_seq_max             = 1
llama_context: n_ctx                 = 256
llama_context: n_ctx_seq             = 256
llama_context: n_batch               = 32
llama_context: n_ubatch              = 8
llama_context: causal_attn           = 1
llama_context: flash_attn            = disabled
llama_context: kv_unified            = false
llama_context: freq_base             = 10000.0
llama_context: freq_scale            = 1
llama_context: n_rs_seq              = 0
llama_context: n_outputs_max         = 32
llama_context: n_outputs_max_per_seq = 1
llama_context: n_ctx_seq (256) > n_ctx_train (128) -- possible training context overflow
set_abort_callback: call
llama_context:        CPU  output buffer size =     0.00 MiB
llama_kv_cache: layer   0: dev = CPU
llama_kv_cache: layer   1: dev = CPU
llama_kv_cache:        CPU KV buffer size =     0.06 MiB
llama_kv_cache: size =    0.06 MiB (   256 cells,   2 layers,  1/1 seqs), K (f16):    0.03 MiB, V (f16):    0.03 MiB
llama_kv_cache: attn_rot_k = 0, n_embd_head_k_all = 16
llama_kv_cache: attn_rot_v = 0, n_embd_head_k_all = 16
llama_context: enumerating backends
llama_context: backend_ptrs.size() = 2
sched_reserve: reserving ...
sched_reserve: max_nodes = 1024
sched_reserve: decode graph slots = 4 (n_tokens <= 4)
sched_reserve: reserving full memory module
sched_reserve: worst-case: n_tokens = 8, n_seqs = 1, n_outputs = 1
resolve_fused_ops: resolving fused Gated Delta Net support:
graph_reserve: reserving a graph for ubatch with n_tokens =    1, n_seqs =  1, n_outputs =    1
resolve_fused_ops: fused Gated Delta Net (autoregressive) enabled
graph_reserve: reserving a graph for ubatch with n_tokens =   16, n_seqs =  1, n_outputs =   16
resolve_fused_ops: fused Gated Delta Net (chunked) enabled
resolve_fused_ops: resolving fused Lightning Indexer support:
graph_reserve: reserving a graph for ubatch with n_tokens =    1, n_seqs =  1, n_outputs =    1
resolve_fused_ops: Lightning Indexer enabled
resolve_fused_ops: resolving fused DeepSeek V4 HC support:
graph_reserve: reserving a graph for ubatch with n_tokens =    1, n_seqs =  1, n_outputs =    1
resolve_fused_ops: fused DeepSeek V4 HC pre enabled
graph_reserve: reserving a graph for ubatch with n_tokens =    1, n_seqs =  1, n_outputs =    1
resolve_fused_ops: fused DeepSeek V4 HC comb enabled
graph_reserve: reserving a graph for ubatch with n_tokens =    1, n_seqs =  1, n_outputs =    1
resolve_fused_ops: fused DeepSeek V4 HC post enabled
graph_reserve: reserving a graph for ubatch with n_tokens =    8, n_seqs =  1, n_outputs =    8
graph_reserve: reserving a graph for ubatch with n_tokens =    1, n_seqs =  1, n_outputs =    1
graph_reserve: reserving a graph for ubatch with n_tokens =    8, n_seqs =  1, n_outputs =    8
sched_reserve:  CUDA_Host compute buffer size =     0.03 MiB
sched_reserve: graph nodes  = 100
sched_reserve: graph splits = 1
sched_reserve: reserve took 2.64 ms, sched copies = 1
graph_reserve: reserving a graph for ubatch with n_tokens =    4, n_seqs =  1, n_outputs =    4
set_abort_callback: call
graph_compute: ggml_backend_sched_graph_compute_async failed with error 1
process_ubatch: failed to compute graph, compute status: 1
decode: removing memory module entries for seq_id = 0, pos = [59, +inf)
llama_decode: failed to decode, ret = 2
set_abort_callback: call
host-bank MoE execution failed: MoE routing weight must be finite
host-bank MoE execution failed: MoE routing weight must be finite
process_ubatch: failed to compute graph, compute status: -1
decode: removing memory module entries for seq_id = 0, pos = [59, +inf)
llama_decode: failed to decode, ret = -3
llama_context: constructing llama_context
llama_init_from_model: failed to initialize the context: host-bank MoE requires one sequence, op_offload=false and offload_kqv=false
llama_context: constructing llama_context
llama_init_from_model: failed to initialize the context: host-bank MoE requires one sequence, op_offload=false and offload_kqv=false
llama_context: constructing llama_context
llama_init_from_model: failed to initialize the context: host-bank MoE requires one sequence, op_offload=false and offload_kqv=false
llama_context: constructing llama_context
llama_init_from_model: failed to initialize the context: moe cache: invalid uniform arena geometry
llama_context: constructing llama_context
llama_init_from_model: failed to initialize the context: host-bank MoE cache requires model.moe_cpu_tile_bytes host-bank setup
~llama_context:      CUDA0 compute buffer size is   0.0000 MiB, matches expectation of   0.0000 MiB
~llama_context:  CUDA_Host compute buffer size is   0.0304 MiB, matches expectation of   0.0304 MiB
~llama_context:      CUDA0 compute buffer size is   0.0000 MiB, matches expectation of   0.0000 MiB
~llama_context:  CUDA_Host compute buffer size is   0.0304 MiB, matches expectation of   0.0304 MiB
llama_context: constructing llama_context
llama_context: n_seq_max             = 1
llama_context: n_ctx                 = 256
llama_context: n_ctx_seq             = 256
llama_context: n_batch               = 32
llama_context: n_ubatch              = 8
llama_context: causal_attn           = 1
llama_context: flash_attn            = disabled
llama_context: kv_unified            = false
llama_context: freq_base             = 10000.0
llama_context: freq_scale            = 1
llama_context: n_rs_seq              = 0
llama_context: n_outputs_max         = 32
llama_context: n_outputs_max_per_seq = 1
llama_context: n_ctx_seq (256) > n_ctx_train (128) -- possible training context overflow
set_abort_callback: call
llama_context:        CPU  output buffer size =     0.00 MiB
llama_kv_cache: layer   0: dev = CPU
llama_kv_cache: layer   1: dev = CPU
llama_kv_cache:        CPU KV buffer size =     0.06 MiB
llama_kv_cache: size =    0.06 MiB (   256 cells,   2 layers,  1/1 seqs), K (f16):    0.03 MiB, V (f16):    0.03 MiB
llama_kv_cache: attn_rot_k = 0, n_embd_head_k_all = 16
llama_kv_cache: attn_rot_v = 0, n_embd_head_k_all = 16
llama_context: enumerating backends
llama_context: backend_ptrs.size() = 2
sched_reserve: reserving ...
sched_reserve: max_nodes = 1024
sched_reserve: decode graph slots = 4 (n_tokens <= 4)
sched_reserve: reserving full memory module
sched_reserve: worst-case: n_tokens = 8, n_seqs = 1, n_outputs = 1
resolve_fused_ops: resolving fused Gated Delta Net support:
graph_reserve: reserving a graph for ubatch with n_tokens =    1, n_seqs =  1, n_outputs =    1
resolve_fused_ops: fused Gated Delta Net (autoregressive) enabled
graph_reserve: reserving a graph for ubatch with n_tokens =   16, n_seqs =  1, n_outputs =   16
resolve_fused_ops: fused Gated Delta Net (chunked) enabled
resolve_fused_ops: resolving fused Lightning Indexer support:
graph_reserve: reserving a graph for ubatch with n_tokens =    1, n_seqs =  1, n_outputs =    1
resolve_fused_ops: Lightning Indexer enabled
resolve_fused_ops: resolving fused DeepSeek V4 HC support:
graph_reserve: reserving a graph for ubatch with n_tokens =    1, n_seqs =  1, n_outputs =    1
resolve_fused_ops: fused DeepSeek V4 HC pre enabled
graph_reserve: reserving a graph for ubatch with n_tokens =    1, n_seqs =  1, n_outputs =    1
resolve_fused_ops: fused DeepSeek V4 HC comb enabled
graph_reserve: reserving a graph for ubatch with n_tokens =    1, n_seqs =  1, n_outputs =    1
resolve_fused_ops: fused DeepSeek V4 HC post enabled
graph_reserve: reserving a graph for ubatch with n_tokens =    8, n_seqs =  1, n_outputs =    8
graph_reserve: reserving a graph for ubatch with n_tokens =    1, n_seqs =  1, n_outputs =    1
graph_reserve: reserving a graph for ubatch with n_tokens =    8, n_seqs =  1, n_outputs =    8
sched_reserve:  CUDA_Host compute buffer size =     0.03 MiB
sched_reserve: graph nodes  = 100
sched_reserve: graph splits = 1
sched_reserve: reserve took 2.85 ms, sched copies = 1
llama_context: constructing llama_context
llama_context: n_seq_max             = 1
llama_context: n_ctx                 = 256
llama_context: n_ctx_seq             = 256
llama_context: n_batch               = 32
llama_context: n_ubatch              = 8
llama_context: causal_attn           = 1
llama_context: flash_attn            = disabled
llama_context: kv_unified            = false
llama_context: freq_base             = 10000.0
llama_context: freq_scale            = 1
llama_context: n_rs_seq              = 0
llama_context: n_outputs_max         = 32
llama_context: n_outputs_max_per_seq = 1
llama_context: n_ctx_seq (256) > n_ctx_train (128) -- possible training context overflow
set_abort_callback: call
llama_context:        CPU  output buffer size =     0.00 MiB
llama_kv_cache: layer   0: dev = CPU
llama_kv_cache: layer   1: dev = CPU
llama_kv_cache:        CPU KV buffer size =     0.06 MiB
llama_kv_cache: size =    0.06 MiB (   256 cells,   2 layers,  1/1 seqs), K (f16):    0.03 MiB, V (f16):    0.03 MiB
llama_kv_cache: attn_rot_k = 0, n_embd_head_k_all = 16
llama_kv_cache: attn_rot_v = 0, n_embd_head_k_all = 16
llama_context: enumerating backends
llama_context: backend_ptrs.size() = 2
sched_reserve: reserving ...
sched_reserve: max_nodes = 1024
sched_reserve: decode graph slots = 4 (n_tokens <= 4)
sched_reserve: reserving full memory module
sched_reserve: worst-case: n_tokens = 8, n_seqs = 1, n_outputs = 1
resolve_fused_ops: resolving fused Gated Delta Net support:
graph_reserve: reserving a graph for ubatch with n_tokens =    1, n_seqs =  1, n_outputs =    1
resolve_fused_ops: fused Gated Delta Net (autoregressive) enabled
graph_reserve: reserving a graph for ubatch with n_tokens =   16, n_seqs =  1, n_outputs =   16
resolve_fused_ops: fused Gated Delta Net (chunked) enabled
resolve_fused_ops: resolving fused Lightning Indexer support:
graph_reserve: reserving a graph for ubatch with n_tokens =    1, n_seqs =  1, n_outputs =    1
resolve_fused_ops: Lightning Indexer enabled
resolve_fused_ops: resolving fused DeepSeek V4 HC support:
graph_reserve: reserving a graph for ubatch with n_tokens =    1, n_seqs =  1, n_outputs =    1
resolve_fused_ops: fused DeepSeek V4 HC pre enabled
graph_reserve: reserving a graph for ubatch with n_tokens =    1, n_seqs =  1, n_outputs =    1
resolve_fused_ops: fused DeepSeek V4 HC comb enabled
graph_reserve: reserving a graph for ubatch with n_tokens =    1, n_seqs =  1, n_outputs =    1
resolve_fused_ops: fused DeepSeek V4 HC post enabled
graph_reserve: reserving a graph for ubatch with n_tokens =    8, n_seqs =  1, n_outputs =    8
graph_reserve: reserving a graph for ubatch with n_tokens =    1, n_seqs =  1, n_outputs =    1
graph_reserve: reserving a graph for ubatch with n_tokens =    8, n_seqs =  1, n_outputs =    8
sched_reserve:  CUDA_Host compute buffer size =     0.03 MiB
sched_reserve: graph nodes  = 110
sched_reserve: graph splits = 1
sched_reserve: reserve took 2.65 ms, sched copies = 1
~llama_context:      CUDA0 compute buffer size is   0.0000 MiB, matches expectation of   0.0000 MiB
~llama_context:  CUDA_Host compute buffer size is   0.0304 MiB, matches expectation of   0.0304 MiB
~llama_context:      CUDA0 compute buffer size is   0.0000 MiB, matches expectation of   0.0000 MiB
~llama_context:  CUDA_Host compute buffer size is   0.0304 MiB, matches expectation of   0.0304 MiB
llama_model_loader: loaded meta data with 13 key-value pairs and 23 tensors from C:\Users\cadel\AppData\Local\Temp\moe-integration-24246.gguf (version GGUF V3 (latest))
llama_model_loader: Dumping metadata keys/values. Note: KV overrides do not apply in this output.
llama_model_loader: - kv   0:                       general.architecture str              = llama
llama_model_loader: - kv   1:                       tokenizer.ggml.model str              = no_vocab
llama_model_loader: - kv   2:                           llama.vocab_size u32              = 32
llama_model_loader: - kv   3:                       llama.context_length u32              = 128
llama_model_loader: - kv   4:                     llama.embedding_length u32              = 32
llama_model_loader: - kv   5:                          llama.block_count u32              = 2
llama_model_loader: - kv   6:                  llama.feed_forward_length u32              = 64
llama_model_loader: - kv   7:                 llama.attention.head_count u32              = 2
llama_model_loader: - kv   8:              llama.attention.head_count_kv u32              = 2
llama_model_loader: - kv   9:                 llama.rope.dimension_count u32              = 16
llama_model_loader: - kv  10:                         llama.expert_count u32              = 4
llama_model_loader: - kv  11:                    llama.expert_used_count u32              = 2
llama_model_loader: - kv  12:     llama.attention.layer_norm_rms_epsilon f32              = 0.000010
llama_model_loader: - type  f32:   17 tensors
llama_model_loader: - type  f16:    6 tensors
print_info: file format = GGUF V3 (latest)
print_info: file type   = (guessed) all F32
print_info: file size   = 0.13 MiB (18.85 BPW) 
llama_prepare_model_devices: using device CUDA0 (NVIDIA GeForce RTX 4060 Laptop GPU) (0000:01:00.0) - 7094 MiB free
load: adding 32 dummy tokens
print_info: arch                  = llama
print_info: vocab_only            = 0
print_info: no_alloc              = 0
print_info: n_ctx_train           = 128
print_info: n_embd_inp            = 32
print_info: n_embd                = 32
print_info: n_embd_out            = 32
print_info: n_layer               = 2
print_info: n_layer_all           = 2
print_info: n_head                = 2
print_info: n_head_kv             = 2
print_info: n_rot                 = 16
print_info: n_swa                 = 0
print_info: is_swa_any            = 0
print_info: n_embd_head_k         = 16
print_info: n_embd_head_v         = 16
print_info: n_gqa                 = 1
print_info: n_embd_k_gqa          = 32
print_info: n_embd_v_gqa          = 32
print_info: f_norm_eps            = 0.0e+00
print_info: f_norm_rms_eps        = 1.0e-05
print_info: f_clamp_kqv           = 0.0e+00
print_info: f_max_alibi_bias      = 0.0e+00
print_info: f_logit_scale         = 0.0e+00
print_info: f_attn_scale          = 0.0e+00
print_info: f_attn_value_scale    = 0.0000
print_info: n_ff                  = 64
print_info: n_expert              = 4
print_info: n_expert_used         = 2
print_info: n_expert_groups       = 0
print_info: n_group_used          = 0
print_info: causal attn           = 1
print_info: pooling type          = -1
print_info: rope type             = 0
print_info: rope scaling          = linear
print_info: freq_base_train       = 10000.0
print_info: freq_scale_train      = 1
print_info: n_ctx_orig_yarn       = 128
print_info: rope_yarn_log_mul     = 0.0000
print_info: rope_finetuned        = unknown
print_info: model type            = ?B
print_info: model params          = 59.81 K
print_info: general.name          = n/a
print_info: vocab type            = no vocab
print_info: n_vocab               = 32
print_info: n_merges              = 0
print_info: max token length      = 0
load_tensors: loading model tensors, this can take a while... (load_mode = mmap)
load_tensors: layer   0 assigned to device CPU, is_swa = 0
load_tensors: layer   1 assigned to device CPU, is_swa = 0
load_tensors: layer   2 assigned to device CPU, is_swa = 0
create_tensor: loading tensor token_embd.weight
create_tensor: loading tensor output_norm.weight
create_tensor: loading tensor output.weight
create_tensor: loading tensor blk.0.attn_norm.weight
create_tensor: loading tensor blk.0.attn_qkv.weight
create_tensor: loading tensor blk.0.attn_q.weight
create_tensor: loading tensor blk.0.attn_k.weight
create_tensor: loading tensor blk.0.attn_v.weight
create_tensor: loading tensor blk.0.attn_q.bias
create_tensor: loading tensor blk.0.attn_k.bias
create_tensor: loading tensor blk.0.attn_v.bias
create_tensor: loading tensor blk.0.attn_output.weight
create_tensor: loading tensor blk.0.attn_output.bias
create_tensor: loading tensor blk.0.ffn_norm.weight
create_tensor: loading tensor rope_freqs.weight
create_tensor: loading tensor blk.0.ffn_gate_inp.weight
create_tensor: loading tensor blk.0.ffn_gate_exps.weight
create_tensor: loading tensor blk.0.ffn_down_exps.weight
create_tensor: loading tensor blk.0.ffn_up_exps.weight
create_tensor: loading tensor blk.1.attn_norm.weight
create_tensor: loading tensor blk.1.attn_qkv.weight
create_tensor: loading tensor blk.1.attn_q.weight
create_tensor: loading tensor blk.1.attn_k.weight
create_tensor: loading tensor blk.1.attn_v.weight
create_tensor: loading tensor blk.1.attn_q.bias
create_tensor: loading tensor blk.1.attn_k.bias
create_tensor: loading tensor blk.1.attn_v.bias
create_tensor: loading tensor blk.1.attn_output.weight
create_tensor: loading tensor blk.1.attn_output.bias
create_tensor: loading tensor blk.1.ffn_norm.weight
create_tensor: loading tensor rope_freqs.weight
create_tensor: loading tensor blk.1.ffn_gate_inp.weight
create_tensor: loading tensor blk.1.ffn_gate_exps.weight
create_tensor: loading tensor blk.1.ffn_down_exps.weight
create_tensor: loading tensor blk.1.ffn_up_exps.weight
create_tensor: loading tensor blk.0.attn_q.scale
create_tensor: loading tensor blk.0.attn_k.scale
create_tensor: loading tensor blk.0.attn_v.scale
create_tensor: loading tensor blk.0.attn_output.scale
create_tensor: loading tensor blk.0.ffn_gate_exps.scale
create_tensor: loading tensor blk.0.ffn_down_exps.scale
create_tensor: loading tensor blk.0.ffn_up_exps.scale
create_tensor: loading tensor blk.0.attn_q.input_scale
create_tensor: loading tensor blk.0.attn_k.input_scale
create_tensor: loading tensor blk.0.attn_v.input_scale
create_tensor: loading tensor blk.0.attn_output.input_scale
create_tensor: loading tensor blk.0.ffn_gate_exps.input_scale
create_tensor: loading tensor blk.0.ffn_down_exps.input_scale
create_tensor: loading tensor blk.0.ffn_up_exps.input_scale
create_tensor: loading tensor blk.1.attn_q.scale
create_tensor: loading tensor blk.1.attn_k.scale
create_tensor: loading tensor blk.1.attn_v.scale
create_tensor: loading tensor blk.1.attn_output.scale
create_tensor: loading tensor blk.1.ffn_gate_exps.scale
create_tensor: loading tensor blk.1.ffn_down_exps.scale
create_tensor: loading tensor blk.1.ffn_up_exps.scale
create_tensor: loading tensor blk.1.attn_q.input_scale
create_tensor: loading tensor blk.1.attn_k.input_scale
create_tensor: loading tensor blk.1.attn_v.input_scale
create_tensor: loading tensor blk.1.attn_output.input_scale
create_tensor: loading tensor blk.1.ffn_gate_exps.input_scale
create_tensor: loading tensor blk.1.ffn_down_exps.input_scale
create_tensor: loading tensor blk.1.ffn_up_exps.input_scale
done_getting_tensors: tensor 'token_embd.weight' (f32) (and 22 others) cannot be used with preferred buffer type CUDA_Host, using CPU instead
load_tensors: offloading 0 repeating layers to GPU
load_tensors: offloaded 0/3 layers to GPU
load_tensors:   CPU_Mapped model buffer size =     0.13 MiB
...................
llama_model_loader: loaded meta data with 13 key-value pairs and 23 tensors from C:\Users\cadel\AppData\Local\Temp\moe-integration-24246.gguf (version GGUF V3 (latest))
llama_model_loader: Dumping metadata keys/values. Note: KV overrides do not apply in this output.
llama_model_loader: - kv   0:                       general.architecture str              = llama
llama_model_loader: - kv   1:                       tokenizer.ggml.model str              = no_vocab
llama_model_loader: - kv   2:                           llama.vocab_size u32              = 32
llama_model_loader: - kv   3:                       llama.context_length u32              = 128
llama_model_loader: - kv   4:                     llama.embedding_length u32              = 32
llama_model_loader: - kv   5:                          llama.block_count u32              = 2
llama_model_loader: - kv   6:                  llama.feed_forward_length u32              = 64
llama_model_loader: - kv   7:                 llama.attention.head_count u32              = 2
llama_model_loader: - kv   8:              llama.attention.head_count_kv u32              = 2
llama_model_loader: - kv   9:                 llama.rope.dimension_count u32              = 16
llama_model_loader: - kv  10:                         llama.expert_count u32              = 4
llama_model_loader: - kv  11:                    llama.expert_used_count u32              = 2
llama_model_loader: - kv  12:     llama.attention.layer_norm_rms_epsilon f32              = 0.000010
llama_model_loader: - type  f32:   17 tensors
llama_model_loader: - type  f16:    6 tensors
print_info: file format = GGUF V3 (latest)
print_info: file type   = (guessed) all F32
print_info: file size   = 0.13 MiB (18.85 BPW) 
llama_prepare_model_devices: using device CUDA0 (NVIDIA GeForce RTX 4060 Laptop GPU) (0000:01:00.0) - 7094 MiB free
load: adding 32 dummy tokens
print_info: arch                  = llama
print_info: vocab_only            = 0
print_info: no_alloc              = 0
print_info: n_ctx_train           = 128
print_info: n_embd_inp            = 32
print_info: n_embd                = 32
print_info: n_embd_out            = 32
print_info: n_layer               = 2
print_info: n_layer_all           = 2
print_info: n_head                = 2
print_info: n_head_kv             = 2
print_info: n_rot                 = 16
print_info: n_swa                 = 0
print_info: is_swa_any            = 0
print_info: n_embd_head_k         = 16
print_info: n_embd_head_v         = 16
print_info: n_gqa                 = 1
print_info: n_embd_k_gqa          = 32
print_info: n_embd_v_gqa          = 32
print_info: f_norm_eps            = 0.0e+00
print_info: f_norm_rms_eps        = 1.0e-05
print_info: f_clamp_kqv           = 0.0e+00
print_info: f_max_alibi_bias      = 0.0e+00
print_info: f_logit_scale         = 0.0e+00
print_info: f_attn_scale          = 0.0e+00
print_info: f_attn_value_scale    = 0.0000
print_info: n_ff                  = 64
print_info: n_expert              = 4
print_info: n_expert_used         = 2
print_info: n_expert_groups       = 0
print_info: n_group_used          = 0
print_info: causal attn           = 1
print_info: pooling type          = -1
print_info: rope type             = 0
print_info: rope scaling          = linear
print_info: freq_base_train       = 10000.0
print_info: freq_scale_train      = 1
print_info: n_ctx_orig_yarn       = 128
print_info: rope_yarn_log_mul     = 0.0000
print_info: rope_finetuned        = unknown
print_info: model type            = ?B
print_info: model params          = 59.81 K
print_info: general.name          = n/a
print_info: vocab type            = no vocab
print_info: n_vocab               = 32
print_info: n_merges              = 0
print_info: max token length      = 0
load_tensors: loading model tensors, this can take a while... (load_mode = mmap)
load_tensors: layer   0 assigned to device CPU, is_swa = 0
load_tensors: layer   1 assigned to device CPU, is_swa = 0
load_tensors: layer   2 assigned to device CPU, is_swa = 0
create_tensor: loading tensor token_embd.weight
create_tensor: loading tensor output_norm.weight
create_tensor: loading tensor output.weight
create_tensor: loading tensor blk.0.attn_norm.weight
create_tensor: loading tensor blk.0.attn_qkv.weight
create_tensor: loading tensor blk.0.attn_q.weight
create_tensor: loading tensor blk.0.attn_k.weight
create_tensor: loading tensor blk.0.attn_v.weight
create_tensor: loading tensor blk.0.attn_q.bias
create_tensor: loading tensor blk.0.attn_k.bias
create_tensor: loading tensor blk.0.attn_v.bias
create_tensor: loading tensor blk.0.attn_output.weight
create_tensor: loading tensor blk.0.attn_output.bias
create_tensor: loading tensor blk.0.ffn_norm.weight
create_tensor: loading tensor rope_freqs.weight
create_tensor: loading tensor blk.0.ffn_gate_inp.weight
create_tensor: loading tensor blk.0.ffn_gate_exps.weight
create_tensor: loading tensor blk.0.ffn_down_exps.weight
create_tensor: loading tensor blk.0.ffn_up_exps.weight
create_tensor: loading tensor blk.1.attn_norm.weight
create_tensor: loading tensor blk.1.attn_qkv.weight
create_tensor: loading tensor blk.1.attn_q.weight
create_tensor: loading tensor blk.1.attn_k.weight
create_tensor: loading tensor blk.1.attn_v.weight
create_tensor: loading tensor blk.1.attn_q.bias
create_tensor: loading tensor blk.1.attn_k.bias
create_tensor: loading tensor blk.1.attn_v.bias
create_tensor: loading tensor blk.1.attn_output.weight
create_tensor: loading tensor blk.1.attn_output.bias
create_tensor: loading tensor blk.1.ffn_norm.weight
create_tensor: loading tensor rope_freqs.weight
create_tensor: loading tensor blk.1.ffn_gate_inp.weight
create_tensor: loading tensor blk.1.ffn_gate_exps.weight
create_tensor: loading tensor blk.1.ffn_down_exps.weight
create_tensor: loading tensor blk.1.ffn_up_exps.weight
create_tensor: loading tensor blk.0.attn_q.scale
create_tensor: loading tensor blk.0.attn_k.scale
create_tensor: loading tensor blk.0.attn_v.scale
create_tensor: loading tensor blk.0.attn_output.scale
create_tensor: loading tensor blk.0.ffn_gate_exps.scale
create_tensor: loading tensor blk.0.ffn_down_exps.scale
create_tensor: loading tensor blk.0.ffn_up_exps.scale
create_tensor: loading tensor blk.0.attn_q.input_scale
create_tensor: loading tensor blk.0.attn_k.input_scale
create_tensor: loading tensor blk.0.attn_v.input_scale
create_tensor: loading tensor blk.0.attn_output.input_scale
create_tensor: loading tensor blk.0.ffn_gate_exps.input_scale
create_tensor: loading tensor blk.0.ffn_down_exps.input_scale
create_tensor: loading tensor blk.0.ffn_up_exps.input_scale
create_tensor: loading tensor blk.1.attn_q.scale
create_tensor: loading tensor blk.1.attn_k.scale
create_tensor: loading tensor blk.1.attn_v.scale
create_tensor: loading tensor blk.1.attn_output.scale
create_tensor: loading tensor blk.1.ffn_gate_exps.scale
create_tensor: loading tensor blk.1.ffn_down_exps.scale
create_tensor: loading tensor blk.1.ffn_up_exps.scale
create_tensor: loading tensor blk.1.attn_q.input_scale
create_tensor: loading tensor blk.1.attn_k.input_scale
create_tensor: loading tensor blk.1.attn_v.input_scale
create_tensor: loading tensor blk.1.attn_output.input_scale
create_tensor: loading tensor blk.1.ffn_gate_exps.input_scale
create_tensor: loading tensor blk.1.ffn_down_exps.input_scale
create_tensor: loading tensor blk.1.ffn_up_exps.input_scale
load_tensors: offloading 0 repeating layers to GPU
load_tensors: offloaded 0/3 layers to GPU
load_tensors:   CPU_Mapped model buffer size =     0.13 MiB
...................
load_tensors: experimental host-bank MoE enabled, tile weights <= 50176 bytes; this is not a total memory limit
llama_context: constructing llama_context
llama_context: n_seq_max             = 1
llama_context: n_ctx                 = 256
llama_context: n_ctx_seq             = 256
llama_context: n_batch               = 32
llama_context: n_ubatch              = 8
llama_context: causal_attn           = 1
llama_context: flash_attn            = disabled
llama_context: kv_unified            = false
llama_context: freq_base             = 10000.0
llama_context: freq_scale            = 1
llama_context: n_rs_seq              = 0
llama_context: n_outputs_max         = 32
llama_context: n_outputs_max_per_seq = 1
llama_context: n_ctx_seq (256) > n_ctx_train (128) -- possible training context overflow
set_abort_callback: call
llama_context:        CPU  output buffer size =     0.00 MiB
llama_kv_cache: layer   0: dev = CPU
llama_kv_cache: layer   1: dev = CPU
llama_kv_cache:        CPU KV buffer size =     0.06 MiB
llama_kv_cache: size =    0.06 MiB (   256 cells,   2 layers,  1/1 seqs), K (f16):    0.03 MiB, V (f16):    0.03 MiB
llama_kv_cache: attn_rot_k = 0, n_embd_head_k_all = 16
llama_kv_cache: attn_rot_v = 0, n_embd_head_k_all = 16
llama_context: enumerating backends
llama_context: backend_ptrs.size() = 2
sched_reserve: reserving ...
sched_reserve: max_nodes = 1024
sched_reserve: decode graph slots = 4 (n_tokens <= 4)
sched_reserve: reserving full memory module
sched_reserve: worst-case: n_tokens = 8, n_seqs = 1, n_outputs = 1
resolve_fused_ops: resolving fused Gated Delta Net support:
graph_reserve: reserving a graph for ubatch with n_tokens =    1, n_seqs =  1, n_outputs =    1
resolve_fused_ops: fused Gated Delta Net (autoregressive) enabled
graph_reserve: reserving a graph for ubatch with n_tokens =   16, n_seqs =  1, n_outputs =   16
resolve_fused_ops: fused Gated Delta Net (chunked) enabled
resolve_fused_ops: resolving fused Lightning Indexer support:
graph_reserve: reserving a graph for ubatch with n_tokens =    1, n_seqs =  1, n_outputs =    1
resolve_fused_ops: Lightning Indexer enabled
resolve_fused_ops: resolving fused DeepSeek V4 HC support:
graph_reserve: reserving a graph for ubatch with n_tokens =    1, n_seqs =  1, n_outputs =    1
resolve_fused_ops: fused DeepSeek V4 HC pre enabled
graph_reserve: reserving a graph for ubatch with n_tokens =    1, n_seqs =  1, n_outputs =    1
resolve_fused_ops: fused DeepSeek V4 HC comb enabled
graph_reserve: reserving a graph for ubatch with n_tokens =    1, n_seqs =  1, n_outputs =    1
resolve_fused_ops: fused DeepSeek V4 HC post enabled
graph_reserve: reserving a graph for ubatch with n_tokens =    8, n_seqs =  1, n_outputs =    8
graph_reserve: reserving a graph for ubatch with n_tokens =    1, n_seqs =  1, n_outputs =    1
graph_reserve: reserving a graph for ubatch with n_tokens =    8, n_seqs =  1, n_outputs =    8
sched_reserve:  CUDA_Host compute buffer size =     0.03 MiB
sched_reserve: graph nodes  = 110
sched_reserve: graph splits = 1
sched_reserve: reserve took 3.20 ms, sched copies = 1
llama_context: constructing llama_context
llama_context: n_seq_max             = 1
llama_context: n_ctx                 = 256
llama_context: n_ctx_seq             = 256
llama_context: n_batch               = 32
llama_context: n_ubatch              = 8
llama_context: causal_attn           = 1
llama_context: flash_attn            = disabled
llama_context: kv_unified            = false
llama_context: freq_base             = 10000.0
llama_context: freq_scale            = 1
llama_context: n_rs_seq              = 0
llama_context: n_outputs_max         = 32
llama_context: n_outputs_max_per_seq = 1
llama_context: n_ctx_seq (256) > n_ctx_train (128) -- possible training context overflow
set_abort_callback: call
llama_context:        CPU  output buffer size =     0.00 MiB
llama_kv_cache: layer   0: dev = CPU
llama_kv_cache: layer   1: dev = CPU
llama_kv_cache:        CPU KV buffer size =     0.06 MiB
llama_kv_cache: size =    0.06 MiB (   256 cells,   2 layers,  1/1 seqs), K (f16):    0.03 MiB, V (f16):    0.03 MiB
llama_kv_cache: attn_rot_k = 0, n_embd_head_k_all = 16
llama_kv_cache: attn_rot_v = 0, n_embd_head_k_all = 16
llama_context: enumerating backends
llama_context: backend_ptrs.size() = 2
sched_reserve: reserving ...
sched_reserve: max_nodes = 1024
sched_reserve: decode graph slots = 4 (n_tokens <= 4)
sched_reserve: reserving full memory module
sched_reserve: worst-case: n_tokens = 8, n_seqs = 1, n_outputs = 1
resolve_fused_ops: resolving fused Gated Delta Net support:
graph_reserve: reserving a graph for ubatch with n_tokens =    1, n_seqs =  1, n_outputs =    1
resolve_fused_ops: fused Gated Delta Net (autoregressive) enabled
graph_reserve: reserving a graph for ubatch with n_tokens =   16, n_seqs =  1, n_outputs =   16
resolve_fused_ops: fused Gated Delta Net (chunked) enabled
resolve_fused_ops: resolving fused Lightning Indexer support:
graph_reserve: reserving a graph for ubatch with n_tokens =    1, n_seqs =  1, n_outputs =    1
resolve_fused_ops: Lightning Indexer enabled
resolve_fused_ops: resolving fused DeepSeek V4 HC support:
graph_reserve: reserving a graph for ubatch with n_tokens =    1, n_seqs =  1, n_outputs =    1
resolve_fused_ops: fused DeepSeek V4 HC pre enabled
graph_reserve: reserving a graph for ubatch with n_tokens =    1, n_seqs =  1, n_outputs =    1
resolve_fused_ops: fused DeepSeek V4 HC comb enabled
graph_reserve: reserving a graph for ubatch with n_tokens =    1, n_seqs =  1, n_outputs =    1
resolve_fused_ops: fused DeepSeek V4 HC post enabled
graph_reserve: reserving a graph for ubatch with n_tokens =    8, n_seqs =  1, n_outputs =    8
graph_reserve: reserving a graph for ubatch with n_tokens =    1, n_seqs =  1, n_outputs =    1
graph_reserve: reserving a graph for ubatch with n_tokens =    8, n_seqs =  1, n_outputs =    8
sched_reserve:  CUDA_Host compute buffer size =     0.03 MiB
sched_reserve: graph nodes  = 100
sched_reserve: graph splits = 1
sched_reserve: reserve took 2.40 ms, sched copies = 1
graph_reserve: reserving a graph for ubatch with n_tokens =    4, n_seqs =  1, n_outputs =    4
set_abort_callback: call
graph_compute: ggml_backend_sched_graph_compute_async failed with error 1
process_ubatch: failed to compute graph, compute status: 1
decode: removing memory module entries for seq_id = 0, pos = [59, +inf)
llama_decode: failed to decode, ret = 2
set_abort_callback: call
host-bank MoE execution failed: MoE routing weight must be finite
host-bank MoE execution failed: MoE routing weight must be finite
process_ubatch: failed to compute graph, compute status: -1
decode: removing memory module entries for seq_id = 0, pos = [59, +inf)
llama_decode: failed to decode, ret = -3
llama_context: constructing llama_context
llama_init_from_model: failed to initialize the context: host-bank MoE requires one sequence, op_offload=false and offload_kqv=false
llama_context: constructing llama_context
llama_init_from_model: failed to initialize the context: host-bank MoE requires one sequence, op_offload=false and offload_kqv=false
llama_context: constructing llama_context
llama_init_from_model: failed to initialize the context: host-bank MoE requires one sequence, op_offload=false and offload_kqv=false
llama_context: constructing llama_context
llama_init_from_model: failed to initialize the context: moe cache: invalid uniform arena geometry
llama_context: constructing llama_context
llama_init_from_model: failed to initialize the context: host-bank MoE cache requires model.moe_cpu_tile_bytes host-bank setup
~llama_context:      CUDA0 compute buffer size is   0.0000 MiB, matches expectation of   0.0000 MiB
~llama_context:  CUDA_Host compute buffer size is   0.0304 MiB, matches expectation of   0.0304 MiB
~llama_context:      CUDA0 compute buffer size is   0.0000 MiB, matches expectation of   0.0000 MiB
~llama_context:  CUDA_Host compute buffer size is   0.0304 MiB, matches expectation of   0.0304 MiB
llama_context: constructing llama_context
llama_context: n_seq_max             = 1
llama_context: n_ctx                 = 256
llama_context: n_ctx_seq             = 256
llama_context: n_batch               = 32
llama_context: n_ubatch              = 8
llama_context: causal_attn           = 1
llama_context: flash_attn            = disabled
llama_context: kv_unified            = false
llama_context: freq_base             = 10000.0
llama_context: freq_scale            = 1
llama_context: n_rs_seq              = 0
llama_context: n_outputs_max         = 32
llama_context: n_outputs_max_per_seq = 1
llama_context: n_ctx_seq (256) > n_ctx_train (128) -- possible training context overflow
set_abort_callback: call
llama_context:        CPU  output buffer size =     0.00 MiB
llama_kv_cache: layer   0: dev = CPU
llama_kv_cache: layer   1: dev = CPU
llama_kv_cache:        CPU KV buffer size =     0.06 MiB
llama_kv_cache: size =    0.06 MiB (   256 cells,   2 layers,  1/1 seqs), K (f16):    0.03 MiB, V (f16):    0.03 MiB
llama_kv_cache: attn_rot_k = 0, n_embd_head_k_all = 16
llama_kv_cache: attn_rot_v = 0, n_embd_head_k_all = 16
llama_context: enumerating backends
llama_context: backend_ptrs.size() = 2
sched_reserve: reserving ...
sched_reserve: max_nodes = 1024
sched_reserve: decode graph slots = 4 (n_tokens <= 4)
sched_reserve: reserving full memory module
sched_reserve: worst-case: n_tokens = 8, n_seqs = 1, n_outputs = 1
resolve_fused_ops: resolving fused Gated Delta Net support:
graph_reserve: reserving a graph for ubatch with n_tokens =    1, n_seqs =  1, n_outputs =    1
resolve_fused_ops: fused Gated Delta Net (autoregressive) enabled
graph_reserve: reserving a graph for ubatch with n_tokens =   16, n_seqs =  1, n_outputs =   16
resolve_fused_ops: fused Gated Delta Net (chunked) enabled
resolve_fused_ops: resolving fused Lightning Indexer support:
graph_reserve: reserving a graph for ubatch with n_tokens =    1, n_seqs =  1, n_outputs =    1
resolve_fused_ops: Lightning Indexer enabled
resolve_fused_ops: resolving fused DeepSeek V4 HC support:
graph_reserve: reserving a graph for ubatch with n_tokens =    1, n_seqs =  1, n_outputs =    1
resolve_fused_ops: fused DeepSeek V4 HC pre enabled
graph_reserve: reserving a graph for ubatch with n_tokens =    1, n_seqs =  1, n_outputs =    1
resolve_fused_ops: fused DeepSeek V4 HC comb enabled
graph_reserve: reserving a graph for ubatch with n_tokens =    1, n_seqs =  1, n_outputs =    1
resolve_fused_ops: fused DeepSeek V4 HC post enabled
graph_reserve: reserving a graph for ubatch with n_tokens =    8, n_seqs =  1, n_outputs =    8
graph_reserve: reserving a graph for ubatch with n_tokens =    1, n_seqs =  1, n_outputs =    1
graph_reserve: reserving a graph for ubatch with n_tokens =    8, n_seqs =  1, n_outputs =    8
sched_reserve:  CUDA_Host compute buffer size =     0.03 MiB
sched_reserve: graph nodes  = 100
sched_reserve: graph splits = 1
sched_reserve: reserve took 2.71 ms, sched copies = 1
llama_context: constructing llama_context
llama_context: n_seq_max             = 1
llama_context: n_ctx                 = 256
llama_context: n_ctx_seq             = 256
llama_context: n_batch               = 32
llama_context: n_ubatch              = 8
llama_context: causal_attn           = 1
llama_context: flash_attn            = disabled
llama_context: kv_unified            = false
llama_context: freq_base             = 10000.0
llama_context: freq_scale            = 1
llama_context: n_rs_seq              = 0
llama_context: n_outputs_max         = 32
llama_context: n_outputs_max_per_seq = 1
llama_context: n_ctx_seq (256) > n_ctx_train (128) -- possible training context overflow
set_abort_callback: call
llama_context:        CPU  output buffer size =     0.00 MiB
llama_kv_cache: layer   0: dev = CPU
llama_kv_cache: layer   1: dev = CPU
llama_kv_cache:        CPU KV buffer size =     0.06 MiB
llama_kv_cache: size =    0.06 MiB (   256 cells,   2 layers,  1/1 seqs), K (f16):    0.03 MiB, V (f16):    0.03 MiB
llama_kv_cache: attn_rot_k = 0, n_embd_head_k_all = 16
llama_kv_cache: attn_rot_v = 0, n_embd_head_k_all = 16
llama_context: enumerating backends
llama_context: backend_ptrs.size() = 2
sched_reserve: reserving ...
sched_reserve: max_nodes = 1024
sched_reserve: decode graph slots = 4 (n_tokens <= 4)
sched_reserve: reserving full memory module
sched_reserve: worst-case: n_tokens = 8, n_seqs = 1, n_outputs = 1
resolve_fused_ops: resolving fused Gated Delta Net support:
graph_reserve: reserving a graph for ubatch with n_tokens =    1, n_seqs =  1, n_outputs =    1
resolve_fused_ops: fused Gated Delta Net (autoregressive) enabled
graph_reserve: reserving a graph for ubatch with n_tokens =   16, n_seqs =  1, n_outputs =   16
resolve_fused_ops: fused Gated Delta Net (chunked) enabled
resolve_fused_ops: resolving fused Lightning Indexer support:
graph_reserve: reserving a graph for ubatch with n_tokens =    1, n_seqs =  1, n_outputs =    1
resolve_fused_ops: Lightning Indexer enabled
resolve_fused_ops: resolving fused DeepSeek V4 HC support:
graph_reserve: reserving a graph for ubatch with n_tokens =    1, n_seqs =  1, n_outputs =    1
resolve_fused_ops: fused DeepSeek V4 HC pre enabled
graph_reserve: reserving a graph for ubatch with n_tokens =    1, n_seqs =  1, n_outputs =    1
resolve_fused_ops: fused DeepSeek V4 HC comb enabled
graph_reserve: reserving a graph for ubatch with n_tokens =    1, n_seqs =  1, n_outputs =    1
resolve_fused_ops: fused DeepSeek V4 HC post enabled
graph_reserve: reserving a graph for ubatch with n_tokens =    8, n_seqs =  1, n_outputs =    8
graph_reserve: reserving a graph for ubatch with n_tokens =    1, n_seqs =  1, n_outputs =    1
graph_reserve: reserving a graph for ubatch with n_tokens =    8, n_seqs =  1, n_outputs =    8
sched_reserve:  CUDA_Host compute buffer size =     0.03 MiB
sched_reserve: graph nodes  = 110
sched_reserve: graph splits = 1
sched_reserve: reserve took 3.08 ms, sched copies = 1
~llama_context:      CUDA0 compute buffer size is   0.0000 MiB, matches expectation of   0.0000 MiB
~llama_context:  CUDA_Host compute buffer size is   0.0304 MiB, matches expectation of   0.0304 MiB
~llama_context:      CUDA0 compute buffer size is   0.0000 MiB, matches expectation of   0.0000 MiB
~llama_context:  CUDA_Host compute buffer size is   0.0304 MiB, matches expectation of   0.0304 MiB
llama_model_loader: loaded meta data with 13 key-value pairs and 23 tensors from C:\Users\cadel\AppData\Local\Temp\moe-integration-24246.gguf (version GGUF V3 (latest))
llama_model_loader: Dumping metadata keys/values. Note: KV overrides do not apply in this output.
llama_model_loader: - kv   0:                       general.architecture str              = llama
llama_model_loader: - kv   1:                       tokenizer.ggml.model str              = no_vocab
llama_model_loader: - kv   2:                           llama.vocab_size u32              = 32
llama_model_loader: - kv   3:                       llama.context_length u32              = 128
llama_model_loader: - kv   4:                     llama.embedding_length u32              = 32
llama_model_loader: - kv   5:                          llama.block_count u32              = 2
llama_model_loader: - kv   6:                  llama.feed_forward_length u32              = 64
llama_model_loader: - kv   7:                 llama.attention.head_count u32              = 2
llama_model_loader: - kv   8:              llama.attention.head_count_kv u32              = 2
llama_model_loader: - kv   9:                 llama.rope.dimension_count u32              = 16
llama_model_loader: - kv  10:                         llama.expert_count u32              = 4
llama_model_loader: - kv  11:                    llama.expert_used_count u32              = 2
llama_model_loader: - kv  12:     llama.attention.layer_norm_rms_epsilon f32              = 0.000010
llama_model_loader: - type  f32:   17 tensors
llama_model_loader: - type  f16:    6 tensors
print_info: file format = GGUF V3 (latest)
print_info: file type   = (guessed) all F32
print_info: file size   = 0.13 MiB (18.85 BPW) 
llama_prepare_model_devices: using device CUDA0 (NVIDIA GeForce RTX 4060 Laptop GPU) (0000:01:00.0) - 7094 MiB free
load: adding 32 dummy tokens
print_info: arch                  = llama
print_info: vocab_only            = 0
print_info: no_alloc              = 0
print_info: n_ctx_train           = 128
print_info: n_embd_inp            = 32
print_info: n_embd                = 32
print_info: n_embd_out            = 32
print_info: n_layer               = 2
print_info: n_layer_all           = 2
print_info: n_head                = 2
print_info: n_head_kv             = 2
print_info: n_rot                 = 16
print_info: n_swa                 = 0
print_info: is_swa_any            = 0
print_info: n_embd_head_k         = 16
print_info: n_embd_head_v         = 16
print_info: n_gqa                 = 1
print_info: n_embd_k_gqa          = 32
print_info: n_embd_v_gqa          = 32
print_info: f_norm_eps            = 0.0e+00
print_info: f_norm_rms_eps        = 1.0e-05
print_info: f_clamp_kqv           = 0.0e+00
print_info: f_max_alibi_bias      = 0.0e+00
print_info: f_logit_scale         = 0.0e+00
print_info: f_attn_scale          = 0.0e+00
print_info: f_attn_value_scale    = 0.0000
print_info: n_ff                  = 64
print_info: n_expert              = 4
print_info: n_expert_used         = 2
print_info: n_expert_groups       = 0
print_info: n_group_used          = 0
print_info: causal attn           = 1
print_info: pooling type          = -1
print_info: rope type             = 0
print_info: rope scaling          = linear
print_info: freq_base_train       = 10000.0
print_info: freq_scale_train      = 1
print_info: n_ctx_orig_yarn       = 128
print_info: rope_yarn_log_mul     = 0.0000
print_info: rope_finetuned        = unknown
print_info: model type            = ?B
print_info: model params          = 59.81 K
print_info: general.name          = n/a
print_info: vocab type            = no vocab
print_info: n_vocab               = 32
print_info: n_merges              = 0
print_info: max token length      = 0
load_tensors: loading model tensors, this can take a while... (load_mode = mmap)
load_tensors: layer   0 assigned to device CPU, is_swa = 0
load_tensors: layer   1 assigned to device CPU, is_swa = 0
load_tensors: layer   2 assigned to device CPU, is_swa = 0
create_tensor: loading tensor token_embd.weight
create_tensor: loading tensor output_norm.weight
create_tensor: loading tensor output.weight
create_tensor: loading tensor blk.0.attn_norm.weight
create_tensor: loading tensor blk.0.attn_qkv.weight
create_tensor: loading tensor blk.0.attn_q.weight
create_tensor: loading tensor blk.0.attn_k.weight
create_tensor: loading tensor blk.0.attn_v.weight
create_tensor: loading tensor blk.0.attn_q.bias
create_tensor: loading tensor blk.0.attn_k.bias
create_tensor: loading tensor blk.0.attn_v.bias
create_tensor: loading tensor blk.0.attn_output.weight
create_tensor: loading tensor blk.0.attn_output.bias
create_tensor: loading tensor blk.0.ffn_norm.weight
create_tensor: loading tensor rope_freqs.weight
create_tensor: loading tensor blk.0.ffn_gate_inp.weight
create_tensor: loading tensor blk.0.ffn_gate_exps.weight
create_tensor: loading tensor blk.0.ffn_down_exps.weight
create_tensor: loading tensor blk.0.ffn_up_exps.weight
create_tensor: loading tensor blk.1.attn_norm.weight
create_tensor: loading tensor blk.1.attn_qkv.weight
create_tensor: loading tensor blk.1.attn_q.weight
create_tensor: loading tensor blk.1.attn_k.weight
create_tensor: loading tensor blk.1.attn_v.weight
create_tensor: loading tensor blk.1.attn_q.bias
create_tensor: loading tensor blk.1.attn_k.bias
create_tensor: loading tensor blk.1.attn_v.bias
create_tensor: loading tensor blk.1.attn_output.weight
create_tensor: loading tensor blk.1.attn_output.bias
create_tensor: loading tensor blk.1.ffn_norm.weight
create_tensor: loading tensor rope_freqs.weight
create_tensor: loading tensor blk.1.ffn_gate_inp.weight
create_tensor: loading tensor blk.1.ffn_gate_exps.weight
create_tensor: loading tensor blk.1.ffn_down_exps.weight
create_tensor: loading tensor blk.1.ffn_up_exps.weight
create_tensor: loading tensor blk.0.attn_q.scale
create_tensor: loading tensor blk.0.attn_k.scale
create_tensor: loading tensor blk.0.attn_v.scale
create_tensor: loading tensor blk.0.attn_output.scale
create_tensor: loading tensor blk.0.ffn_gate_exps.scale
create_tensor: loading tensor blk.0.ffn_down_exps.scale
create_tensor: loading tensor blk.0.ffn_up_exps.scale
create_tensor: loading tensor blk.0.attn_q.input_scale
create_tensor: loading tensor blk.0.attn_k.input_scale
create_tensor: loading tensor blk.0.attn_v.input_scale
create_tensor: loading tensor blk.0.attn_output.input_scale
create_tensor: loading tensor blk.0.ffn_gate_exps.input_scale
create_tensor: loading tensor blk.0.ffn_down_exps.input_scale
create_tensor: loading tensor blk.0.ffn_up_exps.input_scale
create_tensor: loading tensor blk.1.attn_q.scale
create_tensor: loading tensor blk.1.attn_k.scale
create_tensor: loading tensor blk.1.attn_v.scale
create_tensor: loading tensor blk.1.attn_output.scale
create_tensor: loading tensor blk.1.ffn_gate_exps.scale
create_tensor: loading tensor blk.1.ffn_down_exps.scale
create_tensor: loading tensor blk.1.ffn_up_exps.scale
create_tensor: loading tensor blk.1.attn_q.input_scale
create_tensor: loading tensor blk.1.attn_k.input_scale
create_tensor: loading tensor blk.1.attn_v.input_scale
create_tensor: loading tensor blk.1.attn_output.input_scale
create_tensor: loading tensor blk.1.ffn_gate_exps.input_scale
create_tensor: loading tensor blk.1.ffn_down_exps.input_scale
create_tensor: loading tensor blk.1.ffn_up_exps.input_scale
done_getting_tensors: tensor 'token_embd.weight' (f32) (and 22 others) cannot be used with preferred buffer type CUDA_Host, using CPU instead
load_tensors: offloading 0 repeating layers to GPU
load_tensors: offloaded 0/3 layers to GPU
load_tensors:   CPU_Mapped model buffer size =     0.13 MiB
...................
llama_model_loader: loaded meta data with 13 key-value pairs and 23 tensors from C:\Users\cadel\AppData\Local\Temp\moe-integration-24246.gguf (version GGUF V3 (latest))
llama_model_loader: Dumping metadata keys/values. Note: KV overrides do not apply in this output.
llama_model_loader: - kv   0:                       general.architecture str              = llama
llama_model_loader: - kv   1:                       tokenizer.ggml.model str              = no_vocab
llama_model_loader: - kv   2:                           llama.vocab_size u32              = 32
llama_model_loader: - kv   3:                       llama.context_length u32              = 128
llama_model_loader: - kv   4:                     llama.embedding_length u32              = 32
llama_model_loader: - kv   5:                          llama.block_count u32              = 2
llama_model_loader: - kv   6:                  llama.feed_forward_length u32              = 64
llama_model_loader: - kv   7:                 llama.attention.head_count u32              = 2
llama_model_loader: - kv   8:              llama.attention.head_count_kv u32              = 2
llama_model_loader: - kv   9:                 llama.rope.dimension_count u32              = 16
llama_model_loader: - kv  10:                         llama.expert_count u32              = 4
llama_model_loader: - kv  11:                    llama.expert_used_count u32              = 2
llama_model_loader: - kv  12:     llama.attention.layer_norm_rms_epsilon f32              = 0.000010
llama_model_loader: - type  f32:   17 tensors
llama_model_loader: - type  f16:    6 tensors
print_info: file format = GGUF V3 (latest)
print_info: file type   = (guessed) all F32
print_info: file size   = 0.13 MiB (18.85 BPW) 
llama_prepare_model_devices: using device CUDA0 (NVIDIA GeForce RTX 4060 Laptop GPU) (0000:01:00.0) - 7094 MiB free
load: adding 32 dummy tokens
print_info: arch                  = llama
print_info: vocab_only            = 0
print_info: no_alloc              = 0
print_info: n_ctx_train           = 128
print_info: n_embd_inp            = 32
print_info: n_embd                = 32
print_info: n_embd_out            = 32
print_info: n_layer               = 2
print_info: n_layer_all           = 2
print_info: n_head                = 2
print_info: n_head_kv             = 2
print_info: n_rot                 = 16
print_info: n_swa                 = 0
print_info: is_swa_any            = 0
print_info: n_embd_head_k         = 16
print_info: n_embd_head_v         = 16
print_info: n_gqa                 = 1
print_info: n_embd_k_gqa          = 32
print_info: n_embd_v_gqa          = 32
print_info: f_norm_eps            = 0.0e+00
print_info: f_norm_rms_eps        = 1.0e-05
print_info: f_clamp_kqv           = 0.0e+00
print_info: f_max_alibi_bias      = 0.0e+00
print_info: f_logit_scale         = 0.0e+00
print_info: f_attn_scale          = 0.0e+00
print_info: f_attn_value_scale    = 0.0000
print_info: n_ff                  = 64
print_info: n_expert              = 4
print_info: n_expert_used         = 2
print_info: n_expert_groups       = 0
print_info: n_group_used          = 0
print_info: causal attn           = 1
print_info: pooling type          = -1
print_info: rope type             = 0
print_info: rope scaling          = linear
print_info: freq_base_train       = 10000.0
print_info: freq_scale_train      = 1
print_info: n_ctx_orig_yarn       = 128
print_info: rope_yarn_log_mul     = 0.0000
print_info: rope_finetuned        = unknown
print_info: model type            = ?B
print_info: model params          = 59.81 K
print_info: general.name          = n/a
print_info: vocab type            = no vocab
print_info: n_vocab               = 32
print_info: n_merges              = 0
print_info: max token length      = 0
load_tensors: loading model tensors, this can take a while... (load_mode = mmap)
load_tensors: layer   0 assigned to device CPU, is_swa = 0
load_tensors: layer   1 assigned to device CPU, is_swa = 0
load_tensors: layer   2 assigned to device CPU, is_swa = 0
create_tensor: loading tensor token_embd.weight
create_tensor: loading tensor output_norm.weight
create_tensor: loading tensor output.weight
create_tensor: loading tensor blk.0.attn_norm.weight
create_tensor: loading tensor blk.0.attn_qkv.weight
create_tensor: loading tensor blk.0.attn_q.weight
create_tensor: loading tensor blk.0.attn_k.weight
create_tensor: loading tensor blk.0.attn_v.weight
create_tensor: loading tensor blk.0.attn_q.bias
create_tensor: loading tensor blk.0.attn_k.bias
create_tensor: loading tensor blk.0.attn_v.bias
create_tensor: loading tensor blk.0.attn_output.weight
create_tensor: loading tensor blk.0.attn_output.bias
create_tensor: loading tensor blk.0.ffn_norm.weight
create_tensor: loading tensor rope_freqs.weight
create_tensor: loading tensor blk.0.ffn_gate_inp.weight
create_tensor: loading tensor blk.0.ffn_gate_exps.weight
create_tensor: loading tensor blk.0.ffn_down_exps.weight
create_tensor: loading tensor blk.0.ffn_up_exps.weight
create_tensor: loading tensor blk.1.attn_norm.weight
create_tensor: loading tensor blk.1.attn_qkv.weight
create_tensor: loading tensor blk.1.attn_q.weight
create_tensor: loading tensor blk.1.attn_k.weight
create_tensor: loading tensor blk.1.attn_v.weight
create_tensor: loading tensor blk.1.attn_q.bias
create_tensor: loading tensor blk.1.attn_k.bias
create_tensor: loading tensor blk.1.attn_v.bias
create_tensor: loading tensor blk.1.attn_output.weight
create_tensor: loading tensor blk.1.attn_output.bias
create_tensor: loading tensor blk.1.ffn_norm.weight
create_tensor: loading tensor rope_freqs.weight
create_tensor: loading tensor blk.1.ffn_gate_inp.weight
create_tensor: loading tensor blk.1.ffn_gate_exps.weight
create_tensor: loading tensor blk.1.ffn_down_exps.weight
create_tensor: loading tensor blk.1.ffn_up_exps.weight
create_tensor: loading tensor blk.0.attn_q.scale
create_tensor: loading tensor blk.0.attn_k.scale
create_tensor: loading tensor blk.0.attn_v.scale
create_tensor: loading tensor blk.0.attn_output.scale
create_tensor: loading tensor blk.0.ffn_gate_exps.scale
create_tensor: loading tensor blk.0.ffn_down_exps.scale
create_tensor: loading tensor blk.0.ffn_up_exps.scale
create_tensor: loading tensor blk.0.attn_q.input_scale
create_tensor: loading tensor blk.0.attn_k.input_scale
create_tensor: loading tensor blk.0.attn_v.input_scale
create_tensor: loading tensor blk.0.attn_output.input_scale
create_tensor: loading tensor blk.0.ffn_gate_exps.input_scale
create_tensor: loading tensor blk.0.ffn_down_exps.input_scale
create_tensor: loading tensor blk.0.ffn_up_exps.input_scale
create_tensor: loading tensor blk.1.attn_q.scale
create_tensor: loading tensor blk.1.attn_k.scale
create_tensor: loading tensor blk.1.attn_v.scale
create_tensor: loading tensor blk.1.attn_output.scale
create_tensor: loading tensor blk.1.ffn_gate_exps.scale
create_tensor: loading tensor blk.1.ffn_down_exps.scale
create_tensor: loading tensor blk.1.ffn_up_exps.scale
create_tensor: loading tensor blk.1.attn_q.input_scale
create_tensor: loading tensor blk.1.attn_k.input_scale
create_tensor: loading tensor blk.1.attn_v.input_scale
create_tensor: loading tensor blk.1.attn_output.input_scale
create_tensor: loading tensor blk.1.ffn_gate_exps.input_scale
create_tensor: loading tensor blk.1.ffn_down_exps.input_scale
create_tensor: loading tensor blk.1.ffn_up_exps.input_scale
load_tensors: offloading 0 repeating layers to GPU
load_tensors: offloaded 0/3 layers to GPU
load_tensors:   CPU_Mapped model buffer size =     0.13 MiB
...................
load_tensors: experimental host-bank MoE enabled, tile weights <= 12544 bytes; this is not a total memory limit
llama_context: constructing llama_context
llama_context: n_seq_max             = 1
llama_context: n_ctx                 = 256
llama_context: n_ctx_seq             = 256
llama_context: n_batch               = 32
llama_context: n_ubatch              = 8
llama_context: causal_attn           = 1
llama_context: flash_attn            = disabled
llama_context: kv_unified            = false
llama_context: freq_base             = 10000.0
llama_context: freq_scale            = 1
llama_context: n_rs_seq              = 0
llama_context: n_outputs_max         = 32
llama_context: n_outputs_max_per_seq = 1
llama_context: n_ctx_seq (256) > n_ctx_train (128) -- possible training context overflow
set_abort_callback: call
llama_context:        CPU  output buffer size =     0.00 MiB
llama_kv_cache: layer   0: dev = CPU
llama_kv_cache: layer   1: dev = CPU
llama_kv_cache:        CPU KV buffer size =     0.06 MiB
llama_kv_cache: size =    0.06 MiB (   256 cells,   2 layers,  1/1 seqs), K (f16):    0.03 MiB, V (f16):    0.03 MiB
llama_kv_cache: attn_rot_k = 0, n_embd_head_k_all = 16
llama_kv_cache: attn_rot_v = 0, n_embd_head_k_all = 16
llama_context: enumerating backends
llama_context: backend_ptrs.size() = 2
sched_reserve: reserving ...
sched_reserve: max_nodes = 1024
sched_reserve: decode graph slots = 4 (n_tokens <= 4)
sched_reserve: reserving full memory module
sched_reserve: worst-case: n_tokens = 8, n_seqs = 1, n_outputs = 1
resolve_fused_ops: resolving fused Gated Delta Net support:
graph_reserve: reserving a graph for ubatch with n_tokens =    1, n_seqs =  1, n_outputs =    1
resolve_fused_ops: fused Gated Delta Net (autoregressive) enabled
graph_reserve: reserving a graph for ubatch with n_tokens =   16, n_seqs =  1, n_outputs =   16
resolve_fused_ops: fused Gated Delta Net (chunked) enabled
resolve_fused_ops: resolving fused Lightning Indexer support:
graph_reserve: reserving a graph for ubatch with n_tokens =    1, n_seqs =  1, n_outputs =    1
resolve_fused_ops: Lightning Indexer enabled
resolve_fused_ops: resolving fused DeepSeek V4 HC support:
graph_reserve: reserving a graph for ubatch with n_tokens =    1, n_seqs =  1, n_outputs =    1
resolve_fused_ops: fused DeepSeek V4 HC pre enabled
graph_reserve: reserving a graph for ubatch with n_tokens =    1, n_seqs =  1, n_outputs =    1
resolve_fused_ops: fused DeepSeek V4 HC comb enabled
graph_reserve: reserving a graph for ubatch with n_tokens =    1, n_seqs =  1, n_outputs =    1
resolve_fused_ops: fused DeepSeek V4 HC post enabled
graph_reserve: reserving a graph for ubatch with n_tokens =    8, n_seqs =  1, n_outputs =    8
graph_reserve: reserving a graph for ubatch with n_tokens =    1, n_seqs =  1, n_outputs =    1
graph_reserve: reserving a graph for ubatch with n_tokens =    8, n_seqs =  1, n_outputs =    8
sched_reserve:  CUDA_Host compute buffer size =     0.03 MiB
sched_reserve: graph nodes  = 110
sched_reserve: graph splits = 1
sched_reserve: reserve took 3.73 ms, sched copies = 1
llama_context: constructing llama_context
llama_context: MoE device=CUDA0 cache=98304 staging=1048576 compute-limit=67108864 bytes
llama_context: n_seq_max             = 1
llama_context: n_ctx                 = 256
llama_context: n_ctx_seq             = 256
llama_context: n_batch               = 32
llama_context: n_ubatch              = 8
llama_context: causal_attn           = 1
llama_context: flash_attn            = disabled
llama_context: kv_unified            = false
llama_context: freq_base             = 10000.0
llama_context: freq_scale            = 1
llama_context: n_rs_seq              = 0
llama_context: n_outputs_max         = 32
llama_context: n_outputs_max_per_seq = 1
llama_context: n_ctx_seq (256) > n_ctx_train (128) -- possible training context overflow
set_abort_callback: call
llama_context:        CPU  output buffer size =     0.00 MiB
llama_kv_cache: layer   0: dev = CPU
llama_kv_cache: layer   1: dev = CPU
llama_kv_cache:        CPU KV buffer size =     0.06 MiB
llama_kv_cache: size =    0.06 MiB (   256 cells,   2 layers,  1/1 seqs), K (f16):    0.03 MiB, V (f16):    0.03 MiB
llama_kv_cache: attn_rot_k = 0, n_embd_head_k_all = 16
llama_kv_cache: attn_rot_v = 0, n_embd_head_k_all = 16
llama_context: enumerating backends
llama_context: backend_ptrs.size() = 2
sched_reserve: reserving ...
sched_reserve: max_nodes = 1024
sched_reserve: decode graph slots = 4 (n_tokens <= 4)
sched_reserve: reserving full memory module
sched_reserve: worst-case: n_tokens = 8, n_seqs = 1, n_outputs = 1
resolve_fused_ops: resolving fused Gated Delta Net support:
graph_reserve: reserving a graph for ubatch with n_tokens =    1, n_seqs =  1, n_outputs =    1
resolve_fused_ops: fused Gated Delta Net (autoregressive) enabled
graph_reserve: reserving a graph for ubatch with n_tokens =   16, n_seqs =  1, n_outputs =   16
resolve_fused_ops: fused Gated Delta Net (chunked) enabled
resolve_fused_ops: resolving fused Lightning Indexer support:
graph_reserve: reserving a graph for ubatch with n_tokens =    1, n_seqs =  1, n_outputs =    1
resolve_fused_ops: Lightning Indexer enabled
resolve_fused_ops: resolving fused DeepSeek V4 HC support:
graph_reserve: reserving a graph for ubatch with n_tokens =    1, n_seqs =  1, n_outputs =    1
resolve_fused_ops: fused DeepSeek V4 HC pre enabled
graph_reserve: reserving a graph for ubatch with n_tokens =    1, n_seqs =  1, n_outputs =    1
resolve_fused_ops: fused DeepSeek V4 HC comb enabled
graph_reserve: reserving a graph for ubatch with n_tokens =    1, n_seqs =  1, n_outputs =    1
resolve_fused_ops: fused DeepSeek V4 HC post enabled
graph_reserve: reserving a graph for ubatch with n_tokens =    8, n_seqs =  1, n_outputs =    8
graph_reserve: reserving a graph for ubatch with n_tokens =    1, n_seqs =  1, n_outputs =    1
graph_reserve: reserving a graph for ubatch with n_tokens =    8, n_seqs =  1, n_outputs =    8
sched_reserve:  CUDA_Host compute buffer size =     0.03 MiB
sched_reserve: graph nodes  = 100
sched_reserve: graph splits = 1
sched_reserve: reserve took 3.04 ms, sched copies = 1
graph_reserve: reserving a graph for ubatch with n_tokens =    4, n_seqs =  1, n_outputs =    4
set_abort_callback: call
graph_compute: ggml_backend_sched_graph_compute_async failed with error 1
process_ubatch: failed to compute graph, compute status: 1
decode: removing memory module entries for seq_id = 0, pos = [59, +inf)
llama_decode: failed to decode, ret = 2
set_abort_callback: call
graph_compute: ggml_backend_sched_graph_compute_async failed with error -1
host-bank MoE execution failed: MoE routing weight must be finite
process_ubatch: failed to compute graph, compute status: -1
decode: removing memory module entries for seq_id = 0, pos = [59, +inf)
llama_decode: failed to decode, ret = -3
llama_context: constructing llama_context
llama_init_from_model: failed to initialize the context: host-bank MoE requires one sequence, op_offload=false and offload_kqv=false
llama_context: constructing llama_context
llama_init_from_model: failed to initialize the context: host-bank MoE requires one sequence, op_offload=false and offload_kqv=false
llama_context: constructing llama_context
llama_init_from_model: failed to initialize the context: host-bank MoE requires one sequence, op_offload=false and offload_kqv=false
llama_context: constructing llama_context
llama_init_from_model: failed to initialize the context: moe cache: invalid uniform arena geometry
llama_context: constructing llama_context
llama_init_from_model: failed to initialize the context: host-bank MoE cache requires model.moe_cpu_tile_bytes host-bank setup
~llama_context:      CUDA0 compute buffer size is   0.0000 MiB, matches expectation of   0.0000 MiB
~llama_context:  CUDA_Host compute buffer size is   0.0304 MiB, matches expectation of   0.0304 MiB
~llama_context:      CUDA0 compute buffer size is   0.0000 MiB, matches expectation of   0.0000 MiB
~llama_context:  CUDA_Host compute buffer size is   0.0304 MiB, matches expectation of   0.0304 MiB
llama_context: constructing llama_context
llama_context: MoE device=CUDA0 cache=98304 staging=1048576 compute-limit=67108864 bytes
llama_context: n_seq_max             = 1
llama_context: n_ctx                 = 256
llama_context: n_ctx_seq             = 256
llama_context: n_batch               = 32
llama_context: n_ubatch              = 8
llama_context: causal_attn           = 1
llama_context: flash_attn            = disabled
llama_context: kv_unified            = false
llama_context: freq_base             = 10000.0
llama_context: freq_scale            = 1
llama_context: n_rs_seq              = 0
llama_context: n_outputs_max         = 32
llama_context: n_outputs_max_per_seq = 1
llama_context: n_ctx_seq (256) > n_ctx_train (128) -- possible training context overflow
set_abort_callback: call
llama_context:        CPU  output buffer size =     0.00 MiB
llama_kv_cache: layer   0: dev = CPU
llama_kv_cache: layer   1: dev = CPU
llama_kv_cache:        CPU KV buffer size =     0.06 MiB
llama_kv_cache: size =    0.06 MiB (   256 cells,   2 layers,  1/1 seqs), K (f16):    0.03 MiB, V (f16):    0.03 MiB
llama_kv_cache: attn_rot_k = 0, n_embd_head_k_all = 16
llama_kv_cache: attn_rot_v = 0, n_embd_head_k_all = 16
llama_context: enumerating backends
llama_context: backend_ptrs.size() = 2
sched_reserve: reserving ...
sched_reserve: max_nodes = 1024
sched_reserve: decode graph slots = 4 (n_tokens <= 4)
sched_reserve: reserving full memory module
sched_reserve: worst-case: n_tokens = 8, n_seqs = 1, n_outputs = 1
resolve_fused_ops: resolving fused Gated Delta Net support:
graph_reserve: reserving a graph for ubatch with n_tokens =    1, n_seqs =  1, n_outputs =    1
resolve_fused_ops: fused Gated Delta Net (autoregressive) enabled
graph_reserve: reserving a graph for ubatch with n_tokens =   16, n_seqs =  1, n_outputs =   16
resolve_fused_ops: fused Gated Delta Net (chunked) enabled
resolve_fused_ops: resolving fused Lightning Indexer support:
graph_reserve: reserving a graph for ubatch with n_tokens =    1, n_seqs =  1, n_outputs =    1
resolve_fused_ops: Lightning Indexer enabled
resolve_fused_ops: resolving fused DeepSeek V4 HC support:
graph_reserve: reserving a graph for ubatch with n_tokens =    1, n_seqs =  1, n_outputs =    1
resolve_fused_ops: fused DeepSeek V4 HC pre enabled
graph_reserve: reserving a graph for ubatch with n_tokens =    1, n_seqs =  1, n_outputs =    1
resolve_fused_ops: fused DeepSeek V4 HC comb enabled
graph_reserve: reserving a graph for ubatch with n_tokens =    1, n_seqs =  1, n_outputs =    1
resolve_fused_ops: fused DeepSeek V4 HC post enabled
graph_reserve: reserving a graph for ubatch with n_tokens =    8, n_seqs =  1, n_outputs =    8
graph_reserve: reserving a graph for ubatch with n_tokens =    1, n_seqs =  1, n_outputs =    1
graph_reserve: reserving a graph for ubatch with n_tokens =    8, n_seqs =  1, n_outputs =    8
sched_reserve:  CUDA_Host compute buffer size =     0.03 MiB
sched_reserve: graph nodes  = 100
sched_reserve: graph splits = 1
sched_reserve: reserve took 2.58 ms, sched copies = 1
llama_context: constructing llama_context
llama_context: n_seq_max             = 1
llama_context: n_ctx                 = 256
llama_context: n_ctx_seq             = 256
llama_context: n_batch               = 32
llama_context: n_ubatch              = 8
llama_context: causal_attn           = 1
llama_context: flash_attn            = disabled
llama_context: kv_unified            = false
llama_context: freq_base             = 10000.0
llama_context: freq_scale            = 1
llama_context: n_rs_seq              = 0
llama_context: n_outputs_max         = 32
llama_context: n_outputs_max_per_seq = 1
llama_context: n_ctx_seq (256) > n_ctx_train (128) -- possible training context overflow
set_abort_callback: call
llama_context:        CPU  output buffer size =     0.00 MiB
llama_kv_cache: layer   0: dev = CPU
llama_kv_cache: layer   1: dev = CPU
llama_kv_cache:        CPU KV buffer size =     0.06 MiB
llama_kv_cache: size =    0.06 MiB (   256 cells,   2 layers,  1/1 seqs), K (f16):    0.03 MiB, V (f16):    0.03 MiB
llama_kv_cache: attn_rot_k = 0, n_embd_head_k_all = 16
llama_kv_cache: attn_rot_v = 0, n_embd_head_k_all = 16
llama_context: enumerating backends
llama_context: backend_ptrs.size() = 2
sched_reserve: reserving ...
sched_reserve: max_nodes = 1024
sched_reserve: decode graph slots = 4 (n_tokens <= 4)
sched_reserve: reserving full memory module
sched_reserve: worst-case: n_tokens = 8, n_seqs = 1, n_outputs = 1
resolve_fused_ops: resolving fused Gated Delta Net support:
graph_reserve: reserving a graph for ubatch with n_tokens =    1, n_seqs =  1, n_outputs =    1
resolve_fused_ops: fused Gated Delta Net (autoregressive) enabled
graph_reserve: reserving a graph for ubatch with n_tokens =   16, n_seqs =  1, n_outputs =   16
resolve_fused_ops: fused Gated Delta Net (chunked) enabled
resolve_fused_ops: resolving fused Lightning Indexer support:
graph_reserve: reserving a graph for ubatch with n_tokens =    1, n_seqs =  1, n_outputs =    1
resolve_fused_ops: Lightning Indexer enabled
resolve_fused_ops: resolving fused DeepSeek V4 HC support:
graph_reserve: reserving a graph for ubatch with n_tokens =    1, n_seqs =  1, n_outputs =    1
resolve_fused_ops: fused DeepSeek V4 HC pre enabled
graph_reserve: reserving a graph for ubatch with n_tokens =    1, n_seqs =  1, n_outputs =    1
resolve_fused_ops: fused DeepSeek V4 HC comb enabled
graph_reserve: reserving a graph for ubatch with n_tokens =    1, n_seqs =  1, n_outputs =    1
resolve_fused_ops: fused DeepSeek V4 HC post enabled
graph_reserve: reserving a graph for ubatch with n_tokens =    8, n_seqs =  1, n_outputs =    8
graph_reserve: reserving a graph for ubatch with n_tokens =    1, n_seqs =  1, n_outputs =    1
graph_reserve: reserving a graph for ubatch with n_tokens =    8, n_seqs =  1, n_outputs =    8
sched_reserve:  CUDA_Host compute buffer size =     0.03 MiB
sched_reserve: graph nodes  = 110
sched_reserve: graph splits = 1
sched_reserve: reserve took 2.69 ms, sched copies = 1
~llama_context:      CUDA0 compute buffer size is   0.0000 MiB, matches expectation of   0.0000 MiB
~llama_context:  CUDA_Host compute buffer size is   0.0304 MiB, matches expectation of   0.0304 MiB
~llama_context:      CUDA0 compute buffer size is   0.0000 MiB, matches expectation of   0.0000 MiB
~llama_context:  CUDA_Host compute buffer size is   0.0304 MiB, matches expectation of   0.0304 MiB
llama_model_loader: loaded meta data with 13 key-value pairs and 23 tensors from C:\Users\cadel\AppData\Local\Temp\moe-integration-24246.gguf (version GGUF V3 (latest))
llama_model_loader: Dumping metadata keys/values. Note: KV overrides do not apply in this output.
llama_model_loader: - kv   0:                       general.architecture str              = llama
llama_model_loader: - kv   1:                       tokenizer.ggml.model str              = no_vocab
llama_model_loader: - kv   2:                           llama.vocab_size u32              = 32
llama_model_loader: - kv   3:                       llama.context_length u32              = 128
llama_model_loader: - kv   4:                     llama.embedding_length u32              = 32
llama_model_loader: - kv   5:                          llama.block_count u32              = 2
llama_model_loader: - kv   6:                  llama.feed_forward_length u32              = 64
llama_model_loader: - kv   7:                 llama.attention.head_count u32              = 2
llama_model_loader: - kv   8:              llama.attention.head_count_kv u32              = 2
llama_model_loader: - kv   9:                 llama.rope.dimension_count u32              = 16
llama_model_loader: - kv  10:                         llama.expert_count u32              = 4
llama_model_loader: - kv  11:                    llama.expert_used_count u32              = 2
llama_model_loader: - kv  12:     llama.attention.layer_norm_rms_epsilon f32              = 0.000010
llama_model_loader: - type  f32:   17 tensors
llama_model_loader: - type q4_0:    6 tensors
print_info: file format = GGUF V3 (latest)
print_info: file type   = (guessed) all F32
print_info: file size   = 0.07 MiB (9.40 BPW) 
llama_prepare_model_devices: using device CUDA0 (NVIDIA GeForce RTX 4060 Laptop GPU) (0000:01:00.0) - 7094 MiB free
load: adding 32 dummy tokens
print_info: arch                  = llama
print_info: vocab_only            = 0
print_info: no_alloc              = 0
print_info: n_ctx_train           = 128
print_info: n_embd_inp            = 32
print_info: n_embd                = 32
print_info: n_embd_out            = 32
print_info: n_layer               = 2
print_info: n_layer_all           = 2
print_info: n_head                = 2
print_info: n_head_kv             = 2
print_info: n_rot                 = 16
print_info: n_swa                 = 0
print_info: is_swa_any            = 0
print_info: n_embd_head_k         = 16
print_info: n_embd_head_v         = 16
print_info: n_gqa                 = 1
print_info: n_embd_k_gqa          = 32
print_info: n_embd_v_gqa          = 32
print_info: f_norm_eps            = 0.0e+00
print_info: f_norm_rms_eps        = 1.0e-05
print_info: f_clamp_kqv           = 0.0e+00
print_info: f_max_alibi_bias      = 0.0e+00
print_info: f_logit_scale         = 0.0e+00
print_info: f_attn_scale          = 0.0e+00
print_info: f_attn_value_scale    = 0.0000
print_info: n_ff                  = 64
print_info: n_expert              = 4
print_info: n_expert_used         = 2
print_info: n_expert_groups       = 0
print_info: n_group_used          = 0
print_info: causal attn           = 1
print_info: pooling type          = -1
print_info: rope type             = 0
print_info: rope scaling          = linear
print_info: freq_base_train       = 10000.0
print_info: freq_scale_train      = 1
print_info: n_ctx_orig_yarn       = 128
print_info: rope_yarn_log_mul     = 0.0000
print_info: rope_finetuned        = unknown
print_info: model type            = ?B
print_info: model params          = 59.81 K
print_info: general.name          = n/a
print_info: vocab type            = no vocab
print_info: n_vocab               = 32
print_info: n_merges              = 0
print_info: max token length      = 0
load_tensors: loading model tensors, this can take a while... (load_mode = none)
load_tensors: layer   0 assigned to device CPU, is_swa = 0
load_tensors: layer   1 assigned to device CPU, is_swa = 0
load_tensors: layer   2 assigned to device CPU, is_swa = 0
create_tensor: loading tensor token_embd.weight
create_tensor: loading tensor output_norm.weight
create_tensor: loading tensor output.weight
create_tensor: loading tensor blk.0.attn_norm.weight
create_tensor: loading tensor blk.0.attn_qkv.weight
create_tensor: loading tensor blk.0.attn_q.weight
create_tensor: loading tensor blk.0.attn_k.weight
create_tensor: loading tensor blk.0.attn_v.weight
create_tensor: loading tensor blk.0.attn_q.bias
create_tensor: loading tensor blk.0.attn_k.bias
create_tensor: loading tensor blk.0.attn_v.bias
create_tensor: loading tensor blk.0.attn_output.weight
create_tensor: loading tensor blk.0.attn_output.bias
create_tensor: loading tensor blk.0.ffn_norm.weight
create_tensor: loading tensor rope_freqs.weight
create_tensor: loading tensor blk.0.ffn_gate_inp.weight
create_tensor: loading tensor blk.0.ffn_gate_exps.weight
create_tensor: loading tensor blk.0.ffn_down_exps.weight
create_tensor: loading tensor blk.0.ffn_up_exps.weight
create_tensor: loading tensor blk.1.attn_norm.weight
create_tensor: loading tensor blk.1.attn_qkv.weight
create_tensor: loading tensor blk.1.attn_q.weight
create_tensor: loading tensor blk.1.attn_k.weight
create_tensor: loading tensor blk.1.attn_v.weight
create_tensor: loading tensor blk.1.attn_q.bias
create_tensor: loading tensor blk.1.attn_k.bias
create_tensor: loading tensor blk.1.attn_v.bias
create_tensor: loading tensor blk.1.attn_output.weight
create_tensor: loading tensor blk.1.attn_output.bias
create_tensor: loading tensor blk.1.ffn_norm.weight
create_tensor: loading tensor rope_freqs.weight
create_tensor: loading tensor blk.1.ffn_gate_inp.weight
create_tensor: loading tensor blk.1.ffn_gate_exps.weight
create_tensor: loading tensor blk.1.ffn_down_exps.weight
create_tensor: loading tensor blk.1.ffn_up_exps.weight
create_tensor: loading tensor blk.0.attn_q.scale
create_tensor: loading tensor blk.0.attn_k.scale
create_tensor: loading tensor blk.0.attn_v.scale
create_tensor: loading tensor blk.0.attn_output.scale
create_tensor: loading tensor blk.0.ffn_gate_exps.scale
create_tensor: loading tensor blk.0.ffn_down_exps.scale
create_tensor: loading tensor blk.0.ffn_up_exps.scale
create_tensor: loading tensor blk.0.attn_q.input_scale
create_tensor: loading tensor blk.0.attn_k.input_scale
create_tensor: loading tensor blk.0.attn_v.input_scale
create_tensor: loading tensor blk.0.attn_output.input_scale
create_tensor: loading tensor blk.0.ffn_gate_exps.input_scale
create_tensor: loading tensor blk.0.ffn_down_exps.input_scale
create_tensor: loading tensor blk.0.ffn_up_exps.input_scale
create_tensor: loading tensor blk.1.attn_q.scale
create_tensor: loading tensor blk.1.attn_k.scale
create_tensor: loading tensor blk.1.attn_v.scale
create_tensor: loading tensor blk.1.attn_output.scale
create_tensor: loading tensor blk.1.ffn_gate_exps.scale
create_tensor: loading tensor blk.1.ffn_down_exps.scale
create_tensor: loading tensor blk.1.ffn_up_exps.scale
create_tensor: loading tensor blk.1.attn_q.input_scale
create_tensor: loading tensor blk.1.attn_k.input_scale
create_tensor: loading tensor blk.1.attn_v.input_scale
create_tensor: loading tensor blk.1.attn_output.input_scale
create_tensor: loading tensor blk.1.ffn_gate_exps.input_scale
create_tensor: loading tensor blk.1.ffn_down_exps.input_scale
create_tensor: loading tensor blk.1.ffn_up_exps.input_scale
load_tensors: offloading 0 repeating layers to GPU
load_tensors: offloaded 0/3 layers to GPU
load_tensors:    CUDA_Host model buffer size =     0.07 MiB
load_all_data: buffer type CUDA_Host is not the default buffer type for device CUDA0 for async uploads
.....................
llama_model_loader: loaded meta data with 13 key-value pairs and 23 tensors from C:\Users\cadel\AppData\Local\Temp\moe-integration-24246.gguf (version GGUF V3 (latest))
llama_model_loader: Dumping metadata keys/values. Note: KV overrides do not apply in this output.
llama_model_loader: - kv   0:                       general.architecture str              = llama
llama_model_loader: - kv   1:                       tokenizer.ggml.model str              = no_vocab
llama_model_loader: - kv   2:                           llama.vocab_size u32              = 32
llama_model_loader: - kv   3:                       llama.context_length u32              = 128
llama_model_loader: - kv   4:                     llama.embedding_length u32              = 32
llama_model_loader: - kv   5:                          llama.block_count u32              = 2
llama_model_loader: - kv   6:                  llama.feed_forward_length u32              = 64
llama_model_loader: - kv   7:                 llama.attention.head_count u32              = 2
llama_model_loader: - kv   8:              llama.attention.head_count_kv u32              = 2
llama_model_loader: - kv   9:                 llama.rope.dimension_count u32              = 16
llama_model_loader: - kv  10:                         llama.expert_count u32              = 4
llama_model_loader: - kv  11:                    llama.expert_used_count u32              = 2
llama_model_loader: - kv  12:     llama.attention.layer_norm_rms_epsilon f32              = 0.000010
llama_model_loader: - type  f32:   17 tensors
llama_model_loader: - type q4_0:    6 tensors
print_info: file format = GGUF V3 (latest)
print_info: file type   = (guessed) all F32
print_info: file size   = 0.07 MiB (9.40 BPW) 
llama_prepare_model_devices: using device CUDA0 (NVIDIA GeForce RTX 4060 Laptop GPU) (0000:01:00.0) - 7094 MiB free
load: adding 32 dummy tokens
print_info: arch                  = llama
print_info: vocab_only            = 0
print_info: no_alloc              = 0
print_info: n_ctx_train           = 128
print_info: n_embd_inp            = 32
print_info: n_embd                = 32
print_info: n_embd_out            = 32
print_info: n_layer               = 2
print_info: n_layer_all           = 2
print_info: n_head                = 2
print_info: n_head_kv             = 2
print_info: n_rot                 = 16
print_info: n_swa                 = 0
print_info: is_swa_any            = 0
print_info: n_embd_head_k         = 16
print_info: n_embd_head_v         = 16
print_info: n_gqa                 = 1
print_info: n_embd_k_gqa          = 32
print_info: n_embd_v_gqa          = 32
print_info: f_norm_eps            = 0.0e+00
print_info: f_norm_rms_eps        = 1.0e-05
print_info: f_clamp_kqv           = 0.0e+00
print_info: f_max_alibi_bias      = 0.0e+00
print_info: f_logit_scale         = 0.0e+00
print_info: f_attn_scale          = 0.0e+00
print_info: f_attn_value_scale    = 0.0000
print_info: n_ff                  = 64
print_info: n_expert              = 4
print_info: n_expert_used         = 2
print_info: n_expert_groups       = 0
print_info: n_group_used          = 0
print_info: causal attn           = 1
print_info: pooling type          = -1
print_info: rope type             = 0
print_info: rope scaling          = linear
print_info: freq_base_train       = 10000.0
print_info: freq_scale_train      = 1
print_info: n_ctx_orig_yarn       = 128
print_info: rope_yarn_log_mul     = 0.0000
print_info: rope_finetuned        = unknown
print_info: model type            = ?B
print_info: model params          = 59.81 K
print_info: general.name          = n/a
print_info: vocab type            = no vocab
print_info: n_vocab               = 32
print_info: n_merges              = 0
print_info: max token length      = 0
load_tensors: loading model tensors, this can take a while... (load_mode = none)
load_tensors: layer   0 assigned to device CPU, is_swa = 0
load_tensors: layer   1 assigned to device CPU, is_swa = 0
load_tensors: layer   2 assigned to device CPU, is_swa = 0
create_tensor: loading tensor token_embd.weight
create_tensor: loading tensor output_norm.weight
create_tensor: loading tensor output.weight
create_tensor: loading tensor blk.0.attn_norm.weight
create_tensor: loading tensor blk.0.attn_qkv.weight
create_tensor: loading tensor blk.0.attn_q.weight
create_tensor: loading tensor blk.0.attn_k.weight
create_tensor: loading tensor blk.0.attn_v.weight
create_tensor: loading tensor blk.0.attn_q.bias
create_tensor: loading tensor blk.0.attn_k.bias
create_tensor: loading tensor blk.0.attn_v.bias
create_tensor: loading tensor blk.0.attn_output.weight
create_tensor: loading tensor blk.0.attn_output.bias
create_tensor: loading tensor blk.0.ffn_norm.weight
create_tensor: loading tensor rope_freqs.weight
create_tensor: loading tensor blk.0.ffn_gate_inp.weight
create_tensor: loading tensor blk.0.ffn_gate_exps.weight
create_tensor: loading tensor blk.0.ffn_down_exps.weight
create_tensor: loading tensor blk.0.ffn_up_exps.weight
create_tensor: loading tensor blk.1.attn_norm.weight
create_tensor: loading tensor blk.1.attn_qkv.weight
create_tensor: loading tensor blk.1.attn_q.weight
create_tensor: loading tensor blk.1.attn_k.weight
create_tensor: loading tensor blk.1.attn_v.weight
create_tensor: loading tensor blk.1.attn_q.bias
create_tensor: loading tensor blk.1.attn_k.bias
create_tensor: loading tensor blk.1.attn_v.bias
create_tensor: loading tensor blk.1.attn_output.weight
create_tensor: loading tensor blk.1.attn_output.bias
create_tensor: loading tensor blk.1.ffn_norm.weight
create_tensor: loading tensor rope_freqs.weight
create_tensor: loading tensor blk.1.ffn_gate_inp.weight
create_tensor: loading tensor blk.1.ffn_gate_exps.weight
create_tensor: loading tensor blk.1.ffn_down_exps.weight
create_tensor: loading tensor blk.1.ffn_up_exps.weight
create_tensor: loading tensor blk.0.attn_q.scale
create_tensor: loading tensor blk.0.attn_k.scale
create_tensor: loading tensor blk.0.attn_v.scale
create_tensor: loading tensor blk.0.attn_output.scale
create_tensor: loading tensor blk.0.ffn_gate_exps.scale
create_tensor: loading tensor blk.0.ffn_down_exps.scale
create_tensor: loading tensor blk.0.ffn_up_exps.scale
create_tensor: loading tensor blk.0.attn_q.input_scale
create_tensor: loading tensor blk.0.attn_k.input_scale
create_tensor: loading tensor blk.0.attn_v.input_scale
create_tensor: loading tensor blk.0.attn_output.input_scale
create_tensor: loading tensor blk.0.ffn_gate_exps.input_scale
create_tensor: loading tensor blk.0.ffn_down_exps.input_scale
create_tensor: loading tensor blk.0.ffn_up_exps.input_scale
create_tensor: loading tensor blk.1.attn_q.scale
create_tensor: loading tensor blk.1.attn_k.scale
create_tensor: loading tensor blk.1.attn_v.scale
create_tensor: loading tensor blk.1.attn_output.scale
create_tensor: loading tensor blk.1.ffn_gate_exps.scale
create_tensor: loading tensor blk.1.ffn_down_exps.scale
create_tensor: loading tensor blk.1.ffn_up_exps.scale
create_tensor: loading tensor blk.1.attn_q.input_scale
create_tensor: loading tensor blk.1.attn_k.input_scale
create_tensor: loading tensor blk.1.attn_v.input_scale
create_tensor: loading tensor blk.1.attn_output.input_scale
create_tensor: loading tensor blk.1.ffn_gate_exps.input_scale
create_tensor: loading tensor blk.1.ffn_down_exps.input_scale
create_tensor: loading tensor blk.1.ffn_up_exps.input_scale
load_tensors: offloading 0 repeating layers to GPU
load_tensors: offloaded 0/3 layers to GPU
load_tensors:          CPU model buffer size =     0.07 MiB
load_all_data: no device found for buffer type CPU for async uploads
.....................
load_tensors: experimental host-bank MoE enabled, tile weights <= 3712 bytes; this is not a total memory limit
llama_context: constructing llama_context
llama_context: n_seq_max             = 1
llama_context: n_ctx                 = 256
llama_context: n_ctx_seq             = 256
llama_context: n_batch               = 32
llama_context: n_ubatch              = 8
llama_context: causal_attn           = 1
llama_context: flash_attn            = disabled
llama_context: kv_unified            = false
llama_context: freq_base             = 10000.0
llama_context: freq_scale            = 1
llama_context: n_rs_seq              = 0
llama_context: n_outputs_max         = 32
llama_context: n_outputs_max_per_seq = 1
llama_context: n_ctx_seq (256) > n_ctx_train (128) -- possible training context overflow
set_abort_callback: call
llama_context:        CPU  output buffer size =     0.00 MiB
llama_kv_cache: layer   0: dev = CPU
llama_kv_cache: layer   1: dev = CPU
llama_kv_cache:        CPU KV buffer size =     0.06 MiB
llama_kv_cache: size =    0.06 MiB (   256 cells,   2 layers,  1/1 seqs), K (f16):    0.03 MiB, V (f16):    0.03 MiB
llama_kv_cache: attn_rot_k = 0, n_embd_head_k_all = 16
llama_kv_cache: attn_rot_v = 0, n_embd_head_k_all = 16
llama_context: enumerating backends
llama_context: backend_ptrs.size() = 2
sched_reserve: reserving ...
sched_reserve: max_nodes = 1024
sched_reserve: decode graph slots = 4 (n_tokens <= 4)
sched_reserve: reserving full memory module
sched_reserve: worst-case: n_tokens = 8, n_seqs = 1, n_outputs = 1
resolve_fused_ops: resolving fused Gated Delta Net support:
graph_reserve: reserving a graph for ubatch with n_tokens =    1, n_seqs =  1, n_outputs =    1
resolve_fused_ops: fused Gated Delta Net (autoregressive) enabled
graph_reserve: reserving a graph for ubatch with n_tokens =   16, n_seqs =  1, n_outputs =   16
resolve_fused_ops: fused Gated Delta Net (chunked) enabled
resolve_fused_ops: resolving fused Lightning Indexer support:
graph_reserve: reserving a graph for ubatch with n_tokens =    1, n_seqs =  1, n_outputs =    1
resolve_fused_ops: Lightning Indexer enabled
resolve_fused_ops: resolving fused DeepSeek V4 HC support:
graph_reserve: reserving a graph for ubatch with n_tokens =    1, n_seqs =  1, n_outputs =    1
resolve_fused_ops: fused DeepSeek V4 HC pre enabled
graph_reserve: reserving a graph for ubatch with n_tokens =    1, n_seqs =  1, n_outputs =    1
resolve_fused_ops: fused DeepSeek V4 HC comb enabled
graph_reserve: reserving a graph for ubatch with n_tokens =    1, n_seqs =  1, n_outputs =    1
resolve_fused_ops: fused DeepSeek V4 HC post enabled
graph_reserve: reserving a graph for ubatch with n_tokens =    8, n_seqs =  1, n_outputs =    8
graph_reserve: reserving a graph for ubatch with n_tokens =    1, n_seqs =  1, n_outputs =    1
graph_reserve: reserving a graph for ubatch with n_tokens =    8, n_seqs =  1, n_outputs =    8
sched_reserve:  CUDA_Host compute buffer size =     0.03 MiB
sched_reserve: graph nodes  = 110
sched_reserve: graph splits = 1
sched_reserve: reserve took 2.68 ms, sched copies = 1
llama_context: constructing llama_context
llama_context: n_seq_max             = 1
llama_context: n_ctx                 = 256
llama_context: n_ctx_seq             = 256
llama_context: n_batch               = 32
llama_context: n_ubatch              = 8
llama_context: causal_attn           = 1
llama_context: flash_attn            = disabled
llama_context: kv_unified            = false
llama_context: freq_base             = 10000.0
llama_context: freq_scale            = 1
llama_context: n_rs_seq              = 0
llama_context: n_outputs_max         = 32
llama_context: n_outputs_max_per_seq = 1
llama_context: n_ctx_seq (256) > n_ctx_train (128) -- possible training context overflow
set_abort_callback: call
llama_context:        CPU  output buffer size =     0.00 MiB
llama_kv_cache: layer   0: dev = CPU
llama_kv_cache: layer   1: dev = CPU
llama_kv_cache:        CPU KV buffer size =     0.06 MiB
llama_kv_cache: size =    0.06 MiB (   256 cells,   2 layers,  1/1 seqs), K (f16):    0.03 MiB, V (f16):    0.03 MiB
llama_kv_cache: attn_rot_k = 0, n_embd_head_k_all = 16
llama_kv_cache: attn_rot_v = 0, n_embd_head_k_all = 16
llama_context: enumerating backends
llama_context: backend_ptrs.size() = 2
sched_reserve: reserving ...
sched_reserve: max_nodes = 1024
sched_reserve: decode graph slots = 4 (n_tokens <= 4)
sched_reserve: reserving full memory module
sched_reserve: worst-case: n_tokens = 8, n_seqs = 1, n_outputs = 1
resolve_fused_ops: resolving fused Gated Delta Net support:
graph_reserve: reserving a graph for ubatch with n_tokens =    1, n_seqs =  1, n_outputs =    1
resolve_fused_ops: fused Gated Delta Net (autoregressive) enabled
graph_reserve: reserving a graph for ubatch with n_tokens =   16, n_seqs =  1, n_outputs =   16
resolve_fused_ops: fused Gated Delta Net (chunked) enabled
resolve_fused_ops: resolving fused Lightning Indexer support:
graph_reserve: reserving a graph for ubatch with n_tokens =    1, n_seqs =  1, n_outputs =    1
resolve_fused_ops: Lightning Indexer enabled
resolve_fused_ops: resolving fused DeepSeek V4 HC support:
graph_reserve: reserving a graph for ubatch with n_tokens =    1, n_seqs =  1, n_outputs =    1
resolve_fused_ops: fused DeepSeek V4 HC pre enabled
graph_reserve: reserving a graph for ubatch with n_tokens =    1, n_seqs =  1, n_outputs =    1
resolve_fused_ops: fused DeepSeek V4 HC comb enabled
graph_reserve: reserving a graph for ubatch with n_tokens =    1, n_seqs =  1, n_outputs =    1
resolve_fused_ops: fused DeepSeek V4 HC post enabled
graph_reserve: reserving a graph for ubatch with n_tokens =    8, n_seqs =  1, n_outputs =    8
graph_reserve: reserving a graph for ubatch with n_tokens =    1, n_seqs =  1, n_outputs =    1
graph_reserve: reserving a graph for ubatch with n_tokens =    8, n_seqs =  1, n_outputs =    8
sched_reserve:  CUDA_Host compute buffer size =     0.03 MiB
sched_reserve: graph nodes  = 100
sched_reserve: graph splits = 1
sched_reserve: reserve took 2.77 ms, sched copies = 1
graph_reserve: reserving a graph for ubatch with n_tokens =    4, n_seqs =  1, n_outputs =    4
set_abort_callback: call
graph_compute: ggml_backend_sched_graph_compute_async failed with error 1
process_ubatch: failed to compute graph, compute status: 1
decode: removing memory module entries for seq_id = 0, pos = [59, +inf)
llama_decode: failed to decode, ret = 2
set_abort_callback: call
host-bank MoE execution failed: MoE routing weight must be finite
host-bank MoE execution failed: MoE routing weight must be finite
process_ubatch: failed to compute graph, compute status: -1
decode: removing memory module entries for seq_id = 0, pos = [59, +inf)
llama_decode: failed to decode, ret = -3
llama_context: constructing llama_context
llama_init_from_model: failed to initialize the context: host-bank MoE requires one sequence, op_offload=false and offload_kqv=false
llama_context: constructing llama_context
llama_init_from_model: failed to initialize the context: host-bank MoE requires one sequence, op_offload=false and offload_kqv=false
llama_context: constructing llama_context
llama_init_from_model: failed to initialize the context: host-bank MoE requires one sequence, op_offload=false and offload_kqv=false
llama_context: constructing llama_context
llama_init_from_model: failed to initialize the context: moe cache: invalid uniform arena geometry
llama_context: constructing llama_context
llama_init_from_model: failed to initialize the context: host-bank MoE cache requires model.moe_cpu_tile_bytes host-bank setup
~llama_context:      CUDA0 compute buffer size is   0.0000 MiB, matches expectation of   0.0000 MiB
~llama_context:  CUDA_Host compute buffer size is   0.0304 MiB, matches expectation of   0.0304 MiB
~llama_context:      CUDA0 compute buffer size is   0.0000 MiB, matches expectation of   0.0000 MiB
~llama_context:  CUDA_Host compute buffer size is   0.0304 MiB, matches expectation of   0.0304 MiB
llama_context: constructing llama_context
llama_context: n_seq_max             = 1
llama_context: n_ctx                 = 256
llama_context: n_ctx_seq             = 256
llama_context: n_batch               = 32
llama_context: n_ubatch              = 8
llama_context: causal_attn           = 1
llama_context: flash_attn            = disabled
llama_context: kv_unified            = false
llama_context: freq_base             = 10000.0
llama_context: freq_scale            = 1
llama_context: n_rs_seq              = 0
llama_context: n_outputs_max         = 32
llama_context: n_outputs_max_per_seq = 1
llama_context: n_ctx_seq (256) > n_ctx_train (128) -- possible training context overflow
set_abort_callback: call
llama_context:        CPU  output buffer size =     0.00 MiB
llama_kv_cache: layer   0: dev = CPU
llama_kv_cache: layer   1: dev = CPU
llama_kv_cache:        CPU KV buffer size =     0.06 MiB
llama_kv_cache: size =    0.06 MiB (   256 cells,   2 layers,  1/1 seqs), K (f16):    0.03 MiB, V (f16):    0.03 MiB
llama_kv_cache: attn_rot_k = 0, n_embd_head_k_all = 16
llama_kv_cache: attn_rot_v = 0, n_embd_head_k_all = 16
llama_context: enumerating backends
llama_context: backend_ptrs.size() = 2
sched_reserve: reserving ...
sched_reserve: max_nodes = 1024
sched_reserve: decode graph slots = 4 (n_tokens <= 4)
sched_reserve: reserving full memory module
sched_reserve: worst-case: n_tokens = 8, n_seqs = 1, n_outputs = 1
resolve_fused_ops: resolving fused Gated Delta Net support:
graph_reserve: reserving a graph for ubatch with n_tokens =    1, n_seqs =  1, n_outputs =    1
resolve_fused_ops: fused Gated Delta Net (autoregressive) enabled
graph_reserve: reserving a graph for ubatch with n_tokens =   16, n_seqs =  1, n_outputs =   16
resolve_fused_ops: fused Gated Delta Net (chunked) enabled
resolve_fused_ops: resolving fused Lightning Indexer support:
graph_reserve: reserving a graph for ubatch with n_tokens =    1, n_seqs =  1, n_outputs =    1
resolve_fused_ops: Lightning Indexer enabled
resolve_fused_ops: resolving fused DeepSeek V4 HC support:
graph_reserve: reserving a graph for ubatch with n_tokens =    1, n_seqs =  1, n_outputs =    1
resolve_fused_ops: fused DeepSeek V4 HC pre enabled
graph_reserve: reserving a graph for ubatch with n_tokens =    1, n_seqs =  1, n_outputs =    1
resolve_fused_ops: fused DeepSeek V4 HC comb enabled
graph_reserve: reserving a graph for ubatch with n_tokens =    1, n_seqs =  1, n_outputs =    1
resolve_fused_ops: fused DeepSeek V4 HC post enabled
graph_reserve: reserving a graph for ubatch with n_tokens =    8, n_seqs =  1, n_outputs =    8
graph_reserve: reserving a graph for ubatch with n_tokens =    1, n_seqs =  1, n_outputs =    1
graph_reserve: reserving a graph for ubatch with n_tokens =    8, n_seqs =  1, n_outputs =    8
sched_reserve:  CUDA_Host compute buffer size =     0.03 MiB
sched_reserve: graph nodes  = 100
sched_reserve: graph splits = 1
sched_reserve: reserve took 2.39 ms, sched copies = 1
llama_context: constructing llama_context
llama_context: n_seq_max             = 1
llama_context: n_ctx                 = 256
llama_context: n_ctx_seq             = 256
llama_context: n_batch               = 32
llama_context: n_ubatch              = 8
llama_context: causal_attn           = 1
llama_context: flash_attn            = disabled
llama_context: kv_unified            = false
llama_context: freq_base             = 10000.0
llama_context: freq_scale            = 1
llama_context: n_rs_seq              = 0
llama_context: n_outputs_max         = 32
llama_context: n_outputs_max_per_seq = 1
llama_context: n_ctx_seq (256) > n_ctx_train (128) -- possible training context overflow
set_abort_callback: call
llama_context:        CPU  output buffer size =     0.00 MiB
llama_kv_cache: layer   0: dev = CPU
llama_kv_cache: layer   1: dev = CPU
llama_kv_cache:        CPU KV buffer size =     0.06 MiB
llama_kv_cache: size =    0.06 MiB (   256 cells,   2 layers,  1/1 seqs), K (f16):    0.03 MiB, V (f16):    0.03 MiB
llama_kv_cache: attn_rot_k = 0, n_embd_head_k_all = 16
llama_kv_cache: attn_rot_v = 0, n_embd_head_k_all = 16
llama_context: enumerating backends
llama_context: backend_ptrs.size() = 2
sched_reserve: reserving ...
sched_reserve: max_nodes = 1024
sched_reserve: decode graph slots = 4 (n_tokens <= 4)
sched_reserve: reserving full memory module
sched_reserve: worst-case: n_tokens = 8, n_seqs = 1, n_outputs = 1
resolve_fused_ops: resolving fused Gated Delta Net support:
graph_reserve: reserving a graph for ubatch with n_tokens =    1, n_seqs =  1, n_outputs =    1
resolve_fused_ops: fused Gated Delta Net (autoregressive) enabled
graph_reserve: reserving a graph for ubatch with n_tokens =   16, n_seqs =  1, n_outputs =   16
resolve_fused_ops: fused Gated Delta Net (chunked) enabled
resolve_fused_ops: resolving fused Lightning Indexer support:
graph_reserve: reserving a graph for ubatch with n_tokens =    1, n_seqs =  1, n_outputs =    1
resolve_fused_ops: Lightning Indexer enabled
resolve_fused_ops: resolving fused DeepSeek V4 HC support:
graph_reserve: reserving a graph for ubatch with n_tokens =    1, n_seqs =  1, n_outputs =    1
resolve_fused_ops: fused DeepSeek V4 HC pre enabled
graph_reserve: reserving a graph for ubatch with n_tokens =    1, n_seqs =  1, n_outputs =    1
resolve_fused_ops: fused DeepSeek V4 HC comb enabled
graph_reserve: reserving a graph for ubatch with n_tokens =    1, n_seqs =  1, n_outputs =    1
resolve_fused_ops: fused DeepSeek V4 HC post enabled
graph_reserve: reserving a graph for ubatch with n_tokens =    8, n_seqs =  1, n_outputs =    8
graph_reserve: reserving a graph for ubatch with n_tokens =    1, n_seqs =  1, n_outputs =    1
graph_reserve: reserving a graph for ubatch with n_tokens =    8, n_seqs =  1, n_outputs =    8
sched_reserve:  CUDA_Host compute buffer size =     0.03 MiB
sched_reserve: graph nodes  = 110
sched_reserve: graph splits = 1
sched_reserve: reserve took 2.79 ms, sched copies = 1
~llama_context:      CUDA0 compute buffer size is   0.0000 MiB, matches expectation of   0.0000 MiB
~llama_context:  CUDA_Host compute buffer size is   0.0304 MiB, matches expectation of   0.0304 MiB
~llama_context:      CUDA0 compute buffer size is   0.0000 MiB, matches expectation of   0.0000 MiB
~llama_context:  CUDA_Host compute buffer size is   0.0304 MiB, matches expectation of   0.0304 MiB
llama_model_loader: loaded meta data with 13 key-value pairs and 23 tensors from C:\Users\cadel\AppData\Local\Temp\moe-integration-24246.gguf (version GGUF V3 (latest))
llama_model_loader: Dumping metadata keys/values. Note: KV overrides do not apply in this output.
llama_model_loader: - kv   0:                       general.architecture str              = llama
llama_model_loader: - kv   1:                       tokenizer.ggml.model str              = no_vocab
llama_model_loader: - kv   2:                           llama.vocab_size u32              = 32
llama_model_loader: - kv   3:                       llama.context_length u32              = 128
llama_model_loader: - kv   4:                     llama.embedding_length u32              = 32
llama_model_loader: - kv   5:                          llama.block_count u32              = 2
llama_model_loader: - kv   6:                  llama.feed_forward_length u32              = 64
llama_model_loader: - kv   7:                 llama.attention.head_count u32              = 2
llama_model_loader: - kv   8:              llama.attention.head_count_kv u32              = 2
llama_model_loader: - kv   9:                 llama.rope.dimension_count u32              = 16
llama_model_loader: - kv  10:                         llama.expert_count u32              = 4
llama_model_loader: - kv  11:                    llama.expert_used_count u32              = 2
llama_model_loader: - kv  12:     llama.attention.layer_norm_rms_epsilon f32              = 0.000010
llama_model_loader: - type  f32:   17 tensors
llama_model_loader: - type q4_0:    6 tensors
print_info: file format = GGUF V3 (latest)
print_info: file type   = (guessed) all F32
print_info: file size   = 0.07 MiB (9.40 BPW) 
llama_prepare_model_devices: using device CUDA0 (NVIDIA GeForce RTX 4060 Laptop GPU) (0000:01:00.0) - 7094 MiB free
load: adding 32 dummy tokens
print_info: arch                  = llama
print_info: vocab_only            = 0
print_info: no_alloc              = 0
print_info: n_ctx_train           = 128
print_info: n_embd_inp            = 32
print_info: n_embd                = 32
print_info: n_embd_out            = 32
print_info: n_layer               = 2
print_info: n_layer_all           = 2
print_info: n_head                = 2
print_info: n_head_kv             = 2
print_info: n_rot                 = 16
print_info: n_swa                 = 0
print_info: is_swa_any            = 0
print_info: n_embd_head_k         = 16
print_info: n_embd_head_v         = 16
print_info: n_gqa                 = 1
print_info: n_embd_k_gqa          = 32
print_info: n_embd_v_gqa          = 32
print_info: f_norm_eps            = 0.0e+00
print_info: f_norm_rms_eps        = 1.0e-05
print_info: f_clamp_kqv           = 0.0e+00
print_info: f_max_alibi_bias      = 0.0e+00
print_info: f_logit_scale         = 0.0e+00
print_info: f_attn_scale          = 0.0e+00
print_info: f_attn_value_scale    = 0.0000
print_info: n_ff                  = 64
print_info: n_expert              = 4
print_info: n_expert_used         = 2
print_info: n_expert_groups       = 0
print_info: n_group_used          = 0
print_info: causal attn           = 1
print_info: pooling type          = -1
print_info: rope type             = 0
print_info: rope scaling          = linear
print_info: freq_base_train       = 10000.0
print_info: freq_scale_train      = 1
print_info: n_ctx_orig_yarn       = 128
print_info: rope_yarn_log_mul     = 0.0000
print_info: rope_finetuned        = unknown
print_info: model type            = ?B
print_info: model params          = 59.81 K
print_info: general.name          = n/a
print_info: vocab type            = no vocab
print_info: n_vocab               = 32
print_info: n_merges              = 0
print_info: max token length      = 0
load_tensors: loading model tensors, this can take a while... (load_mode = none)
load_tensors: layer   0 assigned to device CPU, is_swa = 0
load_tensors: layer   1 assigned to device CPU, is_swa = 0
load_tensors: layer   2 assigned to device CPU, is_swa = 0
create_tensor: loading tensor token_embd.weight
create_tensor: loading tensor output_norm.weight
create_tensor: loading tensor output.weight
create_tensor: loading tensor blk.0.attn_norm.weight
create_tensor: loading tensor blk.0.attn_qkv.weight
create_tensor: loading tensor blk.0.attn_q.weight
create_tensor: loading tensor blk.0.attn_k.weight
create_tensor: loading tensor blk.0.attn_v.weight
create_tensor: loading tensor blk.0.attn_q.bias
create_tensor: loading tensor blk.0.attn_k.bias
create_tensor: loading tensor blk.0.attn_v.bias
create_tensor: loading tensor blk.0.attn_output.weight
create_tensor: loading tensor blk.0.attn_output.bias
create_tensor: loading tensor blk.0.ffn_norm.weight
create_tensor: loading tensor rope_freqs.weight
create_tensor: loading tensor blk.0.ffn_gate_inp.weight
create_tensor: loading tensor blk.0.ffn_gate_exps.weight
create_tensor: loading tensor blk.0.ffn_down_exps.weight
create_tensor: loading tensor blk.0.ffn_up_exps.weight
create_tensor: loading tensor blk.1.attn_norm.weight
create_tensor: loading tensor blk.1.attn_qkv.weight
create_tensor: loading tensor blk.1.attn_q.weight
create_tensor: loading tensor blk.1.attn_k.weight
create_tensor: loading tensor blk.1.attn_v.weight
create_tensor: loading tensor blk.1.attn_q.bias
create_tensor: loading tensor blk.1.attn_k.bias
create_tensor: loading tensor blk.1.attn_v.bias
create_tensor: loading tensor blk.1.attn_output.weight
create_tensor: loading tensor blk.1.attn_output.bias
create_tensor: loading tensor blk.1.ffn_norm.weight
create_tensor: loading tensor rope_freqs.weight
create_tensor: loading tensor blk.1.ffn_gate_inp.weight
create_tensor: loading tensor blk.1.ffn_gate_exps.weight
create_tensor: loading tensor blk.1.ffn_down_exps.weight
create_tensor: loading tensor blk.1.ffn_up_exps.weight
create_tensor: loading tensor blk.0.attn_q.scale
create_tensor: loading tensor blk.0.attn_k.scale
create_tensor: loading tensor blk.0.attn_v.scale
create_tensor: loading tensor blk.0.attn_output.scale
create_tensor: loading tensor blk.0.ffn_gate_exps.scale
create_tensor: loading tensor blk.0.ffn_down_exps.scale
create_tensor: loading tensor blk.0.ffn_up_exps.scale
create_tensor: loading tensor blk.0.attn_q.input_scale
create_tensor: loading tensor blk.0.attn_k.input_scale
create_tensor: loading tensor blk.0.attn_v.input_scale
create_tensor: loading tensor blk.0.attn_output.input_scale
create_tensor: loading tensor blk.0.ffn_gate_exps.input_scale
create_tensor: loading tensor blk.0.ffn_down_exps.input_scale
create_tensor: loading tensor blk.0.ffn_up_exps.input_scale
create_tensor: loading tensor blk.1.attn_q.scale
create_tensor: loading tensor blk.1.attn_k.scale
create_tensor: loading tensor blk.1.attn_v.scale
create_tensor: loading tensor blk.1.attn_output.scale
create_tensor: loading tensor blk.1.ffn_gate_exps.scale
create_tensor: loading tensor blk.1.ffn_down_exps.scale
create_tensor: loading tensor blk.1.ffn_up_exps.scale
create_tensor: loading tensor blk.1.attn_q.input_scale
create_tensor: loading tensor blk.1.attn_k.input_scale
create_tensor: loading tensor blk.1.attn_v.input_scale
create_tensor: loading tensor blk.1.attn_output.input_scale
create_tensor: loading tensor blk.1.ffn_gate_exps.input_scale
create_tensor: loading tensor blk.1.ffn_down_exps.input_scale
create_tensor: loading tensor blk.1.ffn_up_exps.input_scale
load_tensors: offloading 0 repeating layers to GPU
load_tensors: offloaded 0/3 layers to GPU
load_tensors:    CUDA_Host model buffer size =     0.07 MiB
load_all_data: buffer type CUDA_Host is not the default buffer type for device CUDA0 for async uploads
.....................
llama_model_loader: loaded meta data with 13 key-value pairs and 23 tensors from C:\Users\cadel\AppData\Local\Temp\moe-integration-24246.gguf (version GGUF V3 (latest))
llama_model_loader: Dumping metadata keys/values. Note: KV overrides do not apply in this output.
llama_model_loader: - kv   0:                       general.architecture str              = llama
llama_model_loader: - kv   1:                       tokenizer.ggml.model str              = no_vocab
llama_model_loader: - kv   2:                           llama.vocab_size u32              = 32
llama_model_loader: - kv   3:                       llama.context_length u32              = 128
llama_model_loader: - kv   4:                     llama.embedding_length u32              = 32
llama_model_loader: - kv   5:                          llama.block_count u32              = 2
llama_model_loader: - kv   6:                  llama.feed_forward_length u32              = 64
llama_model_loader: - kv   7:                 llama.attention.head_count u32              = 2
llama_model_loader: - kv   8:              llama.attention.head_count_kv u32              = 2
llama_model_loader: - kv   9:                 llama.rope.dimension_count u32              = 16
llama_model_loader: - kv  10:                         llama.expert_count u32              = 4
llama_model_loader: - kv  11:                    llama.expert_used_count u32              = 2
llama_model_loader: - kv  12:     llama.attention.layer_norm_rms_epsilon f32              = 0.000010
llama_model_loader: - type  f32:   17 tensors
llama_model_loader: - type q4_0:    6 tensors
print_info: file format = GGUF V3 (latest)
print_info: file type   = (guessed) all F32
print_info: file size   = 0.07 MiB (9.40 BPW) 
llama_prepare_model_devices: using device CUDA0 (NVIDIA GeForce RTX 4060 Laptop GPU) (0000:01:00.0) - 7094 MiB free
load: adding 32 dummy tokens
print_info: arch                  = llama
print_info: vocab_only            = 0
print_info: no_alloc              = 0
print_info: n_ctx_train           = 128
print_info: n_embd_inp            = 32
print_info: n_embd                = 32
print_info: n_embd_out            = 32
print_info: n_layer               = 2
print_info: n_layer_all           = 2
print_info: n_head                = 2
print_info: n_head_kv             = 2
print_info: n_rot                 = 16
print_info: n_swa                 = 0
print_info: is_swa_any            = 0
print_info: n_embd_head_k         = 16
print_info: n_embd_head_v         = 16
print_info: n_gqa                 = 1
print_info: n_embd_k_gqa          = 32
print_info: n_embd_v_gqa          = 32
print_info: f_norm_eps            = 0.0e+00
print_info: f_norm_rms_eps        = 1.0e-05
print_info: f_clamp_kqv           = 0.0e+00
print_info: f_max_alibi_bias      = 0.0e+00
print_info: f_logit_scale         = 0.0e+00
print_info: f_attn_scale          = 0.0e+00
print_info: f_attn_value_scale    = 0.0000
print_info: n_ff                  = 64
print_info: n_expert              = 4
print_info: n_expert_used         = 2
print_info: n_expert_groups       = 0
print_info: n_group_used          = 0
print_info: causal attn           = 1
print_info: pooling type          = -1
print_info: rope type             = 0
print_info: rope scaling          = linear
print_info: freq_base_train       = 10000.0
print_info: freq_scale_train      = 1
print_info: n_ctx_orig_yarn       = 128
print_info: rope_yarn_log_mul     = 0.0000
print_info: rope_finetuned        = unknown
print_info: model type            = ?B
print_info: model params          = 59.81 K
print_info: general.name          = n/a
print_info: vocab type            = no vocab
print_info: n_vocab               = 32
print_info: n_merges              = 0
print_info: max token length      = 0
load_tensors: loading model tensors, this can take a while... (load_mode = none)
load_tensors: layer   0 assigned to device CPU, is_swa = 0
load_tensors: layer   1 assigned to device CPU, is_swa = 0
load_tensors: layer   2 assigned to device CPU, is_swa = 0
create_tensor: loading tensor token_embd.weight
create_tensor: loading tensor output_norm.weight
create_tensor: loading tensor output.weight
create_tensor: loading tensor blk.0.attn_norm.weight
create_tensor: loading tensor blk.0.attn_qkv.weight
create_tensor: loading tensor blk.0.attn_q.weight
create_tensor: loading tensor blk.0.attn_k.weight
create_tensor: loading tensor blk.0.attn_v.weight
create_tensor: loading tensor blk.0.attn_q.bias
create_tensor: loading tensor blk.0.attn_k.bias
create_tensor: loading tensor blk.0.attn_v.bias
create_tensor: loading tensor blk.0.attn_output.weight
create_tensor: loading tensor blk.0.attn_output.bias
create_tensor: loading tensor blk.0.ffn_norm.weight
create_tensor: loading tensor rope_freqs.weight
create_tensor: loading tensor blk.0.ffn_gate_inp.weight
create_tensor: loading tensor blk.0.ffn_gate_exps.weight
create_tensor: loading tensor blk.0.ffn_down_exps.weight
create_tensor: loading tensor blk.0.ffn_up_exps.weight
create_tensor: loading tensor blk.1.attn_norm.weight
create_tensor: loading tensor blk.1.attn_qkv.weight
create_tensor: loading tensor blk.1.attn_q.weight
create_tensor: loading tensor blk.1.attn_k.weight
create_tensor: loading tensor blk.1.attn_v.weight
create_tensor: loading tensor blk.1.attn_q.bias
create_tensor: loading tensor blk.1.attn_k.bias
create_tensor: loading tensor blk.1.attn_v.bias
create_tensor: loading tensor blk.1.attn_output.weight
create_tensor: loading tensor blk.1.attn_output.bias
create_tensor: loading tensor blk.1.ffn_norm.weight
create_tensor: loading tensor rope_freqs.weight
create_tensor: loading tensor blk.1.ffn_gate_inp.weight
create_tensor: loading tensor blk.1.ffn_gate_exps.weight
create_tensor: loading tensor blk.1.ffn_down_exps.weight
create_tensor: loading tensor blk.1.ffn_up_exps.weight
create_tensor: loading tensor blk.0.attn_q.scale
create_tensor: loading tensor blk.0.attn_k.scale
create_tensor: loading tensor blk.0.attn_v.scale
create_tensor: loading tensor blk.0.attn_output.scale
create_tensor: loading tensor blk.0.ffn_gate_exps.scale
create_tensor: loading tensor blk.0.ffn_down_exps.scale
create_tensor: loading tensor blk.0.ffn_up_exps.scale
create_tensor: loading tensor blk.0.attn_q.input_scale
create_tensor: loading tensor blk.0.attn_k.input_scale
create_tensor: loading tensor blk.0.attn_v.input_scale
create_tensor: loading tensor blk.0.attn_output.input_scale
create_tensor: loading tensor blk.0.ffn_gate_exps.input_scale
create_tensor: loading tensor blk.0.ffn_down_exps.input_scale
create_tensor: loading tensor blk.0.ffn_up_exps.input_scale
create_tensor: loading tensor blk.1.attn_q.scale
create_tensor: loading tensor blk.1.attn_k.scale
create_tensor: loading tensor blk.1.attn_v.scale
create_tensor: loading tensor blk.1.attn_output.scale
create_tensor: loading tensor blk.1.ffn_gate_exps.scale
create_tensor: loading tensor blk.1.ffn_down_exps.scale
create_tensor: loading tensor blk.1.ffn_up_exps.scale
create_tensor: loading tensor blk.1.attn_q.input_scale
create_tensor: loading tensor blk.1.attn_k.input_scale
create_tensor: loading tensor blk.1.attn_v.input_scale
create_tensor: loading tensor blk.1.attn_output.input_scale
create_tensor: loading tensor blk.1.ffn_gate_exps.input_scale
create_tensor: loading tensor blk.1.ffn_down_exps.input_scale
create_tensor: loading tensor blk.1.ffn_up_exps.input_scale
load_tensors: offloading 0 repeating layers to GPU
load_tensors: offloaded 0/3 layers to GPU
load_tensors:          CPU model buffer size =     0.07 MiB
load_all_data: no device found for buffer type CPU for async uploads
.....................
load_tensors: experimental host-bank MoE enabled, tile weights <= 14848 bytes; this is not a total memory limit
llama_context: constructing llama_context
llama_context: n_seq_max             = 1
llama_context: n_ctx                 = 256
llama_context: n_ctx_seq             = 256
llama_context: n_batch               = 32
llama_context: n_ubatch              = 8
llama_context: causal_attn           = 1
llama_context: flash_attn            = disabled
llama_context: kv_unified            = false
llama_context: freq_base             = 10000.0
llama_context: freq_scale            = 1
llama_context: n_rs_seq              = 0
llama_context: n_outputs_max         = 32
llama_context: n_outputs_max_per_seq = 1
llama_context: n_ctx_seq (256) > n_ctx_train (128) -- possible training context overflow
set_abort_callback: call
llama_context:        CPU  output buffer size =     0.00 MiB
llama_kv_cache: layer   0: dev = CPU
llama_kv_cache: layer   1: dev = CPU
llama_kv_cache:        CPU KV buffer size =     0.06 MiB
llama_kv_cache: size =    0.06 MiB (   256 cells,   2 layers,  1/1 seqs), K (f16):    0.03 MiB, V (f16):    0.03 MiB
llama_kv_cache: attn_rot_k = 0, n_embd_head_k_all = 16
llama_kv_cache: attn_rot_v = 0, n_embd_head_k_all = 16
llama_context: enumerating backends
llama_context: backend_ptrs.size() = 2
sched_reserve: reserving ...
sched_reserve: max_nodes = 1024
sched_reserve: decode graph slots = 4 (n_tokens <= 4)
sched_reserve: reserving full memory module
sched_reserve: worst-case: n_tokens = 8, n_seqs = 1, n_outputs = 1
resolve_fused_ops: resolving fused Gated Delta Net support:
graph_reserve: reserving a graph for ubatch with n_tokens =    1, n_seqs =  1, n_outputs =    1
resolve_fused_ops: fused Gated Delta Net (autoregressive) enabled
graph_reserve: reserving a graph for ubatch with n_tokens =   16, n_seqs =  1, n_outputs =   16
resolve_fused_ops: fused Gated Delta Net (chunked) enabled
resolve_fused_ops: resolving fused Lightning Indexer support:
graph_reserve: reserving a graph for ubatch with n_tokens =    1, n_seqs =  1, n_outputs =    1
resolve_fused_ops: Lightning Indexer enabled
resolve_fused_ops: resolving fused DeepSeek V4 HC support:
graph_reserve: reserving a graph for ubatch with n_tokens =    1, n_seqs =  1, n_outputs =    1
resolve_fused_ops: fused DeepSeek V4 HC pre enabled
graph_reserve: reserving a graph for ubatch with n_tokens =    1, n_seqs =  1, n_outputs =    1
resolve_fused_ops: fused DeepSeek V4 HC comb enabled
graph_reserve: reserving a graph for ubatch with n_tokens =    1, n_seqs =  1, n_outputs =    1
resolve_fused_ops: fused DeepSeek V4 HC post enabled
graph_reserve: reserving a graph for ubatch with n_tokens =    8, n_seqs =  1, n_outputs =    8
graph_reserve: reserving a graph for ubatch with n_tokens =    1, n_seqs =  1, n_outputs =    1
graph_reserve: reserving a graph for ubatch with n_tokens =    8, n_seqs =  1, n_outputs =    8
sched_reserve:  CUDA_Host compute buffer size =     0.03 MiB
sched_reserve: graph nodes  = 110
sched_reserve: graph splits = 1
sched_reserve: reserve took 2.81 ms, sched copies = 1
llama_context: constructing llama_context
llama_context: n_seq_max             = 1
llama_context: n_ctx                 = 256
llama_context: n_ctx_seq             = 256
llama_context: n_batch               = 32
llama_context: n_ubatch              = 8
llama_context: causal_attn           = 1
llama_context: flash_attn            = disabled
llama_context: kv_unified            = false
llama_context: freq_base             = 10000.0
llama_context: freq_scale            = 1
llama_context: n_rs_seq              = 0
llama_context: n_outputs_max         = 32
llama_context: n_outputs_max_per_seq = 1
llama_context: n_ctx_seq (256) > n_ctx_train (128) -- possible training context overflow
set_abort_callback: call
llama_context:        CPU  output buffer size =     0.00 MiB
llama_kv_cache: layer   0: dev = CPU
llama_kv_cache: layer   1: dev = CPU
llama_kv_cache:        CPU KV buffer size =     0.06 MiB
llama_kv_cache: size =    0.06 MiB (   256 cells,   2 layers,  1/1 seqs), K (f16):    0.03 MiB, V (f16):    0.03 MiB
llama_kv_cache: attn_rot_k = 0, n_embd_head_k_all = 16
llama_kv_cache: attn_rot_v = 0, n_embd_head_k_all = 16
llama_context: enumerating backends
llama_context: backend_ptrs.size() = 2
sched_reserve: reserving ...
sched_reserve: max_nodes = 1024
sched_reserve: decode graph slots = 4 (n_tokens <= 4)
sched_reserve: reserving full memory module
sched_reserve: worst-case: n_tokens = 8, n_seqs = 1, n_outputs = 1
resolve_fused_ops: resolving fused Gated Delta Net support:
graph_reserve: reserving a graph for ubatch with n_tokens =    1, n_seqs =  1, n_outputs =    1
resolve_fused_ops: fused Gated Delta Net (autoregressive) enabled
graph_reserve: reserving a graph for ubatch with n_tokens =   16, n_seqs =  1, n_outputs =   16
resolve_fused_ops: fused Gated Delta Net (chunked) enabled
resolve_fused_ops: resolving fused Lightning Indexer support:
graph_reserve: reserving a graph for ubatch with n_tokens =    1, n_seqs =  1, n_outputs =    1
resolve_fused_ops: Lightning Indexer enabled
resolve_fused_ops: resolving fused DeepSeek V4 HC support:
graph_reserve: reserving a graph for ubatch with n_tokens =    1, n_seqs =  1, n_outputs =    1
resolve_fused_ops: fused DeepSeek V4 HC pre enabled
graph_reserve: reserving a graph for ubatch with n_tokens =    1, n_seqs =  1, n_outputs =    1
resolve_fused_ops: fused DeepSeek V4 HC comb enabled
graph_reserve: reserving a graph for ubatch with n_tokens =    1, n_seqs =  1, n_outputs =    1
resolve_fused_ops: fused DeepSeek V4 HC post enabled
graph_reserve: reserving a graph for ubatch with n_tokens =    8, n_seqs =  1, n_outputs =    8
graph_reserve: reserving a graph for ubatch with n_tokens =    1, n_seqs =  1, n_outputs =    1
graph_reserve: reserving a graph for ubatch with n_tokens =    8, n_seqs =  1, n_outputs =    8
sched_reserve:  CUDA_Host compute buffer size =     0.03 MiB
sched_reserve: graph nodes  = 100
sched_reserve: graph splits = 1
sched_reserve: reserve took 2.74 ms, sched copies = 1
graph_reserve: reserving a graph for ubatch with n_tokens =    4, n_seqs =  1, n_outputs =    4
set_abort_callback: call
graph_compute: ggml_backend_sched_graph_compute_async failed with error 1
process_ubatch: failed to compute graph, compute status: 1
decode: removing memory module entries for seq_id = 0, pos = [59, +inf)
llama_decode: failed to decode, ret = 2
set_abort_callback: call
host-bank MoE execution failed: MoE routing weight must be finite
host-bank MoE execution failed: MoE routing weight must be finite
process_ubatch: failed to compute graph, compute status: -1
decode: removing memory module entries for seq_id = 0, pos = [59, +inf)
llama_decode: failed to decode, ret = -3
llama_context: constructing llama_context
llama_init_from_model: failed to initialize the context: host-bank MoE requires one sequence, op_offload=false and offload_kqv=false
llama_context: constructing llama_context
llama_init_from_model: failed to initialize the context: host-bank MoE requires one sequence, op_offload=false and offload_kqv=false
llama_context: constructing llama_context
llama_init_from_model: failed to initialize the context: host-bank MoE requires one sequence, op_offload=false and offload_kqv=false
llama_context: constructing llama_context
llama_init_from_model: failed to initialize the context: moe cache: invalid uniform arena geometry
llama_context: constructing llama_context
llama_init_from_model: failed to initialize the context: host-bank MoE cache requires model.moe_cpu_tile_bytes host-bank setup
~llama_context:      CUDA0 compute buffer size is   0.0000 MiB, matches expectation of   0.0000 MiB
~llama_context:  CUDA_Host compute buffer size is   0.0304 MiB, matches expectation of   0.0304 MiB
~llama_context:      CUDA0 compute buffer size is   0.0000 MiB, matches expectation of   0.0000 MiB
~llama_context:  CUDA_Host compute buffer size is   0.0304 MiB, matches expectation of   0.0304 MiB
llama_context: constructing llama_context
llama_context: n_seq_max             = 1
llama_context: n_ctx                 = 256
llama_context: n_ctx_seq             = 256
llama_context: n_batch               = 32
llama_context: n_ubatch              = 8
llama_context: causal_attn           = 1
llama_context: flash_attn            = disabled
llama_context: kv_unified            = false
llama_context: freq_base             = 10000.0
llama_context: freq_scale            = 1
llama_context: n_rs_seq              = 0
llama_context: n_outputs_max         = 32
llama_context: n_outputs_max_per_seq = 1
llama_context: n_ctx_seq (256) > n_ctx_train (128) -- possible training context overflow
set_abort_callback: call
llama_context:        CPU  output buffer size =     0.00 MiB
llama_kv_cache: layer   0: dev = CPU
llama_kv_cache: layer   1: dev = CPU
llama_kv_cache:        CPU KV buffer size =     0.06 MiB
llama_kv_cache: size =    0.06 MiB (   256 cells,   2 layers,  1/1 seqs), K (f16):    0.03 MiB, V (f16):    0.03 MiB
llama_kv_cache: attn_rot_k = 0, n_embd_head_k_all = 16
llama_kv_cache: attn_rot_v = 0, n_embd_head_k_all = 16
llama_context: enumerating backends
llama_context: backend_ptrs.size() = 2
sched_reserve: reserving ...
sched_reserve: max_nodes = 1024
sched_reserve: decode graph slots = 4 (n_tokens <= 4)
sched_reserve: reserving full memory module
sched_reserve: worst-case: n_tokens = 8, n_seqs = 1, n_outputs = 1
resolve_fused_ops: resolving fused Gated Delta Net support:
graph_reserve: reserving a graph for ubatch with n_tokens =    1, n_seqs =  1, n_outputs =    1
resolve_fused_ops: fused Gated Delta Net (autoregressive) enabled
graph_reserve: reserving a graph for ubatch with n_tokens =   16, n_seqs =  1, n_outputs =   16
resolve_fused_ops: fused Gated Delta Net (chunked) enabled
resolve_fused_ops: resolving fused Lightning Indexer support:
graph_reserve: reserving a graph for ubatch with n_tokens =    1, n_seqs =  1, n_outputs =    1
resolve_fused_ops: Lightning Indexer enabled
resolve_fused_ops: resolving fused DeepSeek V4 HC support:
graph_reserve: reserving a graph for ubatch with n_tokens =    1, n_seqs =  1, n_outputs =    1
resolve_fused_ops: fused DeepSeek V4 HC pre enabled
graph_reserve: reserving a graph for ubatch with n_tokens =    1, n_seqs =  1, n_outputs =    1
resolve_fused_ops: fused DeepSeek V4 HC comb enabled
graph_reserve: reserving a graph for ubatch with n_tokens =    1, n_seqs =  1, n_outputs =    1
resolve_fused_ops: fused DeepSeek V4 HC post enabled
graph_reserve: reserving a graph for ubatch with n_tokens =    8, n_seqs =  1, n_outputs =    8
graph_reserve: reserving a graph for ubatch with n_tokens =    1, n_seqs =  1, n_outputs =    1
graph_reserve: reserving a graph for ubatch with n_tokens =    8, n_seqs =  1, n_outputs =    8
sched_reserve:  CUDA_Host compute buffer size =     0.03 MiB
sched_reserve: graph nodes  = 100
sched_reserve: graph splits = 1
sched_reserve: reserve took 2.48 ms, sched copies = 1
llama_context: constructing llama_context
llama_context: n_seq_max             = 1
llama_context: n_ctx                 = 256
llama_context: n_ctx_seq             = 256
llama_context: n_batch               = 32
llama_context: n_ubatch              = 8
llama_context: causal_attn           = 1
llama_context: flash_attn            = disabled
llama_context: kv_unified            = false
llama_context: freq_base             = 10000.0
llama_context: freq_scale            = 1
llama_context: n_rs_seq              = 0
llama_context: n_outputs_max         = 32
llama_context: n_outputs_max_per_seq = 1
llama_context: n_ctx_seq (256) > n_ctx_train (128) -- possible training context overflow
set_abort_callback: call
llama_context:        CPU  output buffer size =     0.00 MiB
llama_kv_cache: layer   0: dev = CPU
llama_kv_cache: layer   1: dev = CPU
llama_kv_cache:        CPU KV buffer size =     0.06 MiB
llama_kv_cache: size =    0.06 MiB (   256 cells,   2 layers,  1/1 seqs), K (f16):    0.03 MiB, V (f16):    0.03 MiB
llama_kv_cache: attn_rot_k = 0, n_embd_head_k_all = 16
llama_kv_cache: attn_rot_v = 0, n_embd_head_k_all = 16
llama_context: enumerating backends
llama_context: backend_ptrs.size() = 2
sched_reserve: reserving ...
sched_reserve: max_nodes = 1024
sched_reserve: decode graph slots = 4 (n_tokens <= 4)
sched_reserve: reserving full memory module
sched_reserve: worst-case: n_tokens = 8, n_seqs = 1, n_outputs = 1
resolve_fused_ops: resolving fused Gated Delta Net support:
graph_reserve: reserving a graph for ubatch with n_tokens =    1, n_seqs =  1, n_outputs =    1
resolve_fused_ops: fused Gated Delta Net (autoregressive) enabled
graph_reserve: reserving a graph for ubatch with n_tokens =   16, n_seqs =  1, n_outputs =   16
resolve_fused_ops: fused Gated Delta Net (chunked) enabled
resolve_fused_ops: resolving fused Lightning Indexer support:
graph_reserve: reserving a graph for ubatch with n_tokens =    1, n_seqs =  1, n_outputs =    1
resolve_fused_ops: Lightning Indexer enabled
resolve_fused_ops: resolving fused DeepSeek V4 HC support:
graph_reserve: reserving a graph for ubatch with n_tokens =    1, n_seqs =  1, n_outputs =    1
resolve_fused_ops: fused DeepSeek V4 HC pre enabled
graph_reserve: reserving a graph for ubatch with n_tokens =    1, n_seqs =  1, n_outputs =    1
resolve_fused_ops: fused DeepSeek V4 HC comb enabled
graph_reserve: reserving a graph for ubatch with n_tokens =    1, n_seqs =  1, n_outputs =    1
resolve_fused_ops: fused DeepSeek V4 HC post enabled
graph_reserve: reserving a graph for ubatch with n_tokens =    8, n_seqs =  1, n_outputs =    8
graph_reserve: reserving a graph for ubatch with n_tokens =    1, n_seqs =  1, n_outputs =    1
graph_reserve: reserving a graph for ubatch with n_tokens =    8, n_seqs =  1, n_outputs =    8
sched_reserve:  CUDA_Host compute buffer size =     0.03 MiB
sched_reserve: graph nodes  = 110
sched_reserve: graph splits = 1
sched_reserve: reserve took 2.89 ms, sched copies = 1
~llama_context:      CUDA0 compute buffer size is   0.0000 MiB, matches expectation of   0.0000 MiB
~llama_context:  CUDA_Host compute buffer size is   0.0304 MiB, matches expectation of   0.0304 MiB
~llama_context:      CUDA0 compute buffer size is   0.0000 MiB, matches expectation of   0.0000 MiB
~llama_context:  CUDA_Host compute buffer size is   0.0304 MiB, matches expectation of   0.0304 MiB
llama_model_loader: loaded meta data with 13 key-value pairs and 23 tensors from C:\Users\cadel\AppData\Local\Temp\moe-integration-24246.gguf (version GGUF V3 (latest))
llama_model_loader: Dumping metadata keys/values. Note: KV overrides do not apply in this output.
llama_model_loader: - kv   0:                       general.architecture str              = llama
llama_model_loader: - kv   1:                       tokenizer.ggml.model str              = no_vocab
llama_model_loader: - kv   2:                           llama.vocab_size u32              = 32
llama_model_loader: - kv   3:                       llama.context_length u32              = 128
llama_model_loader: - kv   4:                     llama.embedding_length u32              = 32
llama_model_loader: - kv   5:                          llama.block_count u32              = 2
llama_model_loader: - kv   6:                  llama.feed_forward_length u32              = 64
llama_model_loader: - kv   7:                 llama.attention.head_count u32              = 2
llama_model_loader: - kv   8:              llama.attention.head_count_kv u32              = 2
llama_model_loader: - kv   9:                 llama.rope.dimension_count u32              = 16
llama_model_loader: - kv  10:                         llama.expert_count u32              = 4
llama_model_loader: - kv  11:                    llama.expert_used_count u32              = 2
llama_model_loader: - kv  12:     llama.attention.layer_norm_rms_epsilon f32              = 0.000010
llama_model_loader: - type  f32:   17 tensors
llama_model_loader: - type q4_0:    6 tensors
print_info: file format = GGUF V3 (latest)
print_info: file type   = (guessed) all F32
print_info: file size   = 0.07 MiB (9.40 BPW) 
llama_prepare_model_devices: using device CUDA0 (NVIDIA GeForce RTX 4060 Laptop GPU) (0000:01:00.0) - 7094 MiB free
load: adding 32 dummy tokens
print_info: arch                  = llama
print_info: vocab_only            = 0
print_info: no_alloc              = 0
print_info: n_ctx_train           = 128
print_info: n_embd_inp            = 32
print_info: n_embd                = 32
print_info: n_embd_out            = 32
print_info: n_layer               = 2
print_info: n_layer_all           = 2
print_info: n_head                = 2
print_info: n_head_kv             = 2
print_info: n_rot                 = 16
print_info: n_swa                 = 0
print_info: is_swa_any            = 0
print_info: n_embd_head_k         = 16
print_info: n_embd_head_v         = 16
print_info: n_gqa                 = 1
print_info: n_embd_k_gqa          = 32
print_info: n_embd_v_gqa          = 32
print_info: f_norm_eps            = 0.0e+00
print_info: f_norm_rms_eps        = 1.0e-05
print_info: f_clamp_kqv           = 0.0e+00
print_info: f_max_alibi_bias      = 0.0e+00
print_info: f_logit_scale         = 0.0e+00
print_info: f_attn_scale          = 0.0e+00
print_info: f_attn_value_scale    = 0.0000
print_info: n_ff                  = 64
print_info: n_expert              = 4
print_info: n_expert_used         = 2
print_info: n_expert_groups       = 0
print_info: n_group_used          = 0
print_info: causal attn           = 1
print_info: pooling type          = -1
print_info: rope type             = 0
print_info: rope scaling          = linear
print_info: freq_base_train       = 10000.0
print_info: freq_scale_train      = 1
print_info: n_ctx_orig_yarn       = 128
print_info: rope_yarn_log_mul     = 0.0000
print_info: rope_finetuned        = unknown
print_info: model type            = ?B
print_info: model params          = 59.81 K
print_info: general.name          = n/a
print_info: vocab type            = no vocab
print_info: n_vocab               = 32
print_info: n_merges              = 0
print_info: max token length      = 0
load_tensors: loading model tensors, this can take a while... (load_mode = none)
load_tensors: layer   0 assigned to device CPU, is_swa = 0
load_tensors: layer   1 assigned to device CPU, is_swa = 0
load_tensors: layer   2 assigned to device CPU, is_swa = 0
create_tensor: loading tensor token_embd.weight
create_tensor: loading tensor output_norm.weight
create_tensor: loading tensor output.weight
create_tensor: loading tensor blk.0.attn_norm.weight
create_tensor: loading tensor blk.0.attn_qkv.weight
create_tensor: loading tensor blk.0.attn_q.weight
create_tensor: loading tensor blk.0.attn_k.weight
create_tensor: loading tensor blk.0.attn_v.weight
create_tensor: loading tensor blk.0.attn_q.bias
create_tensor: loading tensor blk.0.attn_k.bias
create_tensor: loading tensor blk.0.attn_v.bias
create_tensor: loading tensor blk.0.attn_output.weight
create_tensor: loading tensor blk.0.attn_output.bias
create_tensor: loading tensor blk.0.ffn_norm.weight
create_tensor: loading tensor rope_freqs.weight
create_tensor: loading tensor blk.0.ffn_gate_inp.weight
create_tensor: loading tensor blk.0.ffn_gate_exps.weight
create_tensor: loading tensor blk.0.ffn_down_exps.weight
create_tensor: loading tensor blk.0.ffn_up_exps.weight
create_tensor: loading tensor blk.1.attn_norm.weight
create_tensor: loading tensor blk.1.attn_qkv.weight
create_tensor: loading tensor blk.1.attn_q.weight
create_tensor: loading tensor blk.1.attn_k.weight
create_tensor: loading tensor blk.1.attn_v.weight
create_tensor: loading tensor blk.1.attn_q.bias
create_tensor: loading tensor blk.1.attn_k.bias
create_tensor: loading tensor blk.1.attn_v.bias
create_tensor: loading tensor blk.1.attn_output.weight
create_tensor: loading tensor blk.1.attn_output.bias
create_tensor: loading tensor blk.1.ffn_norm.weight
create_tensor: loading tensor rope_freqs.weight
create_tensor: loading tensor blk.1.ffn_gate_inp.weight
create_tensor: loading tensor blk.1.ffn_gate_exps.weight
create_tensor: loading tensor blk.1.ffn_down_exps.weight
create_tensor: loading tensor blk.1.ffn_up_exps.weight
create_tensor: loading tensor blk.0.attn_q.scale
create_tensor: loading tensor blk.0.attn_k.scale
create_tensor: loading tensor blk.0.attn_v.scale
create_tensor: loading tensor blk.0.attn_output.scale
create_tensor: loading tensor blk.0.ffn_gate_exps.scale
create_tensor: loading tensor blk.0.ffn_down_exps.scale
create_tensor: loading tensor blk.0.ffn_up_exps.scale
create_tensor: loading tensor blk.0.attn_q.input_scale
create_tensor: loading tensor blk.0.attn_k.input_scale
create_tensor: loading tensor blk.0.attn_v.input_scale
create_tensor: loading tensor blk.0.attn_output.input_scale
create_tensor: loading tensor blk.0.ffn_gate_exps.input_scale
create_tensor: loading tensor blk.0.ffn_down_exps.input_scale
create_tensor: loading tensor blk.0.ffn_up_exps.input_scale
create_tensor: loading tensor blk.1.attn_q.scale
create_tensor: loading tensor blk.1.attn_k.scale
create_tensor: loading tensor blk.1.attn_v.scale
create_tensor: loading tensor blk.1.attn_output.scale
create_tensor: loading tensor blk.1.ffn_gate_exps.scale
create_tensor: loading tensor blk.1.ffn_down_exps.scale
create_tensor: loading tensor blk.1.ffn_up_exps.scale
create_tensor: loading tensor blk.1.attn_q.input_scale
create_tensor: loading tensor blk.1.attn_k.input_scale
create_tensor: loading tensor blk.1.attn_v.input_scale
create_tensor: loading tensor blk.1.attn_output.input_scale
create_tensor: loading tensor blk.1.ffn_gate_exps.input_scale
create_tensor: loading tensor blk.1.ffn_down_exps.input_scale
create_tensor: loading tensor blk.1.ffn_up_exps.input_scale
load_tensors: offloading 0 repeating layers to GPU
load_tensors: offloaded 0/3 layers to GPU
load_tensors:    CUDA_Host model buffer size =     0.07 MiB
load_all_data: buffer type CUDA_Host is not the default buffer type for device CUDA0 for async uploads
.....................
llama_model_loader: loaded meta data with 13 key-value pairs and 23 tensors from C:\Users\cadel\AppData\Local\Temp\moe-integration-24246.gguf (version GGUF V3 (latest))
llama_model_loader: Dumping metadata keys/values. Note: KV overrides do not apply in this output.
llama_model_loader: - kv   0:                       general.architecture str              = llama
llama_model_loader: - kv   1:                       tokenizer.ggml.model str              = no_vocab
llama_model_loader: - kv   2:                           llama.vocab_size u32              = 32
llama_model_loader: - kv   3:                       llama.context_length u32              = 128
llama_model_loader: - kv   4:                     llama.embedding_length u32              = 32
llama_model_loader: - kv   5:                          llama.block_count u32              = 2
llama_model_loader: - kv   6:                  llama.feed_forward_length u32              = 64
llama_model_loader: - kv   7:                 llama.attention.head_count u32              = 2
llama_model_loader: - kv   8:              llama.attention.head_count_kv u32              = 2
llama_model_loader: - kv   9:                 llama.rope.dimension_count u32              = 16
llama_model_loader: - kv  10:                         llama.expert_count u32              = 4
llama_model_loader: - kv  11:                    llama.expert_used_count u32              = 2
llama_model_loader: - kv  12:     llama.attention.layer_norm_rms_epsilon f32              = 0.000010
llama_model_loader: - type  f32:   17 tensors
llama_model_loader: - type q4_0:    6 tensors
print_info: file format = GGUF V3 (latest)
print_info: file type   = (guessed) all F32
print_info: file size   = 0.07 MiB (9.40 BPW) 
llama_prepare_model_devices: using device CUDA0 (NVIDIA GeForce RTX 4060 Laptop GPU) (0000:01:00.0) - 7094 MiB free
load: adding 32 dummy tokens
print_info: arch                  = llama
print_info: vocab_only            = 0
print_info: no_alloc              = 0
print_info: n_ctx_train           = 128
print_info: n_embd_inp            = 32
print_info: n_embd                = 32
print_info: n_embd_out            = 32
print_info: n_layer               = 2
print_info: n_layer_all           = 2
print_info: n_head                = 2
print_info: n_head_kv             = 2
print_info: n_rot                 = 16
print_info: n_swa                 = 0
print_info: is_swa_any            = 0
print_info: n_embd_head_k         = 16
print_info: n_embd_head_v         = 16
print_info: n_gqa                 = 1
print_info: n_embd_k_gqa          = 32
print_info: n_embd_v_gqa          = 32
print_info: f_norm_eps            = 0.0e+00
print_info: f_norm_rms_eps        = 1.0e-05
print_info: f_clamp_kqv           = 0.0e+00
print_info: f_max_alibi_bias      = 0.0e+00
print_info: f_logit_scale         = 0.0e+00
print_info: f_attn_scale          = 0.0e+00
print_info: f_attn_value_scale    = 0.0000
print_info: n_ff                  = 64
print_info: n_expert              = 4
print_info: n_expert_used         = 2
print_info: n_expert_groups       = 0
print_info: n_group_used          = 0
print_info: causal attn           = 1
print_info: pooling type          = -1
print_info: rope type             = 0
print_info: rope scaling          = linear
print_info: freq_base_train       = 10000.0
print_info: freq_scale_train      = 1
print_info: n_ctx_orig_yarn       = 128
print_info: rope_yarn_log_mul     = 0.0000
print_info: rope_finetuned        = unknown
print_info: model type            = ?B
print_info: model params          = 59.81 K
print_info: general.name          = n/a
print_info: vocab type            = no vocab
print_info: n_vocab               = 32
print_info: n_merges              = 0
print_info: max token length      = 0
load_tensors: loading model tensors, this can take a while... (load_mode = none)
load_tensors: layer   0 assigned to device CPU, is_swa = 0
load_tensors: layer   1 assigned to device CPU, is_swa = 0
load_tensors: layer   2 assigned to device CPU, is_swa = 0
create_tensor: loading tensor token_embd.weight
create_tensor: loading tensor output_norm.weight
create_tensor: loading tensor output.weight
create_tensor: loading tensor blk.0.attn_norm.weight
create_tensor: loading tensor blk.0.attn_qkv.weight
create_tensor: loading tensor blk.0.attn_q.weight
create_tensor: loading tensor blk.0.attn_k.weight
create_tensor: loading tensor blk.0.attn_v.weight
create_tensor: loading tensor blk.0.attn_q.bias
create_tensor: loading tensor blk.0.attn_k.bias
create_tensor: loading tensor blk.0.attn_v.bias
create_tensor: loading tensor blk.0.attn_output.weight
create_tensor: loading tensor blk.0.attn_output.bias
create_tensor: loading tensor blk.0.ffn_norm.weight
create_tensor: loading tensor rope_freqs.weight
create_tensor: loading tensor blk.0.ffn_gate_inp.weight
create_tensor: loading tensor blk.0.ffn_gate_exps.weight
create_tensor: loading tensor blk.0.ffn_down_exps.weight
create_tensor: loading tensor blk.0.ffn_up_exps.weight
create_tensor: loading tensor blk.1.attn_norm.weight
create_tensor: loading tensor blk.1.attn_qkv.weight
create_tensor: loading tensor blk.1.attn_q.weight
create_tensor: loading tensor blk.1.attn_k.weight
create_tensor: loading tensor blk.1.attn_v.weight
create_tensor: loading tensor blk.1.attn_q.bias
create_tensor: loading tensor blk.1.attn_k.bias
create_tensor: loading tensor blk.1.attn_v.bias
create_tensor: loading tensor blk.1.attn_output.weight
create_tensor: loading tensor blk.1.attn_output.bias
create_tensor: loading tensor blk.1.ffn_norm.weight
create_tensor: loading tensor rope_freqs.weight
create_tensor: loading tensor blk.1.ffn_gate_inp.weight
create_tensor: loading tensor blk.1.ffn_gate_exps.weight
create_tensor: loading tensor blk.1.ffn_down_exps.weight
create_tensor: loading tensor blk.1.ffn_up_exps.weight
create_tensor: loading tensor blk.0.attn_q.scale
create_tensor: loading tensor blk.0.attn_k.scale
create_tensor: loading tensor blk.0.attn_v.scale
create_tensor: loading tensor blk.0.attn_output.scale
create_tensor: loading tensor blk.0.ffn_gate_exps.scale
create_tensor: loading tensor blk.0.ffn_down_exps.scale
create_tensor: loading tensor blk.0.ffn_up_exps.scale
create_tensor: loading tensor blk.0.attn_q.input_scale
create_tensor: loading tensor blk.0.attn_k.input_scale
create_tensor: loading tensor blk.0.attn_v.input_scale
create_tensor: loading tensor blk.0.attn_output.input_scale
create_tensor: loading tensor blk.0.ffn_gate_exps.input_scale
create_tensor: loading tensor blk.0.ffn_down_exps.input_scale
create_tensor: loading tensor blk.0.ffn_up_exps.input_scale
create_tensor: loading tensor blk.1.attn_q.scale
create_tensor: loading tensor blk.1.attn_k.scale
create_tensor: loading tensor blk.1.attn_v.scale
create_tensor: loading tensor blk.1.attn_output.scale
create_tensor: loading tensor blk.1.ffn_gate_exps.scale
create_tensor: loading tensor blk.1.ffn_down_exps.scale
create_tensor: loading tensor blk.1.ffn_up_exps.scale
create_tensor: loading tensor blk.1.attn_q.input_scale
create_tensor: loading tensor blk.1.attn_k.input_scale
create_tensor: loading tensor blk.1.attn_v.input_scale
create_tensor: loading tensor blk.1.attn_output.input_scale
create_tensor: loading tensor blk.1.ffn_gate_exps.input_scale
create_tensor: loading tensor blk.1.ffn_down_exps.input_scale
create_tensor: loading tensor blk.1.ffn_up_exps.input_scale
load_tensors: offloading 0 repeating layers to GPU
load_tensors: offloaded 0/3 layers to GPU
load_tensors:          CPU model buffer size =     0.07 MiB
load_all_data: no device found for buffer type CPU for async uploads
.....................
load_tensors: experimental host-bank MoE enabled, tile weights <= 3712 bytes; this is not a total memory limit
llama_context: constructing llama_context
llama_context: n_seq_max             = 1
llama_context: n_ctx                 = 256
llama_context: n_ctx_seq             = 256
llama_context: n_batch               = 32
llama_context: n_ubatch              = 8
llama_context: causal_attn           = 1
llama_context: flash_attn            = disabled
llama_context: kv_unified            = false
llama_context: freq_base             = 10000.0
llama_context: freq_scale            = 1
llama_context: n_rs_seq              = 0
llama_context: n_outputs_max         = 32
llama_context: n_outputs_max_per_seq = 1
llama_context: n_ctx_seq (256) > n_ctx_train (128) -- possible training context overflow
set_abort_callback: call
llama_context:        CPU  output buffer size =     0.00 MiB
llama_kv_cache: layer   0: dev = CPU
llama_kv_cache: layer   1: dev = CPU
llama_kv_cache:        CPU KV buffer size =     0.06 MiB
llama_kv_cache: size =    0.06 MiB (   256 cells,   2 layers,  1/1 seqs), K (f16):    0.03 MiB, V (f16):    0.03 MiB
llama_kv_cache: attn_rot_k = 0, n_embd_head_k_all = 16
llama_kv_cache: attn_rot_v = 0, n_embd_head_k_all = 16
llama_context: enumerating backends
llama_context: backend_ptrs.size() = 2
sched_reserve: reserving ...
sched_reserve: max_nodes = 1024
sched_reserve: decode graph slots = 4 (n_tokens <= 4)
sched_reserve: reserving full memory module
sched_reserve: worst-case: n_tokens = 8, n_seqs = 1, n_outputs = 1
resolve_fused_ops: resolving fused Gated Delta Net support:
graph_reserve: reserving a graph for ubatch with n_tokens =    1, n_seqs =  1, n_outputs =    1
resolve_fused_ops: fused Gated Delta Net (autoregressive) enabled
graph_reserve: reserving a graph for ubatch with n_tokens =   16, n_seqs =  1, n_outputs =   16
resolve_fused_ops: fused Gated Delta Net (chunked) enabled
resolve_fused_ops: resolving fused Lightning Indexer support:
graph_reserve: reserving a graph for ubatch with n_tokens =    1, n_seqs =  1, n_outputs =    1
resolve_fused_ops: Lightning Indexer enabled
resolve_fused_ops: resolving fused DeepSeek V4 HC support:
graph_reserve: reserving a graph for ubatch with n_tokens =    1, n_seqs =  1, n_outputs =    1
resolve_fused_ops: fused DeepSeek V4 HC pre enabled
graph_reserve: reserving a graph for ubatch with n_tokens =    1, n_seqs =  1, n_outputs =    1
resolve_fused_ops: fused DeepSeek V4 HC comb enabled
graph_reserve: reserving a graph for ubatch with n_tokens =    1, n_seqs =  1, n_outputs =    1
resolve_fused_ops: fused DeepSeek V4 HC post enabled
graph_reserve: reserving a graph for ubatch with n_tokens =    8, n_seqs =  1, n_outputs =    8
graph_reserve: reserving a graph for ubatch with n_tokens =    1, n_seqs =  1, n_outputs =    1
graph_reserve: reserving a graph for ubatch with n_tokens =    8, n_seqs =  1, n_outputs =    8
sched_reserve:  CUDA_Host compute buffer size =     0.03 MiB
sched_reserve: graph nodes  = 110
sched_reserve: graph splits = 1
sched_reserve: reserve took 2.83 ms, sched copies = 1
llama_context: constructing llama_context
llama_context: MoE device=CUDA0 cache=35840 staging=1048576 compute-limit=67108864 bytes
llama_context: n_seq_max             = 1
llama_context: n_ctx                 = 256
llama_context: n_ctx_seq             = 256
llama_context: n_batch               = 32
llama_context: n_ubatch              = 8
llama_context: causal_attn           = 1
llama_context: flash_attn            = disabled
llama_context: kv_unified            = false
llama_context: freq_base             = 10000.0
llama_context: freq_scale            = 1
llama_context: n_rs_seq              = 0
llama_context: n_outputs_max         = 32
llama_context: n_outputs_max_per_seq = 1
llama_context: n_ctx_seq (256) > n_ctx_train (128) -- possible training context overflow
set_abort_callback: call
llama_context:        CPU  output buffer size =     0.00 MiB
llama_kv_cache: layer   0: dev = CPU
llama_kv_cache: layer   1: dev = CPU
llama_kv_cache:        CPU KV buffer size =     0.06 MiB
llama_kv_cache: size =    0.06 MiB (   256 cells,   2 layers,  1/1 seqs), K (f16):    0.03 MiB, V (f16):    0.03 MiB
llama_kv_cache: attn_rot_k = 0, n_embd_head_k_all = 16
llama_kv_cache: attn_rot_v = 0, n_embd_head_k_all = 16
llama_context: enumerating backends
llama_context: backend_ptrs.size() = 2
sched_reserve: reserving ...
sched_reserve: max_nodes = 1024
sched_reserve: decode graph slots = 4 (n_tokens <= 4)
sched_reserve: reserving full memory module
sched_reserve: worst-case: n_tokens = 8, n_seqs = 1, n_outputs = 1
resolve_fused_ops: resolving fused Gated Delta Net support:
graph_reserve: reserving a graph for ubatch with n_tokens =    1, n_seqs =  1, n_outputs =    1
resolve_fused_ops: fused Gated Delta Net (autoregressive) enabled
graph_reserve: reserving a graph for ubatch with n_tokens =   16, n_seqs =  1, n_outputs =   16
resolve_fused_ops: fused Gated Delta Net (chunked) enabled
resolve_fused_ops: resolving fused Lightning Indexer support:
graph_reserve: reserving a graph for ubatch with n_tokens =    1, n_seqs =  1, n_outputs =    1
resolve_fused_ops: Lightning Indexer enabled
resolve_fused_ops: resolving fused DeepSeek V4 HC support:
graph_reserve: reserving a graph for ubatch with n_tokens =    1, n_seqs =  1, n_outputs =    1
resolve_fused_ops: fused DeepSeek V4 HC pre enabled
graph_reserve: reserving a graph for ubatch with n_tokens =    1, n_seqs =  1, n_outputs =    1
resolve_fused_ops: fused DeepSeek V4 HC comb enabled
graph_reserve: reserving a graph for ubatch with n_tokens =    1, n_seqs =  1, n_outputs =    1
resolve_fused_ops: fused DeepSeek V4 HC post enabled
graph_reserve: reserving a graph for ubatch with n_tokens =    8, n_seqs =  1, n_outputs =    8
graph_reserve: reserving a graph for ubatch with n_tokens =    1, n_seqs =  1, n_outputs =    1
graph_reserve: reserving a graph for ubatch with n_tokens =    8, n_seqs =  1, n_outputs =    8
sched_reserve:  CUDA_Host compute buffer size =     0.03 MiB
sched_reserve: graph nodes  = 100
sched_reserve: graph splits = 1
sched_reserve: reserve took 2.77 ms, sched copies = 1
graph_reserve: reserving a graph for ubatch with n_tokens =    4, n_seqs =  1, n_outputs =    4
logit/value mismatch index=16 reference=-0.000194038032 actual=-0.00796426274 limit=0.00500970194
~llama_context:      CUDA0 compute buffer size is   0.0000 MiB, matches expectation of   0.0000 MiB
~llama_context:  CUDA_Host compute buffer size is   0.0304 MiB, matches expectation of   0.0304 MiB
~llama_context:      CUDA0 compute buffer size is   0.0000 MiB, matches expectation of   0.0000 MiB
~llama_context:  CUDA_Host compute buffer size is   0.0304 MiB, matches expectation of   0.0304 MiB
model output differs from baseline
