ggml_cuda_init: found 1 CUDA devices (Total VRAM: 8187 MiB):
  Device 0: NVIDIA GeForce RTX 4060 Laptop GPU, compute capability 8.9, VMM: yes, VRAM: 8187 MiB
llama_model_loader: loaded meta data with 13 key-value pairs and 23 tensors from C:\Users\cadel\AppData\Local\Temp\moe-integration-24038.gguf (version GGUF V3 (latest))
llama_model_loader: Dumping metadata keys/values. Note: KV overrides do not apply in this output.
llama_model_loader: - kv   0:                       general.architecture str              = llama
llama_model_loader: - kv   1:                       tokenizer.ggml.model str              = no_vocab
llama_model_loader: - kv   2:                           llama.vocab_size u32              = 32
llama_model_loader: - kv   3:                       llama.context_length u32              = 128
llama_model_loader: - kv   4:                     llama.embedding_length u32              = 32
llama_model_loader: - kv   5:                          llama.block_count u32              = 2
llama_model_loader: - kv   6:                  llama.feed_forward_length u32              = 64
llama_model_loader: - kv   7:                 llama.attention.head_count u32              = 2
llama_model_loader: - kv   8:              llama.attention.head_count_kv u32              = 2
llama_model_loader: - kv   9:                 llama.rope.dimension_count u32              = 16
llama_model_loader: - kv  10:                         llama.expert_count u32              = 4
llama_model_loader: - kv  11:                    llama.expert_used_count u32              = 2
llama_model_loader: - kv  12:     llama.attention.layer_norm_rms_epsilon f32              = 0.000010
llama_model_loader: - type  f32:   23 tensors
print_info: file format = GGUF V3 (latest)
print_info: file type   = (guessed) all F32
print_info: file size   = 0.23 MiB (32.00 BPW) 
llama_prepare_model_devices: using device CUDA0 (NVIDIA GeForce RTX 4060 Laptop GPU) (0000:01:00.0) - 7106 MiB free
load: adding 32 dummy tokens
print_info: arch                  = llama
print_info: vocab_only            = 0
print_info: no_alloc              = 0
print_info: n_ctx_train           = 128
print_info: n_embd_inp            = 32
print_info: n_embd                = 32
print_info: n_embd_out            = 32
print_info: n_layer               = 2
print_info: n_layer_all           = 2
print_info: n_head                = 2
print_info: n_head_kv             = 2
print_info: n_rot                 = 16
print_info: n_swa                 = 0
print_info: is_swa_any            = 0
print_info: n_embd_head_k         = 16
print_info: n_embd_head_v         = 16
print_info: n_gqa                 = 1
print_info: n_embd_k_gqa          = 32
print_info: n_embd_v_gqa          = 32
print_info: f_norm_eps            = 0.0e+00
print_info: f_norm_rms_eps        = 1.0e-05
print_info: f_clamp_kqv           = 0.0e+00
print_info: f_max_alibi_bias      = 0.0e+00
print_info: f_logit_scale         = 0.0e+00
print_info: f_attn_scale          = 0.0e+00
print_info: f_attn_value_scale    = 0.0000
print_info: n_ff                  = 64
print_info: n_expert              = 4
print_info: n_expert_used         = 2
print_info: n_expert_groups       = 0
print_info: n_group_used          = 0
print_info: causal attn           = 1
print_info: pooling type          = -1
print_info: rope type             = 0
print_info: rope scaling          = linear
print_info: freq_base_train       = 10000.0
print_info: freq_scale_train      = 1
print_info: n_ctx_orig_yarn       = 128
print_info: rope_yarn_log_mul     = 0.0000
print_info: rope_finetuned        = unknown
print_info: model type            = ?B
print_info: model params          = 59.81 K
print_info: general.name          = n/a
print_info: vocab type            = no vocab
print_info: n_vocab               = 32
print_info: n_merges              = 0
print_info: max token length      = 0
load_tensors: loading model tensors, this can take a while... (load_mode = none)
load_tensors: layer   0 assigned to device CPU, is_swa = 0
load_tensors: layer   1 assigned to device CPU, is_swa = 0
load_tensors: layer   2 assigned to device CPU, is_swa = 0
create_tensor: loading tensor token_embd.weight
create_tensor: loading tensor output_norm.weight
create_tensor: loading tensor output.weight
create_tensor: loading tensor blk.0.attn_norm.weight
create_tensor: loading tensor blk.0.attn_qkv.weight
create_tensor: loading tensor blk.0.attn_q.weight
create_tensor: loading tensor blk.0.attn_k.weight
create_tensor: loading tensor blk.0.attn_v.weight
create_tensor: loading tensor blk.0.attn_q.bias
create_tensor: loading tensor blk.0.attn_k.bias
create_tensor: loading tensor blk.0.attn_v.bias
create_tensor: loading tensor blk.0.attn_output.weight
create_tensor: loading tensor blk.0.attn_output.bias
create_tensor: loading tensor blk.0.ffn_norm.weight
create_tensor: loading tensor rope_freqs.weight
create_tensor: loading tensor blk.0.ffn_gate_inp.weight
create_tensor: loading tensor blk.0.ffn_gate_exps.weight
create_tensor: loading tensor blk.0.ffn_down_exps.weight
create_tensor: loading tensor blk.0.ffn_up_exps.weight
create_tensor: loading tensor blk.1.attn_norm.weight
create_tensor: loading tensor blk.1.attn_qkv.weight
create_tensor: loading tensor blk.1.attn_q.weight
create_tensor: loading tensor blk.1.attn_k.weight
create_tensor: loading tensor blk.1.attn_v.weight
create_tensor: loading tensor blk.1.attn_q.bias
create_tensor: loading tensor blk.1.attn_k.bias
create_tensor: loading tensor blk.1.attn_v.bias
create_tensor: loading tensor blk.1.attn_output.weight
create_tensor: loading tensor blk.1.attn_output.bias
create_tensor: loading tensor blk.1.ffn_norm.weight
create_tensor: loading tensor rope_freqs.weight
create_tensor: loading tensor blk.1.ffn_gate_inp.weight
create_tensor: loading tensor blk.1.ffn_gate_exps.weight
create_tensor: loading tensor blk.1.ffn_down_exps.weight
create_tensor: loading tensor blk.1.ffn_up_exps.weight
create_tensor: loading tensor blk.0.attn_q.scale
create_tensor: loading tensor blk.0.attn_k.scale
create_tensor: loading tensor blk.0.attn_v.scale
create_tensor: loading tensor blk.0.attn_output.scale
create_tensor: loading tensor blk.0.ffn_gate_exps.scale
create_tensor: loading tensor blk.0.ffn_down_exps.scale
create_tensor: loading tensor blk.0.ffn_up_exps.scale
create_tensor: loading tensor blk.0.attn_q.input_scale
create_tensor: loading tensor blk.0.attn_k.input_scale
create_tensor: loading tensor blk.0.attn_v.input_scale
create_tensor: loading tensor blk.0.attn_output.input_scale
create_tensor: loading tensor blk.0.ffn_gate_exps.input_scale
create_tensor: loading tensor blk.0.ffn_down_exps.input_scale
create_tensor: loading tensor blk.0.ffn_up_exps.input_scale
create_tensor: loading tensor blk.1.attn_q.scale
create_tensor: loading tensor blk.1.attn_k.scale
create_tensor: loading tensor blk.1.attn_v.scale
create_tensor: loading tensor blk.1.attn_output.scale
create_tensor: loading tensor blk.1.ffn_gate_exps.scale
create_tensor: loading tensor blk.1.ffn_down_exps.scale
create_tensor: loading tensor blk.1.ffn_up_exps.scale
create_tensor: loading tensor blk.1.attn_q.input_scale
create_tensor: loading tensor blk.1.attn_k.input_scale
create_tensor: loading tensor blk.1.attn_v.input_scale
create_tensor: loading tensor blk.1.attn_output.input_scale
create_tensor: loading tensor blk.1.ffn_gate_exps.input_scale
create_tensor: loading tensor blk.1.ffn_down_exps.input_scale
create_tensor: loading tensor blk.1.ffn_up_exps.input_scale
load_tensors: offloading 0 repeating layers to GPU
load_tensors: offloaded 0/3 layers to GPU
load_tensors:    CUDA_Host model buffer size =     0.23 MiB
load_all_data: buffer type CUDA_Host is not the default buffer type for device CUDA0 for async uploads
................
llama_model_loader: loaded meta data with 13 key-value pairs and 23 tensors from C:\Users\cadel\AppData\Local\Temp\moe-integration-24038.gguf (version GGUF V3 (latest))
llama_model_loader: Dumping metadata keys/values. Note: KV overrides do not apply in this output.
llama_model_loader: - kv   0:                       general.architecture str              = llama
llama_model_loader: - kv   1:                       tokenizer.ggml.model str              = no_vocab
llama_model_loader: - kv   2:                           llama.vocab_size u32              = 32
llama_model_loader: - kv   3:                       llama.context_length u32              = 128
llama_model_loader: - kv   4:                     llama.embedding_length u32              = 32
llama_model_loader: - kv   5:                          llama.block_count u32              = 2
llama_model_loader: - kv   6:                  llama.feed_forward_length u32              = 64
llama_model_loader: - kv   7:                 llama.attention.head_count u32              = 2
llama_model_loader: - kv   8:              llama.attention.head_count_kv u32              = 2
llama_model_loader: - kv   9:                 llama.rope.dimension_count u32              = 16
llama_model_loader: - kv  10:                         llama.expert_count u32              = 4
llama_model_loader: - kv  11:                    llama.expert_used_count u32              = 2
llama_model_loader: - kv  12:     llama.attention.layer_norm_rms_epsilon f32              = 0.000010
llama_model_loader: - type  f32:   23 tensors
print_info: file format = GGUF V3 (latest)
print_info: file type   = (guessed) all F32
print_info: file size   = 0.23 MiB (32.00 BPW) 
llama_prepare_model_devices: using device CUDA0 (NVIDIA GeForce RTX 4060 Laptop GPU) (0000:01:00.0) - 7106 MiB free
load: adding 32 dummy tokens
print_info: arch                  = llama
print_info: vocab_only            = 0
print_info: no_alloc              = 0
print_info: n_ctx_train           = 128
print_info: n_embd_inp            = 32
print_info: n_embd                = 32
print_info: n_embd_out            = 32
print_info: n_layer               = 2
print_info: n_layer_all           = 2
print_info: n_head                = 2
print_info: n_head_kv             = 2
print_info: n_rot                 = 16
print_info: n_swa                 = 0
print_info: is_swa_any            = 0
print_info: n_embd_head_k         = 16
print_info: n_embd_head_v         = 16
print_info: n_gqa                 = 1
print_info: n_embd_k_gqa          = 32
print_info: n_embd_v_gqa          = 32
print_info: f_norm_eps            = 0.0e+00
print_info: f_norm_rms_eps        = 1.0e-05
print_info: f_clamp_kqv           = 0.0e+00
print_info: f_max_alibi_bias      = 0.0e+00
print_info: f_logit_scale         = 0.0e+00
print_info: f_attn_scale          = 0.0e+00
print_info: f_attn_value_scale    = 0.0000
print_info: n_ff                  = 64
print_info: n_expert              = 4
print_info: n_expert_used         = 2
print_info: n_expert_groups       = 0
print_info: n_group_used          = 0
print_info: causal attn           = 1
print_info: pooling type          = -1
print_info: rope type             = 0
print_info: rope scaling          = linear
print_info: freq_base_train       = 10000.0
print_info: freq_scale_train      = 1
print_info: n_ctx_orig_yarn       = 128
print_info: rope_yarn_log_mul     = 0.0000
print_info: rope_finetuned        = unknown
print_info: model type            = ?B
print_info: model params          = 59.81 K
print_info: general.name          = n/a
print_info: vocab type            = no vocab
print_info: n_vocab               = 32
print_info: n_merges              = 0
print_info: max token length      = 0
load_tensors: loading model tensors, this can take a while... (load_mode = none)
load_tensors: layer   0 assigned to device CPU, is_swa = 0
load_tensors: layer   1 assigned to device CPU, is_swa = 0
load_tensors: layer   2 assigned to device CPU, is_swa = 0
create_tensor: loading tensor token_embd.weight
create_tensor: loading tensor output_norm.weight
create_tensor: loading tensor output.weight
create_tensor: loading tensor blk.0.attn_norm.weight
create_tensor: loading tensor blk.0.attn_qkv.weight
create_tensor: loading tensor blk.0.attn_q.weight
create_tensor: loading tensor blk.0.attn_k.weight
create_tensor: loading tensor blk.0.attn_v.weight
create_tensor: loading tensor blk.0.attn_q.bias
create_tensor: loading tensor blk.0.attn_k.bias
create_tensor: loading tensor blk.0.attn_v.bias
create_tensor: loading tensor blk.0.attn_output.weight
create_tensor: loading tensor blk.0.attn_output.bias
create_tensor: loading tensor blk.0.ffn_norm.weight
create_tensor: loading tensor rope_freqs.weight
create_tensor: loading tensor blk.0.ffn_gate_inp.weight
create_tensor: loading tensor blk.0.ffn_gate_exps.weight
create_tensor: loading tensor blk.0.ffn_down_exps.weight
create_tensor: loading tensor blk.0.ffn_up_exps.weight
create_tensor: loading tensor blk.1.attn_norm.weight
create_tensor: loading tensor blk.1.attn_qkv.weight
create_tensor: loading tensor blk.1.attn_q.weight
create_tensor: loading tensor blk.1.attn_k.weight
create_tensor: loading tensor blk.1.attn_v.weight
create_tensor: loading tensor blk.1.attn_q.bias
create_tensor: loading tensor blk.1.attn_k.bias
create_tensor: loading tensor blk.1.attn_v.bias
create_tensor: loading tensor blk.1.attn_output.weight
create_tensor: loading tensor blk.1.attn_output.bias
create_tensor: loading tensor blk.1.ffn_norm.weight
create_tensor: loading tensor rope_freqs.weight
create_tensor: loading tensor blk.1.ffn_gate_inp.weight
create_tensor: loading tensor blk.1.ffn_gate_exps.weight
create_tensor: loading tensor blk.1.ffn_down_exps.weight
create_tensor: loading tensor blk.1.ffn_up_exps.weight
create_tensor: loading tensor blk.0.attn_q.scale
create_tensor: loading tensor blk.0.attn_k.scale
create_tensor: loading tensor blk.0.attn_v.scale
create_tensor: loading tensor blk.0.attn_output.scale
create_tensor: loading tensor blk.0.ffn_gate_exps.scale
create_tensor: loading tensor blk.0.ffn_down_exps.scale
create_tensor: loading tensor blk.0.ffn_up_exps.scale
create_tensor: loading tensor blk.0.attn_q.input_scale
create_tensor: loading tensor blk.0.attn_k.input_scale
create_tensor: loading tensor blk.0.attn_v.input_scale
create_tensor: loading tensor blk.0.attn_output.input_scale
create_tensor: loading tensor blk.0.ffn_gate_exps.input_scale
create_tensor: loading tensor blk.0.ffn_down_exps.input_scale
create_tensor: loading tensor blk.0.ffn_up_exps.input_scale
create_tensor: loading tensor blk.1.attn_q.scale
create_tensor: loading tensor blk.1.attn_k.scale
create_tensor: loading tensor blk.1.attn_v.scale
create_tensor: loading tensor blk.1.attn_output.scale
create_tensor: loading tensor blk.1.ffn_gate_exps.scale
create_tensor: loading tensor blk.1.ffn_down_exps.scale
create_tensor: loading tensor blk.1.ffn_up_exps.scale
create_tensor: loading tensor blk.1.attn_q.input_scale
create_tensor: loading tensor blk.1.attn_k.input_scale
create_tensor: loading tensor blk.1.attn_v.input_scale
create_tensor: loading tensor blk.1.attn_output.input_scale
create_tensor: loading tensor blk.1.ffn_gate_exps.input_scale
create_tensor: loading tensor blk.1.ffn_down_exps.input_scale
create_tensor: loading tensor blk.1.ffn_up_exps.input_scale
load_tensors: offloading 0 repeating layers to GPU
load_tensors: offloaded 0/3 layers to GPU
load_tensors:          CPU model buffer size =     0.23 MiB
load_all_data: no device found for buffer type CPU for async uploads
................
load_tensors: experimental host-bank MoE enabled, tile weights <= 24832 bytes; this is not a total memory limit
llama_context: constructing llama_context
llama_context: n_seq_max             = 1
llama_context: n_ctx                 = 256
llama_context: n_ctx_seq             = 256
llama_context: n_batch               = 32
llama_context: n_ubatch              = 8
llama_context: causal_attn           = 1
llama_context: flash_attn            = disabled
llama_context: kv_unified            = false
llama_context: freq_base             = 10000.0
llama_context: freq_scale            = 1
llama_context: n_rs_seq              = 0
llama_context: n_outputs_max         = 32
llama_context: n_outputs_max_per_seq = 1
llama_context: n_ctx_seq (256) > n_ctx_train (128) -- possible training context overflow
set_abort_callback: call
llama_context:        CPU  output buffer size =     0.00 MiB
llama_kv_cache: layer   0: dev = CPU
llama_kv_cache: layer   1: dev = CPU
llama_kv_cache:        CPU KV buffer size =     0.06 MiB
llama_kv_cache: size =    0.06 MiB (   256 cells,   2 layers,  1/1 seqs), K (f16):    0.03 MiB, V (f16):    0.03 MiB
llama_kv_cache: attn_rot_k = 0, n_embd_head_k_all = 16
llama_kv_cache: attn_rot_v = 0, n_embd_head_k_all = 16
llama_context: enumerating backends
llama_context: backend_ptrs.size() = 2
sched_reserve: reserving ...
sched_reserve: max_nodes = 1024
sched_reserve: decode graph slots = 4 (n_tokens <= 4)
sched_reserve: reserving full memory module
sched_reserve: worst-case: n_tokens = 8, n_seqs = 1, n_outputs = 1
resolve_fused_ops: resolving fused Gated Delta Net support:
graph_reserve: reserving a graph for ubatch with n_tokens =    1, n_seqs =  1, n_outputs =    1
resolve_fused_ops: fused Gated Delta Net (autoregressive) enabled
graph_reserve: reserving a graph for ubatch with n_tokens =   16, n_seqs =  1, n_outputs =   16
resolve_fused_ops: fused Gated Delta Net (chunked) enabled
resolve_fused_ops: resolving fused Lightning Indexer support:
graph_reserve: reserving a graph for ubatch with n_tokens =    1, n_seqs =  1, n_outputs =    1
resolve_fused_ops: Lightning Indexer enabled
resolve_fused_ops: resolving fused DeepSeek V4 HC support:
graph_reserve: reserving a graph for ubatch with n_tokens =    1, n_seqs =  1, n_outputs =    1
resolve_fused_ops: fused DeepSeek V4 HC pre enabled
graph_reserve: reserving a graph for ubatch with n_tokens =    1, n_seqs =  1, n_outputs =    1
resolve_fused_ops: fused DeepSeek V4 HC comb enabled
graph_reserve: reserving a graph for ubatch with n_tokens =    1, n_seqs =  1, n_outputs =    1
resolve_fused_ops: fused DeepSeek V4 HC post enabled
graph_reserve: reserving a graph for ubatch with n_tokens =    8, n_seqs =  1, n_outputs =    8
graph_reserve: reserving a graph for ubatch with n_tokens =    1, n_seqs =  1, n_outputs =    1
graph_reserve: reserving a graph for ubatch with n_tokens =    8, n_seqs =  1, n_outputs =    8
sched_reserve:  CUDA_Host compute buffer size =     0.03 MiB
sched_reserve: graph nodes  = 110
sched_reserve: graph splits = 1
sched_reserve: reserve took 3.35 ms, sched copies = 1
llama_context: constructing llama_context
llama_context: n_seq_max             = 1
llama_context: n_ctx                 = 256
llama_context: n_ctx_seq             = 256
llama_context: n_batch               = 32
llama_context: n_ubatch              = 8
llama_context: causal_attn           = 1
llama_context: flash_attn            = disabled
llama_context: kv_unified            = false
llama_context: freq_base             = 10000.0
llama_context: freq_scale            = 1
llama_context: n_rs_seq              = 0
llama_context: n_outputs_max         = 32
llama_context: n_outputs_max_per_seq = 1
llama_context: n_ctx_seq (256) > n_ctx_train (128) -- possible training context overflow
set_abort_callback: call
llama_context:        CPU  output buffer size =     0.00 MiB
llama_kv_cache: layer   0: dev = CPU
llama_kv_cache: layer   1: dev = CPU
llama_kv_cache:        CPU KV buffer size =     0.06 MiB
llama_kv_cache: size =    0.06 MiB (   256 cells,   2 layers,  1/1 seqs), K (f16):    0.03 MiB, V (f16):    0.03 MiB
llama_kv_cache: attn_rot_k = 0, n_embd_head_k_all = 16
llama_kv_cache: attn_rot_v = 0, n_embd_head_k_all = 16
llama_context: enumerating backends
llama_context: backend_ptrs.size() = 2
sched_reserve: reserving ...
sched_reserve: max_nodes = 1024
sched_reserve: decode graph slots = 4 (n_tokens <= 4)
sched_reserve: reserving full memory module
sched_reserve: worst-case: n_tokens = 8, n_seqs = 1, n_outputs = 1
resolve_fused_ops: resolving fused Gated Delta Net support:
graph_reserve: reserving a graph for ubatch with n_tokens =    1, n_seqs =  1, n_outputs =    1
resolve_fused_ops: fused Gated Delta Net (autoregressive) enabled
graph_reserve: reserving a graph for ubatch with n_tokens =   16, n_seqs =  1, n_outputs =   16
resolve_fused_ops: fused Gated Delta Net (chunked) enabled
resolve_fused_ops: resolving fused Lightning Indexer support:
graph_reserve: reserving a graph for ubatch with n_tokens =    1, n_seqs =  1, n_outputs =    1
resolve_fused_ops: Lightning Indexer enabled
resolve_fused_ops: resolving fused DeepSeek V4 HC support:
graph_reserve: reserving a graph for ubatch with n_tokens =    1, n_seqs =  1, n_outputs =    1
resolve_fused_ops: fused DeepSeek V4 HC pre enabled
graph_reserve: reserving a graph for ubatch with n_tokens =    1, n_seqs =  1, n_outputs =    1
resolve_fused_ops: fused DeepSeek V4 HC comb enabled
graph_reserve: reserving a graph for ubatch with n_tokens =    1, n_seqs =  1, n_outputs =    1
resolve_fused_ops: fused DeepSeek V4 HC post enabled
graph_reserve: reserving a graph for ubatch with n_tokens =    8, n_seqs =  1, n_outputs =    8
graph_reserve: reserving a graph for ubatch with n_tokens =    1, n_seqs =  1, n_outputs =    1
graph_reserve: reserving a graph for ubatch with n_tokens =    8, n_seqs =  1, n_outputs =    8
sched_reserve:  CUDA_Host compute buffer size =     0.03 MiB
sched_reserve: graph nodes  = 100
sched_reserve: graph splits = 1
sched_reserve: reserve took 2.82 ms, sched copies = 1
graph_reserve: reserving a graph for ubatch with n_tokens =    4, n_seqs =  1, n_outputs =    4
set_abort_callback: call
graph_compute: ggml_backend_sched_graph_compute_async failed with error 1
process_ubatch: failed to compute graph, compute status: 1
decode: removing memory module entries for seq_id = 0, pos = [59, +inf)
llama_decode: failed to decode, ret = 2
set_abort_callback: call
host-bank MoE execution failed: MoE routing weight must be finite
host-bank MoE execution failed: MoE routing weight must be finite
process_ubatch: failed to compute graph, compute status: -1
decode: removing memory module entries for seq_id = 0, pos = [59, +inf)
llama_decode: failed to decode, ret = -3
llama_context: constructing llama_context
llama_init_from_model: failed to initialize the context: host-bank MoE requires one sequence, op_offload=false and offload_kqv=false
llama_context: constructing llama_context
llama_init_from_model: failed to initialize the context: host-bank MoE requires one sequence, op_offload=false and offload_kqv=false
llama_context: constructing llama_context
llama_init_from_model: failed to initialize the context: host-bank MoE requires one sequence, op_offload=false and offload_kqv=false
llama_context: constructing llama_context
llama_init_from_model: failed to initialize the context: moe cache: invalid uniform arena geometry
llama_context: constructing llama_context
llama_init_from_model: failed to initialize the context: host-bank MoE cache requires model.moe_cpu_tile_bytes host-bank setup
~llama_context:      CUDA0 compute buffer size is   0.0000 MiB, matches expectation of   0.0000 MiB
~llama_context:  CUDA_Host compute buffer size is   0.0304 MiB, matches expectation of   0.0304 MiB
~llama_context:      CUDA0 compute buffer size is   0.0000 MiB, matches expectation of   0.0000 MiB
~llama_context:  CUDA_Host compute buffer size is   0.0304 MiB, matches expectation of   0.0304 MiB
llama_context: constructing llama_context
llama_context: n_seq_max             = 1
llama_context: n_ctx                 = 256
llama_context: n_ctx_seq             = 256
llama_context: n_batch               = 32
llama_context: n_ubatch              = 8
llama_context: causal_attn           = 1
llama_context: flash_attn            = disabled
llama_context: kv_unified            = false
llama_context: freq_base             = 10000.0
llama_context: freq_scale            = 1
llama_context: n_rs_seq              = 0
llama_context: n_outputs_max         = 32
llama_context: n_outputs_max_per_seq = 1
llama_context: n_ctx_seq (256) > n_ctx_train (128) -- possible training context overflow
set_abort_callback: call
llama_context:        CPU  output buffer size =     0.00 MiB
llama_kv_cache: layer   0: dev = CPU
llama_kv_cache: layer   1: dev = CPU
llama_kv_cache:        CPU KV buffer size =     0.06 MiB
llama_kv_cache: size =    0.06 MiB (   256 cells,   2 layers,  1/1 seqs), K (f16):    0.03 MiB, V (f16):    0.03 MiB
llama_kv_cache: attn_rot_k = 0, n_embd_head_k_all = 16
llama_kv_cache: attn_rot_v = 0, n_embd_head_k_all = 16
llama_context: enumerating backends
llama_context: backend_ptrs.size() = 2
sched_reserve: reserving ...
sched_reserve: max_nodes = 1024
sched_reserve: decode graph slots = 4 (n_tokens <= 4)
sched_reserve: reserving full memory module
sched_reserve: worst-case: n_tokens = 8, n_seqs = 1, n_outputs = 1
resolve_fused_ops: resolving fused Gated Delta Net support:
graph_reserve: reserving a graph for ubatch with n_tokens =    1, n_seqs =  1, n_outputs =    1
resolve_fused_ops: fused Gated Delta Net (autoregressive) enabled
graph_reserve: reserving a graph for ubatch with n_tokens =   16, n_seqs =  1, n_outputs =   16
resolve_fused_ops: fused Gated Delta Net (chunked) enabled
resolve_fused_ops: resolving fused Lightning Indexer support:
graph_reserve: reserving a graph for ubatch with n_tokens =    1, n_seqs =  1, n_outputs =    1
resolve_fused_ops: Lightning Indexer enabled
resolve_fused_ops: resolving fused DeepSeek V4 HC support:
graph_reserve: reserving a graph for ubatch with n_tokens =    1, n_seqs =  1, n_outputs =    1
resolve_fused_ops: fused DeepSeek V4 HC pre enabled
graph_reserve: reserving a graph for ubatch with n_tokens =    1, n_seqs =  1, n_outputs =    1
resolve_fused_ops: fused DeepSeek V4 HC comb enabled
graph_reserve: reserving a graph for ubatch with n_tokens =    1, n_seqs =  1, n_outputs =    1
resolve_fused_ops: fused DeepSeek V4 HC post enabled
graph_reserve: reserving a graph for ubatch with n_tokens =    8, n_seqs =  1, n_outputs =    8
graph_reserve: reserving a graph for ubatch with n_tokens =    1, n_seqs =  1, n_outputs =    1
graph_reserve: reserving a graph for ubatch with n_tokens =    8, n_seqs =  1, n_outputs =    8
sched_reserve:  CUDA_Host compute buffer size =     0.03 MiB
sched_reserve: graph nodes  = 100
sched_reserve: graph splits = 1
sched_reserve: reserve took 2.69 ms, sched copies = 1
llama_context: constructing llama_context
llama_context: n_seq_max             = 1
llama_context: n_ctx                 = 256
llama_context: n_ctx_seq             = 256
llama_context: n_batch               = 32
llama_context: n_ubatch              = 8
llama_context: causal_attn           = 1
llama_context: flash_attn            = disabled
llama_context: kv_unified            = false
llama_context: freq_base             = 10000.0
llama_context: freq_scale            = 1
llama_context: n_rs_seq              = 0
llama_context: n_outputs_max         = 32
llama_context: n_outputs_max_per_seq = 1
llama_context: n_ctx_seq (256) > n_ctx_train (128) -- possible training context overflow
set_abort_callback: call
llama_context:        CPU  output buffer size =     0.00 MiB
llama_kv_cache: layer   0: dev = CPU
llama_kv_cache: layer   1: dev = CPU
llama_kv_cache:        CPU KV buffer size =     0.06 MiB
llama_kv_cache: size =    0.06 MiB (   256 cells,   2 layers,  1/1 seqs), K (f16):    0.03 MiB, V (f16):    0.03 MiB
llama_kv_cache: attn_rot_k = 0, n_embd_head_k_all = 16
llama_kv_cache: attn_rot_v = 0, n_embd_head_k_all = 16
llama_context: enumerating backends
llama_context: backend_ptrs.size() = 2
sched_reserve: reserving ...
sched_reserve: max_nodes = 1024
sched_reserve: decode graph slots = 4 (n_tokens <= 4)
sched_reserve: reserving full memory module
sched_reserve: worst-case: n_tokens = 8, n_seqs = 1, n_outputs = 1
resolve_fused_ops: resolving fused Gated Delta Net support:
graph_reserve: reserving a graph for ubatch with n_tokens =    1, n_seqs =  1, n_outputs =    1
resolve_fused_ops: fused Gated Delta Net (autoregressive) enabled
graph_reserve: reserving a graph for ubatch with n_tokens =   16, n_seqs =  1, n_outputs =   16
resolve_fused_ops: fused Gated Delta Net (chunked) enabled
resolve_fused_ops: resolving fused Lightning Indexer support:
graph_reserve: reserving a graph for ubatch with n_tokens =    1, n_seqs =  1, n_outputs =    1
resolve_fused_ops: Lightning Indexer enabled
resolve_fused_ops: resolving fused DeepSeek V4 HC support:
graph_reserve: reserving a graph for ubatch with n_tokens =    1, n_seqs =  1, n_outputs =    1
resolve_fused_ops: fused DeepSeek V4 HC pre enabled
graph_reserve: reserving a graph for ubatch with n_tokens =    1, n_seqs =  1, n_outputs =    1
resolve_fused_ops: fused DeepSeek V4 HC comb enabled
graph_reserve: reserving a graph for ubatch with n_tokens =    1, n_seqs =  1, n_outputs =    1
resolve_fused_ops: fused DeepSeek V4 HC post enabled
graph_reserve: reserving a graph for ubatch with n_tokens =    8, n_seqs =  1, n_outputs =    8
graph_reserve: reserving a graph for ubatch with n_tokens =    1, n_seqs =  1, n_outputs =    1
graph_reserve: reserving a graph for ubatch with n_tokens =    8, n_seqs =  1, n_outputs =    8
sched_reserve:  CUDA_Host compute buffer size =     0.03 MiB
sched_reserve: graph nodes  = 110
sched_reserve: graph splits = 1
sched_reserve: reserve took 3.01 ms, sched copies = 1
~llama_context:      CUDA0 compute buffer size is   0.0000 MiB, matches expectation of   0.0000 MiB
~llama_context:  CUDA_Host compute buffer size is   0.0304 MiB, matches expectation of   0.0304 MiB
~llama_context:      CUDA0 compute buffer size is   0.0000 MiB, matches expectation of   0.0000 MiB
~llama_context:  CUDA_Host compute buffer size is   0.0304 MiB, matches expectation of   0.0304 MiB
llama_model_loader: loaded meta data with 13 key-value pairs and 23 tensors from C:\Users\cadel\AppData\Local\Temp\moe-integration-24038.gguf (version GGUF V3 (latest))
llama_model_loader: Dumping metadata keys/values. Note: KV overrides do not apply in this output.
llama_model_loader: - kv   0:                       general.architecture str              = llama
llama_model_loader: - kv   1:                       tokenizer.ggml.model str              = no_vocab
llama_model_loader: - kv   2:                           llama.vocab_size u32              = 32
llama_model_loader: - kv   3:                       llama.context_length u32              = 128
llama_model_loader: - kv   4:                     llama.embedding_length u32              = 32
llama_model_loader: - kv   5:                          llama.block_count u32              = 2
llama_model_loader: - kv   6:                  llama.feed_forward_length u32              = 64
llama_model_loader: - kv   7:                 llama.attention.head_count u32              = 2
llama_model_loader: - kv   8:              llama.attention.head_count_kv u32              = 2
llama_model_loader: - kv   9:                 llama.rope.dimension_count u32              = 16
llama_model_loader: - kv  10:                         llama.expert_count u32              = 4
llama_model_loader: - kv  11:                    llama.expert_used_count u32              = 2
llama_model_loader: - kv  12:     llama.attention.layer_norm_rms_epsilon f32              = 0.000010
llama_model_loader: - type  f32:   23 tensors
print_info: file format = GGUF V3 (latest)
print_info: file type   = (guessed) all F32
print_info: file size   = 0.23 MiB (32.00 BPW) 
llama_prepare_model_devices: using device CUDA0 (NVIDIA GeForce RTX 4060 Laptop GPU) (0000:01:00.0) - 7106 MiB free
load: adding 32 dummy tokens
print_info: arch                  = llama
print_info: vocab_only            = 0
print_info: no_alloc              = 0
print_info: n_ctx_train           = 128
print_info: n_embd_inp            = 32
print_info: n_embd                = 32
print_info: n_embd_out            = 32
print_info: n_layer               = 2
print_info: n_layer_all           = 2
print_info: n_head                = 2
print_info: n_head_kv             = 2
print_info: n_rot                 = 16
print_info: n_swa                 = 0
print_info: is_swa_any            = 0
print_info: n_embd_head_k         = 16
print_info: n_embd_head_v         = 16
print_info: n_gqa                 = 1
print_info: n_embd_k_gqa          = 32
print_info: n_embd_v_gqa          = 32
print_info: f_norm_eps            = 0.0e+00
print_info: f_norm_rms_eps        = 1.0e-05
print_info: f_clamp_kqv           = 0.0e+00
print_info: f_max_alibi_bias      = 0.0e+00
print_info: f_logit_scale         = 0.0e+00
print_info: f_attn_scale          = 0.0e+00
print_info: f_attn_value_scale    = 0.0000
print_info: n_ff                  = 64
print_info: n_expert              = 4
print_info: n_expert_used         = 2
print_info: n_expert_groups       = 0
print_info: n_group_used          = 0
print_info: causal attn           = 1
print_info: pooling type          = -1
print_info: rope type             = 0
print_info: rope scaling          = linear
print_info: freq_base_train       = 10000.0
print_info: freq_scale_train      = 1
print_info: n_ctx_orig_yarn       = 128
print_info: rope_yarn_log_mul     = 0.0000
print_info: rope_finetuned        = unknown
print_info: model type            = ?B
print_info: model params          = 59.81 K
print_info: general.name          = n/a
print_info: vocab type            = no vocab
print_info: n_vocab               = 32
print_info: n_merges              = 0
print_info: max token length      = 0
load_tensors: loading model tensors, this can take a while... (load_mode = none)
load_tensors: layer   0 assigned to device CPU, is_swa = 0
load_tensors: layer   1 assigned to device CPU, is_swa = 0
load_tensors: layer   2 assigned to device CPU, is_swa = 0
create_tensor: loading tensor token_embd.weight
create_tensor: loading tensor output_norm.weight
create_tensor: loading tensor output.weight
create_tensor: loading tensor blk.0.attn_norm.weight
create_tensor: loading tensor blk.0.attn_qkv.weight
create_tensor: loading tensor blk.0.attn_q.weight
create_tensor: loading tensor blk.0.attn_k.weight
create_tensor: loading tensor blk.0.attn_v.weight
create_tensor: loading tensor blk.0.attn_q.bias
create_tensor: loading tensor blk.0.attn_k.bias
create_tensor: loading tensor blk.0.attn_v.bias
create_tensor: loading tensor blk.0.attn_output.weight
create_tensor: loading tensor blk.0.attn_output.bias
create_tensor: loading tensor blk.0.ffn_norm.weight
create_tensor: loading tensor rope_freqs.weight
create_tensor: loading tensor blk.0.ffn_gate_inp.weight
create_tensor: loading tensor blk.0.ffn_gate_exps.weight
create_tensor: loading tensor blk.0.ffn_down_exps.weight
create_tensor: loading tensor blk.0.ffn_up_exps.weight
create_tensor: loading tensor blk.1.attn_norm.weight
create_tensor: loading tensor blk.1.attn_qkv.weight
create_tensor: loading tensor blk.1.attn_q.weight
create_tensor: loading tensor blk.1.attn_k.weight
create_tensor: loading tensor blk.1.attn_v.weight
create_tensor: loading tensor blk.1.attn_q.bias
create_tensor: loading tensor blk.1.attn_k.bias
create_tensor: loading tensor blk.1.attn_v.bias
create_tensor: loading tensor blk.1.attn_output.weight
create_tensor: loading tensor blk.1.attn_output.bias
create_tensor: loading tensor blk.1.ffn_norm.weight
create_tensor: loading tensor rope_freqs.weight
create_tensor: loading tensor blk.1.ffn_gate_inp.weight
create_tensor: loading tensor blk.1.ffn_gate_exps.weight
create_tensor: loading tensor blk.1.ffn_down_exps.weight
create_tensor: loading tensor blk.1.ffn_up_exps.weight
create_tensor: loading tensor blk.0.attn_q.scale
create_tensor: loading tensor blk.0.attn_k.scale
create_tensor: loading tensor blk.0.attn_v.scale
create_tensor: loading tensor blk.0.attn_output.scale
create_tensor: loading tensor blk.0.ffn_gate_exps.scale
create_tensor: loading tensor blk.0.ffn_down_exps.scale
create_tensor: loading tensor blk.0.ffn_up_exps.scale
create_tensor: loading tensor blk.0.attn_q.input_scale
create_tensor: loading tensor blk.0.attn_k.input_scale
create_tensor: loading tensor blk.0.attn_v.input_scale
create_tensor: loading tensor blk.0.attn_output.input_scale
create_tensor: loading tensor blk.0.ffn_gate_exps.input_scale
create_tensor: loading tensor blk.0.ffn_down_exps.input_scale
create_tensor: loading tensor blk.0.ffn_up_exps.input_scale
create_tensor: loading tensor blk.1.attn_q.scale
create_tensor: loading tensor blk.1.attn_k.scale
create_tensor: loading tensor blk.1.attn_v.scale
create_tensor: loading tensor blk.1.attn_output.scale
create_tensor: loading tensor blk.1.ffn_gate_exps.scale
create_tensor: loading tensor blk.1.ffn_down_exps.scale
create_tensor: loading tensor blk.1.ffn_up_exps.scale
create_tensor: loading tensor blk.1.attn_q.input_scale
create_tensor: loading tensor blk.1.attn_k.input_scale
create_tensor: loading tensor blk.1.attn_v.input_scale
create_tensor: loading tensor blk.1.attn_output.input_scale
create_tensor: loading tensor blk.1.ffn_gate_exps.input_scale
create_tensor: loading tensor blk.1.ffn_down_exps.input_scale
create_tensor: loading tensor blk.1.ffn_up_exps.input_scale
load_tensors: offloading 0 repeating layers to GPU
load_tensors: offloaded 0/3 layers to GPU
load_tensors:    CUDA_Host model buffer size =     0.23 MiB
load_all_data: buffer type CUDA_Host is not the default buffer type for device CUDA0 for async uploads
................
llama_model_loader: loaded meta data with 13 key-value pairs and 23 tensors from C:\Users\cadel\AppData\Local\Temp\moe-integration-24038.gguf (version GGUF V3 (latest))
llama_model_loader: Dumping metadata keys/values. Note: KV overrides do not apply in this output.
llama_model_loader: - kv   0:                       general.architecture str              = llama
llama_model_loader: - kv   1:                       tokenizer.ggml.model str              = no_vocab
llama_model_loader: - kv   2:                           llama.vocab_size u32              = 32
llama_model_loader: - kv   3:                       llama.context_length u32              = 128
llama_model_loader: - kv   4:                     llama.embedding_length u32              = 32
llama_model_loader: - kv   5:                          llama.block_count u32              = 2
llama_model_loader: - kv   6:                  llama.feed_forward_length u32              = 64
llama_model_loader: - kv   7:                 llama.attention.head_count u32              = 2
llama_model_loader: - kv   8:              llama.attention.head_count_kv u32              = 2
llama_model_loader: - kv   9:                 llama.rope.dimension_count u32              = 16
llama_model_loader: - kv  10:                         llama.expert_count u32              = 4
llama_model_loader: - kv  11:                    llama.expert_used_count u32              = 2
llama_model_loader: - kv  12:     llama.attention.layer_norm_rms_epsilon f32              = 0.000010
llama_model_loader: - type  f32:   23 tensors
print_info: file format = GGUF V3 (latest)
print_info: file type   = (guessed) all F32
print_info: file size   = 0.23 MiB (32.00 BPW) 
llama_prepare_model_devices: using device CUDA0 (NVIDIA GeForce RTX 4060 Laptop GPU) (0000:01:00.0) - 7106 MiB free
load: adding 32 dummy tokens
print_info: arch                  = llama
print_info: vocab_only            = 0
print_info: no_alloc              = 0
print_info: n_ctx_train           = 128
print_info: n_embd_inp            = 32
print_info: n_embd                = 32
print_info: n_embd_out            = 32
print_info: n_layer               = 2
print_info: n_layer_all           = 2
print_info: n_head                = 2
print_info: n_head_kv             = 2
print_info: n_rot                 = 16
print_info: n_swa                 = 0
print_info: is_swa_any            = 0
print_info: n_embd_head_k         = 16
print_info: n_embd_head_v         = 16
print_info: n_gqa                 = 1
print_info: n_embd_k_gqa          = 32
print_info: n_embd_v_gqa          = 32
print_info: f_norm_eps            = 0.0e+00
print_info: f_norm_rms_eps        = 1.0e-05
print_info: f_clamp_kqv           = 0.0e+00
print_info: f_max_alibi_bias      = 0.0e+00
print_info: f_logit_scale         = 0.0e+00
print_info: f_attn_scale          = 0.0e+00
print_info: f_attn_value_scale    = 0.0000
print_info: n_ff                  = 64
print_info: n_expert              = 4
print_info: n_expert_used         = 2
print_info: n_expert_groups       = 0
print_info: n_group_used          = 0
print_info: causal attn           = 1
print_info: pooling type          = -1
print_info: rope type             = 0
print_info: rope scaling          = linear
print_info: freq_base_train       = 10000.0
print_info: freq_scale_train      = 1
print_info: n_ctx_orig_yarn       = 128
print_info: rope_yarn_log_mul     = 0.0000
print_info: rope_finetuned        = unknown
print_info: model type            = ?B
print_info: model params          = 59.81 K
print_info: general.name          = n/a
print_info: vocab type            = no vocab
print_info: n_vocab               = 32
print_info: n_merges              = 0
print_info: max token length      = 0
load_tensors: loading model tensors, this can take a while... (load_mode = none)
load_tensors: layer   0 assigned to device CPU, is_swa = 0
load_tensors: layer   1 assigned to device CPU, is_swa = 0
load_tensors: layer   2 assigned to device CPU, is_swa = 0
create_tensor: loading tensor token_embd.weight
create_tensor: loading tensor output_norm.weight
create_tensor: loading tensor output.weight
create_tensor: loading tensor blk.0.attn_norm.weight
create_tensor: loading tensor blk.0.attn_qkv.weight
create_tensor: loading tensor blk.0.attn_q.weight
create_tensor: loading tensor blk.0.attn_k.weight
create_tensor: loading tensor blk.0.attn_v.weight
create_tensor: loading tensor blk.0.attn_q.bias
create_tensor: loading tensor blk.0.attn_k.bias
create_tensor: loading tensor blk.0.attn_v.bias
create_tensor: loading tensor blk.0.attn_output.weight
create_tensor: loading tensor blk.0.attn_output.bias
create_tensor: loading tensor blk.0.ffn_norm.weight
create_tensor: loading tensor rope_freqs.weight
create_tensor: loading tensor blk.0.ffn_gate_inp.weight
create_tensor: loading tensor blk.0.ffn_gate_exps.weight
create_tensor: loading tensor blk.0.ffn_down_exps.weight
create_tensor: loading tensor blk.0.ffn_up_exps.weight
create_tensor: loading tensor blk.1.attn_norm.weight
create_tensor: loading tensor blk.1.attn_qkv.weight
create_tensor: loading tensor blk.1.attn_q.weight
create_tensor: loading tensor blk.1.attn_k.weight
create_tensor: loading tensor blk.1.attn_v.weight
create_tensor: loading tensor blk.1.attn_q.bias
create_tensor: loading tensor blk.1.attn_k.bias
create_tensor: loading tensor blk.1.attn_v.bias
create_tensor: loading tensor blk.1.attn_output.weight
create_tensor: loading tensor blk.1.attn_output.bias
create_tensor: loading tensor blk.1.ffn_norm.weight
create_tensor: loading tensor rope_freqs.weight
create_tensor: loading tensor blk.1.ffn_gate_inp.weight
create_tensor: loading tensor blk.1.ffn_gate_exps.weight
create_tensor: loading tensor blk.1.ffn_down_exps.weight
create_tensor: loading tensor blk.1.ffn_up_exps.weight
create_tensor: loading tensor blk.0.attn_q.scale
create_tensor: loading tensor blk.0.attn_k.scale
create_tensor: loading tensor blk.0.attn_v.scale
create_tensor: loading tensor blk.0.attn_output.scale
create_tensor: loading tensor blk.0.ffn_gate_exps.scale
create_tensor: loading tensor blk.0.ffn_down_exps.scale
create_tensor: loading tensor blk.0.ffn_up_exps.scale
create_tensor: loading tensor blk.0.attn_q.input_scale
create_tensor: loading tensor blk.0.attn_k.input_scale
create_tensor: loading tensor blk.0.attn_v.input_scale
create_tensor: loading tensor blk.0.attn_output.input_scale
create_tensor: loading tensor blk.0.ffn_gate_exps.input_scale
create_tensor: loading tensor blk.0.ffn_down_exps.input_scale
create_tensor: loading tensor blk.0.ffn_up_exps.input_scale
create_tensor: loading tensor blk.1.attn_q.scale
create_tensor: loading tensor blk.1.attn_k.scale
create_tensor: loading tensor blk.1.attn_v.scale
create_tensor: loading tensor blk.1.attn_output.scale
create_tensor: loading tensor blk.1.ffn_gate_exps.scale
create_tensor: loading tensor blk.1.ffn_down_exps.scale
create_tensor: loading tensor blk.1.ffn_up_exps.scale
create_tensor: loading tensor blk.1.attn_q.input_scale
create_tensor: loading tensor blk.1.attn_k.input_scale
create_tensor: loading tensor blk.1.attn_v.input_scale
create_tensor: loading tensor blk.1.attn_output.input_scale
create_tensor: loading tensor blk.1.ffn_gate_exps.input_scale
create_tensor: loading tensor blk.1.ffn_down_exps.input_scale
create_tensor: loading tensor blk.1.ffn_up_exps.input_scale
load_tensors: offloading 0 repeating layers to GPU
load_tensors: offloaded 0/3 layers to GPU
load_tensors:          CPU model buffer size =     0.23 MiB
load_all_data: no device found for buffer type CPU for async uploads
................
load_tensors: experimental host-bank MoE enabled, tile weights <= 99328 bytes; this is not a total memory limit
llama_context: constructing llama_context
llama_context: n_seq_max             = 1
llama_context: n_ctx                 = 256
llama_context: n_ctx_seq             = 256
llama_context: n_batch               = 32
llama_context: n_ubatch              = 8
llama_context: causal_attn           = 1
llama_context: flash_attn            = disabled
llama_context: kv_unified            = false
llama_context: freq_base             = 10000.0
llama_context: freq_scale            = 1
llama_context: n_rs_seq              = 0
llama_context: n_outputs_max         = 32
llama_context: n_outputs_max_per_seq = 1
llama_context: n_ctx_seq (256) > n_ctx_train (128) -- possible training context overflow
set_abort_callback: call
llama_context:        CPU  output buffer size =     0.00 MiB
llama_kv_cache: layer   0: dev = CPU
llama_kv_cache: layer   1: dev = CPU
llama_kv_cache:        CPU KV buffer size =     0.06 MiB
llama_kv_cache: size =    0.06 MiB (   256 cells,   2 layers,  1/1 seqs), K (f16):    0.03 MiB, V (f16):    0.03 MiB
llama_kv_cache: attn_rot_k = 0, n_embd_head_k_all = 16
llama_kv_cache: attn_rot_v = 0, n_embd_head_k_all = 16
llama_context: enumerating backends
llama_context: backend_ptrs.size() = 2
sched_reserve: reserving ...
sched_reserve: max_nodes = 1024
sched_reserve: decode graph slots = 4 (n_tokens <= 4)
sched_reserve: reserving full memory module
sched_reserve: worst-case: n_tokens = 8, n_seqs = 1, n_outputs = 1
resolve_fused_ops: resolving fused Gated Delta Net support:
graph_reserve: reserving a graph for ubatch with n_tokens =    1, n_seqs =  1, n_outputs =    1
resolve_fused_ops: fused Gated Delta Net (autoregressive) enabled
graph_reserve: reserving a graph for ubatch with n_tokens =   16, n_seqs =  1, n_outputs =   16
resolve_fused_ops: fused Gated Delta Net (chunked) enabled
resolve_fused_ops: resolving fused Lightning Indexer support:
graph_reserve: reserving a graph for ubatch with n_tokens =    1, n_seqs =  1, n_outputs =    1
resolve_fused_ops: Lightning Indexer enabled
resolve_fused_ops: resolving fused DeepSeek V4 HC support:
graph_reserve: reserving a graph for ubatch with n_tokens =    1, n_seqs =  1, n_outputs =    1
resolve_fused_ops: fused DeepSeek V4 HC pre enabled
graph_reserve: reserving a graph for ubatch with n_tokens =    1, n_seqs =  1, n_outputs =    1
resolve_fused_ops: fused DeepSeek V4 HC comb enabled
graph_reserve: reserving a graph for ubatch with n_tokens =    1, n_seqs =  1, n_outputs =    1
resolve_fused_ops: fused DeepSeek V4 HC post enabled
graph_reserve: reserving a graph for ubatch with n_tokens =    8, n_seqs =  1, n_outputs =    8
graph_reserve: reserving a graph for ubatch with n_tokens =    1, n_seqs =  1, n_outputs =    1
graph_reserve: reserving a graph for ubatch with n_tokens =    8, n_seqs =  1, n_outputs =    8
sched_reserve:  CUDA_Host compute buffer size =     0.03 MiB
sched_reserve: graph nodes  = 110
sched_reserve: graph splits = 1
sched_reserve: reserve took 2.54 ms, sched copies = 1
llama_context: constructing llama_context
llama_context: n_seq_max             = 1
llama_context: n_ctx                 = 256
llama_context: n_ctx_seq             = 256
llama_context: n_batch               = 32
llama_context: n_ubatch              = 8
llama_context: causal_attn           = 1
llama_context: flash_attn            = disabled
llama_context: kv_unified            = false
llama_context: freq_base             = 10000.0
llama_context: freq_scale            = 1
llama_context: n_rs_seq              = 0
llama_context: n_outputs_max         = 32
llama_context: n_outputs_max_per_seq = 1
llama_context: n_ctx_seq (256) > n_ctx_train (128) -- possible training context overflow
set_abort_callback: call
llama_context:        CPU  output buffer size =     0.00 MiB
llama_kv_cache: layer   0: dev = CPU
llama_kv_cache: layer   1: dev = CPU
llama_kv_cache:        CPU KV buffer size =     0.06 MiB
llama_kv_cache: size =    0.06 MiB (   256 cells,   2 layers,  1/1 seqs), K (f16):    0.03 MiB, V (f16):    0.03 MiB
llama_kv_cache: attn_rot_k = 0, n_embd_head_k_all = 16
llama_kv_cache: attn_rot_v = 0, n_embd_head_k_all = 16
llama_context: enumerating backends
llama_context: backend_ptrs.size() = 2
sched_reserve: reserving ...
sched_reserve: max_nodes = 1024
sched_reserve: decode graph slots = 4 (n_tokens <= 4)
sched_reserve: reserving full memory module
sched_reserve: worst-case: n_tokens = 8, n_seqs = 1, n_outputs = 1
resolve_fused_ops: resolving fused Gated Delta Net support:
graph_reserve: reserving a graph for ubatch with n_tokens =    1, n_seqs =  1, n_outputs =    1
resolve_fused_ops: fused Gated Delta Net (autoregressive) enabled
graph_reserve: reserving a graph for ubatch with n_tokens =   16, n_seqs =  1, n_outputs =   16
resolve_fused_ops: fused Gated Delta Net (chunked) enabled
resolve_fused_ops: resolving fused Lightning Indexer support:
graph_reserve: reserving a graph for ubatch with n_tokens =    1, n_seqs =  1, n_outputs =    1
resolve_fused_ops: Lightning Indexer enabled
resolve_fused_ops: resolving fused DeepSeek V4 HC support:
graph_reserve: reserving a graph for ubatch with n_tokens =    1, n_seqs =  1, n_outputs =    1
resolve_fused_ops: fused DeepSeek V4 HC pre enabled
graph_reserve: reserving a graph for ubatch with n_tokens =    1, n_seqs =  1, n_outputs =    1
resolve_fused_ops: fused DeepSeek V4 HC comb enabled
graph_reserve: reserving a graph for ubatch with n_tokens =    1, n_seqs =  1, n_outputs =    1
resolve_fused_ops: fused DeepSeek V4 HC post enabled
graph_reserve: reserving a graph for ubatch with n_tokens =    8, n_seqs =  1, n_outputs =    8
graph_reserve: reserving a graph for ubatch with n_tokens =    1, n_seqs =  1, n_outputs =    1
graph_reserve: reserving a graph for ubatch with n_tokens =    8, n_seqs =  1, n_outputs =    8
sched_reserve:  CUDA_Host compute buffer size =     0.03 MiB
sched_reserve: graph nodes  = 100
sched_reserve: graph splits = 1
sched_reserve: reserve took 2.94 ms, sched copies = 1
graph_reserve: reserving a graph for ubatch with n_tokens =    4, n_seqs =  1, n_outputs =    4
set_abort_callback: call
graph_compute: ggml_backend_sched_graph_compute_async failed with error 1
process_ubatch: failed to compute graph, compute status: 1
decode: removing memory module entries for seq_id = 0, pos = [59, +inf)
llama_decode: failed to decode, ret = 2
set_abort_callback: call
host-bank MoE execution failed: MoE routing weight must be finite
host-bank MoE execution failed: MoE routing weight must be finite
process_ubatch: failed to compute graph, compute status: -1
decode: removing memory module entries for seq_id = 0, pos = [59, +inf)
llama_decode: failed to decode, ret = -3
llama_context: constructing llama_context
llama_init_from_model: failed to initialize the context: host-bank MoE requires one sequence, op_offload=false and offload_kqv=false
llama_context: constructing llama_context
llama_init_from_model: failed to initialize the context: host-bank MoE requires one sequence, op_offload=false and offload_kqv=false
llama_context: constructing llama_context
llama_init_from_model: failed to initialize the context: host-bank MoE requires one sequence, op_offload=false and offload_kqv=false
llama_context: constructing llama_context
llama_init_from_model: failed to initialize the context: moe cache: invalid uniform arena geometry
llama_context: constructing llama_context
llama_init_from_model: failed to initialize the context: host-bank MoE cache requires model.moe_cpu_tile_bytes host-bank setup
~llama_context:      CUDA0 compute buffer size is   0.0000 MiB, matches expectation of   0.0000 MiB
~llama_context:  CUDA_Host compute buffer size is   0.0304 MiB, matches expectation of   0.0304 MiB
~llama_context:      CUDA0 compute buffer size is   0.0000 MiB, matches expectation of   0.0000 MiB
~llama_context:  CUDA_Host compute buffer size is   0.0304 MiB, matches expectation of   0.0304 MiB
llama_context: constructing llama_context
llama_context: n_seq_max             = 1
llama_context: n_ctx                 = 256
llama_context: n_ctx_seq             = 256
llama_context: n_batch               = 32
llama_context: n_ubatch              = 8
llama_context: causal_attn           = 1
llama_context: flash_attn            = disabled
llama_context: kv_unified            = false
llama_context: freq_base             = 10000.0
llama_context: freq_scale            = 1
llama_context: n_rs_seq              = 0
llama_context: n_outputs_max         = 32
llama_context: n_outputs_max_per_seq = 1
llama_context: n_ctx_seq (256) > n_ctx_train (128) -- possible training context overflow
set_abort_callback: call
llama_context:        CPU  output buffer size =     0.00 MiB
llama_kv_cache: layer   0: dev = CPU
llama_kv_cache: layer   1: dev = CPU
llama_kv_cache:        CPU KV buffer size =     0.06 MiB
llama_kv_cache: size =    0.06 MiB (   256 cells,   2 layers,  1/1 seqs), K (f16):    0.03 MiB, V (f16):    0.03 MiB
llama_kv_cache: attn_rot_k = 0, n_embd_head_k_all = 16
llama_kv_cache: attn_rot_v = 0, n_embd_head_k_all = 16
llama_context: enumerating backends
llama_context: backend_ptrs.size() = 2
sched_reserve: reserving ...
sched_reserve: max_nodes = 1024
sched_reserve: decode graph slots = 4 (n_tokens <= 4)
sched_reserve: reserving full memory module
sched_reserve: worst-case: n_tokens = 8, n_seqs = 1, n_outputs = 1
resolve_fused_ops: resolving fused Gated Delta Net support:
graph_reserve: reserving a graph for ubatch with n_tokens =    1, n_seqs =  1, n_outputs =    1
resolve_fused_ops: fused Gated Delta Net (autoregressive) enabled
graph_reserve: reserving a graph for ubatch with n_tokens =   16, n_seqs =  1, n_outputs =   16
resolve_fused_ops: fused Gated Delta Net (chunked) enabled
resolve_fused_ops: resolving fused Lightning Indexer support:
graph_reserve: reserving a graph for ubatch with n_tokens =    1, n_seqs =  1, n_outputs =    1
resolve_fused_ops: Lightning Indexer enabled
resolve_fused_ops: resolving fused DeepSeek V4 HC support:
graph_reserve: reserving a graph for ubatch with n_tokens =    1, n_seqs =  1, n_outputs =    1
resolve_fused_ops: fused DeepSeek V4 HC pre enabled
graph_reserve: reserving a graph for ubatch with n_tokens =    1, n_seqs =  1, n_outputs =    1
resolve_fused_ops: fused DeepSeek V4 HC comb enabled
graph_reserve: reserving a graph for ubatch with n_tokens =    1, n_seqs =  1, n_outputs =    1
resolve_fused_ops: fused DeepSeek V4 HC post enabled
graph_reserve: reserving a graph for ubatch with n_tokens =    8, n_seqs =  1, n_outputs =    8
graph_reserve: reserving a graph for ubatch with n_tokens =    1, n_seqs =  1, n_outputs =    1
graph_reserve: reserving a graph for ubatch with n_tokens =    8, n_seqs =  1, n_outputs =    8
sched_reserve:  CUDA_Host compute buffer size =     0.03 MiB
sched_reserve: graph nodes  = 100
sched_reserve: graph splits = 1
sched_reserve: reserve took 2.62 ms, sched copies = 1
llama_context: constructing llama_context
llama_context: n_seq_max             = 1
llama_context: n_ctx                 = 256
llama_context: n_ctx_seq             = 256
llama_context: n_batch               = 32
llama_context: n_ubatch              = 8
llama_context: causal_attn           = 1
llama_context: flash_attn            = disabled
llama_context: kv_unified            = false
llama_context: freq_base             = 10000.0
llama_context: freq_scale            = 1
llama_context: n_rs_seq              = 0
llama_context: n_outputs_max         = 32
llama_context: n_outputs_max_per_seq = 1
llama_context: n_ctx_seq (256) > n_ctx_train (128) -- possible training context overflow
set_abort_callback: call
llama_context:        CPU  output buffer size =     0.00 MiB
llama_kv_cache: layer   0: dev = CPU
llama_kv_cache: layer   1: dev = CPU
llama_kv_cache:        CPU KV buffer size =     0.06 MiB
llama_kv_cache: size =    0.06 MiB (   256 cells,   2 layers,  1/1 seqs), K (f16):    0.03 MiB, V (f16):    0.03 MiB
llama_kv_cache: attn_rot_k = 0, n_embd_head_k_all = 16
llama_kv_cache: attn_rot_v = 0, n_embd_head_k_all = 16
llama_context: enumerating backends
llama_context: backend_ptrs.size() = 2
sched_reserve: reserving ...
sched_reserve: max_nodes = 1024
sched_reserve: decode graph slots = 4 (n_tokens <= 4)
sched_reserve: reserving full memory module
sched_reserve: worst-case: n_tokens = 8, n_seqs = 1, n_outputs = 1
resolve_fused_ops: resolving fused Gated Delta Net support:
graph_reserve: reserving a graph for ubatch with n_tokens =    1, n_seqs =  1, n_outputs =    1
resolve_fused_ops: fused Gated Delta Net (autoregressive) enabled
graph_reserve: reserving a graph for ubatch with n_tokens =   16, n_seqs =  1, n_outputs =   16
resolve_fused_ops: fused Gated Delta Net (chunked) enabled
resolve_fused_ops: resolving fused Lightning Indexer support:
graph_reserve: reserving a graph for ubatch with n_tokens =    1, n_seqs =  1, n_outputs =    1
resolve_fused_ops: Lightning Indexer enabled
resolve_fused_ops: resolving fused DeepSeek V4 HC support:
graph_reserve: reserving a graph for ubatch with n_tokens =    1, n_seqs =  1, n_outputs =    1
resolve_fused_ops: fused DeepSeek V4 HC pre enabled
graph_reserve: reserving a graph for ubatch with n_tokens =    1, n_seqs =  1, n_outputs =    1
resolve_fused_ops: fused DeepSeek V4 HC comb enabled
graph_reserve: reserving a graph for ubatch with n_tokens =    1, n_seqs =  1, n_outputs =    1
resolve_fused_ops: fused DeepSeek V4 HC post enabled
graph_reserve: reserving a graph for ubatch with n_tokens =    8, n_seqs =  1, n_outputs =    8
graph_reserve: reserving a graph for ubatch with n_tokens =    1, n_seqs =  1, n_outputs =    1
graph_reserve: reserving a graph for ubatch with n_tokens =    8, n_seqs =  1, n_outputs =    8
sched_reserve:  CUDA_Host compute buffer size =     0.03 MiB
sched_reserve: graph nodes  = 110
sched_reserve: graph splits = 1
sched_reserve: reserve took 2.85 ms, sched copies = 1
~llama_context:      CUDA0 compute buffer size is   0.0000 MiB, matches expectation of   0.0000 MiB
~llama_context:  CUDA_Host compute buffer size is   0.0304 MiB, matches expectation of   0.0304 MiB
~llama_context:      CUDA0 compute buffer size is   0.0000 MiB, matches expectation of   0.0000 MiB
~llama_context:  CUDA_Host compute buffer size is   0.0304 MiB, matches expectation of   0.0304 MiB
llama_model_loader: loaded meta data with 13 key-value pairs and 23 tensors from C:\Users\cadel\AppData\Local\Temp\moe-integration-24038.gguf (version GGUF V3 (latest))
llama_model_loader: Dumping metadata keys/values. Note: KV overrides do not apply in this output.
llama_model_loader: - kv   0:                       general.architecture str              = llama
llama_model_loader: - kv   1:                       tokenizer.ggml.model str              = no_vocab
llama_model_loader: - kv   2:                           llama.vocab_size u32              = 32
llama_model_loader: - kv   3:                       llama.context_length u32              = 128
llama_model_loader: - kv   4:                     llama.embedding_length u32              = 32
llama_model_loader: - kv   5:                          llama.block_count u32              = 2
llama_model_loader: - kv   6:                  llama.feed_forward_length u32              = 64
llama_model_loader: - kv   7:                 llama.attention.head_count u32              = 2
llama_model_loader: - kv   8:              llama.attention.head_count_kv u32              = 2
llama_model_loader: - kv   9:                 llama.rope.dimension_count u32              = 16
llama_model_loader: - kv  10:                         llama.expert_count u32              = 4
llama_model_loader: - kv  11:                    llama.expert_used_count u32              = 2
llama_model_loader: - kv  12:     llama.attention.layer_norm_rms_epsilon f32              = 0.000010
llama_model_loader: - type  f32:   23 tensors
print_info: file format = GGUF V3 (latest)
print_info: file type   = (guessed) all F32
print_info: file size   = 0.23 MiB (32.00 BPW) 
llama_prepare_model_devices: using device CUDA0 (NVIDIA GeForce RTX 4060 Laptop GPU) (0000:01:00.0) - 7106 MiB free
load: adding 32 dummy tokens
print_info: arch                  = llama
print_info: vocab_only            = 0
print_info: no_alloc              = 0
print_info: n_ctx_train           = 128
print_info: n_embd_inp            = 32
print_info: n_embd                = 32
print_info: n_embd_out            = 32
print_info: n_layer               = 2
print_info: n_layer_all           = 2
print_info: n_head                = 2
print_info: n_head_kv             = 2
print_info: n_rot                 = 16
print_info: n_swa                 = 0
print_info: is_swa_any            = 0
print_info: n_embd_head_k         = 16
print_info: n_embd_head_v         = 16
print_info: n_gqa                 = 1
print_info: n_embd_k_gqa          = 32
print_info: n_embd_v_gqa          = 32
print_info: f_norm_eps            = 0.0e+00
print_info: f_norm_rms_eps        = 1.0e-05
print_info: f_clamp_kqv           = 0.0e+00
print_info: f_max_alibi_bias      = 0.0e+00
print_info: f_logit_scale         = 0.0e+00
print_info: f_attn_scale          = 0.0e+00
print_info: f_attn_value_scale    = 0.0000
print_info: n_ff                  = 64
print_info: n_expert              = 4
print_info: n_expert_used         = 2
print_info: n_expert_groups       = 0
print_info: n_group_used          = 0
print_info: causal attn           = 1
print_info: pooling type          = -1
print_info: rope type             = 0
print_info: rope scaling          = linear
print_info: freq_base_train       = 10000.0
print_info: freq_scale_train      = 1
print_info: n_ctx_orig_yarn       = 128
print_info: rope_yarn_log_mul     = 0.0000
print_info: rope_finetuned        = unknown
print_info: model type            = ?B
print_info: model params          = 59.81 K
print_info: general.name          = n/a
print_info: vocab type            = no vocab
print_info: n_vocab               = 32
print_info: n_merges              = 0
print_info: max token length      = 0
load_tensors: loading model tensors, this can take a while... (load_mode = none)
load_tensors: layer   0 assigned to device CPU, is_swa = 0
load_tensors: layer   1 assigned to device CPU, is_swa = 0
load_tensors: layer   2 assigned to device CPU, is_swa = 0
create_tensor: loading tensor token_embd.weight
create_tensor: loading tensor output_norm.weight
create_tensor: loading tensor output.weight
create_tensor: loading tensor blk.0.attn_norm.weight
create_tensor: loading tensor blk.0.attn_qkv.weight
create_tensor: loading tensor blk.0.attn_q.weight
create_tensor: loading tensor blk.0.attn_k.weight
create_tensor: loading tensor blk.0.attn_v.weight
create_tensor: loading tensor blk.0.attn_q.bias
create_tensor: loading tensor blk.0.attn_k.bias
create_tensor: loading tensor blk.0.attn_v.bias
create_tensor: loading tensor blk.0.attn_output.weight
create_tensor: loading tensor blk.0.attn_output.bias
create_tensor: loading tensor blk.0.ffn_norm.weight
create_tensor: loading tensor rope_freqs.weight
create_tensor: loading tensor blk.0.ffn_gate_inp.weight
create_tensor: loading tensor blk.0.ffn_gate_exps.weight
create_tensor: loading tensor blk.0.ffn_down_exps.weight
create_tensor: loading tensor blk.0.ffn_up_exps.weight
create_tensor: loading tensor blk.1.attn_norm.weight
create_tensor: loading tensor blk.1.attn_qkv.weight
create_tensor: loading tensor blk.1.attn_q.weight
create_tensor: loading tensor blk.1.attn_k.weight
create_tensor: loading tensor blk.1.attn_v.weight
create_tensor: loading tensor blk.1.attn_q.bias
create_tensor: loading tensor blk.1.attn_k.bias
create_tensor: loading tensor blk.1.attn_v.bias
create_tensor: loading tensor blk.1.attn_output.weight
create_tensor: loading tensor blk.1.attn_output.bias
create_tensor: loading tensor blk.1.ffn_norm.weight
create_tensor: loading tensor rope_freqs.weight
create_tensor: loading tensor blk.1.ffn_gate_inp.weight
create_tensor: loading tensor blk.1.ffn_gate_exps.weight
create_tensor: loading tensor blk.1.ffn_down_exps.weight
create_tensor: loading tensor blk.1.ffn_up_exps.weight
create_tensor: loading tensor blk.0.attn_q.scale
create_tensor: loading tensor blk.0.attn_k.scale
create_tensor: loading tensor blk.0.attn_v.scale
create_tensor: loading tensor blk.0.attn_output.scale
create_tensor: loading tensor blk.0.ffn_gate_exps.scale
create_tensor: loading tensor blk.0.ffn_down_exps.scale
create_tensor: loading tensor blk.0.ffn_up_exps.scale
create_tensor: loading tensor blk.0.attn_q.input_scale
create_tensor: loading tensor blk.0.attn_k.input_scale
create_tensor: loading tensor blk.0.attn_v.input_scale
create_tensor: loading tensor blk.0.attn_output.input_scale
create_tensor: loading tensor blk.0.ffn_gate_exps.input_scale
create_tensor: loading tensor blk.0.ffn_down_exps.input_scale
create_tensor: loading tensor blk.0.ffn_up_exps.input_scale
create_tensor: loading tensor blk.1.attn_q.scale
create_tensor: loading tensor blk.1.attn_k.scale
create_tensor: loading tensor blk.1.attn_v.scale
create_tensor: loading tensor blk.1.attn_output.scale
create_tensor: loading tensor blk.1.ffn_gate_exps.scale
create_tensor: loading tensor blk.1.ffn_down_exps.scale
create_tensor: loading tensor blk.1.ffn_up_exps.scale
create_tensor: loading tensor blk.1.attn_q.input_scale
create_tensor: loading tensor blk.1.attn_k.input_scale
create_tensor: loading tensor blk.1.attn_v.input_scale
create_tensor: loading tensor blk.1.attn_output.input_scale
create_tensor: loading tensor blk.1.ffn_gate_exps.input_scale
create_tensor: loading tensor blk.1.ffn_down_exps.input_scale
create_tensor: loading tensor blk.1.ffn_up_exps.input_scale
load_tensors: offloading 0 repeating layers to GPU
load_tensors: offloaded 0/3 layers to GPU
load_tensors:    CUDA_Host model buffer size =     0.23 MiB
load_all_data: buffer type CUDA_Host is not the default buffer type for device CUDA0 for async uploads
................
llama_model_loader: loaded meta data with 13 key-value pairs and 23 tensors from C:\Users\cadel\AppData\Local\Temp\moe-integration-24038.gguf (version GGUF V3 (latest))
llama_model_loader: Dumping metadata keys/values. Note: KV overrides do not apply in this output.
llama_model_loader: - kv   0:                       general.architecture str              = llama
llama_model_loader: - kv   1:                       tokenizer.ggml.model str              = no_vocab
llama_model_loader: - kv   2:                           llama.vocab_size u32              = 32
llama_model_loader: - kv   3:                       llama.context_length u32              = 128
llama_model_loader: - kv   4:                     llama.embedding_length u32              = 32
llama_model_loader: - kv   5:                          llama.block_count u32              = 2
llama_model_loader: - kv   6:                  llama.feed_forward_length u32              = 64
llama_model_loader: - kv   7:                 llama.attention.head_count u32              = 2
llama_model_loader: - kv   8:              llama.attention.head_count_kv u32              = 2
llama_model_loader: - kv   9:                 llama.rope.dimension_count u32              = 16
llama_model_loader: - kv  10:                         llama.expert_count u32              = 4
llama_model_loader: - kv  11:                    llama.expert_used_count u32              = 2
llama_model_loader: - kv  12:     llama.attention.layer_norm_rms_epsilon f32              = 0.000010
llama_model_loader: - type  f32:   23 tensors
print_info: file format = GGUF V3 (latest)
print_info: file type   = (guessed) all F32
print_info: file size   = 0.23 MiB (32.00 BPW) 
llama_prepare_model_devices: using device CUDA0 (NVIDIA GeForce RTX 4060 Laptop GPU) (0000:01:00.0) - 7106 MiB free
load: adding 32 dummy tokens
print_info: arch                  = llama
print_info: vocab_only            = 0
print_info: no_alloc              = 0
print_info: n_ctx_train           = 128
print_info: n_embd_inp            = 32
print_info: n_embd                = 32
print_info: n_embd_out            = 32
print_info: n_layer               = 2
print_info: n_layer_all           = 2
print_info: n_head                = 2
print_info: n_head_kv             = 2
print_info: n_rot                 = 16
print_info: n_swa                 = 0
print_info: is_swa_any            = 0
print_info: n_embd_head_k         = 16
print_info: n_embd_head_v         = 16
print_info: n_gqa                 = 1
print_info: n_embd_k_gqa          = 32
print_info: n_embd_v_gqa          = 32
print_info: f_norm_eps            = 0.0e+00
print_info: f_norm_rms_eps        = 1.0e-05
print_info: f_clamp_kqv           = 0.0e+00
print_info: f_max_alibi_bias      = 0.0e+00
print_info: f_logit_scale         = 0.0e+00
print_info: f_attn_scale          = 0.0e+00
print_info: f_attn_value_scale    = 0.0000
print_info: n_ff                  = 64
print_info: n_expert              = 4
print_info: n_expert_used         = 2
print_info: n_expert_groups       = 0
print_info: n_group_used          = 0
print_info: causal attn           = 1
print_info: pooling type          = -1
print_info: rope type             = 0
print_info: rope scaling          = linear
print_info: freq_base_train       = 10000.0
print_info: freq_scale_train      = 1
print_info: n_ctx_orig_yarn       = 128
print_info: rope_yarn_log_mul     = 0.0000
print_info: rope_finetuned        = unknown
print_info: model type            = ?B
print_info: model params          = 59.81 K
print_info: general.name          = n/a
print_info: vocab type            = no vocab
print_info: n_vocab               = 32
print_info: n_merges              = 0
print_info: max token length      = 0
load_tensors: loading model tensors, this can take a while... (load_mode = none)
load_tensors: layer   0 assigned to device CPU, is_swa = 0
load_tensors: layer   1 assigned to device CPU, is_swa = 0
load_tensors: layer   2 assigned to device CPU, is_swa = 0
create_tensor: loading tensor token_embd.weight
create_tensor: loading tensor output_norm.weight
create_tensor: loading tensor output.weight
create_tensor: loading tensor blk.0.attn_norm.weight
create_tensor: loading tensor blk.0.attn_qkv.weight
create_tensor: loading tensor blk.0.attn_q.weight
create_tensor: loading tensor blk.0.attn_k.weight
create_tensor: loading tensor blk.0.attn_v.weight
create_tensor: loading tensor blk.0.attn_q.bias
create_tensor: loading tensor blk.0.attn_k.bias
create_tensor: loading tensor blk.0.attn_v.bias
create_tensor: loading tensor blk.0.attn_output.weight
create_tensor: loading tensor blk.0.attn_output.bias
create_tensor: loading tensor blk.0.ffn_norm.weight
create_tensor: loading tensor rope_freqs.weight
create_tensor: loading tensor blk.0.ffn_gate_inp.weight
create_tensor: loading tensor blk.0.ffn_gate_exps.weight
create_tensor: loading tensor blk.0.ffn_down_exps.weight
create_tensor: loading tensor blk.0.ffn_up_exps.weight
create_tensor: loading tensor blk.1.attn_norm.weight
create_tensor: loading tensor blk.1.attn_qkv.weight
create_tensor: loading tensor blk.1.attn_q.weight
create_tensor: loading tensor blk.1.attn_k.weight
create_tensor: loading tensor blk.1.attn_v.weight
create_tensor: loading tensor blk.1.attn_q.bias
create_tensor: loading tensor blk.1.attn_k.bias
create_tensor: loading tensor blk.1.attn_v.bias
create_tensor: loading tensor blk.1.attn_output.weight
create_tensor: loading tensor blk.1.attn_output.bias
create_tensor: loading tensor blk.1.ffn_norm.weight
create_tensor: loading tensor rope_freqs.weight
create_tensor: loading tensor blk.1.ffn_gate_inp.weight
create_tensor: loading tensor blk.1.ffn_gate_exps.weight
create_tensor: loading tensor blk.1.ffn_down_exps.weight
create_tensor: loading tensor blk.1.ffn_up_exps.weight
create_tensor: loading tensor blk.0.attn_q.scale
create_tensor: loading tensor blk.0.attn_k.scale
create_tensor: loading tensor blk.0.attn_v.scale
create_tensor: loading tensor blk.0.attn_output.scale
create_tensor: loading tensor blk.0.ffn_gate_exps.scale
create_tensor: loading tensor blk.0.ffn_down_exps.scale
create_tensor: loading tensor blk.0.ffn_up_exps.scale
create_tensor: loading tensor blk.0.attn_q.input_scale
create_tensor: loading tensor blk.0.attn_k.input_scale
create_tensor: loading tensor blk.0.attn_v.input_scale
create_tensor: loading tensor blk.0.attn_output.input_scale
create_tensor: loading tensor blk.0.ffn_gate_exps.input_scale
create_tensor: loading tensor blk.0.ffn_down_exps.input_scale
create_tensor: loading tensor blk.0.ffn_up_exps.input_scale
create_tensor: loading tensor blk.1.attn_q.scale
create_tensor: loading tensor blk.1.attn_k.scale
create_tensor: loading tensor blk.1.attn_v.scale
create_tensor: loading tensor blk.1.attn_output.scale
create_tensor: loading tensor blk.1.ffn_gate_exps.scale
create_tensor: loading tensor blk.1.ffn_down_exps.scale
create_tensor: loading tensor blk.1.ffn_up_exps.scale
create_tensor: loading tensor blk.1.attn_q.input_scale
create_tensor: loading tensor blk.1.attn_k.input_scale
create_tensor: loading tensor blk.1.attn_v.input_scale
create_tensor: loading tensor blk.1.attn_output.input_scale
create_tensor: loading tensor blk.1.ffn_gate_exps.input_scale
create_tensor: loading tensor blk.1.ffn_down_exps.input_scale
create_tensor: loading tensor blk.1.ffn_up_exps.input_scale
load_tensors: offloading 0 repeating layers to GPU
load_tensors: offloaded 0/3 layers to GPU
load_tensors:          CPU model buffer size =     0.23 MiB
load_all_data: no device found for buffer type CPU for async uploads
................
load_tensors: experimental host-bank MoE enabled, tile weights <= 24832 bytes; this is not a total memory limit
llama_context: constructing llama_context
llama_context: n_seq_max             = 1
llama_context: n_ctx                 = 256
llama_context: n_ctx_seq             = 256
llama_context: n_batch               = 32
llama_context: n_ubatch              = 8
llama_context: causal_attn           = 1
llama_context: flash_attn            = disabled
llama_context: kv_unified            = false
llama_context: freq_base             = 10000.0
llama_context: freq_scale            = 1
llama_context: n_rs_seq              = 0
llama_context: n_outputs_max         = 32
llama_context: n_outputs_max_per_seq = 1
llama_context: n_ctx_seq (256) > n_ctx_train (128) -- possible training context overflow
set_abort_callback: call
llama_context:        CPU  output buffer size =     0.00 MiB
llama_kv_cache: layer   0: dev = CPU
llama_kv_cache: layer   1: dev = CPU
llama_kv_cache:        CPU KV buffer size =     0.06 MiB
llama_kv_cache: size =    0.06 MiB (   256 cells,   2 layers,  1/1 seqs), K (f16):    0.03 MiB, V (f16):    0.03 MiB
llama_kv_cache: attn_rot_k = 0, n_embd_head_k_all = 16
llama_kv_cache: attn_rot_v = 0, n_embd_head_k_all = 16
llama_context: enumerating backends
llama_context: backend_ptrs.size() = 2
sched_reserve: reserving ...
sched_reserve: max_nodes = 1024
sched_reserve: decode graph slots = 4 (n_tokens <= 4)
sched_reserve: reserving full memory module
sched_reserve: worst-case: n_tokens = 8, n_seqs = 1, n_outputs = 1
resolve_fused_ops: resolving fused Gated Delta Net support:
graph_reserve: reserving a graph for ubatch with n_tokens =    1, n_seqs =  1, n_outputs =    1
resolve_fused_ops: fused Gated Delta Net (autoregressive) enabled
graph_reserve: reserving a graph for ubatch with n_tokens =   16, n_seqs =  1, n_outputs =   16
resolve_fused_ops: fused Gated Delta Net (chunked) enabled
resolve_fused_ops: resolving fused Lightning Indexer support:
graph_reserve: reserving a graph for ubatch with n_tokens =    1, n_seqs =  1, n_outputs =    1
resolve_fused_ops: Lightning Indexer enabled
resolve_fused_ops: resolving fused DeepSeek V4 HC support:
graph_reserve: reserving a graph for ubatch with n_tokens =    1, n_seqs =  1, n_outputs =    1
resolve_fused_ops: fused DeepSeek V4 HC pre enabled
graph_reserve: reserving a graph for ubatch with n_tokens =    1, n_seqs =  1, n_outputs =    1
resolve_fused_ops: fused DeepSeek V4 HC comb enabled
graph_reserve: reserving a graph for ubatch with n_tokens =    1, n_seqs =  1, n_outputs =    1
resolve_fused_ops: fused DeepSeek V4 HC post enabled
graph_reserve: reserving a graph for ubatch with n_tokens =    8, n_seqs =  1, n_outputs =    8
graph_reserve: reserving a graph for ubatch with n_tokens =    1, n_seqs =  1, n_outputs =    1
graph_reserve: reserving a graph for ubatch with n_tokens =    8, n_seqs =  1, n_outputs =    8
sched_reserve:  CUDA_Host compute buffer size =     0.03 MiB
sched_reserve: graph nodes  = 110
sched_reserve: graph splits = 1
sched_reserve: reserve took 2.62 ms, sched copies = 1
llama_context: constructing llama_context
llama_context: MoE device=CUDA0 cache=198656 staging=1048576 compute-limit=67108864 bytes
llama_context: n_seq_max             = 1
llama_context: n_ctx                 = 256
llama_context: n_ctx_seq             = 256
llama_context: n_batch               = 32
llama_context: n_ubatch              = 8
llama_context: causal_attn           = 1
llama_context: flash_attn            = disabled
llama_context: kv_unified            = false
llama_context: freq_base             = 10000.0
llama_context: freq_scale            = 1
llama_context: n_rs_seq              = 0
llama_context: n_outputs_max         = 32
llama_context: n_outputs_max_per_seq = 1
llama_context: n_ctx_seq (256) > n_ctx_train (128) -- possible training context overflow
set_abort_callback: call
llama_context:        CPU  output buffer size =     0.00 MiB
llama_kv_cache: layer   0: dev = CPU
llama_kv_cache: layer   1: dev = CPU
llama_kv_cache:        CPU KV buffer size =     0.06 MiB
llama_kv_cache: size =    0.06 MiB (   256 cells,   2 layers,  1/1 seqs), K (f16):    0.03 MiB, V (f16):    0.03 MiB
llama_kv_cache: attn_rot_k = 0, n_embd_head_k_all = 16
llama_kv_cache: attn_rot_v = 0, n_embd_head_k_all = 16
llama_context: enumerating backends
llama_context: backend_ptrs.size() = 2
sched_reserve: reserving ...
sched_reserve: max_nodes = 1024
sched_reserve: decode graph slots = 4 (n_tokens <= 4)
sched_reserve: reserving full memory module
sched_reserve: worst-case: n_tokens = 8, n_seqs = 1, n_outputs = 1
resolve_fused_ops: resolving fused Gated Delta Net support:
graph_reserve: reserving a graph for ubatch with n_tokens =    1, n_seqs =  1, n_outputs =    1
resolve_fused_ops: fused Gated Delta Net (autoregressive) enabled
graph_reserve: reserving a graph for ubatch with n_tokens =   16, n_seqs =  1, n_outputs =   16
resolve_fused_ops: fused Gated Delta Net (chunked) enabled
resolve_fused_ops: resolving fused Lightning Indexer support:
graph_reserve: reserving a graph for ubatch with n_tokens =    1, n_seqs =  1, n_outputs =    1
resolve_fused_ops: Lightning Indexer enabled
resolve_fused_ops: resolving fused DeepSeek V4 HC support:
graph_reserve: reserving a graph for ubatch with n_tokens =    1, n_seqs =  1, n_outputs =    1
resolve_fused_ops: fused DeepSeek V4 HC pre enabled
graph_reserve: reserving a graph for ubatch with n_tokens =    1, n_seqs =  1, n_outputs =    1
resolve_fused_ops: fused DeepSeek V4 HC comb enabled
graph_reserve: reserving a graph for ubatch with n_tokens =    1, n_seqs =  1, n_outputs =    1
resolve_fused_ops: fused DeepSeek V4 HC post enabled
graph_reserve: reserving a graph for ubatch with n_tokens =    8, n_seqs =  1, n_outputs =    8
graph_reserve: reserving a graph for ubatch with n_tokens =    1, n_seqs =  1, n_outputs =    1
graph_reserve: reserving a graph for ubatch with n_tokens =    8, n_seqs =  1, n_outputs =    8
sched_reserve:  CUDA_Host compute buffer size =     0.03 MiB
sched_reserve: graph nodes  = 100
sched_reserve: graph splits = 1
sched_reserve: reserve took 2.48 ms, sched copies = 1
llama_context: constructing llama_context
llama_init_from_model: failed to initialize the context: GPU MoE requires a GPU device, positive staging/compute budgets and no CPU cache
llama_context: constructing llama_context
llama_init_from_model: failed to initialize the context: MoE cache + compute + reserve exceeds available VRAM
llama_context: constructing llama_context
llama_init_from_model: failed to initialize the context: GPU MoE requires a GPU device, positive staging/compute budgets and no CPU cache
llama_context: constructing llama_context
llama_context: MoE device=CUDA0 cache=198656 staging=1048576 compute-limit=1 bytes
llama_context: n_seq_max             = 1
llama_context: n_ctx                 = 256
llama_context: n_ctx_seq             = 256
llama_context: n_batch               = 32
llama_context: n_ubatch              = 8
llama_context: causal_attn           = 1
llama_context: flash_attn            = disabled
llama_context: kv_unified            = false
llama_context: freq_base             = 10000.0
llama_context: freq_scale            = 1
llama_context: n_rs_seq              = 0
llama_context: n_outputs_max         = 32
llama_context: n_outputs_max_per_seq = 1
llama_context: n_ctx_seq (256) > n_ctx_train (128) -- possible training context overflow
set_abort_callback: call
llama_context:        CPU  output buffer size =     0.00 MiB
llama_kv_cache: layer   0: dev = CPU
llama_kv_cache: layer   1: dev = CPU
llama_kv_cache:        CPU KV buffer size =     0.06 MiB
llama_kv_cache: size =    0.06 MiB (   256 cells,   2 layers,  1/1 seqs), K (f16):    0.03 MiB, V (f16):    0.03 MiB
llama_kv_cache: attn_rot_k = 0, n_embd_head_k_all = 16
llama_kv_cache: attn_rot_v = 0, n_embd_head_k_all = 16
llama_context: enumerating backends
llama_context: backend_ptrs.size() = 2
sched_reserve: reserving ...
sched_reserve: max_nodes = 1024
sched_reserve: decode graph slots = 4 (n_tokens <= 4)
sched_reserve: reserving full memory module
sched_reserve: worst-case: n_tokens = 8, n_seqs = 1, n_outputs = 1
resolve_fused_ops: resolving fused Gated Delta Net support:
graph_reserve: reserving a graph for ubatch with n_tokens =    1, n_seqs =  1, n_outputs =    1
resolve_fused_ops: fused Gated Delta Net (autoregressive) enabled
graph_reserve: reserving a graph for ubatch with n_tokens =   16, n_seqs =  1, n_outputs =   16
resolve_fused_ops: fused Gated Delta Net (chunked) enabled
resolve_fused_ops: resolving fused Lightning Indexer support:
graph_reserve: reserving a graph for ubatch with n_tokens =    1, n_seqs =  1, n_outputs =    1
resolve_fused_ops: Lightning Indexer enabled
resolve_fused_ops: resolving fused DeepSeek V4 HC support:
graph_reserve: reserving a graph for ubatch with n_tokens =    1, n_seqs =  1, n_outputs =    1
resolve_fused_ops: fused DeepSeek V4 HC pre enabled
graph_reserve: reserving a graph for ubatch with n_tokens =    1, n_seqs =  1, n_outputs =    1
resolve_fused_ops: fused DeepSeek V4 HC comb enabled
graph_reserve: reserving a graph for ubatch with n_tokens =    1, n_seqs =  1, n_outputs =    1
resolve_fused_ops: fused DeepSeek V4 HC post enabled
graph_reserve: reserving a graph for ubatch with n_tokens =    8, n_seqs =  1, n_outputs =    8
graph_reserve: reserving a graph for ubatch with n_tokens =    1, n_seqs =  1, n_outputs =    1
graph_reserve: reserving a graph for ubatch with n_tokens =    8, n_seqs =  1, n_outputs =    8
sched_reserve:  CUDA_Host compute buffer size =     0.03 MiB
sched_reserve: graph nodes  = 100
sched_reserve: graph splits = 1
sched_reserve: reserve took 3.05 ms, sched copies = 1
graph_compute: ggml_backend_sched_graph_compute_async failed with error -1
host-bank MoE execution failed: MoE device compute budget exceeded
process_ubatch: failed to compute graph, compute status: -1
decode: removing memory module entries for seq_id = 0, pos = [0, +inf)
llama_decode: failed to decode, ret = -3
~llama_context:      CUDA0 compute buffer size is   0.0000 MiB, matches expectation of   0.0000 MiB
~llama_context:  CUDA_Host compute buffer size is   0.0304 MiB, matches expectation of   0.0304 MiB
graph_reserve: reserving a graph for ubatch with n_tokens =    4, n_seqs =  1, n_outputs =    4
BOUNDARY layer=0 type=f32 tokens=4 max=0.00133975 rmse=0.000442859 ref_rms=0.122914
BOUNDARY layer=1 type=f32 tokens=4 max=0.000431787 rmse=0.000153791 ref_rms=0.0535469
BOUNDARY layer=0 type=f32 tokens=1 max=0.000608116 rmse=0.000382062 ref_rms=0.136605
BOUNDARY layer=1 type=f32 tokens=1 max=0.000242189 rmse=0.000148773 ref_rms=0.0328234
BOUNDARY layer=0 type=f32 tokens=1 max=0.000577159 rmse=0.000209741 ref_rms=0.0519267
BOUNDARY layer=1 type=f32 tokens=1 max=0.000434592 rmse=0.000268143 ref_rms=0.094458
BOUNDARY layer=0 type=f32 tokens=1 max=0.00128561 rmse=0.000649125 ref_rms=0.161416
BOUNDARY layer=1 type=f32 tokens=1 max=0.000249095 rmse=0.000127734 ref_rms=0.0188155
BOUNDARY layer=0 type=f32 tokens=8 max=0.0015955 rmse=0.000495271 ref_rms=0.179384
BOUNDARY layer=1 type=f32 tokens=8 max=0.000541635 rmse=0.000180553 ref_rms=0.0448929
BOUNDARY layer=0 type=f32 tokens=1 max=0.000610054 rmse=0.000348648 ref_rms=0.106333
BOUNDARY layer=1 type=f32 tokens=1 max=0.000456579 rmse=0.000203498 ref_rms=0.0407662
BOUNDARY layer=0 type=f32 tokens=2 max=0.00171125 rmse=0.000701375 ref_rms=0.236884
BOUNDARY layer=1 type=f32 tokens=2 max=0.00030268 rmse=0.000117802 ref_rms=0.0406787
BOUNDARY layer=0 type=f32 tokens=1 max=0.00085903 rmse=0.000393949 ref_rms=0.10254
BOUNDARY layer=1 type=f32 tokens=1 max=0.000353984 rmse=0.000126617 ref_rms=0.020437
BOUNDARY layer=0 type=f32 tokens=1 max=0.000658169 rmse=0.000347967 ref_rms=0.0952855
BOUNDARY layer=1 type=f32 tokens=1 max=0.000282019 rmse=0.000132818 ref_rms=0.0536045
BOUNDARY layer=0 type=f32 tokens=1 max=0.000968874 rmse=0.000480048 ref_rms=0.233718
BOUNDARY layer=1 type=f32 tokens=1 max=0.000309654 rmse=0.00016213 ref_rms=0.0481076
BOUNDARY layer=0 type=f32 tokens=1 max=0.000485223 rmse=0.000258996 ref_rms=0.0491321
BOUNDARY layer=1 type=f32 tokens=1 max=0.000722632 rmse=0.000360848 ref_rms=0.116368
BOUNDARY layer=0 type=f32 tokens=1 max=0.000509769 rmse=0.000261135 ref_rms=0.0510846
BOUNDARY layer=1 type=f32 tokens=1 max=0.000192806 rmse=0.000110492 ref_rms=0.0367987
BOUNDARY layer=0 type=f32 tokens=1 max=0.000805646 rmse=0.00041353 ref_rms=0.13472
BOUNDARY layer=1 type=f32 tokens=1 max=0.000242315 rmse=9.83151e-05 ref_rms=0.0341211
BOUNDARY layer=0 type=f32 tokens=1 max=0.00122868 rmse=0.000601864 ref_rms=0.155705
BOUNDARY layer=1 type=f32 tokens=1 max=0.000208667 rmse=7.75103e-05 ref_rms=0.0197923
BOUNDARY layer=0 type=f32 tokens=1 max=0.000743106 rmse=0.000282335 ref_rms=0.0446385
BOUNDARY layer=1 type=f32 tokens=1 max=0.000346608 rmse=0.000154485 ref_rms=0.0416173
BOUNDARY layer=0 type=f32 tokens=1 max=0.000983655 rmse=0.000339992 ref_rms=0.0510998
BOUNDARY layer=1 type=f32 tokens=1 max=0.000555664 rmse=0.000304044 ref_rms=0.087715
BOUNDARY layer=0 type=f32 tokens=1 max=0.000422075 rmse=0.000192581 ref_rms=0.0655887
BOUNDARY layer=1 type=f32 tokens=1 max=0.000499785 rmse=0.000235243 ref_rms=0.0612141
BOUNDARY layer=0 type=f32 tokens=1 max=0.000890017 rmse=0.000481622 ref_rms=0.135495
BOUNDARY layer=1 type=f32 tokens=1 max=0.000462934 rmse=0.000194515 ref_rms=0.0690344
BOUNDARY layer=0 type=f32 tokens=1 max=0.000971377 rmse=0.00045767 ref_rms=0.137334
BOUNDARY layer=1 type=f32 tokens=1 max=0.000138764 rmse=7.44131e-05 ref_rms=0.0130023
BOUNDARY layer=0 type=f32 tokens=1 max=0.00120066 rmse=0.000534858 ref_rms=0.0680834
BOUNDARY layer=1 type=f32 tokens=1 max=0.000669569 rmse=0.000283918 ref_rms=0.158677
BOUNDARY layer=0 type=f32 tokens=1 max=0.00137109 rmse=0.000820095 ref_rms=0.241873
BOUNDARY layer=1 type=f32 tokens=1 max=0.000123722 rmse=6.64799e-05 ref_rms=0.0119365
BOUNDARY layer=0 type=f32 tokens=1 max=0.000865668 rmse=0.000533745 ref_rms=0.191122
BOUNDARY layer=1 type=f32 tokens=1 max=7.85775e-05 rmse=3.43579e-05 ref_rms=0.0187903
BOUNDARY layer=0 type=f32 tokens=1 max=0.000834569 rmse=0.000397433 ref_rms=0.202226
BOUNDARY layer=1 type=f32 tokens=1 max=0.000335298 rmse=0.000179157 ref_rms=0.0534819
BOUNDARY layer=0 type=f32 tokens=1 max=0.000589877 rmse=0.000301526 ref_rms=0.0806978
BOUNDARY layer=1 type=f32 tokens=1 max=0.000463858 rmse=0.000261952 ref_rms=0.0858107
BOUNDARY layer=0 type=f32 tokens=1 max=0.00058268 rmse=0.000316221 ref_rms=0.0974634
BOUNDARY layer=1 type=f32 tokens=1 max=0.000440368 rmse=0.000207264 ref_rms=0.0643896
BOUNDARY layer=0 type=f32 tokens=1 max=0.000834852 rmse=0.000492566 ref_rms=0.136546
BOUNDARY layer=1 type=f32 tokens=1 max=0.000289738 rmse=0.000156496 ref_rms=0.037035
BOUNDARY layer=0 type=f32 tokens=1 max=0.000642389 rmse=0.000312313 ref_rms=0.055578
BOUNDARY layer=1 type=f32 tokens=1 max=0.000600144 rmse=0.000357113 ref_rms=0.119506
BOUNDARY layer=0 type=f32 tokens=1 max=0.000883933 rmse=0.000321615 ref_rms=0.169253
BOUNDARY layer=1 type=f32 tokens=1 max=0.000170676 rmse=8.70967e-05 ref_rms=0.0177525
BOUNDARY layer=0 type=f32 tokens=1 max=0.00099875 rmse=0.000343548 ref_rms=0.136979
BOUNDARY layer=1 type=f32 tokens=1 max=0.000375573 rmse=0.000167878 ref_rms=0.0383231
BOUNDARY layer=0 type=f32 tokens=1 max=0.000688434 rmse=0.000342611 ref_rms=0.126691
BOUNDARY layer=1 type=f32 tokens=1 max=0.000581622 rmse=0.000264788 ref_rms=0.0897711
BOUNDARY layer=0 type=f32 tokens=1 max=0.000699326 rmse=0.000310205 ref_rms=0.100163
BOUNDARY layer=1 type=f32 tokens=1 max=0.000488676 rmse=0.000216098 ref_rms=0.075431
BOUNDARY layer=0 type=f32 tokens=1 max=0.00038477 rmse=0.000192133 ref_rms=0.069794
BOUNDARY layer=1 type=f32 tokens=1 max=0.000209901 rmse=6.78724e-05 ref_rms=0.0362678
BOUNDARY layer=0 type=f32 tokens=1 max=0.00073573 rmse=0.000412612 ref_rms=0.108788
BOUNDARY layer=1 type=f32 tokens=1 max=0.000498176 rmse=0.000175532 ref_rms=0.107049
BOUNDARY layer=0 type=f32 tokens=1 max=0.00128394 rmse=0.000655777 ref_rms=0.256959
BOUNDARY layer=1 type=f32 tokens=1 max=0.000132197 rmse=6.82966e-05 ref_rms=0.015033
BOUNDARY layer=0 type=f32 tokens=1 max=0.000671774 rmse=0.000298729 ref_rms=0.14771
BOUNDARY layer=1 type=f32 tokens=1 max=0.000305749 rmse=0.000149088 ref_rms=0.059763
BOUNDARY layer=0 type=f32 tokens=1 max=0.000710636 rmse=0.000381911 ref_rms=0.112192
BOUNDARY layer=1 type=f32 tokens=1 max=0.000377953 rmse=0.000218269 ref_rms=0.0661761
BOUNDARY layer=0 type=f32 tokens=1 max=0.000662804 rmse=0.000273736 ref_rms=0.0660889
BOUNDARY layer=1 type=f32 tokens=1 max=0.000732847 rmse=0.000359042 ref_rms=0.0839536
BOUNDARY layer=0 type=f32 tokens=1 max=0.000990093 rmse=0.000527174 ref_rms=0.177855
BOUNDARY layer=1 type=f32 tokens=1 max=0.000326194 rmse=0.000142104 ref_rms=0.0356813
BOUNDARY layer=0 type=f32 tokens=1 max=0.00080654 rmse=0.00038454 ref_rms=0.146703
BOUNDARY layer=1 type=f32 tokens=1 max=7.91703e-05 rmse=4.27526e-05 ref_rms=0.00622279
BOUNDARY layer=0 type=f32 tokens=1 max=0.000894129 rmse=0.000421819 ref_rms=0.112381
BOUNDARY layer=1 type=f32 tokens=1 max=0.000409479 rmse=0.000140158 ref_rms=0.0174045
BOUNDARY layer=0 type=f32 tokens=1 max=0.00115357 rmse=0.00065916 ref_rms=0.179559
BOUNDARY layer=1 type=f32 tokens=1 max=0.000293054 rmse=0.000148275 ref_rms=0.0264828
BOUNDARY layer=0 type=f32 tokens=1 max=0.000666648 rmse=0.000306514 ref_rms=0.215765
BOUNDARY layer=1 type=f32 tokens=1 max=0.00023593 rmse=0.000113435 ref_rms=0.0554094
BOUNDARY layer=0 type=f32 tokens=1 max=0.000876745 rmse=0.000294109 ref_rms=0.0531168
BOUNDARY layer=1 type=f32 tokens=1 max=0.000658527 rmse=0.00031509 ref_rms=0.138483
BOUNDARY layer=0 type=f32 tokens=1 max=0.000453606 rmse=0.000243468 ref_rms=0.0606496
BOUNDARY layer=1 type=f32 tokens=1 max=0.000271152 rmse=0.000141678 ref_rms=0.0412879
BOUNDARY layer=0 type=f32 tokens=1 max=0.000747308 rmse=0.000395047 ref_rms=0.120853
BOUNDARY layer=1 type=f32 tokens=1 max=0.000175843 rmse=8.55576e-05 ref_rms=0.0402586
BOUNDARY layer=0 type=f32 tokens=1 max=0.000850111 rmse=0.000401961 ref_rms=0.159061
BOUNDARY layer=1 type=f32 tokens=1 max=0.000204621 rmse=7.79779e-05 ref_rms=0.0202096
BOUNDARY layer=0 type=f32 tokens=1 max=0.00122546 rmse=0.000547552 ref_rms=0.0458052
BOUNDARY layer=1 type=f32 tokens=1 max=0.000214227 rmse=0.000106221 ref_rms=0.0400842
BOUNDARY layer=0 type=f32 tokens=1 max=0.0011414 rmse=0.000455519 ref_rms=0.0526621
BOUNDARY layer=1 type=f32 tokens=1 max=0.00069157 rmse=0.000405313 ref_rms=0.0881722
set_abort_callback: call
graph_compute: ggml_backend_sched_graph_compute_async failed with error 1
process_ubatch: failed to compute graph, compute status: 1
decode: removing memory module entries for seq_id = 0, pos = [59, +inf)
llama_decode: failed to decode, ret = 2
set_abort_callback: call
graph_compute: ggml_backend_sched_graph_compute_async failed with error -1
host-bank MoE execution failed: MoE routing weight must be finite
process_ubatch: failed to compute graph, compute status: -1
decode: removing memory module entries for seq_id = 0, pos = [59, +inf)
llama_decode: failed to decode, ret = -3
BOUNDARY layer=0 type=f32 tokens=1 max=0.000361502 rmse=0.000180285 ref_rms=0.0868311
BOUNDARY layer=1 type=f32 tokens=1 max=0.000393245 rmse=0.000184626 ref_rms=0.0570719
llama_context: constructing llama_context
llama_init_from_model: failed to initialize the context: host-bank MoE requires one sequence, op_offload=false and offload_kqv=false
llama_context: constructing llama_context
llama_init_from_model: failed to initialize the context: host-bank MoE requires one sequence, op_offload=false and offload_kqv=false
llama_context: constructing llama_context
llama_init_from_model: failed to initialize the context: host-bank MoE requires one sequence, op_offload=false and offload_kqv=false
llama_context: constructing llama_context
llama_init_from_model: failed to initialize the context: moe cache: invalid uniform arena geometry
llama_context: constructing llama_context
llama_init_from_model: failed to initialize the context: host-bank MoE cache requires model.moe_cpu_tile_bytes host-bank setup
~llama_context:      CUDA0 compute buffer size is   0.0000 MiB, matches expectation of   0.0000 MiB
~llama_context:  CUDA_Host compute buffer size is   0.0304 MiB, matches expectation of   0.0304 MiB
~llama_context:      CUDA0 compute buffer size is   0.0000 MiB, matches expectation of   0.0000 MiB
~llama_context:  CUDA_Host compute buffer size is   0.0304 MiB, matches expectation of   0.0304 MiB
llama_context: constructing llama_context
llama_context: MoE device=CUDA0 cache=198656 staging=1048576 compute-limit=67108864 bytes
llama_context: n_seq_max             = 1
llama_context: n_ctx                 = 256
llama_context: n_ctx_seq             = 256
llama_context: n_batch               = 32
llama_context: n_ubatch              = 8
llama_context: causal_attn           = 1
llama_context: flash_attn            = disabled
llama_context: kv_unified            = false
llama_context: freq_base             = 10000.0
llama_context: freq_scale            = 1
llama_context: n_rs_seq              = 0
llama_context: n_outputs_max         = 32
llama_context: n_outputs_max_per_seq = 1
llama_context: n_ctx_seq (256) > n_ctx_train (128) -- possible training context overflow
set_abort_callback: call
llama_context:        CPU  output buffer size =     0.00 MiB
llama_kv_cache: layer   0: dev = CPU
llama_kv_cache: layer   1: dev = CPU
llama_kv_cache:        CPU KV buffer size =     0.06 MiB
llama_kv_cache: size =    0.06 MiB (   256 cells,   2 layers,  1/1 seqs), K (f16):    0.03 MiB, V (f16):    0.03 MiB
llama_kv_cache: attn_rot_k = 0, n_embd_head_k_all = 16
llama_kv_cache: attn_rot_v = 0, n_embd_head_k_all = 16
llama_context: enumerating backends
llama_context: backend_ptrs.size() = 2
sched_reserve: reserving ...
sched_reserve: max_nodes = 1024
sched_reserve: decode graph slots = 4 (n_tokens <= 4)
sched_reserve: reserving full memory module
sched_reserve: worst-case: n_tokens = 8, n_seqs = 1, n_outputs = 1
resolve_fused_ops: resolving fused Gated Delta Net support:
graph_reserve: reserving a graph for ubatch with n_tokens =    1, n_seqs =  1, n_outputs =    1
resolve_fused_ops: fused Gated Delta Net (autoregressive) enabled
graph_reserve: reserving a graph for ubatch with n_tokens =   16, n_seqs =  1, n_outputs =   16
resolve_fused_ops: fused Gated Delta Net (chunked) enabled
resolve_fused_ops: resolving fused Lightning Indexer support:
graph_reserve: reserving a graph for ubatch with n_tokens =    1, n_seqs =  1, n_outputs =    1
resolve_fused_ops: Lightning Indexer enabled
resolve_fused_ops: resolving fused DeepSeek V4 HC support:
graph_reserve: reserving a graph for ubatch with n_tokens =    1, n_seqs =  1, n_outputs =    1
resolve_fused_ops: fused DeepSeek V4 HC pre enabled
graph_reserve: reserving a graph for ubatch with n_tokens =    1, n_seqs =  1, n_outputs =    1
resolve_fused_ops: fused DeepSeek V4 HC comb enabled
graph_reserve: reserving a graph for ubatch with n_tokens =    1, n_seqs =  1, n_outputs =    1
resolve_fused_ops: fused DeepSeek V4 HC post enabled
graph_reserve: reserving a graph for ubatch with n_tokens =    8, n_seqs =  1, n_outputs =    8
graph_reserve: reserving a graph for ubatch with n_tokens =    1, n_seqs =  1, n_outputs =    1
graph_reserve: reserving a graph for ubatch with n_tokens =    8, n_seqs =  1, n_outputs =    8
sched_reserve:  CUDA_Host compute buffer size =     0.03 MiB
sched_reserve: graph nodes  = 100
sched_reserve: graph splits = 1
sched_reserve: reserve took 2.10 ms, sched copies = 1
llama_context: constructing llama_context
llama_context: n_seq_max             = 1
llama_context: n_ctx                 = 256
llama_context: n_ctx_seq             = 256
llama_context: n_batch               = 32
llama_context: n_ubatch              = 8
llama_context: causal_attn           = 1
llama_context: flash_attn            = disabled
llama_context: kv_unified            = false
llama_context: freq_base             = 10000.0
llama_context: freq_scale            = 1
llama_context: n_rs_seq              = 0
llama_context: n_outputs_max         = 32
llama_context: n_outputs_max_per_seq = 1
llama_context: n_ctx_seq (256) > n_ctx_train (128) -- possible training context overflow
set_abort_callback: call
llama_context:        CPU  output buffer size =     0.00 MiB
llama_kv_cache: layer   0: dev = CPU
llama_kv_cache: layer   1: dev = CPU
llama_kv_cache:        CPU KV buffer size =     0.06 MiB
llama_kv_cache: size =    0.06 MiB (   256 cells,   2 layers,  1/1 seqs), K (f16):    0.03 MiB, V (f16):    0.03 MiB
llama_kv_cache: attn_rot_k = 0, n_embd_head_k_all = 16
llama_kv_cache: attn_rot_v = 0, n_embd_head_k_all = 16
llama_context: enumerating backends
llama_context: backend_ptrs.size() = 2
sched_reserve: reserving ...
sched_reserve: max_nodes = 1024
sched_reserve: decode graph slots = 4 (n_tokens <= 4)
sched_reserve: reserving full memory module
sched_reserve: worst-case: n_tokens = 8, n_seqs = 1, n_outputs = 1
resolve_fused_ops: resolving fused Gated Delta Net support:
graph_reserve: reserving a graph for ubatch with n_tokens =    1, n_seqs =  1, n_outputs =    1
resolve_fused_ops: fused Gated Delta Net (autoregressive) enabled
graph_reserve: reserving a graph for ubatch with n_tokens =   16, n_seqs =  1, n_outputs =   16
resolve_fused_ops: fused Gated Delta Net (chunked) enabled
resolve_fused_ops: resolving fused Lightning Indexer support:
graph_reserve: reserving a graph for ubatch with n_tokens =    1, n_seqs =  1, n_outputs =    1
resolve_fused_ops: Lightning Indexer enabled
resolve_fused_ops: resolving fused DeepSeek V4 HC support:
graph_reserve: reserving a graph for ubatch with n_tokens =    1, n_seqs =  1, n_outputs =    1
resolve_fused_ops: fused DeepSeek V4 HC pre enabled
graph_reserve: reserving a graph for ubatch with n_tokens =    1, n_seqs =  1, n_outputs =    1
resolve_fused_ops: fused DeepSeek V4 HC comb enabled
graph_reserve: reserving a graph for ubatch with n_tokens =    1, n_seqs =  1, n_outputs =    1
resolve_fused_ops: fused DeepSeek V4 HC post enabled
graph_reserve: reserving a graph for ubatch with n_tokens =    8, n_seqs =  1, n_outputs =    8
graph_reserve: reserving a graph for ubatch with n_tokens =    1, n_seqs =  1, n_outputs =    1
graph_reserve: reserving a graph for ubatch with n_tokens =    8, n_seqs =  1, n_outputs =    8
sched_reserve:  CUDA_Host compute buffer size =     0.03 MiB
sched_reserve: graph nodes  = 110
sched_reserve: graph splits = 1
sched_reserve: reserve took 2.27 ms, sched copies = 1
BOUNDARY layer=0 type=f32 tokens=4 max=0.00133975 rmse=0.000442859 ref_rms=0.122914
BOUNDARY layer=1 type=f32 tokens=4 max=0.000431787 rmse=0.000153791 ref_rms=0.0535469
~llama_context:      CUDA0 compute buffer size is   0.0000 MiB, matches expectation of   0.0000 MiB
~llama_context:  CUDA_Host compute buffer size is   0.0304 MiB, matches expectation of   0.0304 MiB
~llama_context:      CUDA0 compute buffer size is   0.0000 MiB, matches expectation of   0.0000 MiB
~llama_context:  CUDA_Host compute buffer size is   0.0304 MiB, matches expectation of   0.0304 MiB
llama_model_loader: loaded meta data with 13 key-value pairs and 23 tensors from C:\Users\cadel\AppData\Local\Temp\moe-integration-24038.gguf (version GGUF V3 (latest))
llama_model_loader: Dumping metadata keys/values. Note: KV overrides do not apply in this output.
llama_model_loader: - kv   0:                       general.architecture str              = llama
llama_model_loader: - kv   1:                       tokenizer.ggml.model str              = no_vocab
llama_model_loader: - kv   2:                           llama.vocab_size u32              = 32
llama_model_loader: - kv   3:                       llama.context_length u32              = 128
llama_model_loader: - kv   4:                     llama.embedding_length u32              = 32
llama_model_loader: - kv   5:                          llama.block_count u32              = 2
llama_model_loader: - kv   6:                  llama.feed_forward_length u32              = 64
llama_model_loader: - kv   7:                 llama.attention.head_count u32              = 2
llama_model_loader: - kv   8:              llama.attention.head_count_kv u32              = 2
llama_model_loader: - kv   9:                 llama.rope.dimension_count u32              = 16
llama_model_loader: - kv  10:                         llama.expert_count u32              = 4
llama_model_loader: - kv  11:                    llama.expert_used_count u32              = 2
llama_model_loader: - kv  12:     llama.attention.layer_norm_rms_epsilon f32              = 0.000010
llama_model_loader: - type  f32:   23 tensors
print_info: file format = GGUF V3 (latest)
print_info: file type   = (guessed) all F32
print_info: file size   = 0.23 MiB (32.00 BPW) 
llama_prepare_model_devices: using device CUDA0 (NVIDIA GeForce RTX 4060 Laptop GPU) (0000:01:00.0) - 7096 MiB free
load: adding 32 dummy tokens
print_info: arch                  = llama
print_info: vocab_only            = 0
print_info: no_alloc              = 0
print_info: n_ctx_train           = 128
print_info: n_embd_inp            = 32
print_info: n_embd                = 32
print_info: n_embd_out            = 32
print_info: n_layer               = 2
print_info: n_layer_all           = 2
print_info: n_head                = 2
print_info: n_head_kv             = 2
print_info: n_rot                 = 16
print_info: n_swa                 = 0
print_info: is_swa_any            = 0
print_info: n_embd_head_k         = 16
print_info: n_embd_head_v         = 16
print_info: n_gqa                 = 1
print_info: n_embd_k_gqa          = 32
print_info: n_embd_v_gqa          = 32
print_info: f_norm_eps            = 0.0e+00
print_info: f_norm_rms_eps        = 1.0e-05
print_info: f_clamp_kqv           = 0.0e+00
print_info: f_max_alibi_bias      = 0.0e+00
print_info: f_logit_scale         = 0.0e+00
print_info: f_attn_scale          = 0.0e+00
print_info: f_attn_value_scale    = 0.0000
print_info: n_ff                  = 64
print_info: n_expert              = 4
print_info: n_expert_used         = 2
print_info: n_expert_groups       = 0
print_info: n_group_used          = 0
print_info: causal attn           = 1
print_info: pooling type          = -1
print_info: rope type             = 0
print_info: rope scaling          = linear
print_info: freq_base_train       = 10000.0
print_info: freq_scale_train      = 1
print_info: n_ctx_orig_yarn       = 128
print_info: rope_yarn_log_mul     = 0.0000
print_info: rope_finetuned        = unknown
print_info: model type            = ?B
print_info: model params          = 59.81 K
print_info: general.name          = n/a
print_info: vocab type            = no vocab
print_info: n_vocab               = 32
print_info: n_merges              = 0
print_info: max token length      = 0
load_tensors: loading model tensors, this can take a while... (load_mode = mmap)
load_tensors: layer   0 assigned to device CPU, is_swa = 0
load_tensors: layer   1 assigned to device CPU, is_swa = 0
load_tensors: layer   2 assigned to device CPU, is_swa = 0
create_tensor: loading tensor token_embd.weight
create_tensor: loading tensor output_norm.weight
create_tensor: loading tensor output.weight
create_tensor: loading tensor blk.0.attn_norm.weight
create_tensor: loading tensor blk.0.attn_qkv.weight
create_tensor: loading tensor blk.0.attn_q.weight
create_tensor: loading tensor blk.0.attn_k.weight
create_tensor: loading tensor blk.0.attn_v.weight
create_tensor: loading tensor blk.0.attn_q.bias
create_tensor: loading tensor blk.0.attn_k.bias
create_tensor: loading tensor blk.0.attn_v.bias
create_tensor: loading tensor blk.0.attn_output.weight
create_tensor: loading tensor blk.0.attn_output.bias
create_tensor: loading tensor blk.0.ffn_norm.weight
create_tensor: loading tensor rope_freqs.weight
create_tensor: loading tensor blk.0.ffn_gate_inp.weight
create_tensor: loading tensor blk.0.ffn_gate_exps.weight
create_tensor: loading tensor blk.0.ffn_down_exps.weight
create_tensor: loading tensor blk.0.ffn_up_exps.weight
create_tensor: loading tensor blk.1.attn_norm.weight
create_tensor: loading tensor blk.1.attn_qkv.weight
create_tensor: loading tensor blk.1.attn_q.weight
create_tensor: loading tensor blk.1.attn_k.weight
create_tensor: loading tensor blk.1.attn_v.weight
create_tensor: loading tensor blk.1.attn_q.bias
create_tensor: loading tensor blk.1.attn_k.bias
create_tensor: loading tensor blk.1.attn_v.bias
create_tensor: loading tensor blk.1.attn_output.weight
create_tensor: loading tensor blk.1.attn_output.bias
create_tensor: loading tensor blk.1.ffn_norm.weight
create_tensor: loading tensor rope_freqs.weight
create_tensor: loading tensor blk.1.ffn_gate_inp.weight
create_tensor: loading tensor blk.1.ffn_gate_exps.weight
create_tensor: loading tensor blk.1.ffn_down_exps.weight
create_tensor: loading tensor blk.1.ffn_up_exps.weight
create_tensor: loading tensor blk.0.attn_q.scale
create_tensor: loading tensor blk.0.attn_k.scale
create_tensor: loading tensor blk.0.attn_v.scale
create_tensor: loading tensor blk.0.attn_output.scale
create_tensor: loading tensor blk.0.ffn_gate_exps.scale
create_tensor: loading tensor blk.0.ffn_down_exps.scale
create_tensor: loading tensor blk.0.ffn_up_exps.scale
create_tensor: loading tensor blk.0.attn_q.input_scale
create_tensor: loading tensor blk.0.attn_k.input_scale
create_tensor: loading tensor blk.0.attn_v.input_scale
create_tensor: loading tensor blk.0.attn_output.input_scale
create_tensor: loading tensor blk.0.ffn_gate_exps.input_scale
create_tensor: loading tensor blk.0.ffn_down_exps.input_scale
create_tensor: loading tensor blk.0.ffn_up_exps.input_scale
create_tensor: loading tensor blk.1.attn_q.scale
create_tensor: loading tensor blk.1.attn_k.scale
create_tensor: loading tensor blk.1.attn_v.scale
create_tensor: loading tensor blk.1.attn_output.scale
create_tensor: loading tensor blk.1.ffn_gate_exps.scale
create_tensor: loading tensor blk.1.ffn_down_exps.scale
create_tensor: loading tensor blk.1.ffn_up_exps.scale
create_tensor: loading tensor blk.1.attn_q.input_scale
create_tensor: loading tensor blk.1.attn_k.input_scale
create_tensor: loading tensor blk.1.attn_v.input_scale
create_tensor: loading tensor blk.1.attn_output.input_scale
create_tensor: loading tensor blk.1.ffn_gate_exps.input_scale
create_tensor: loading tensor blk.1.ffn_down_exps.input_scale
create_tensor: loading tensor blk.1.ffn_up_exps.input_scale
done_getting_tensors: tensor 'token_embd.weight' (f32) (and 22 others) cannot be used with preferred buffer type CUDA_Host, using CPU instead
load_tensors: offloading 0 repeating layers to GPU
load_tensors: offloaded 0/3 layers to GPU
load_tensors:   CPU_Mapped model buffer size =     0.23 MiB
................
llama_model_loader: loaded meta data with 13 key-value pairs and 23 tensors from C:\Users\cadel\AppData\Local\Temp\moe-integration-24038.gguf (version GGUF V3 (latest))
llama_model_loader: Dumping metadata keys/values. Note: KV overrides do not apply in this output.
llama_model_loader: - kv   0:                       general.architecture str              = llama
llama_model_loader: - kv   1:                       tokenizer.ggml.model str              = no_vocab
llama_model_loader: - kv   2:                           llama.vocab_size u32              = 32
llama_model_loader: - kv   3:                       llama.context_length u32              = 128
llama_model_loader: - kv   4:                     llama.embedding_length u32              = 32
llama_model_loader: - kv   5:                          llama.block_count u32              = 2
llama_model_loader: - kv   6:                  llama.feed_forward_length u32              = 64
llama_model_loader: - kv   7:                 llama.attention.head_count u32              = 2
llama_model_loader: - kv   8:              llama.attention.head_count_kv u32              = 2
llama_model_loader: - kv   9:                 llama.rope.dimension_count u32              = 16
llama_model_loader: - kv  10:                         llama.expert_count u32              = 4
llama_model_loader: - kv  11:                    llama.expert_used_count u32              = 2
llama_model_loader: - kv  12:     llama.attention.layer_norm_rms_epsilon f32              = 0.000010
llama_model_loader: - type  f32:   23 tensors
print_info: file format = GGUF V3 (latest)
print_info: file type   = (guessed) all F32
print_info: file size   = 0.23 MiB (32.00 BPW) 
llama_prepare_model_devices: using device CUDA0 (NVIDIA GeForce RTX 4060 Laptop GPU) (0000:01:00.0) - 7096 MiB free
load: adding 32 dummy tokens
print_info: arch                  = llama
print_info: vocab_only            = 0
print_info: no_alloc              = 0
print_info: n_ctx_train           = 128
print_info: n_embd_inp            = 32
print_info: n_embd                = 32
print_info: n_embd_out            = 32
print_info: n_layer               = 2
print_info: n_layer_all           = 2
print_info: n_head                = 2
print_info: n_head_kv             = 2
print_info: n_rot                 = 16
print_info: n_swa                 = 0
print_info: is_swa_any            = 0
print_info: n_embd_head_k         = 16
print_info: n_embd_head_v         = 16
print_info: n_gqa                 = 1
print_info: n_embd_k_gqa          = 32
print_info: n_embd_v_gqa          = 32
print_info: f_norm_eps            = 0.0e+00
print_info: f_norm_rms_eps        = 1.0e-05
print_info: f_clamp_kqv           = 0.0e+00
print_info: f_max_alibi_bias      = 0.0e+00
print_info: f_logit_scale         = 0.0e+00
print_info: f_attn_scale          = 0.0e+00
print_info: f_attn_value_scale    = 0.0000
print_info: n_ff                  = 64
print_info: n_expert              = 4
print_info: n_expert_used         = 2
print_info: n_expert_groups       = 0
print_info: n_group_used          = 0
print_info: causal attn           = 1
print_info: pooling type          = -1
print_info: rope type             = 0
print_info: rope scaling          = linear
print_info: freq_base_train       = 10000.0
print_info: freq_scale_train      = 1
print_info: n_ctx_orig_yarn       = 128
print_info: rope_yarn_log_mul     = 0.0000
print_info: rope_finetuned        = unknown
print_info: model type            = ?B
print_info: model params          = 59.81 K
print_info: general.name          = n/a
print_info: vocab type            = no vocab
print_info: n_vocab               = 32
print_info: n_merges              = 0
print_info: max token length      = 0
load_tensors: loading model tensors, this can take a while... (load_mode = mmap)
load_tensors: layer   0 assigned to device CPU, is_swa = 0
load_tensors: layer   1 assigned to device CPU, is_swa = 0
load_tensors: layer   2 assigned to device CPU, is_swa = 0
create_tensor: loading tensor token_embd.weight
create_tensor: loading tensor output_norm.weight
create_tensor: loading tensor output.weight
create_tensor: loading tensor blk.0.attn_norm.weight
create_tensor: loading tensor blk.0.attn_qkv.weight
create_tensor: loading tensor blk.0.attn_q.weight
create_tensor: loading tensor blk.0.attn_k.weight
create_tensor: loading tensor blk.0.attn_v.weight
create_tensor: loading tensor blk.0.attn_q.bias
create_tensor: loading tensor blk.0.attn_k.bias
create_tensor: loading tensor blk.0.attn_v.bias
create_tensor: loading tensor blk.0.attn_output.weight
create_tensor: loading tensor blk.0.attn_output.bias
create_tensor: loading tensor blk.0.ffn_norm.weight
create_tensor: loading tensor rope_freqs.weight
create_tensor: loading tensor blk.0.ffn_gate_inp.weight
create_tensor: loading tensor blk.0.ffn_gate_exps.weight
create_tensor: loading tensor blk.0.ffn_down_exps.weight
create_tensor: loading tensor blk.0.ffn_up_exps.weight
create_tensor: loading tensor blk.1.attn_norm.weight
create_tensor: loading tensor blk.1.attn_qkv.weight
create_tensor: loading tensor blk.1.attn_q.weight
create_tensor: loading tensor blk.1.attn_k.weight
create_tensor: loading tensor blk.1.attn_v.weight
create_tensor: loading tensor blk.1.attn_q.bias
create_tensor: loading tensor blk.1.attn_k.bias
create_tensor: loading tensor blk.1.attn_v.bias
create_tensor: loading tensor blk.1.attn_output.weight
create_tensor: loading tensor blk.1.attn_output.bias
create_tensor: loading tensor blk.1.ffn_norm.weight
create_tensor: loading tensor rope_freqs.weight
create_tensor: loading tensor blk.1.ffn_gate_inp.weight
create_tensor: loading tensor blk.1.ffn_gate_exps.weight
create_tensor: loading tensor blk.1.ffn_down_exps.weight
create_tensor: loading tensor blk.1.ffn_up_exps.weight
create_tensor: loading tensor blk.0.attn_q.scale
create_tensor: loading tensor blk.0.attn_k.scale
create_tensor: loading tensor blk.0.attn_v.scale
create_tensor: loading tensor blk.0.attn_output.scale
create_tensor: loading tensor blk.0.ffn_gate_exps.scale
create_tensor: loading tensor blk.0.ffn_down_exps.scale
create_tensor: loading tensor blk.0.ffn_up_exps.scale
create_tensor: loading tensor blk.0.attn_q.input_scale
create_tensor: loading tensor blk.0.attn_k.input_scale
create_tensor: loading tensor blk.0.attn_v.input_scale
create_tensor: loading tensor blk.0.attn_output.input_scale
create_tensor: loading tensor blk.0.ffn_gate_exps.input_scale
create_tensor: loading tensor blk.0.ffn_down_exps.input_scale
create_tensor: loading tensor blk.0.ffn_up_exps.input_scale
create_tensor: loading tensor blk.1.attn_q.scale
create_tensor: loading tensor blk.1.attn_k.scale
create_tensor: loading tensor blk.1.attn_v.scale
create_tensor: loading tensor blk.1.attn_output.scale
create_tensor: loading tensor blk.1.ffn_gate_exps.scale
create_tensor: loading tensor blk.1.ffn_down_exps.scale
create_tensor: loading tensor blk.1.ffn_up_exps.scale
create_tensor: loading tensor blk.1.attn_q.input_scale
create_tensor: loading tensor blk.1.attn_k.input_scale
create_tensor: loading tensor blk.1.attn_v.input_scale
create_tensor: loading tensor blk.1.attn_output.input_scale
create_tensor: loading tensor blk.1.ffn_gate_exps.input_scale
create_tensor: loading tensor blk.1.ffn_down_exps.input_scale
create_tensor: loading tensor blk.1.ffn_up_exps.input_scale
load_tensors: offloading 0 repeating layers to GPU
load_tensors: offloaded 0/3 layers to GPU
load_tensors:   CPU_Mapped model buffer size =     0.23 MiB
................
load_tensors: experimental host-bank MoE enabled, tile weights <= 24832 bytes; this is not a total memory limit
llama_context: constructing llama_context
llama_context: n_seq_max             = 1
llama_context: n_ctx                 = 256
llama_context: n_ctx_seq             = 256
llama_context: n_batch               = 32
llama_context: n_ubatch              = 8
llama_context: causal_attn           = 1
llama_context: flash_attn            = disabled
llama_context: kv_unified            = false
llama_context: freq_base             = 10000.0
llama_context: freq_scale            = 1
llama_context: n_rs_seq              = 0
llama_context: n_outputs_max         = 32
llama_context: n_outputs_max_per_seq = 1
llama_context: n_ctx_seq (256) > n_ctx_train (128) -- possible training context overflow
set_abort_callback: call
llama_context:        CPU  output buffer size =     0.00 MiB
llama_kv_cache: layer   0: dev = CPU
llama_kv_cache: layer   1: dev = CPU
llama_kv_cache:        CPU KV buffer size =     0.06 MiB
llama_kv_cache: size =    0.06 MiB (   256 cells,   2 layers,  1/1 seqs), K (f16):    0.03 MiB, V (f16):    0.03 MiB
llama_kv_cache: attn_rot_k = 0, n_embd_head_k_all = 16
llama_kv_cache: attn_rot_v = 0, n_embd_head_k_all = 16
llama_context: enumerating backends
llama_context: backend_ptrs.size() = 2
sched_reserve: reserving ...
sched_reserve: max_nodes = 1024
sched_reserve: decode graph slots = 4 (n_tokens <= 4)
sched_reserve: reserving full memory module
sched_reserve: worst-case: n_tokens = 8, n_seqs = 1, n_outputs = 1
resolve_fused_ops: resolving fused Gated Delta Net support:
graph_reserve: reserving a graph for ubatch with n_tokens =    1, n_seqs =  1, n_outputs =    1
resolve_fused_ops: fused Gated Delta Net (autoregressive) enabled
graph_reserve: reserving a graph for ubatch with n_tokens =   16, n_seqs =  1, n_outputs =   16
resolve_fused_ops: fused Gated Delta Net (chunked) enabled
resolve_fused_ops: resolving fused Lightning Indexer support:
graph_reserve: reserving a graph for ubatch with n_tokens =    1, n_seqs =  1, n_outputs =    1
resolve_fused_ops: Lightning Indexer enabled
resolve_fused_ops: resolving fused DeepSeek V4 HC support:
graph_reserve: reserving a graph for ubatch with n_tokens =    1, n_seqs =  1, n_outputs =    1
resolve_fused_ops: fused DeepSeek V4 HC pre enabled
graph_reserve: reserving a graph for ubatch with n_tokens =    1, n_seqs =  1, n_outputs =    1
resolve_fused_ops: fused DeepSeek V4 HC comb enabled
graph_reserve: reserving a graph for ubatch with n_tokens =    1, n_seqs =  1, n_outputs =    1
resolve_fused_ops: fused DeepSeek V4 HC post enabled
graph_reserve: reserving a graph for ubatch with n_tokens =    8, n_seqs =  1, n_outputs =    8
graph_reserve: reserving a graph for ubatch with n_tokens =    1, n_seqs =  1, n_outputs =    1
graph_reserve: reserving a graph for ubatch with n_tokens =    8, n_seqs =  1, n_outputs =    8
sched_reserve:  CUDA_Host compute buffer size =     0.03 MiB
sched_reserve: graph nodes  = 110
sched_reserve: graph splits = 1
sched_reserve: reserve took 2.21 ms, sched copies = 1
llama_context: constructing llama_context
llama_context: n_seq_max             = 1
llama_context: n_ctx                 = 256
llama_context: n_ctx_seq             = 256
llama_context: n_batch               = 32
llama_context: n_ubatch              = 8
llama_context: causal_attn           = 1
llama_context: flash_attn            = disabled
llama_context: kv_unified            = false
llama_context: freq_base             = 10000.0
llama_context: freq_scale            = 1
llama_context: n_rs_seq              = 0
llama_context: n_outputs_max         = 32
llama_context: n_outputs_max_per_seq = 1
llama_context: n_ctx_seq (256) > n_ctx_train (128) -- possible training context overflow
set_abort_callback: call
llama_context:        CPU  output buffer size =     0.00 MiB
llama_kv_cache: layer   0: dev = CPU
llama_kv_cache: layer   1: dev = CPU
llama_kv_cache:        CPU KV buffer size =     0.06 MiB
llama_kv_cache: size =    0.06 MiB (   256 cells,   2 layers,  1/1 seqs), K (f16):    0.03 MiB, V (f16):    0.03 MiB
llama_kv_cache: attn_rot_k = 0, n_embd_head_k_all = 16
llama_kv_cache: attn_rot_v = 0, n_embd_head_k_all = 16
llama_context: enumerating backends
llama_context: backend_ptrs.size() = 2
sched_reserve: reserving ...
sched_reserve: max_nodes = 1024
sched_reserve: decode graph slots = 4 (n_tokens <= 4)
sched_reserve: reserving full memory module
sched_reserve: worst-case: n_tokens = 8, n_seqs = 1, n_outputs = 1
resolve_fused_ops: resolving fused Gated Delta Net support:
graph_reserve: reserving a graph for ubatch with n_tokens =    1, n_seqs =  1, n_outputs =    1
resolve_fused_ops: fused Gated Delta Net (autoregressive) enabled
graph_reserve: reserving a graph for ubatch with n_tokens =   16, n_seqs =  1, n_outputs =   16
resolve_fused_ops: fused Gated Delta Net (chunked) enabled
resolve_fused_ops: resolving fused Lightning Indexer support:
graph_reserve: reserving a graph for ubatch with n_tokens =    1, n_seqs =  1, n_outputs =    1
resolve_fused_ops: Lightning Indexer enabled
resolve_fused_ops: resolving fused DeepSeek V4 HC support:
graph_reserve: reserving a graph for ubatch with n_tokens =    1, n_seqs =  1, n_outputs =    1
resolve_fused_ops: fused DeepSeek V4 HC pre enabled
graph_reserve: reserving a graph for ubatch with n_tokens =    1, n_seqs =  1, n_outputs =    1
resolve_fused_ops: fused DeepSeek V4 HC comb enabled
graph_reserve: reserving a graph for ubatch with n_tokens =    1, n_seqs =  1, n_outputs =    1
resolve_fused_ops: fused DeepSeek V4 HC post enabled
graph_reserve: reserving a graph for ubatch with n_tokens =    8, n_seqs =  1, n_outputs =    8
graph_reserve: reserving a graph for ubatch with n_tokens =    1, n_seqs =  1, n_outputs =    1
graph_reserve: reserving a graph for ubatch with n_tokens =    8, n_seqs =  1, n_outputs =    8
sched_reserve:  CUDA_Host compute buffer size =     0.03 MiB
sched_reserve: graph nodes  = 100
sched_reserve: graph splits = 1
sched_reserve: reserve took 2.10 ms, sched copies = 1
graph_reserve: reserving a graph for ubatch with n_tokens =    4, n_seqs =  1, n_outputs =    4
set_abort_callback: call
graph_compute: ggml_backend_sched_graph_compute_async failed with error 1
process_ubatch: failed to compute graph, compute status: 1
decode: removing memory module entries for seq_id = 0, pos = [59, +inf)
llama_decode: failed to decode, ret = 2
set_abort_callback: call
host-bank MoE execution failed: MoE routing weight must be finite
host-bank MoE execution failed: MoE routing weight must be finite
process_ubatch: failed to compute graph, compute status: -1
decode: removing memory module entries for seq_id = 0, pos = [59, +inf)
llama_decode: failed to decode, ret = -3
llama_context: constructing llama_context
llama_init_from_model: failed to initialize the context: host-bank MoE requires one sequence, op_offload=false and offload_kqv=false
llama_context: constructing llama_context
llama_init_from_model: failed to initialize the context: host-bank MoE requires one sequence, op_offload=false and offload_kqv=false
llama_context: constructing llama_context
llama_init_from_model: failed to initialize the context: host-bank MoE requires one sequence, op_offload=false and offload_kqv=false
llama_context: constructing llama_context
llama_init_from_model: failed to initialize the context: moe cache: invalid uniform arena geometry
llama_context: constructing llama_context
llama_init_from_model: failed to initialize the context: host-bank MoE cache requires model.moe_cpu_tile_bytes host-bank setup
~llama_context:      CUDA0 compute buffer size is   0.0000 MiB, matches expectation of   0.0000 MiB
~llama_context:  CUDA_Host compute buffer size is   0.0304 MiB, matches expectation of   0.0304 MiB
~llama_context:      CUDA0 compute buffer size is   0.0000 MiB, matches expectation of   0.0000 MiB
~llama_context:  CUDA_Host compute buffer size is   0.0304 MiB, matches expectation of   0.0304 MiB
llama_context: constructing llama_context
llama_context: n_seq_max             = 1
llama_context: n_ctx                 = 256
llama_context: n_ctx_seq             = 256
llama_context: n_batch               = 32
llama_context: n_ubatch              = 8
llama_context: causal_attn           = 1
llama_context: flash_attn            = disabled
llama_context: kv_unified            = false
llama_context: freq_base             = 10000.0
llama_context: freq_scale            = 1
llama_context: n_rs_seq              = 0
llama_context: n_outputs_max         = 32
llama_context: n_outputs_max_per_seq = 1
llama_context: n_ctx_seq (256) > n_ctx_train (128) -- possible training context overflow
set_abort_callback: call
llama_context:        CPU  output buffer size =     0.00 MiB
llama_kv_cache: layer   0: dev = CPU
llama_kv_cache: layer   1: dev = CPU
llama_kv_cache:        CPU KV buffer size =     0.06 MiB
llama_kv_cache: size =    0.06 MiB (   256 cells,   2 layers,  1/1 seqs), K (f16):    0.03 MiB, V (f16):    0.03 MiB
llama_kv_cache: attn_rot_k = 0, n_embd_head_k_all = 16
llama_kv_cache: attn_rot_v = 0, n_embd_head_k_all = 16
llama_context: enumerating backends
llama_context: backend_ptrs.size() = 2
sched_reserve: reserving ...
sched_reserve: max_nodes = 1024
sched_reserve: decode graph slots = 4 (n_tokens <= 4)
sched_reserve: reserving full memory module
sched_reserve: worst-case: n_tokens = 8, n_seqs = 1, n_outputs = 1
resolve_fused_ops: resolving fused Gated Delta Net support:
graph_reserve: reserving a graph for ubatch with n_tokens =    1, n_seqs =  1, n_outputs =    1
resolve_fused_ops: fused Gated Delta Net (autoregressive) enabled
graph_reserve: reserving a graph for ubatch with n_tokens =   16, n_seqs =  1, n_outputs =   16
resolve_fused_ops: fused Gated Delta Net (chunked) enabled
resolve_fused_ops: resolving fused Lightning Indexer support:
graph_reserve: reserving a graph for ubatch with n_tokens =    1, n_seqs =  1, n_outputs =    1
resolve_fused_ops: Lightning Indexer enabled
resolve_fused_ops: resolving fused DeepSeek V4 HC support:
graph_reserve: reserving a graph for ubatch with n_tokens =    1, n_seqs =  1, n_outputs =    1
resolve_fused_ops: fused DeepSeek V4 HC pre enabled
graph_reserve: reserving a graph for ubatch with n_tokens =    1, n_seqs =  1, n_outputs =    1
resolve_fused_ops: fused DeepSeek V4 HC comb enabled
graph_reserve: reserving a graph for ubatch with n_tokens =    1, n_seqs =  1, n_outputs =    1
resolve_fused_ops: fused DeepSeek V4 HC post enabled
graph_reserve: reserving a graph for ubatch with n_tokens =    8, n_seqs =  1, n_outputs =    8
graph_reserve: reserving a graph for ubatch with n_tokens =    1, n_seqs =  1, n_outputs =    1
graph_reserve: reserving a graph for ubatch with n_tokens =    8, n_seqs =  1, n_outputs =    8
sched_reserve:  CUDA_Host compute buffer size =     0.03 MiB
sched_reserve: graph nodes  = 100
sched_reserve: graph splits = 1
sched_reserve: reserve took 2.14 ms, sched copies = 1
llama_context: constructing llama_context
llama_context: n_seq_max             = 1
llama_context: n_ctx                 = 256
llama_context: n_ctx_seq             = 256
llama_context: n_batch               = 32
llama_context: n_ubatch              = 8
llama_context: causal_attn           = 1
llama_context: flash_attn            = disabled
llama_context: kv_unified            = false
llama_context: freq_base             = 10000.0
llama_context: freq_scale            = 1
llama_context: n_rs_seq              = 0
llama_context: n_outputs_max         = 32
llama_context: n_outputs_max_per_seq = 1
llama_context: n_ctx_seq (256) > n_ctx_train (128) -- possible training context overflow
set_abort_callback: call
llama_context:        CPU  output buffer size =     0.00 MiB
llama_kv_cache: layer   0: dev = CPU
llama_kv_cache: layer   1: dev = CPU
llama_kv_cache:        CPU KV buffer size =     0.06 MiB
llama_kv_cache: size =    0.06 MiB (   256 cells,   2 layers,  1/1 seqs), K (f16):    0.03 MiB, V (f16):    0.03 MiB
llama_kv_cache: attn_rot_k = 0, n_embd_head_k_all = 16
llama_kv_cache: attn_rot_v = 0, n_embd_head_k_all = 16
llama_context: enumerating backends
llama_context: backend_ptrs.size() = 2
sched_reserve: reserving ...
sched_reserve: max_nodes = 1024
sched_reserve: decode graph slots = 4 (n_tokens <= 4)
sched_reserve: reserving full memory module
sched_reserve: worst-case: n_tokens = 8, n_seqs = 1, n_outputs = 1
resolve_fused_ops: resolving fused Gated Delta Net support:
graph_reserve: reserving a graph for ubatch with n_tokens =    1, n_seqs =  1, n_outputs =    1
resolve_fused_ops: fused Gated Delta Net (autoregressive) enabled
graph_reserve: reserving a graph for ubatch with n_tokens =   16, n_seqs =  1, n_outputs =   16
resolve_fused_ops: fused Gated Delta Net (chunked) enabled
resolve_fused_ops: resolving fused Lightning Indexer support:
graph_reserve: reserving a graph for ubatch with n_tokens =    1, n_seqs =  1, n_outputs =    1
resolve_fused_ops: Lightning Indexer enabled
resolve_fused_ops: resolving fused DeepSeek V4 HC support:
graph_reserve: reserving a graph for ubatch with n_tokens =    1, n_seqs =  1, n_outputs =    1
resolve_fused_ops: fused DeepSeek V4 HC pre enabled
graph_reserve: reserving a graph for ubatch with n_tokens =    1, n_seqs =  1, n_outputs =    1
resolve_fused_ops: fused DeepSeek V4 HC comb enabled
graph_reserve: reserving a graph for ubatch with n_tokens =    1, n_seqs =  1, n_outputs =    1
resolve_fused_ops: fused DeepSeek V4 HC post enabled
graph_reserve: reserving a graph for ubatch with n_tokens =    8, n_seqs =  1, n_outputs =    8
graph_reserve: reserving a graph for ubatch with n_tokens =    1, n_seqs =  1, n_outputs =    1
graph_reserve: reserving a graph for ubatch with n_tokens =    8, n_seqs =  1, n_outputs =    8
sched_reserve:  CUDA_Host compute buffer size =     0.03 MiB
sched_reserve: graph nodes  = 110
sched_reserve: graph splits = 1
sched_reserve: reserve took 2.06 ms, sched copies = 1
~llama_context:      CUDA0 compute buffer size is   0.0000 MiB, matches expectation of   0.0000 MiB
~llama_context:  CUDA_Host compute buffer size is   0.0304 MiB, matches expectation of   0.0304 MiB
~llama_context:      CUDA0 compute buffer size is   0.0000 MiB, matches expectation of   0.0000 MiB
~llama_context:  CUDA_Host compute buffer size is   0.0304 MiB, matches expectation of   0.0304 MiB
llama_model_loader: loaded meta data with 13 key-value pairs and 23 tensors from C:\Users\cadel\AppData\Local\Temp\moe-integration-24038.gguf (version GGUF V3 (latest))
llama_model_loader: Dumping metadata keys/values. Note: KV overrides do not apply in this output.
llama_model_loader: - kv   0:                       general.architecture str              = llama
llama_model_loader: - kv   1:                       tokenizer.ggml.model str              = no_vocab
llama_model_loader: - kv   2:                           llama.vocab_size u32              = 32
llama_model_loader: - kv   3:                       llama.context_length u32              = 128
llama_model_loader: - kv   4:                     llama.embedding_length u32              = 32
llama_model_loader: - kv   5:                          llama.block_count u32              = 2
llama_model_loader: - kv   6:                  llama.feed_forward_length u32              = 64
llama_model_loader: - kv   7:                 llama.attention.head_count u32              = 2
llama_model_loader: - kv   8:              llama.attention.head_count_kv u32              = 2
llama_model_loader: - kv   9:                 llama.rope.dimension_count u32              = 16
llama_model_loader: - kv  10:                         llama.expert_count u32              = 4
llama_model_loader: - kv  11:                    llama.expert_used_count u32              = 2
llama_model_loader: - kv  12:     llama.attention.layer_norm_rms_epsilon f32              = 0.000010
llama_model_loader: - type  f32:   23 tensors
print_info: file format = GGUF V3 (latest)
print_info: file type   = (guessed) all F32
print_info: file size   = 0.23 MiB (32.00 BPW) 
llama_prepare_model_devices: using device CUDA0 (NVIDIA GeForce RTX 4060 Laptop GPU) (0000:01:00.0) - 7096 MiB free
load: adding 32 dummy tokens
print_info: arch                  = llama
print_info: vocab_only            = 0
print_info: no_alloc              = 0
print_info: n_ctx_train           = 128
print_info: n_embd_inp            = 32
print_info: n_embd                = 32
print_info: n_embd_out            = 32
print_info: n_layer               = 2
print_info: n_layer_all           = 2
print_info: n_head                = 2
print_info: n_head_kv             = 2
print_info: n_rot                 = 16
print_info: n_swa                 = 0
print_info: is_swa_any            = 0
print_info: n_embd_head_k         = 16
print_info: n_embd_head_v         = 16
print_info: n_gqa                 = 1
print_info: n_embd_k_gqa          = 32
print_info: n_embd_v_gqa          = 32
print_info: f_norm_eps            = 0.0e+00
print_info: f_norm_rms_eps        = 1.0e-05
print_info: f_clamp_kqv           = 0.0e+00
print_info: f_max_alibi_bias      = 0.0e+00
print_info: f_logit_scale         = 0.0e+00
print_info: f_attn_scale          = 0.0e+00
print_info: f_attn_value_scale    = 0.0000
print_info: n_ff                  = 64
print_info: n_expert              = 4
print_info: n_expert_used         = 2
print_info: n_expert_groups       = 0
print_info: n_group_used          = 0
print_info: causal attn           = 1
print_info: pooling type          = -1
print_info: rope type             = 0
print_info: rope scaling          = linear
print_info: freq_base_train       = 10000.0
print_info: freq_scale_train      = 1
print_info: n_ctx_orig_yarn       = 128
print_info: rope_yarn_log_mul     = 0.0000
print_info: rope_finetuned        = unknown
print_info: model type            = ?B
print_info: model params          = 59.81 K
print_info: general.name          = n/a
print_info: vocab type            = no vocab
print_info: n_vocab               = 32
print_info: n_merges              = 0
print_info: max token length      = 0
load_tensors: loading model tensors, this can take a while... (load_mode = mmap)
load_tensors: layer   0 assigned to device CPU, is_swa = 0
load_tensors: layer   1 assigned to device CPU, is_swa = 0
load_tensors: layer   2 assigned to device CPU, is_swa = 0
create_tensor: loading tensor token_embd.weight
create_tensor: loading tensor output_norm.weight
create_tensor: loading tensor output.weight
create_tensor: loading tensor blk.0.attn_norm.weight
create_tensor: loading tensor blk.0.attn_qkv.weight
create_tensor: loading tensor blk.0.attn_q.weight
create_tensor: loading tensor blk.0.attn_k.weight
create_tensor: loading tensor blk.0.attn_v.weight
create_tensor: loading tensor blk.0.attn_q.bias
create_tensor: loading tensor blk.0.attn_k.bias
create_tensor: loading tensor blk.0.attn_v.bias
create_tensor: loading tensor blk.0.attn_output.weight
create_tensor: loading tensor blk.0.attn_output.bias
create_tensor: loading tensor blk.0.ffn_norm.weight
create_tensor: loading tensor rope_freqs.weight
create_tensor: loading tensor blk.0.ffn_gate_inp.weight
create_tensor: loading tensor blk.0.ffn_gate_exps.weight
create_tensor: loading tensor blk.0.ffn_down_exps.weight
create_tensor: loading tensor blk.0.ffn_up_exps.weight
create_tensor: loading tensor blk.1.attn_norm.weight
create_tensor: loading tensor blk.1.attn_qkv.weight
create_tensor: loading tensor blk.1.attn_q.weight
create_tensor: loading tensor blk.1.attn_k.weight
create_tensor: loading tensor blk.1.attn_v.weight
create_tensor: loading tensor blk.1.attn_q.bias
create_tensor: loading tensor blk.1.attn_k.bias
create_tensor: loading tensor blk.1.attn_v.bias
create_tensor: loading tensor blk.1.attn_output.weight
create_tensor: loading tensor blk.1.attn_output.bias
create_tensor: loading tensor blk.1.ffn_norm.weight
create_tensor: loading tensor rope_freqs.weight
create_tensor: loading tensor blk.1.ffn_gate_inp.weight
create_tensor: loading tensor blk.1.ffn_gate_exps.weight
create_tensor: loading tensor blk.1.ffn_down_exps.weight
create_tensor: loading tensor blk.1.ffn_up_exps.weight
create_tensor: loading tensor blk.0.attn_q.scale
create_tensor: loading tensor blk.0.attn_k.scale
create_tensor: loading tensor blk.0.attn_v.scale
create_tensor: loading tensor blk.0.attn_output.scale
create_tensor: loading tensor blk.0.ffn_gate_exps.scale
create_tensor: loading tensor blk.0.ffn_down_exps.scale
create_tensor: loading tensor blk.0.ffn_up_exps.scale
create_tensor: loading tensor blk.0.attn_q.input_scale
create_tensor: loading tensor blk.0.attn_k.input_scale
create_tensor: loading tensor blk.0.attn_v.input_scale
create_tensor: loading tensor blk.0.attn_output.input_scale
create_tensor: loading tensor blk.0.ffn_gate_exps.input_scale
create_tensor: loading tensor blk.0.ffn_down_exps.input_scale
create_tensor: loading tensor blk.0.ffn_up_exps.input_scale
create_tensor: loading tensor blk.1.attn_q.scale
create_tensor: loading tensor blk.1.attn_k.scale
create_tensor: loading tensor blk.1.attn_v.scale
create_tensor: loading tensor blk.1.attn_output.scale
create_tensor: loading tensor blk.1.ffn_gate_exps.scale
create_tensor: loading tensor blk.1.ffn_down_exps.scale
create_tensor: loading tensor blk.1.ffn_up_exps.scale
create_tensor: loading tensor blk.1.attn_q.input_scale
create_tensor: loading tensor blk.1.attn_k.input_scale
create_tensor: loading tensor blk.1.attn_v.input_scale
create_tensor: loading tensor blk.1.attn_output.input_scale
create_tensor: loading tensor blk.1.ffn_gate_exps.input_scale
create_tensor: loading tensor blk.1.ffn_down_exps.input_scale
create_tensor: loading tensor blk.1.ffn_up_exps.input_scale
done_getting_tensors: tensor 'token_embd.weight' (f32) (and 22 others) cannot be used with preferred buffer type CUDA_Host, using CPU instead
load_tensors: offloading 0 repeating layers to GPU
load_tensors: offloaded 0/3 layers to GPU
load_tensors:   CPU_Mapped model buffer size =     0.23 MiB
................
llama_model_loader: loaded meta data with 13 key-value pairs and 23 tensors from C:\Users\cadel\AppData\Local\Temp\moe-integration-24038.gguf (version GGUF V3 (latest))
llama_model_loader: Dumping metadata keys/values. Note: KV overrides do not apply in this output.
llama_model_loader: - kv   0:                       general.architecture str              = llama
llama_model_loader: - kv   1:                       tokenizer.ggml.model str              = no_vocab
llama_model_loader: - kv   2:                           llama.vocab_size u32              = 32
llama_model_loader: - kv   3:                       llama.context_length u32              = 128
llama_model_loader: - kv   4:                     llama.embedding_length u32              = 32
llama_model_loader: - kv   5:                          llama.block_count u32              = 2
llama_model_loader: - kv   6:                  llama.feed_forward_length u32              = 64
llama_model_loader: - kv   7:                 llama.attention.head_count u32              = 2
llama_model_loader: - kv   8:              llama.attention.head_count_kv u32              = 2
llama_model_loader: - kv   9:                 llama.rope.dimension_count u32              = 16
llama_model_loader: - kv  10:                         llama.expert_count u32              = 4
llama_model_loader: - kv  11:                    llama.expert_used_count u32              = 2
llama_model_loader: - kv  12:     llama.attention.layer_norm_rms_epsilon f32              = 0.000010
llama_model_loader: - type  f32:   23 tensors
print_info: file format = GGUF V3 (latest)
print_info: file type   = (guessed) all F32
print_info: file size   = 0.23 MiB (32.00 BPW) 
llama_prepare_model_devices: using device CUDA0 (NVIDIA GeForce RTX 4060 Laptop GPU) (0000:01:00.0) - 7096 MiB free
load: adding 32 dummy tokens
print_info: arch                  = llama
print_info: vocab_only            = 0
print_info: no_alloc              = 0
print_info: n_ctx_train           = 128
print_info: n_embd_inp            = 32
print_info: n_embd                = 32
print_info: n_embd_out            = 32
print_info: n_layer               = 2
print_info: n_layer_all           = 2
print_info: n_head                = 2
print_info: n_head_kv             = 2
print_info: n_rot                 = 16
print_info: n_swa                 = 0
print_info: is_swa_any            = 0
print_info: n_embd_head_k         = 16
print_info: n_embd_head_v         = 16
print_info: n_gqa                 = 1
print_info: n_embd_k_gqa          = 32
print_info: n_embd_v_gqa          = 32
print_info: f_norm_eps            = 0.0e+00
print_info: f_norm_rms_eps        = 1.0e-05
print_info: f_clamp_kqv           = 0.0e+00
print_info: f_max_alibi_bias      = 0.0e+00
print_info: f_logit_scale         = 0.0e+00
print_info: f_attn_scale          = 0.0e+00
print_info: f_attn_value_scale    = 0.0000
print_info: n_ff                  = 64
print_info: n_expert              = 4
print_info: n_expert_used         = 2
print_info: n_expert_groups       = 0
print_info: n_group_used          = 0
print_info: causal attn           = 1
print_info: pooling type          = -1
print_info: rope type             = 0
print_info: rope scaling          = linear
print_info: freq_base_train       = 10000.0
print_info: freq_scale_train      = 1
print_info: n_ctx_orig_yarn       = 128
print_info: rope_yarn_log_mul     = 0.0000
print_info: rope_finetuned        = unknown
print_info: model type            = ?B
print_info: model params          = 59.81 K
print_info: general.name          = n/a
print_info: vocab type            = no vocab
print_info: n_vocab               = 32
print_info: n_merges              = 0
print_info: max token length      = 0
load_tensors: loading model tensors, this can take a while... (load_mode = mmap)
load_tensors: layer   0 assigned to device CPU, is_swa = 0
load_tensors: layer   1 assigned to device CPU, is_swa = 0
load_tensors: layer   2 assigned to device CPU, is_swa = 0
create_tensor: loading tensor token_embd.weight
create_tensor: loading tensor output_norm.weight
create_tensor: loading tensor output.weight
create_tensor: loading tensor blk.0.attn_norm.weight
create_tensor: loading tensor blk.0.attn_qkv.weight
create_tensor: loading tensor blk.0.attn_q.weight
create_tensor: loading tensor blk.0.attn_k.weight
create_tensor: loading tensor blk.0.attn_v.weight
create_tensor: loading tensor blk.0.attn_q.bias
create_tensor: loading tensor blk.0.attn_k.bias
create_tensor: loading tensor blk.0.attn_v.bias
create_tensor: loading tensor blk.0.attn_output.weight
create_tensor: loading tensor blk.0.attn_output.bias
create_tensor: loading tensor blk.0.ffn_norm.weight
create_tensor: loading tensor rope_freqs.weight
create_tensor: loading tensor blk.0.ffn_gate_inp.weight
create_tensor: loading tensor blk.0.ffn_gate_exps.weight
create_tensor: loading tensor blk.0.ffn_down_exps.weight
create_tensor: loading tensor blk.0.ffn_up_exps.weight
create_tensor: loading tensor blk.1.attn_norm.weight
create_tensor: loading tensor blk.1.attn_qkv.weight
create_tensor: loading tensor blk.1.attn_q.weight
create_tensor: loading tensor blk.1.attn_k.weight
create_tensor: loading tensor blk.1.attn_v.weight
create_tensor: loading tensor blk.1.attn_q.bias
create_tensor: loading tensor blk.1.attn_k.bias
create_tensor: loading tensor blk.1.attn_v.bias
create_tensor: loading tensor blk.1.attn_output.weight
create_tensor: loading tensor blk.1.attn_output.bias
create_tensor: loading tensor blk.1.ffn_norm.weight
create_tensor: loading tensor rope_freqs.weight
create_tensor: loading tensor blk.1.ffn_gate_inp.weight
create_tensor: loading tensor blk.1.ffn_gate_exps.weight
create_tensor: loading tensor blk.1.ffn_down_exps.weight
create_tensor: loading tensor blk.1.ffn_up_exps.weight
create_tensor: loading tensor blk.0.attn_q.scale
create_tensor: loading tensor blk.0.attn_k.scale
create_tensor: loading tensor blk.0.attn_v.scale
create_tensor: loading tensor blk.0.attn_output.scale
create_tensor: loading tensor blk.0.ffn_gate_exps.scale
create_tensor: loading tensor blk.0.ffn_down_exps.scale
create_tensor: loading tensor blk.0.ffn_up_exps.scale
create_tensor: loading tensor blk.0.attn_q.input_scale
create_tensor: loading tensor blk.0.attn_k.input_scale
create_tensor: loading tensor blk.0.attn_v.input_scale
create_tensor: loading tensor blk.0.attn_output.input_scale
create_tensor: loading tensor blk.0.ffn_gate_exps.input_scale
create_tensor: loading tensor blk.0.ffn_down_exps.input_scale
create_tensor: loading tensor blk.0.ffn_up_exps.input_scale
create_tensor: loading tensor blk.1.attn_q.scale
create_tensor: loading tensor blk.1.attn_k.scale
create_tensor: loading tensor blk.1.attn_v.scale
create_tensor: loading tensor blk.1.attn_output.scale
create_tensor: loading tensor blk.1.ffn_gate_exps.scale
create_tensor: loading tensor blk.1.ffn_down_exps.scale
create_tensor: loading tensor blk.1.ffn_up_exps.scale
create_tensor: loading tensor blk.1.attn_q.input_scale
create_tensor: loading tensor blk.1.attn_k.input_scale
create_tensor: loading tensor blk.1.attn_v.input_scale
create_tensor: loading tensor blk.1.attn_output.input_scale
create_tensor: loading tensor blk.1.ffn_gate_exps.input_scale
create_tensor: loading tensor blk.1.ffn_down_exps.input_scale
create_tensor: loading tensor blk.1.ffn_up_exps.input_scale
load_tensors: offloading 0 repeating layers to GPU
load_tensors: offloaded 0/3 layers to GPU
load_tensors:   CPU_Mapped model buffer size =     0.23 MiB
................
load_tensors: experimental host-bank MoE enabled, tile weights <= 99328 bytes; this is not a total memory limit
llama_context: constructing llama_context
llama_context: n_seq_max             = 1
llama_context: n_ctx                 = 256
llama_context: n_ctx_seq             = 256
llama_context: n_batch               = 32
llama_context: n_ubatch              = 8
llama_context: causal_attn           = 1
llama_context: flash_attn            = disabled
llama_context: kv_unified            = false
llama_context: freq_base             = 10000.0
llama_context: freq_scale            = 1
llama_context: n_rs_seq              = 0
llama_context: n_outputs_max         = 32
llama_context: n_outputs_max_per_seq = 1
llama_context: n_ctx_seq (256) > n_ctx_train (128) -- possible training context overflow
set_abort_callback: call
llama_context:        CPU  output buffer size =     0.00 MiB
llama_kv_cache: layer   0: dev = CPU
llama_kv_cache: layer   1: dev = CPU
llama_kv_cache:        CPU KV buffer size =     0.06 MiB
llama_kv_cache: size =    0.06 MiB (   256 cells,   2 layers,  1/1 seqs), K (f16):    0.03 MiB, V (f16):    0.03 MiB
llama_kv_cache: attn_rot_k = 0, n_embd_head_k_all = 16
llama_kv_cache: attn_rot_v = 0, n_embd_head_k_all = 16
llama_context: enumerating backends
llama_context: backend_ptrs.size() = 2
sched_reserve: reserving ...
sched_reserve: max_nodes = 1024
sched_reserve: decode graph slots = 4 (n_tokens <= 4)
sched_reserve: reserving full memory module
sched_reserve: worst-case: n_tokens = 8, n_seqs = 1, n_outputs = 1
resolve_fused_ops: resolving fused Gated Delta Net support:
graph_reserve: reserving a graph for ubatch with n_tokens =    1, n_seqs =  1, n_outputs =    1
resolve_fused_ops: fused Gated Delta Net (autoregressive) enabled
graph_reserve: reserving a graph for ubatch with n_tokens =   16, n_seqs =  1, n_outputs =   16
resolve_fused_ops: fused Gated Delta Net (chunked) enabled
resolve_fused_ops: resolving fused Lightning Indexer support:
graph_reserve: reserving a graph for ubatch with n_tokens =    1, n_seqs =  1, n_outputs =    1
resolve_fused_ops: Lightning Indexer enabled
resolve_fused_ops: resolving fused DeepSeek V4 HC support:
graph_reserve: reserving a graph for ubatch with n_tokens =    1, n_seqs =  1, n_outputs =    1
resolve_fused_ops: fused DeepSeek V4 HC pre enabled
graph_reserve: reserving a graph for ubatch with n_tokens =    1, n_seqs =  1, n_outputs =    1
resolve_fused_ops: fused DeepSeek V4 HC comb enabled
graph_reserve: reserving a graph for ubatch with n_tokens =    1, n_seqs =  1, n_outputs =    1
resolve_fused_ops: fused DeepSeek V4 HC post enabled
graph_reserve: reserving a graph for ubatch with n_tokens =    8, n_seqs =  1, n_outputs =    8
graph_reserve: reserving a graph for ubatch with n_tokens =    1, n_seqs =  1, n_outputs =    1
graph_reserve: reserving a graph for ubatch with n_tokens =    8, n_seqs =  1, n_outputs =    8
sched_reserve:  CUDA_Host compute buffer size =     0.03 MiB
sched_reserve: graph nodes  = 110
sched_reserve: graph splits = 1
sched_reserve: reserve took 2.50 ms, sched copies = 1
llama_context: constructing llama_context
llama_context: n_seq_max             = 1
llama_context: n_ctx                 = 256
llama_context: n_ctx_seq             = 256
llama_context: n_batch               = 32
llama_context: n_ubatch              = 8
llama_context: causal_attn           = 1
llama_context: flash_attn            = disabled
llama_context: kv_unified            = false
llama_context: freq_base             = 10000.0
llama_context: freq_scale            = 1
llama_context: n_rs_seq              = 0
llama_context: n_outputs_max         = 32
llama_context: n_outputs_max_per_seq = 1
llama_context: n_ctx_seq (256) > n_ctx_train (128) -- possible training context overflow
set_abort_callback: call
llama_context:        CPU  output buffer size =     0.00 MiB
llama_kv_cache: layer   0: dev = CPU
llama_kv_cache: layer   1: dev = CPU
llama_kv_cache:        CPU KV buffer size =     0.06 MiB
llama_kv_cache: size =    0.06 MiB (   256 cells,   2 layers,  1/1 seqs), K (f16):    0.03 MiB, V (f16):    0.03 MiB
llama_kv_cache: attn_rot_k = 0, n_embd_head_k_all = 16
llama_kv_cache: attn_rot_v = 0, n_embd_head_k_all = 16
llama_context: enumerating backends
llama_context: backend_ptrs.size() = 2
sched_reserve: reserving ...
sched_reserve: max_nodes = 1024
sched_reserve: decode graph slots = 4 (n_tokens <= 4)
sched_reserve: reserving full memory module
sched_reserve: worst-case: n_tokens = 8, n_seqs = 1, n_outputs = 1
resolve_fused_ops: resolving fused Gated Delta Net support:
graph_reserve: reserving a graph for ubatch with n_tokens =    1, n_seqs =  1, n_outputs =    1
resolve_fused_ops: fused Gated Delta Net (autoregressive) enabled
graph_reserve: reserving a graph for ubatch with n_tokens =   16, n_seqs =  1, n_outputs =   16
resolve_fused_ops: fused Gated Delta Net (chunked) enabled
resolve_fused_ops: resolving fused Lightning Indexer support:
graph_reserve: reserving a graph for ubatch with n_tokens =    1, n_seqs =  1, n_outputs =    1
resolve_fused_ops: Lightning Indexer enabled
resolve_fused_ops: resolving fused DeepSeek V4 HC support:
graph_reserve: reserving a graph for ubatch with n_tokens =    1, n_seqs =  1, n_outputs =    1
resolve_fused_ops: fused DeepSeek V4 HC pre enabled
graph_reserve: reserving a graph for ubatch with n_tokens =    1, n_seqs =  1, n_outputs =    1
resolve_fused_ops: fused DeepSeek V4 HC comb enabled
graph_reserve: reserving a graph for ubatch with n_tokens =    1, n_seqs =  1, n_outputs =    1
resolve_fused_ops: fused DeepSeek V4 HC post enabled
graph_reserve: reserving a graph for ubatch with n_tokens =    8, n_seqs =  1, n_outputs =    8
graph_reserve: reserving a graph for ubatch with n_tokens =    1, n_seqs =  1, n_outputs =    1
graph_reserve: reserving a graph for ubatch with n_tokens =    8, n_seqs =  1, n_outputs =    8
sched_reserve:  CUDA_Host compute buffer size =     0.03 MiB
sched_reserve: graph nodes  = 100
sched_reserve: graph splits = 1
sched_reserve: reserve took 2.09 ms, sched copies = 1
graph_reserve: reserving a graph for ubatch with n_tokens =    4, n_seqs =  1, n_outputs =    4
set_abort_callback: call
graph_compute: ggml_backend_sched_graph_compute_async failed with error 1
process_ubatch: failed to compute graph, compute status: 1
decode: removing memory module entries for seq_id = 0, pos = [59, +inf)
llama_decode: failed to decode, ret = 2
set_abort_callback: call
host-bank MoE execution failed: MoE routing weight must be finite
host-bank MoE execution failed: MoE routing weight must be finite
process_ubatch: failed to compute graph, compute status: -1
decode: removing memory module entries for seq_id = 0, pos = [59, +inf)
llama_decode: failed to decode, ret = -3
llama_context: constructing llama_context
llama_init_from_model: failed to initialize the context: host-bank MoE requires one sequence, op_offload=false and offload_kqv=false
llama_context: constructing llama_context
llama_init_from_model: failed to initialize the context: host-bank MoE requires one sequence, op_offload=false and offload_kqv=false
llama_context: constructing llama_context
llama_init_from_model: failed to initialize the context: host-bank MoE requires one sequence, op_offload=false and offload_kqv=false
llama_context: constructing llama_context
llama_init_from_model: failed to initialize the context: moe cache: invalid uniform arena geometry
llama_context: constructing llama_context
llama_init_from_model: failed to initialize the context: host-bank MoE cache requires model.moe_cpu_tile_bytes host-bank setup
~llama_context:      CUDA0 compute buffer size is   0.0000 MiB, matches expectation of   0.0000 MiB
~llama_context:  CUDA_Host compute buffer size is   0.0304 MiB, matches expectation of   0.0304 MiB
~llama_context:      CUDA0 compute buffer size is   0.0000 MiB, matches expectation of   0.0000 MiB
~llama_context:  CUDA_Host compute buffer size is   0.0304 MiB, matches expectation of   0.0304 MiB
llama_context: constructing llama_context
llama_context: n_seq_max             = 1
llama_context: n_ctx                 = 256
llama_context: n_ctx_seq             = 256
llama_context: n_batch               = 32
llama_context: n_ubatch              = 8
llama_context: causal_attn           = 1
llama_context: flash_attn            = disabled
llama_context: kv_unified            = false
llama_context: freq_base             = 10000.0
llama_context: freq_scale            = 1
llama_context: n_rs_seq              = 0
llama_context: n_outputs_max         = 32
llama_context: n_outputs_max_per_seq = 1
llama_context: n_ctx_seq (256) > n_ctx_train (128) -- possible training context overflow
set_abort_callback: call
llama_context:        CPU  output buffer size =     0.00 MiB
llama_kv_cache: layer   0: dev = CPU
llama_kv_cache: layer   1: dev = CPU
llama_kv_cache:        CPU KV buffer size =     0.06 MiB
llama_kv_cache: size =    0.06 MiB (   256 cells,   2 layers,  1/1 seqs), K (f16):    0.03 MiB, V (f16):    0.03 MiB
llama_kv_cache: attn_rot_k = 0, n_embd_head_k_all = 16
llama_kv_cache: attn_rot_v = 0, n_embd_head_k_all = 16
llama_context: enumerating backends
llama_context: backend_ptrs.size() = 2
sched_reserve: reserving ...
sched_reserve: max_nodes = 1024
sched_reserve: decode graph slots = 4 (n_tokens <= 4)
sched_reserve: reserving full memory module
sched_reserve: worst-case: n_tokens = 8, n_seqs = 1, n_outputs = 1
resolve_fused_ops: resolving fused Gated Delta Net support:
graph_reserve: reserving a graph for ubatch with n_tokens =    1, n_seqs =  1, n_outputs =    1
resolve_fused_ops: fused Gated Delta Net (autoregressive) enabled
graph_reserve: reserving a graph for ubatch with n_tokens =   16, n_seqs =  1, n_outputs =   16
resolve_fused_ops: fused Gated Delta Net (chunked) enabled
resolve_fused_ops: resolving fused Lightning Indexer support:
graph_reserve: reserving a graph for ubatch with n_tokens =    1, n_seqs =  1, n_outputs =    1
resolve_fused_ops: Lightning Indexer enabled
resolve_fused_ops: resolving fused DeepSeek V4 HC support:
graph_reserve: reserving a graph for ubatch with n_tokens =    1, n_seqs =  1, n_outputs =    1
resolve_fused_ops: fused DeepSeek V4 HC pre enabled
graph_reserve: reserving a graph for ubatch with n_tokens =    1, n_seqs =  1, n_outputs =    1
resolve_fused_ops: fused DeepSeek V4 HC comb enabled
graph_reserve: reserving a graph for ubatch with n_tokens =    1, n_seqs =  1, n_outputs =    1
resolve_fused_ops: fused DeepSeek V4 HC post enabled
graph_reserve: reserving a graph for ubatch with n_tokens =    8, n_seqs =  1, n_outputs =    8
graph_reserve: reserving a graph for ubatch with n_tokens =    1, n_seqs =  1, n_outputs =    1
graph_reserve: reserving a graph for ubatch with n_tokens =    8, n_seqs =  1, n_outputs =    8
sched_reserve:  CUDA_Host compute buffer size =     0.03 MiB
sched_reserve: graph nodes  = 100
sched_reserve: graph splits = 1
sched_reserve: reserve took 2.90 ms, sched copies = 1
llama_context: constructing llama_context
llama_context: n_seq_max             = 1
llama_context: n_ctx                 = 256
llama_context: n_ctx_seq             = 256
llama_context: n_batch               = 32
llama_context: n_ubatch              = 8
llama_context: causal_attn           = 1
llama_context: flash_attn            = disabled
llama_context: kv_unified            = false
llama_context: freq_base             = 10000.0
llama_context: freq_scale            = 1
llama_context: n_rs_seq              = 0
llama_context: n_outputs_max         = 32
llama_context: n_outputs_max_per_seq = 1
llama_context: n_ctx_seq (256) > n_ctx_train (128) -- possible training context overflow
set_abort_callback: call
llama_context:        CPU  output buffer size =     0.00 MiB
llama_kv_cache: layer   0: dev = CPU
llama_kv_cache: layer   1: dev = CPU
llama_kv_cache:        CPU KV buffer size =     0.06 MiB
llama_kv_cache: size =    0.06 MiB (   256 cells,   2 layers,  1/1 seqs), K (f16):    0.03 MiB, V (f16):    0.03 MiB
llama_kv_cache: attn_rot_k = 0, n_embd_head_k_all = 16
llama_kv_cache: attn_rot_v = 0, n_embd_head_k_all = 16
llama_context: enumerating backends
llama_context: backend_ptrs.size() = 2
sched_reserve: reserving ...
sched_reserve: max_nodes = 1024
sched_reserve: decode graph slots = 4 (n_tokens <= 4)
sched_reserve: reserving full memory module
sched_reserve: worst-case: n_tokens = 8, n_seqs = 1, n_outputs = 1
resolve_fused_ops: resolving fused Gated Delta Net support:
graph_reserve: reserving a graph for ubatch with n_tokens =    1, n_seqs =  1, n_outputs =    1
resolve_fused_ops: fused Gated Delta Net (autoregressive) enabled
graph_reserve: reserving a graph for ubatch with n_tokens =   16, n_seqs =  1, n_outputs =   16
resolve_fused_ops: fused Gated Delta Net (chunked) enabled
resolve_fused_ops: resolving fused Lightning Indexer support:
graph_reserve: reserving a graph for ubatch with n_tokens =    1, n_seqs =  1, n_outputs =    1
resolve_fused_ops: Lightning Indexer enabled
resolve_fused_ops: resolving fused DeepSeek V4 HC support:
graph_reserve: reserving a graph for ubatch with n_tokens =    1, n_seqs =  1, n_outputs =    1
resolve_fused_ops: fused DeepSeek V4 HC pre enabled
graph_reserve: reserving a graph for ubatch with n_tokens =    1, n_seqs =  1, n_outputs =    1
resolve_fused_ops: fused DeepSeek V4 HC comb enabled
graph_reserve: reserving a graph for ubatch with n_tokens =    1, n_seqs =  1, n_outputs =    1
resolve_fused_ops: fused DeepSeek V4 HC post enabled
graph_reserve: reserving a graph for ubatch with n_tokens =    8, n_seqs =  1, n_outputs =    8
graph_reserve: reserving a graph for ubatch with n_tokens =    1, n_seqs =  1, n_outputs =    1
graph_reserve: reserving a graph for ubatch with n_tokens =    8, n_seqs =  1, n_outputs =    8
sched_reserve:  CUDA_Host compute buffer size =     0.03 MiB
sched_reserve: graph nodes  = 110
sched_reserve: graph splits = 1
sched_reserve: reserve took 2.35 ms, sched copies = 1
~llama_context:      CUDA0 compute buffer size is   0.0000 MiB, matches expectation of   0.0000 MiB
~llama_context:  CUDA_Host compute buffer size is   0.0304 MiB, matches expectation of   0.0304 MiB
~llama_context:      CUDA0 compute buffer size is   0.0000 MiB, matches expectation of   0.0000 MiB
~llama_context:  CUDA_Host compute buffer size is   0.0304 MiB, matches expectation of   0.0304 MiB
llama_model_loader: loaded meta data with 13 key-value pairs and 23 tensors from C:\Users\cadel\AppData\Local\Temp\moe-integration-24038.gguf (version GGUF V3 (latest))
llama_model_loader: Dumping metadata keys/values. Note: KV overrides do not apply in this output.
llama_model_loader: - kv   0:                       general.architecture str              = llama
llama_model_loader: - kv   1:                       tokenizer.ggml.model str              = no_vocab
llama_model_loader: - kv   2:                           llama.vocab_size u32              = 32
llama_model_loader: - kv   3:                       llama.context_length u32              = 128
llama_model_loader: - kv   4:                     llama.embedding_length u32              = 32
llama_model_loader: - kv   5:                          llama.block_count u32              = 2
llama_model_loader: - kv   6:                  llama.feed_forward_length u32              = 64
llama_model_loader: - kv   7:                 llama.attention.head_count u32              = 2
llama_model_loader: - kv   8:              llama.attention.head_count_kv u32              = 2
llama_model_loader: - kv   9:                 llama.rope.dimension_count u32              = 16
llama_model_loader: - kv  10:                         llama.expert_count u32              = 4
llama_model_loader: - kv  11:                    llama.expert_used_count u32              = 2
llama_model_loader: - kv  12:     llama.attention.layer_norm_rms_epsilon f32              = 0.000010
llama_model_loader: - type  f32:   23 tensors
print_info: file format = GGUF V3 (latest)
print_info: file type   = (guessed) all F32
print_info: file size   = 0.23 MiB (32.00 BPW) 
llama_prepare_model_devices: using device CUDA0 (NVIDIA GeForce RTX 4060 Laptop GPU) (0000:01:00.0) - 7096 MiB free
load: adding 32 dummy tokens
print_info: arch                  = llama
print_info: vocab_only            = 0
print_info: no_alloc              = 0
print_info: n_ctx_train           = 128
print_info: n_embd_inp            = 32
print_info: n_embd                = 32
print_info: n_embd_out            = 32
print_info: n_layer               = 2
print_info: n_layer_all           = 2
print_info: n_head                = 2
print_info: n_head_kv             = 2
print_info: n_rot                 = 16
print_info: n_swa                 = 0
print_info: is_swa_any            = 0
print_info: n_embd_head_k         = 16
print_info: n_embd_head_v         = 16
print_info: n_gqa                 = 1
print_info: n_embd_k_gqa          = 32
print_info: n_embd_v_gqa          = 32
print_info: f_norm_eps            = 0.0e+00
print_info: f_norm_rms_eps        = 1.0e-05
print_info: f_clamp_kqv           = 0.0e+00
print_info: f_max_alibi_bias      = 0.0e+00
print_info: f_logit_scale         = 0.0e+00
print_info: f_attn_scale          = 0.0e+00
print_info: f_attn_value_scale    = 0.0000
print_info: n_ff                  = 64
print_info: n_expert              = 4
print_info: n_expert_used         = 2
print_info: n_expert_groups       = 0
print_info: n_group_used          = 0
print_info: causal attn           = 1
print_info: pooling type          = -1
print_info: rope type             = 0
print_info: rope scaling          = linear
print_info: freq_base_train       = 10000.0
print_info: freq_scale_train      = 1
print_info: n_ctx_orig_yarn       = 128
print_info: rope_yarn_log_mul     = 0.0000
print_info: rope_finetuned        = unknown
print_info: model type            = ?B
print_info: model params          = 59.81 K
print_info: general.name          = n/a
print_info: vocab type            = no vocab
print_info: n_vocab               = 32
print_info: n_merges              = 0
print_info: max token length      = 0
load_tensors: loading model tensors, this can take a while... (load_mode = mmap)
load_tensors: layer   0 assigned to device CPU, is_swa = 0
load_tensors: layer   1 assigned to device CPU, is_swa = 0
load_tensors: layer   2 assigned to device CPU, is_swa = 0
create_tensor: loading tensor token_embd.weight
create_tensor: loading tensor output_norm.weight
create_tensor: loading tensor output.weight
create_tensor: loading tensor blk.0.attn_norm.weight
create_tensor: loading tensor blk.0.attn_qkv.weight
create_tensor: loading tensor blk.0.attn_q.weight
create_tensor: loading tensor blk.0.attn_k.weight
create_tensor: loading tensor blk.0.attn_v.weight
create_tensor: loading tensor blk.0.attn_q.bias
create_tensor: loading tensor blk.0.attn_k.bias
create_tensor: loading tensor blk.0.attn_v.bias
create_tensor: loading tensor blk.0.attn_output.weight
create_tensor: loading tensor blk.0.attn_output.bias
create_tensor: loading tensor blk.0.ffn_norm.weight
create_tensor: loading tensor rope_freqs.weight
create_tensor: loading tensor blk.0.ffn_gate_inp.weight
create_tensor: loading tensor blk.0.ffn_gate_exps.weight
create_tensor: loading tensor blk.0.ffn_down_exps.weight
create_tensor: loading tensor blk.0.ffn_up_exps.weight
create_tensor: loading tensor blk.1.attn_norm.weight
create_tensor: loading tensor blk.1.attn_qkv.weight
create_tensor: loading tensor blk.1.attn_q.weight
create_tensor: loading tensor blk.1.attn_k.weight
create_tensor: loading tensor blk.1.attn_v.weight
create_tensor: loading tensor blk.1.attn_q.bias
create_tensor: loading tensor blk.1.attn_k.bias
create_tensor: loading tensor blk.1.attn_v.bias
create_tensor: loading tensor blk.1.attn_output.weight
create_tensor: loading tensor blk.1.attn_output.bias
create_tensor: loading tensor blk.1.ffn_norm.weight
create_tensor: loading tensor rope_freqs.weight
create_tensor: loading tensor blk.1.ffn_gate_inp.weight
create_tensor: loading tensor blk.1.ffn_gate_exps.weight
create_tensor: loading tensor blk.1.ffn_down_exps.weight
create_tensor: loading tensor blk.1.ffn_up_exps.weight
create_tensor: loading tensor blk.0.attn_q.scale
create_tensor: loading tensor blk.0.attn_k.scale
create_tensor: loading tensor blk.0.attn_v.scale
create_tensor: loading tensor blk.0.attn_output.scale
create_tensor: loading tensor blk.0.ffn_gate_exps.scale
create_tensor: loading tensor blk.0.ffn_down_exps.scale
create_tensor: loading tensor blk.0.ffn_up_exps.scale
create_tensor: loading tensor blk.0.attn_q.input_scale
create_tensor: loading tensor blk.0.attn_k.input_scale
create_tensor: loading tensor blk.0.attn_v.input_scale
create_tensor: loading tensor blk.0.attn_output.input_scale
create_tensor: loading tensor blk.0.ffn_gate_exps.input_scale
create_tensor: loading tensor blk.0.ffn_down_exps.input_scale
create_tensor: loading tensor blk.0.ffn_up_exps.input_scale
create_tensor: loading tensor blk.1.attn_q.scale
create_tensor: loading tensor blk.1.attn_k.scale
create_tensor: loading tensor blk.1.attn_v.scale
create_tensor: loading tensor blk.1.attn_output.scale
create_tensor: loading tensor blk.1.ffn_gate_exps.scale
create_tensor: loading tensor blk.1.ffn_down_exps.scale
create_tensor: loading tensor blk.1.ffn_up_exps.scale
create_tensor: loading tensor blk.1.attn_q.input_scale
create_tensor: loading tensor blk.1.attn_k.input_scale
create_tensor: loading tensor blk.1.attn_v.input_scale
create_tensor: loading tensor blk.1.attn_output.input_scale
create_tensor: loading tensor blk.1.ffn_gate_exps.input_scale
create_tensor: loading tensor blk.1.ffn_down_exps.input_scale
create_tensor: loading tensor blk.1.ffn_up_exps.input_scale
done_getting_tensors: tensor 'token_embd.weight' (f32) (and 22 others) cannot be used with preferred buffer type CUDA_Host, using CPU instead
load_tensors: offloading 0 repeating layers to GPU
load_tensors: offloaded 0/3 layers to GPU
load_tensors:   CPU_Mapped model buffer size =     0.23 MiB
................
llama_model_loader: loaded meta data with 13 key-value pairs and 23 tensors from C:\Users\cadel\AppData\Local\Temp\moe-integration-24038.gguf (version GGUF V3 (latest))
llama_model_loader: Dumping metadata keys/values. Note: KV overrides do not apply in this output.
llama_model_loader: - kv   0:                       general.architecture str              = llama
llama_model_loader: - kv   1:                       tokenizer.ggml.model str              = no_vocab
llama_model_loader: - kv   2:                           llama.vocab_size u32              = 32
llama_model_loader: - kv   3:                       llama.context_length u32              = 128
llama_model_loader: - kv   4:                     llama.embedding_length u32              = 32
llama_model_loader: - kv   5:                          llama.block_count u32              = 2
llama_model_loader: - kv   6:                  llama.feed_forward_length u32              = 64
llama_model_loader: - kv   7:                 llama.attention.head_count u32              = 2
llama_model_loader: - kv   8:              llama.attention.head_count_kv u32              = 2
llama_model_loader: - kv   9:                 llama.rope.dimension_count u32              = 16
llama_model_loader: - kv  10:                         llama.expert_count u32              = 4
llama_model_loader: - kv  11:                    llama.expert_used_count u32              = 2
llama_model_loader: - kv  12:     llama.attention.layer_norm_rms_epsilon f32              = 0.000010
llama_model_loader: - type  f32:   23 tensors
print_info: file format = GGUF V3 (latest)
print_info: file type   = (guessed) all F32
print_info: file size   = 0.23 MiB (32.00 BPW) 
llama_prepare_model_devices: using device CUDA0 (NVIDIA GeForce RTX 4060 Laptop GPU) (0000:01:00.0) - 7096 MiB free
load: adding 32 dummy tokens
print_info: arch                  = llama
print_info: vocab_only            = 0
print_info: no_alloc              = 0
print_info: n_ctx_train           = 128
print_info: n_embd_inp            = 32
print_info: n_embd                = 32
print_info: n_embd_out            = 32
print_info: n_layer               = 2
print_info: n_layer_all           = 2
print_info: n_head                = 2
print_info: n_head_kv             = 2
print_info: n_rot                 = 16
print_info: n_swa                 = 0
print_info: is_swa_any            = 0
print_info: n_embd_head_k         = 16
print_info: n_embd_head_v         = 16
print_info: n_gqa                 = 1
print_info: n_embd_k_gqa          = 32
print_info: n_embd_v_gqa          = 32
print_info: f_norm_eps            = 0.0e+00
print_info: f_norm_rms_eps        = 1.0e-05
print_info: f_clamp_kqv           = 0.0e+00
print_info: f_max_alibi_bias      = 0.0e+00
print_info: f_logit_scale         = 0.0e+00
print_info: f_attn_scale          = 0.0e+00
print_info: f_attn_value_scale    = 0.0000
print_info: n_ff                  = 64
print_info: n_expert              = 4
print_info: n_expert_used         = 2
print_info: n_expert_groups       = 0
print_info: n_group_used          = 0
print_info: causal attn           = 1
print_info: pooling type          = -1
print_info: rope type             = 0
print_info: rope scaling          = linear
print_info: freq_base_train       = 10000.0
print_info: freq_scale_train      = 1
print_info: n_ctx_orig_yarn       = 128
print_info: rope_yarn_log_mul     = 0.0000
print_info: rope_finetuned        = unknown
print_info: model type            = ?B
print_info: model params          = 59.81 K
print_info: general.name          = n/a
print_info: vocab type            = no vocab
print_info: n_vocab               = 32
print_info: n_merges              = 0
print_info: max token length      = 0
load_tensors: loading model tensors, this can take a while... (load_mode = mmap)
load_tensors: layer   0 assigned to device CPU, is_swa = 0
load_tensors: layer   1 assigned to device CPU, is_swa = 0
load_tensors: layer   2 assigned to device CPU, is_swa = 0
create_tensor: loading tensor token_embd.weight
create_tensor: loading tensor output_norm.weight
create_tensor: loading tensor output.weight
create_tensor: loading tensor blk.0.attn_norm.weight
create_tensor: loading tensor blk.0.attn_qkv.weight
create_tensor: loading tensor blk.0.attn_q.weight
create_tensor: loading tensor blk.0.attn_k.weight
create_tensor: loading tensor blk.0.attn_v.weight
create_tensor: loading tensor blk.0.attn_q.bias
create_tensor: loading tensor blk.0.attn_k.bias
create_tensor: loading tensor blk.0.attn_v.bias
create_tensor: loading tensor blk.0.attn_output.weight
create_tensor: loading tensor blk.0.attn_output.bias
create_tensor: loading tensor blk.0.ffn_norm.weight
create_tensor: loading tensor rope_freqs.weight
create_tensor: loading tensor blk.0.ffn_gate_inp.weight
create_tensor: loading tensor blk.0.ffn_gate_exps.weight
create_tensor: loading tensor blk.0.ffn_down_exps.weight
create_tensor: loading tensor blk.0.ffn_up_exps.weight
create_tensor: loading tensor blk.1.attn_norm.weight
create_tensor: loading tensor blk.1.attn_qkv.weight
create_tensor: loading tensor blk.1.attn_q.weight
create_tensor: loading tensor blk.1.attn_k.weight
create_tensor: loading tensor blk.1.attn_v.weight
create_tensor: loading tensor blk.1.attn_q.bias
create_tensor: loading tensor blk.1.attn_k.bias
create_tensor: loading tensor blk.1.attn_v.bias
create_tensor: loading tensor blk.1.attn_output.weight
create_tensor: loading tensor blk.1.attn_output.bias
create_tensor: loading tensor blk.1.ffn_norm.weight
create_tensor: loading tensor rope_freqs.weight
create_tensor: loading tensor blk.1.ffn_gate_inp.weight
create_tensor: loading tensor blk.1.ffn_gate_exps.weight
create_tensor: loading tensor blk.1.ffn_down_exps.weight
create_tensor: loading tensor blk.1.ffn_up_exps.weight
create_tensor: loading tensor blk.0.attn_q.scale
create_tensor: loading tensor blk.0.attn_k.scale
create_tensor: loading tensor blk.0.attn_v.scale
create_tensor: loading tensor blk.0.attn_output.scale
create_tensor: loading tensor blk.0.ffn_gate_exps.scale
create_tensor: loading tensor blk.0.ffn_down_exps.scale
create_tensor: loading tensor blk.0.ffn_up_exps.scale
create_tensor: loading tensor blk.0.attn_q.input_scale
create_tensor: loading tensor blk.0.attn_k.input_scale
create_tensor: loading tensor blk.0.attn_v.input_scale
create_tensor: loading tensor blk.0.attn_output.input_scale
create_tensor: loading tensor blk.0.ffn_gate_exps.input_scale
create_tensor: loading tensor blk.0.ffn_down_exps.input_scale
create_tensor: loading tensor blk.0.ffn_up_exps.input_scale
create_tensor: loading tensor blk.1.attn_q.scale
create_tensor: loading tensor blk.1.attn_k.scale
create_tensor: loading tensor blk.1.attn_v.scale
create_tensor: loading tensor blk.1.attn_output.scale
create_tensor: loading tensor blk.1.ffn_gate_exps.scale
create_tensor: loading tensor blk.1.ffn_down_exps.scale
create_tensor: loading tensor blk.1.ffn_up_exps.scale
create_tensor: loading tensor blk.1.attn_q.input_scale
create_tensor: loading tensor blk.1.attn_k.input_scale
create_tensor: loading tensor blk.1.attn_v.input_scale
create_tensor: loading tensor blk.1.attn_output.input_scale
create_tensor: loading tensor blk.1.ffn_gate_exps.input_scale
create_tensor: loading tensor blk.1.ffn_down_exps.input_scale
create_tensor: loading tensor blk.1.ffn_up_exps.input_scale
load_tensors: offloading 0 repeating layers to GPU
load_tensors: offloaded 0/3 layers to GPU
load_tensors:   CPU_Mapped model buffer size =     0.23 MiB
................
load_tensors: experimental host-bank MoE enabled, tile weights <= 24832 bytes; this is not a total memory limit
llama_context: constructing llama_context
llama_context: n_seq_max             = 1
llama_context: n_ctx                 = 256
llama_context: n_ctx_seq             = 256
llama_context: n_batch               = 32
llama_context: n_ubatch              = 8
llama_context: causal_attn           = 1
llama_context: flash_attn            = disabled
llama_context: kv_unified            = false
llama_context: freq_base             = 10000.0
llama_context: freq_scale            = 1
llama_context: n_rs_seq              = 0
llama_context: n_outputs_max         = 32
llama_context: n_outputs_max_per_seq = 1
llama_context: n_ctx_seq (256) > n_ctx_train (128) -- possible training context overflow
set_abort_callback: call
llama_context:        CPU  output buffer size =     0.00 MiB
llama_kv_cache: layer   0: dev = CPU
llama_kv_cache: layer   1: dev = CPU
llama_kv_cache:        CPU KV buffer size =     0.06 MiB
llama_kv_cache: size =    0.06 MiB (   256 cells,   2 layers,  1/1 seqs), K (f16):    0.03 MiB, V (f16):    0.03 MiB
llama_kv_cache: attn_rot_k = 0, n_embd_head_k_all = 16
llama_kv_cache: attn_rot_v = 0, n_embd_head_k_all = 16
llama_context: enumerating backends
llama_context: backend_ptrs.size() = 2
sched_reserve: reserving ...
sched_reserve: max_nodes = 1024
sched_reserve: decode graph slots = 4 (n_tokens <= 4)
sched_reserve: reserving full memory module
sched_reserve: worst-case: n_tokens = 8, n_seqs = 1, n_outputs = 1
resolve_fused_ops: resolving fused Gated Delta Net support:
graph_reserve: reserving a graph for ubatch with n_tokens =    1, n_seqs =  1, n_outputs =    1
resolve_fused_ops: fused Gated Delta Net (autoregressive) enabled
graph_reserve: reserving a graph for ubatch with n_tokens =   16, n_seqs =  1, n_outputs =   16
resolve_fused_ops: fused Gated Delta Net (chunked) enabled
resolve_fused_ops: resolving fused Lightning Indexer support:
graph_reserve: reserving a graph for ubatch with n_tokens =    1, n_seqs =  1, n_outputs =    1
resolve_fused_ops: Lightning Indexer enabled
resolve_fused_ops: resolving fused DeepSeek V4 HC support:
graph_reserve: reserving a graph for ubatch with n_tokens =    1, n_seqs =  1, n_outputs =    1
resolve_fused_ops: fused DeepSeek V4 HC pre enabled
graph_reserve: reserving a graph for ubatch with n_tokens =    1, n_seqs =  1, n_outputs =    1
resolve_fused_ops: fused DeepSeek V4 HC comb enabled
graph_reserve: reserving a graph for ubatch with n_tokens =    1, n_seqs =  1, n_outputs =    1
resolve_fused_ops: fused DeepSeek V4 HC post enabled
graph_reserve: reserving a graph for ubatch with n_tokens =    8, n_seqs =  1, n_outputs =    8
graph_reserve: reserving a graph for ubatch with n_tokens =    1, n_seqs =  1, n_outputs =    1
graph_reserve: reserving a graph for ubatch with n_tokens =    8, n_seqs =  1, n_outputs =    8
sched_reserve:  CUDA_Host compute buffer size =     0.03 MiB
sched_reserve: graph nodes  = 110
sched_reserve: graph splits = 1
sched_reserve: reserve took 2.54 ms, sched copies = 1
llama_context: constructing llama_context
llama_context: MoE device=CUDA0 cache=198656 staging=1048576 compute-limit=67108864 bytes
llama_context: n_seq_max             = 1
llama_context: n_ctx                 = 256
llama_context: n_ctx_seq             = 256
llama_context: n_batch               = 32
llama_context: n_ubatch              = 8
llama_context: causal_attn           = 1
llama_context: flash_attn            = disabled
llama_context: kv_unified            = false
llama_context: freq_base             = 10000.0
llama_context: freq_scale            = 1
llama_context: n_rs_seq              = 0
llama_context: n_outputs_max         = 32
llama_context: n_outputs_max_per_seq = 1
llama_context: n_ctx_seq (256) > n_ctx_train (128) -- possible training context overflow
set_abort_callback: call
llama_context:        CPU  output buffer size =     0.00 MiB
llama_kv_cache: layer   0: dev = CPU
llama_kv_cache: layer   1: dev = CPU
llama_kv_cache:        CPU KV buffer size =     0.06 MiB
llama_kv_cache: size =    0.06 MiB (   256 cells,   2 layers,  1/1 seqs), K (f16):    0.03 MiB, V (f16):    0.03 MiB
llama_kv_cache: attn_rot_k = 0, n_embd_head_k_all = 16
llama_kv_cache: attn_rot_v = 0, n_embd_head_k_all = 16
llama_context: enumerating backends
llama_context: backend_ptrs.size() = 2
sched_reserve: reserving ...
sched_reserve: max_nodes = 1024
sched_reserve: decode graph slots = 4 (n_tokens <= 4)
sched_reserve: reserving full memory module
sched_reserve: worst-case: n_tokens = 8, n_seqs = 1, n_outputs = 1
resolve_fused_ops: resolving fused Gated Delta Net support:
graph_reserve: reserving a graph for ubatch with n_tokens =    1, n_seqs =  1, n_outputs =    1
resolve_fused_ops: fused Gated Delta Net (autoregressive) enabled
graph_reserve: reserving a graph for ubatch with n_tokens =   16, n_seqs =  1, n_outputs =   16
resolve_fused_ops: fused Gated Delta Net (chunked) enabled
resolve_fused_ops: resolving fused Lightning Indexer support:
graph_reserve: reserving a graph for ubatch with n_tokens =    1, n_seqs =  1, n_outputs =    1
resolve_fused_ops: Lightning Indexer enabled
resolve_fused_ops: resolving fused DeepSeek V4 HC support:
graph_reserve: reserving a graph for ubatch with n_tokens =    1, n_seqs =  1, n_outputs =    1
resolve_fused_ops: fused DeepSeek V4 HC pre enabled
graph_reserve: reserving a graph for ubatch with n_tokens =    1, n_seqs =  1, n_outputs =    1
resolve_fused_ops: fused DeepSeek V4 HC comb enabled
graph_reserve: reserving a graph for ubatch with n_tokens =    1, n_seqs =  1, n_outputs =    1
resolve_fused_ops: fused DeepSeek V4 HC post enabled
graph_reserve: reserving a graph for ubatch with n_tokens =    8, n_seqs =  1, n_outputs =    8
graph_reserve: reserving a graph for ubatch with n_tokens =    1, n_seqs =  1, n_outputs =    1
graph_reserve: reserving a graph for ubatch with n_tokens =    8, n_seqs =  1, n_outputs =    8
sched_reserve:  CUDA_Host compute buffer size =     0.03 MiB
sched_reserve: graph nodes  = 100
sched_reserve: graph splits = 1
sched_reserve: reserve took 2.08 ms, sched copies = 1
graph_reserve: reserving a graph for ubatch with n_tokens =    4, n_seqs =  1, n_outputs =    4
BOUNDARY layer=0 type=f32 tokens=4 max=0.00133975 rmse=0.000442859 ref_rms=0.122914
BOUNDARY layer=1 type=f32 tokens=4 max=0.000431787 rmse=0.000153791 ref_rms=0.0535469
BOUNDARY layer=0 type=f32 tokens=1 max=0.000608116 rmse=0.000382062 ref_rms=0.136605
BOUNDARY layer=1 type=f32 tokens=1 max=0.000242189 rmse=0.000148773 ref_rms=0.0328234
BOUNDARY layer=0 type=f32 tokens=1 max=0.000577159 rmse=0.000209741 ref_rms=0.0519267
BOUNDARY layer=1 type=f32 tokens=1 max=0.000434592 rmse=0.000268143 ref_rms=0.094458
BOUNDARY layer=0 type=f32 tokens=1 max=0.00128561 rmse=0.000649125 ref_rms=0.161416
BOUNDARY layer=1 type=f32 tokens=1 max=0.000249095 rmse=0.000127734 ref_rms=0.0188155
BOUNDARY layer=0 type=f32 tokens=8 max=0.0015955 rmse=0.000495271 ref_rms=0.179384
BOUNDARY layer=1 type=f32 tokens=8 max=0.000541635 rmse=0.000180553 ref_rms=0.0448929
BOUNDARY layer=0 type=f32 tokens=1 max=0.000610054 rmse=0.000348648 ref_rms=0.106333
BOUNDARY layer=1 type=f32 tokens=1 max=0.000456579 rmse=0.000203498 ref_rms=0.0407662
BOUNDARY layer=0 type=f32 tokens=2 max=0.00171125 rmse=0.000701375 ref_rms=0.236884
BOUNDARY layer=1 type=f32 tokens=2 max=0.00030268 rmse=0.000117802 ref_rms=0.0406787
BOUNDARY layer=0 type=f32 tokens=1 max=0.00085903 rmse=0.000393949 ref_rms=0.10254
BOUNDARY layer=1 type=f32 tokens=1 max=0.000353984 rmse=0.000126617 ref_rms=0.020437
BOUNDARY layer=0 type=f32 tokens=1 max=0.000658169 rmse=0.000347967 ref_rms=0.0952855
BOUNDARY layer=1 type=f32 tokens=1 max=0.000282019 rmse=0.000132818 ref_rms=0.0536045
BOUNDARY layer=0 type=f32 tokens=1 max=0.000968874 rmse=0.000480048 ref_rms=0.233718
BOUNDARY layer=1 type=f32 tokens=1 max=0.000309654 rmse=0.00016213 ref_rms=0.0481076
BOUNDARY layer=0 type=f32 tokens=1 max=0.000485223 rmse=0.000258996 ref_rms=0.0491321
BOUNDARY layer=1 type=f32 tokens=1 max=0.000722632 rmse=0.000360848 ref_rms=0.116368
BOUNDARY layer=0 type=f32 tokens=1 max=0.000509769 rmse=0.000261135 ref_rms=0.0510846
BOUNDARY layer=1 type=f32 tokens=1 max=0.000192806 rmse=0.000110492 ref_rms=0.0367987
BOUNDARY layer=0 type=f32 tokens=1 max=0.000805646 rmse=0.00041353 ref_rms=0.13472
BOUNDARY layer=1 type=f32 tokens=1 max=0.000242315 rmse=9.83151e-05 ref_rms=0.0341211
BOUNDARY layer=0 type=f32 tokens=1 max=0.00122868 rmse=0.000601864 ref_rms=0.155705
BOUNDARY layer=1 type=f32 tokens=1 max=0.000208667 rmse=7.75103e-05 ref_rms=0.0197923
BOUNDARY layer=0 type=f32 tokens=1 max=0.000743106 rmse=0.000282335 ref_rms=0.0446385
BOUNDARY layer=1 type=f32 tokens=1 max=0.000346608 rmse=0.000154485 ref_rms=0.0416173
BOUNDARY layer=0 type=f32 tokens=1 max=0.000983655 rmse=0.000339992 ref_rms=0.0510998
BOUNDARY layer=1 type=f32 tokens=1 max=0.000555664 rmse=0.000304044 ref_rms=0.087715
BOUNDARY layer=0 type=f32 tokens=1 max=0.000422075 rmse=0.000192581 ref_rms=0.0655887
BOUNDARY layer=1 type=f32 tokens=1 max=0.000499785 rmse=0.000235243 ref_rms=0.0612141
BOUNDARY layer=0 type=f32 tokens=1 max=0.000890017 rmse=0.000481622 ref_rms=0.135495
BOUNDARY layer=1 type=f32 tokens=1 max=0.000462934 rmse=0.000194515 ref_rms=0.0690344
BOUNDARY layer=0 type=f32 tokens=1 max=0.000971377 rmse=0.00045767 ref_rms=0.137334
BOUNDARY layer=1 type=f32 tokens=1 max=0.000138764 rmse=7.44131e-05 ref_rms=0.0130023
BOUNDARY layer=0 type=f32 tokens=1 max=0.00120066 rmse=0.000534858 ref_rms=0.0680834
BOUNDARY layer=1 type=f32 tokens=1 max=0.000669569 rmse=0.000283918 ref_rms=0.158677
BOUNDARY layer=0 type=f32 tokens=1 max=0.00137109 rmse=0.000820095 ref_rms=0.241873
BOUNDARY layer=1 type=f32 tokens=1 max=0.000123722 rmse=6.64799e-05 ref_rms=0.0119365
BOUNDARY layer=0 type=f32 tokens=1 max=0.000865668 rmse=0.000533745 ref_rms=0.191122
BOUNDARY layer=1 type=f32 tokens=1 max=7.85775e-05 rmse=3.43579e-05 ref_rms=0.0187903
BOUNDARY layer=0 type=f32 tokens=1 max=0.000834569 rmse=0.000397433 ref_rms=0.202226
BOUNDARY layer=1 type=f32 tokens=1 max=0.000335298 rmse=0.000179157 ref_rms=0.0534819
BOUNDARY layer=0 type=f32 tokens=1 max=0.000589877 rmse=0.000301526 ref_rms=0.0806978
BOUNDARY layer=1 type=f32 tokens=1 max=0.000463858 rmse=0.000261952 ref_rms=0.0858107
BOUNDARY layer=0 type=f32 tokens=1 max=0.00058268 rmse=0.000316221 ref_rms=0.0974634
BOUNDARY layer=1 type=f32 tokens=1 max=0.000440368 rmse=0.000207264 ref_rms=0.0643896
BOUNDARY layer=0 type=f32 tokens=1 max=0.000834852 rmse=0.000492566 ref_rms=0.136546
BOUNDARY layer=1 type=f32 tokens=1 max=0.000289738 rmse=0.000156496 ref_rms=0.037035
BOUNDARY layer=0 type=f32 tokens=1 max=0.000642389 rmse=0.000312313 ref_rms=0.055578
BOUNDARY layer=1 type=f32 tokens=1 max=0.000600144 rmse=0.000357113 ref_rms=0.119506
BOUNDARY layer=0 type=f32 tokens=1 max=0.000883933 rmse=0.000321615 ref_rms=0.169253
BOUNDARY layer=1 type=f32 tokens=1 max=0.000170676 rmse=8.70967e-05 ref_rms=0.0177525
BOUNDARY layer=0 type=f32 tokens=1 max=0.00099875 rmse=0.000343548 ref_rms=0.136979
BOUNDARY layer=1 type=f32 tokens=1 max=0.000375573 rmse=0.000167878 ref_rms=0.0383231
BOUNDARY layer=0 type=f32 tokens=1 max=0.000688434 rmse=0.000342611 ref_rms=0.126691
BOUNDARY layer=1 type=f32 tokens=1 max=0.000581622 rmse=0.000264788 ref_rms=0.0897711
BOUNDARY layer=0 type=f32 tokens=1 max=0.000699326 rmse=0.000310205 ref_rms=0.100163
BOUNDARY layer=1 type=f32 tokens=1 max=0.000488676 rmse=0.000216098 ref_rms=0.075431
BOUNDARY layer=0 type=f32 tokens=1 max=0.00038477 rmse=0.000192133 ref_rms=0.069794
BOUNDARY layer=1 type=f32 tokens=1 max=0.000209901 rmse=6.78724e-05 ref_rms=0.0362678
BOUNDARY layer=0 type=f32 tokens=1 max=0.00073573 rmse=0.000412612 ref_rms=0.108788
BOUNDARY layer=1 type=f32 tokens=1 max=0.000498176 rmse=0.000175532 ref_rms=0.107049
BOUNDARY layer=0 type=f32 tokens=1 max=0.00128394 rmse=0.000655777 ref_rms=0.256959
BOUNDARY layer=1 type=f32 tokens=1 max=0.000132197 rmse=6.82966e-05 ref_rms=0.015033
BOUNDARY layer=0 type=f32 tokens=1 max=0.000671774 rmse=0.000298729 ref_rms=0.14771
BOUNDARY layer=1 type=f32 tokens=1 max=0.000305749 rmse=0.000149088 ref_rms=0.059763
BOUNDARY layer=0 type=f32 tokens=1 max=0.000710636 rmse=0.000381911 ref_rms=0.112192
BOUNDARY layer=1 type=f32 tokens=1 max=0.000377953 rmse=0.000218269 ref_rms=0.0661761
BOUNDARY layer=0 type=f32 tokens=1 max=0.000662804 rmse=0.000273736 ref_rms=0.0660889
BOUNDARY layer=1 type=f32 tokens=1 max=0.000732847 rmse=0.000359042 ref_rms=0.0839536
BOUNDARY layer=0 type=f32 tokens=1 max=0.000990093 rmse=0.000527174 ref_rms=0.177855
BOUNDARY layer=1 type=f32 tokens=1 max=0.000326194 rmse=0.000142104 ref_rms=0.0356813
BOUNDARY layer=0 type=f32 tokens=1 max=0.00080654 rmse=0.00038454 ref_rms=0.146703
BOUNDARY layer=1 type=f32 tokens=1 max=7.91703e-05 rmse=4.27526e-05 ref_rms=0.00622279
BOUNDARY layer=0 type=f32 tokens=1 max=0.000894129 rmse=0.000421819 ref_rms=0.112381
BOUNDARY layer=1 type=f32 tokens=1 max=0.000409479 rmse=0.000140158 ref_rms=0.0174045
BOUNDARY layer=0 type=f32 tokens=1 max=0.00115357 rmse=0.00065916 ref_rms=0.179559
BOUNDARY layer=1 type=f32 tokens=1 max=0.000293054 rmse=0.000148275 ref_rms=0.0264828
BOUNDARY layer=0 type=f32 tokens=1 max=0.000666648 rmse=0.000306514 ref_rms=0.215765
BOUNDARY layer=1 type=f32 tokens=1 max=0.00023593 rmse=0.000113435 ref_rms=0.0554094
BOUNDARY layer=0 type=f32 tokens=1 max=0.000876745 rmse=0.000294109 ref_rms=0.0531168
BOUNDARY layer=1 type=f32 tokens=1 max=0.000658527 rmse=0.00031509 ref_rms=0.138483
BOUNDARY layer=0 type=f32 tokens=1 max=0.000453606 rmse=0.000243468 ref_rms=0.0606496
BOUNDARY layer=1 type=f32 tokens=1 max=0.000271152 rmse=0.000141678 ref_rms=0.0412879
BOUNDARY layer=0 type=f32 tokens=1 max=0.000747308 rmse=0.000395047 ref_rms=0.120853
BOUNDARY layer=1 type=f32 tokens=1 max=0.000175843 rmse=8.55576e-05 ref_rms=0.0402586
BOUNDARY layer=0 type=f32 tokens=1 max=0.000850111 rmse=0.000401961 ref_rms=0.159061
BOUNDARY layer=1 type=f32 tokens=1 max=0.000204621 rmse=7.79779e-05 ref_rms=0.0202096
BOUNDARY layer=0 type=f32 tokens=1 max=0.00122546 rmse=0.000547552 ref_rms=0.0458052
BOUNDARY layer=1 type=f32 tokens=1 max=0.000214227 rmse=0.000106221 ref_rms=0.0400842
BOUNDARY layer=0 type=f32 tokens=1 max=0.0011414 rmse=0.000455519 ref_rms=0.0526621
BOUNDARY layer=1 type=f32 tokens=1 max=0.00069157 rmse=0.000405313 ref_rms=0.0881722
set_abort_callback: call
graph_compute: ggml_backend_sched_graph_compute_async failed with error 1
process_ubatch: failed to compute graph, compute status: 1
decode: removing memory module entries for seq_id = 0, pos = [59, +inf)
llama_decode: failed to decode, ret = 2
set_abort_callback: call
graph_compute: ggml_backend_sched_graph_compute_async failed with error -1
host-bank MoE execution failed: MoE routing weight must be finite
process_ubatch: failed to compute graph, compute status: -1
decode: removing memory module entries for seq_id = 0, pos = [59, +inf)
llama_decode: failed to decode, ret = -3
BOUNDARY layer=0 type=f32 tokens=1 max=0.000361502 rmse=0.000180285 ref_rms=0.0868311
BOUNDARY layer=1 type=f32 tokens=1 max=0.000393245 rmse=0.000184626 ref_rms=0.0570719
llama_context: constructing llama_context
llama_init_from_model: failed to initialize the context: host-bank MoE requires one sequence, op_offload=false and offload_kqv=false
llama_context: constructing llama_context
llama_init_from_model: failed to initialize the context: host-bank MoE requires one sequence, op_offload=false and offload_kqv=false
llama_context: constructing llama_context
llama_init_from_model: failed to initialize the context: host-bank MoE requires one sequence, op_offload=false and offload_kqv=false
llama_context: constructing llama_context
llama_init_from_model: failed to initialize the context: moe cache: invalid uniform arena geometry
llama_context: constructing llama_context
llama_init_from_model: failed to initialize the context: host-bank MoE cache requires model.moe_cpu_tile_bytes host-bank setup
~llama_context:      CUDA0 compute buffer size is   0.0000 MiB, matches expectation of   0.0000 MiB
~llama_context:  CUDA_Host compute buffer size is   0.0304 MiB, matches expectation of   0.0304 MiB
~llama_context:      CUDA0 compute buffer size is   0.0000 MiB, matches expectation of   0.0000 MiB
~llama_context:  CUDA_Host compute buffer size is   0.0304 MiB, matches expectation of   0.0304 MiB
llama_context: constructing llama_context
llama_context: MoE device=CUDA0 cache=198656 staging=1048576 compute-limit=67108864 bytes
llama_context: n_seq_max             = 1
llama_context: n_ctx                 = 256
llama_context: n_ctx_seq             = 256
llama_context: n_batch               = 32
llama_context: n_ubatch              = 8
llama_context: causal_attn           = 1
llama_context: flash_attn            = disabled
llama_context: kv_unified            = false
llama_context: freq_base             = 10000.0
llama_context: freq_scale            = 1
llama_context: n_rs_seq              = 0
llama_context: n_outputs_max         = 32
llama_context: n_outputs_max_per_seq = 1
llama_context: n_ctx_seq (256) > n_ctx_train (128) -- possible training context overflow
set_abort_callback: call
llama_context:        CPU  output buffer size =     0.00 MiB
llama_kv_cache: layer   0: dev = CPU
llama_kv_cache: layer   1: dev = CPU
llama_kv_cache:        CPU KV buffer size =     0.06 MiB
llama_kv_cache: size =    0.06 MiB (   256 cells,   2 layers,  1/1 seqs), K (f16):    0.03 MiB, V (f16):    0.03 MiB
llama_kv_cache: attn_rot_k = 0, n_embd_head_k_all = 16
llama_kv_cache: attn_rot_v = 0, n_embd_head_k_all = 16
llama_context: enumerating backends
llama_context: backend_ptrs.size() = 2
sched_reserve: reserving ...
sched_reserve: max_nodes = 1024
sched_reserve: decode graph slots = 4 (n_tokens <= 4)
sched_reserve: reserving full memory module
sched_reserve: worst-case: n_tokens = 8, n_seqs = 1, n_outputs = 1
resolve_fused_ops: resolving fused Gated Delta Net support:
graph_reserve: reserving a graph for ubatch with n_tokens =    1, n_seqs =  1, n_outputs =    1
resolve_fused_ops: fused Gated Delta Net (autoregressive) enabled
graph_reserve: reserving a graph for ubatch with n_tokens =   16, n_seqs =  1, n_outputs =   16
resolve_fused_ops: fused Gated Delta Net (chunked) enabled
resolve_fused_ops: resolving fused Lightning Indexer support:
graph_reserve: reserving a graph for ubatch with n_tokens =    1, n_seqs =  1, n_outputs =    1
resolve_fused_ops: Lightning Indexer enabled
resolve_fused_ops: resolving fused DeepSeek V4 HC support:
graph_reserve: reserving a graph for ubatch with n_tokens =    1, n_seqs =  1, n_outputs =    1
resolve_fused_ops: fused DeepSeek V4 HC pre enabled
graph_reserve: reserving a graph for ubatch with n_tokens =    1, n_seqs =  1, n_outputs =    1
resolve_fused_ops: fused DeepSeek V4 HC comb enabled
graph_reserve: reserving a graph for ubatch with n_tokens =    1, n_seqs =  1, n_outputs =    1
resolve_fused_ops: fused DeepSeek V4 HC post enabled
graph_reserve: reserving a graph for ubatch with n_tokens =    8, n_seqs =  1, n_outputs =    8
graph_reserve: reserving a graph for ubatch with n_tokens =    1, n_seqs =  1, n_outputs =    1
graph_reserve: reserving a graph for ubatch with n_tokens =    8, n_seqs =  1, n_outputs =    8
sched_reserve:  CUDA_Host compute buffer size =     0.03 MiB
sched_reserve: graph nodes  = 100
sched_reserve: graph splits = 1
sched_reserve: reserve took 1.97 ms, sched copies = 1
llama_context: constructing llama_context
llama_context: n_seq_max             = 1
llama_context: n_ctx                 = 256
llama_context: n_ctx_seq             = 256
llama_context: n_batch               = 32
llama_context: n_ubatch              = 8
llama_context: causal_attn           = 1
llama_context: flash_attn            = disabled
llama_context: kv_unified            = false
llama_context: freq_base             = 10000.0
llama_context: freq_scale            = 1
llama_context: n_rs_seq              = 0
llama_context: n_outputs_max         = 32
llama_context: n_outputs_max_per_seq = 1
llama_context: n_ctx_seq (256) > n_ctx_train (128) -- possible training context overflow
set_abort_callback: call
llama_context:        CPU  output buffer size =     0.00 MiB
llama_kv_cache: layer   0: dev = CPU
llama_kv_cache: layer   1: dev = CPU
llama_kv_cache:        CPU KV buffer size =     0.06 MiB
llama_kv_cache: size =    0.06 MiB (   256 cells,   2 layers,  1/1 seqs), K (f16):    0.03 MiB, V (f16):    0.03 MiB
llama_kv_cache: attn_rot_k = 0, n_embd_head_k_all = 16
llama_kv_cache: attn_rot_v = 0, n_embd_head_k_all = 16
llama_context: enumerating backends
llama_context: backend_ptrs.size() = 2
sched_reserve: reserving ...
sched_reserve: max_nodes = 1024
sched_reserve: decode graph slots = 4 (n_tokens <= 4)
sched_reserve: reserving full memory module
sched_reserve: worst-case: n_tokens = 8, n_seqs = 1, n_outputs = 1
resolve_fused_ops: resolving fused Gated Delta Net support:
graph_reserve: reserving a graph for ubatch with n_tokens =    1, n_seqs =  1, n_outputs =    1
resolve_fused_ops: fused Gated Delta Net (autoregressive) enabled
graph_reserve: reserving a graph for ubatch with n_tokens =   16, n_seqs =  1, n_outputs =   16
resolve_fused_ops: fused Gated Delta Net (chunked) enabled
resolve_fused_ops: resolving fused Lightning Indexer support:
graph_reserve: reserving a graph for ubatch with n_tokens =    1, n_seqs =  1, n_outputs =    1
resolve_fused_ops: Lightning Indexer enabled
resolve_fused_ops: resolving fused DeepSeek V4 HC support:
graph_reserve: reserving a graph for ubatch with n_tokens =    1, n_seqs =  1, n_outputs =    1
resolve_fused_ops: fused DeepSeek V4 HC pre enabled
graph_reserve: reserving a graph for ubatch with n_tokens =    1, n_seqs =  1, n_outputs =    1
resolve_fused_ops: fused DeepSeek V4 HC comb enabled
graph_reserve: reserving a graph for ubatch with n_tokens =    1, n_seqs =  1, n_outputs =    1
resolve_fused_ops: fused DeepSeek V4 HC post enabled
graph_reserve: reserving a graph for ubatch with n_tokens =    8, n_seqs =  1, n_outputs =    8
graph_reserve: reserving a graph for ubatch with n_tokens =    1, n_seqs =  1, n_outputs =    1
graph_reserve: reserving a graph for ubatch with n_tokens =    8, n_seqs =  1, n_outputs =    8
sched_reserve:  CUDA_Host compute buffer size =     0.03 MiB
sched_reserve: graph nodes  = 110
sched_reserve: graph splits = 1
sched_reserve: reserve took 2.49 ms, sched copies = 1
BOUNDARY layer=0 type=f32 tokens=4 max=0.00133975 rmse=0.000442859 ref_rms=0.122914
BOUNDARY layer=1 type=f32 tokens=4 max=0.000431787 rmse=0.000153791 ref_rms=0.0535469
~llama_context:      CUDA0 compute buffer size is   0.0000 MiB, matches expectation of   0.0000 MiB
~llama_context:  CUDA_Host compute buffer size is   0.0304 MiB, matches expectation of   0.0304 MiB
~llama_context:      CUDA0 compute buffer size is   0.0000 MiB, matches expectation of   0.0000 MiB
~llama_context:  CUDA_Host compute buffer size is   0.0304 MiB, matches expectation of   0.0304 MiB
llama_model_loader: loaded meta data with 13 key-value pairs and 23 tensors from C:\Users\cadel\AppData\Local\Temp\moe-integration-24038.gguf (version GGUF V3 (latest))
llama_model_loader: Dumping metadata keys/values. Note: KV overrides do not apply in this output.
llama_model_loader: - kv   0:                       general.architecture str              = llama
llama_model_loader: - kv   1:                       tokenizer.ggml.model str              = no_vocab
llama_model_loader: - kv   2:                           llama.vocab_size u32              = 32
llama_model_loader: - kv   3:                       llama.context_length u32              = 128
llama_model_loader: - kv   4:                     llama.embedding_length u32              = 32
llama_model_loader: - kv   5:                          llama.block_count u32              = 2
llama_model_loader: - kv   6:                  llama.feed_forward_length u32              = 64
llama_model_loader: - kv   7:                 llama.attention.head_count u32              = 2
llama_model_loader: - kv   8:              llama.attention.head_count_kv u32              = 2
llama_model_loader: - kv   9:                 llama.rope.dimension_count u32              = 16
llama_model_loader: - kv  10:                         llama.expert_count u32              = 4
llama_model_loader: - kv  11:                    llama.expert_used_count u32              = 2
llama_model_loader: - kv  12:     llama.attention.layer_norm_rms_epsilon f32              = 0.000010
llama_model_loader: - type  f32:   17 tensors
llama_model_loader: - type  f16:    6 tensors
print_info: file format = GGUF V3 (latest)
print_info: file type   = (guessed) all F32
print_info: file size   = 0.13 MiB (18.85 BPW) 
llama_prepare_model_devices: using device CUDA0 (NVIDIA GeForce RTX 4060 Laptop GPU) (0000:01:00.0) - 7096 MiB free
load: adding 32 dummy tokens
print_info: arch                  = llama
print_info: vocab_only            = 0
print_info: no_alloc              = 0
print_info: n_ctx_train           = 128
print_info: n_embd_inp            = 32
print_info: n_embd                = 32
print_info: n_embd_out            = 32
print_info: n_layer               = 2
print_info: n_layer_all           = 2
print_info: n_head                = 2
print_info: n_head_kv             = 2
print_info: n_rot                 = 16
print_info: n_swa                 = 0
print_info: is_swa_any            = 0
print_info: n_embd_head_k         = 16
print_info: n_embd_head_v         = 16
print_info: n_gqa                 = 1
print_info: n_embd_k_gqa          = 32
print_info: n_embd_v_gqa          = 32
print_info: f_norm_eps            = 0.0e+00
print_info: f_norm_rms_eps        = 1.0e-05
print_info: f_clamp_kqv           = 0.0e+00
print_info: f_max_alibi_bias      = 0.0e+00
print_info: f_logit_scale         = 0.0e+00
print_info: f_attn_scale          = 0.0e+00
print_info: f_attn_value_scale    = 0.0000
print_info: n_ff                  = 64
print_info: n_expert              = 4
print_info: n_expert_used         = 2
print_info: n_expert_groups       = 0
print_info: n_group_used          = 0
print_info: causal attn           = 1
print_info: pooling type          = -1
print_info: rope type             = 0
print_info: rope scaling          = linear
print_info: freq_base_train       = 10000.0
print_info: freq_scale_train      = 1
print_info: n_ctx_orig_yarn       = 128
print_info: rope_yarn_log_mul     = 0.0000
print_info: rope_finetuned        = unknown
print_info: model type            = ?B
print_info: model params          = 59.81 K
print_info: general.name          = n/a
print_info: vocab type            = no vocab
print_info: n_vocab               = 32
print_info: n_merges              = 0
print_info: max token length      = 0
load_tensors: loading model tensors, this can take a while... (load_mode = none)
load_tensors: layer   0 assigned to device CPU, is_swa = 0
load_tensors: layer   1 assigned to device CPU, is_swa = 0
load_tensors: layer   2 assigned to device CPU, is_swa = 0
create_tensor: loading tensor token_embd.weight
create_tensor: loading tensor output_norm.weight
create_tensor: loading tensor output.weight
create_tensor: loading tensor blk.0.attn_norm.weight
create_tensor: loading tensor blk.0.attn_qkv.weight
create_tensor: loading tensor blk.0.attn_q.weight
create_tensor: loading tensor blk.0.attn_k.weight
create_tensor: loading tensor blk.0.attn_v.weight
create_tensor: loading tensor blk.0.attn_q.bias
create_tensor: loading tensor blk.0.attn_k.bias
create_tensor: loading tensor blk.0.attn_v.bias
create_tensor: loading tensor blk.0.attn_output.weight
create_tensor: loading tensor blk.0.attn_output.bias
create_tensor: loading tensor blk.0.ffn_norm.weight
create_tensor: loading tensor rope_freqs.weight
create_tensor: loading tensor blk.0.ffn_gate_inp.weight
create_tensor: loading tensor blk.0.ffn_gate_exps.weight
create_tensor: loading tensor blk.0.ffn_down_exps.weight
create_tensor: loading tensor blk.0.ffn_up_exps.weight
create_tensor: loading tensor blk.1.attn_norm.weight
create_tensor: loading tensor blk.1.attn_qkv.weight
create_tensor: loading tensor blk.1.attn_q.weight
create_tensor: loading tensor blk.1.attn_k.weight
create_tensor: loading tensor blk.1.attn_v.weight
create_tensor: loading tensor blk.1.attn_q.bias
create_tensor: loading tensor blk.1.attn_k.bias
create_tensor: loading tensor blk.1.attn_v.bias
create_tensor: loading tensor blk.1.attn_output.weight
create_tensor: loading tensor blk.1.attn_output.bias
create_tensor: loading tensor blk.1.ffn_norm.weight
create_tensor: loading tensor rope_freqs.weight
create_tensor: loading tensor blk.1.ffn_gate_inp.weight
create_tensor: loading tensor blk.1.ffn_gate_exps.weight
create_tensor: loading tensor blk.1.ffn_down_exps.weight
create_tensor: loading tensor blk.1.ffn_up_exps.weight
create_tensor: loading tensor blk.0.attn_q.scale
create_tensor: loading tensor blk.0.attn_k.scale
create_tensor: loading tensor blk.0.attn_v.scale
create_tensor: loading tensor blk.0.attn_output.scale
create_tensor: loading tensor blk.0.ffn_gate_exps.scale
create_tensor: loading tensor blk.0.ffn_down_exps.scale
create_tensor: loading tensor blk.0.ffn_up_exps.scale
create_tensor: loading tensor blk.0.attn_q.input_scale
create_tensor: loading tensor blk.0.attn_k.input_scale
create_tensor: loading tensor blk.0.attn_v.input_scale
create_tensor: loading tensor blk.0.attn_output.input_scale
create_tensor: loading tensor blk.0.ffn_gate_exps.input_scale
create_tensor: loading tensor blk.0.ffn_down_exps.input_scale
create_tensor: loading tensor blk.0.ffn_up_exps.input_scale
create_tensor: loading tensor blk.1.attn_q.scale
create_tensor: loading tensor blk.1.attn_k.scale
create_tensor: loading tensor blk.1.attn_v.scale
create_tensor: loading tensor blk.1.attn_output.scale
create_tensor: loading tensor blk.1.ffn_gate_exps.scale
create_tensor: loading tensor blk.1.ffn_down_exps.scale
create_tensor: loading tensor blk.1.ffn_up_exps.scale
create_tensor: loading tensor blk.1.attn_q.input_scale
create_tensor: loading tensor blk.1.attn_k.input_scale
create_tensor: loading tensor blk.1.attn_v.input_scale
create_tensor: loading tensor blk.1.attn_output.input_scale
create_tensor: loading tensor blk.1.ffn_gate_exps.input_scale
create_tensor: loading tensor blk.1.ffn_down_exps.input_scale
create_tensor: loading tensor blk.1.ffn_up_exps.input_scale
load_tensors: offloading 0 repeating layers to GPU
load_tensors: offloaded 0/3 layers to GPU
load_tensors:    CUDA_Host model buffer size =     0.13 MiB
load_all_data: buffer type CUDA_Host is not the default buffer type for device CUDA0 for async uploads
...................
llama_model_loader: loaded meta data with 13 key-value pairs and 23 tensors from C:\Users\cadel\AppData\Local\Temp\moe-integration-24038.gguf (version GGUF V3 (latest))
llama_model_loader: Dumping metadata keys/values. Note: KV overrides do not apply in this output.
llama_model_loader: - kv   0:                       general.architecture str              = llama
llama_model_loader: - kv   1:                       tokenizer.ggml.model str              = no_vocab
llama_model_loader: - kv   2:                           llama.vocab_size u32              = 32
llama_model_loader: - kv   3:                       llama.context_length u32              = 128
llama_model_loader: - kv   4:                     llama.embedding_length u32              = 32
llama_model_loader: - kv   5:                          llama.block_count u32              = 2
llama_model_loader: - kv   6:                  llama.feed_forward_length u32              = 64
llama_model_loader: - kv   7:                 llama.attention.head_count u32              = 2
llama_model_loader: - kv   8:              llama.attention.head_count_kv u32              = 2
llama_model_loader: - kv   9:                 llama.rope.dimension_count u32              = 16
llama_model_loader: - kv  10:                         llama.expert_count u32              = 4
llama_model_loader: - kv  11:                    llama.expert_used_count u32              = 2
llama_model_loader: - kv  12:     llama.attention.layer_norm_rms_epsilon f32              = 0.000010
llama_model_loader: - type  f32:   17 tensors
llama_model_loader: - type  f16:    6 tensors
print_info: file format = GGUF V3 (latest)
print_info: file type   = (guessed) all F32
print_info: file size   = 0.13 MiB (18.85 BPW) 
llama_prepare_model_devices: using device CUDA0 (NVIDIA GeForce RTX 4060 Laptop GPU) (0000:01:00.0) - 7096 MiB free
load: adding 32 dummy tokens
print_info: arch                  = llama
print_info: vocab_only            = 0
print_info: no_alloc              = 0
print_info: n_ctx_train           = 128
print_info: n_embd_inp            = 32
print_info: n_embd                = 32
print_info: n_embd_out            = 32
print_info: n_layer               = 2
print_info: n_layer_all           = 2
print_info: n_head                = 2
print_info: n_head_kv             = 2
print_info: n_rot                 = 16
print_info: n_swa                 = 0
print_info: is_swa_any            = 0
print_info: n_embd_head_k         = 16
print_info: n_embd_head_v         = 16
print_info: n_gqa                 = 1
print_info: n_embd_k_gqa          = 32
print_info: n_embd_v_gqa          = 32
print_info: f_norm_eps            = 0.0e+00
print_info: f_norm_rms_eps        = 1.0e-05
print_info: f_clamp_kqv           = 0.0e+00
print_info: f_max_alibi_bias      = 0.0e+00
print_info: f_logit_scale         = 0.0e+00
print_info: f_attn_scale          = 0.0e+00
print_info: f_attn_value_scale    = 0.0000
print_info: n_ff                  = 64
print_info: n_expert              = 4
print_info: n_expert_used         = 2
print_info: n_expert_groups       = 0
print_info: n_group_used          = 0
print_info: causal attn           = 1
print_info: pooling type          = -1
print_info: rope type             = 0
print_info: rope scaling          = linear
print_info: freq_base_train       = 10000.0
print_info: freq_scale_train      = 1
print_info: n_ctx_orig_yarn       = 128
print_info: rope_yarn_log_mul     = 0.0000
print_info: rope_finetuned        = unknown
print_info: model type            = ?B
print_info: model params          = 59.81 K
print_info: general.name          = n/a
print_info: vocab type            = no vocab
print_info: n_vocab               = 32
print_info: n_merges              = 0
print_info: max token length      = 0
load_tensors: loading model tensors, this can take a while... (load_mode = none)
load_tensors: layer   0 assigned to device CPU, is_swa = 0
load_tensors: layer   1 assigned to device CPU, is_swa = 0
load_tensors: layer   2 assigned to device CPU, is_swa = 0
create_tensor: loading tensor token_embd.weight
create_tensor: loading tensor output_norm.weight
create_tensor: loading tensor output.weight
create_tensor: loading tensor blk.0.attn_norm.weight
create_tensor: loading tensor blk.0.attn_qkv.weight
create_tensor: loading tensor blk.0.attn_q.weight
create_tensor: loading tensor blk.0.attn_k.weight
create_tensor: loading tensor blk.0.attn_v.weight
create_tensor: loading tensor blk.0.attn_q.bias
create_tensor: loading tensor blk.0.attn_k.bias
create_tensor: loading tensor blk.0.attn_v.bias
create_tensor: loading tensor blk.0.attn_output.weight
create_tensor: loading tensor blk.0.attn_output.bias
create_tensor: loading tensor blk.0.ffn_norm.weight
create_tensor: loading tensor rope_freqs.weight
create_tensor: loading tensor blk.0.ffn_gate_inp.weight
create_tensor: loading tensor blk.0.ffn_gate_exps.weight
create_tensor: loading tensor blk.0.ffn_down_exps.weight
create_tensor: loading tensor blk.0.ffn_up_exps.weight
create_tensor: loading tensor blk.1.attn_norm.weight
create_tensor: loading tensor blk.1.attn_qkv.weight
create_tensor: loading tensor blk.1.attn_q.weight
create_tensor: loading tensor blk.1.attn_k.weight
create_tensor: loading tensor blk.1.attn_v.weight
create_tensor: loading tensor blk.1.attn_q.bias
create_tensor: loading tensor blk.1.attn_k.bias
create_tensor: loading tensor blk.1.attn_v.bias
create_tensor: loading tensor blk.1.attn_output.weight
create_tensor: loading tensor blk.1.attn_output.bias
create_tensor: loading tensor blk.1.ffn_norm.weight
create_tensor: loading tensor rope_freqs.weight
create_tensor: loading tensor blk.1.ffn_gate_inp.weight
create_tensor: loading tensor blk.1.ffn_gate_exps.weight
create_tensor: loading tensor blk.1.ffn_down_exps.weight
create_tensor: loading tensor blk.1.ffn_up_exps.weight
create_tensor: loading tensor blk.0.attn_q.scale
create_tensor: loading tensor blk.0.attn_k.scale
create_tensor: loading tensor blk.0.attn_v.scale
create_tensor: loading tensor blk.0.attn_output.scale
create_tensor: loading tensor blk.0.ffn_gate_exps.scale
create_tensor: loading tensor blk.0.ffn_down_exps.scale
create_tensor: loading tensor blk.0.ffn_up_exps.scale
create_tensor: loading tensor blk.0.attn_q.input_scale
create_tensor: loading tensor blk.0.attn_k.input_scale
create_tensor: loading tensor blk.0.attn_v.input_scale
create_tensor: loading tensor blk.0.attn_output.input_scale
create_tensor: loading tensor blk.0.ffn_gate_exps.input_scale
create_tensor: loading tensor blk.0.ffn_down_exps.input_scale
create_tensor: loading tensor blk.0.ffn_up_exps.input_scale
create_tensor: loading tensor blk.1.attn_q.scale
create_tensor: loading tensor blk.1.attn_k.scale
create_tensor: loading tensor blk.1.attn_v.scale
create_tensor: loading tensor blk.1.attn_output.scale
create_tensor: loading tensor blk.1.ffn_gate_exps.scale
create_tensor: loading tensor blk.1.ffn_down_exps.scale
create_tensor: loading tensor blk.1.ffn_up_exps.scale
create_tensor: loading tensor blk.1.attn_q.input_scale
create_tensor: loading tensor blk.1.attn_k.input_scale
create_tensor: loading tensor blk.1.attn_v.input_scale
create_tensor: loading tensor blk.1.attn_output.input_scale
create_tensor: loading tensor blk.1.ffn_gate_exps.input_scale
create_tensor: loading tensor blk.1.ffn_down_exps.input_scale
create_tensor: loading tensor blk.1.ffn_up_exps.input_scale
load_tensors: offloading 0 repeating layers to GPU
load_tensors: offloaded 0/3 layers to GPU
load_tensors:          CPU model buffer size =     0.13 MiB
load_all_data: no device found for buffer type CPU for async uploads
...................
load_tensors: experimental host-bank MoE enabled, tile weights <= 12544 bytes; this is not a total memory limit
llama_context: constructing llama_context
llama_context: n_seq_max             = 1
llama_context: n_ctx                 = 256
llama_context: n_ctx_seq             = 256
llama_context: n_batch               = 32
llama_context: n_ubatch              = 8
llama_context: causal_attn           = 1
llama_context: flash_attn            = disabled
llama_context: kv_unified            = false
llama_context: freq_base             = 10000.0
llama_context: freq_scale            = 1
llama_context: n_rs_seq              = 0
llama_context: n_outputs_max         = 32
llama_context: n_outputs_max_per_seq = 1
llama_context: n_ctx_seq (256) > n_ctx_train (128) -- possible training context overflow
set_abort_callback: call
llama_context:        CPU  output buffer size =     0.00 MiB
llama_kv_cache: layer   0: dev = CPU
llama_kv_cache: layer   1: dev = CPU
llama_kv_cache:        CPU KV buffer size =     0.06 MiB
llama_kv_cache: size =    0.06 MiB (   256 cells,   2 layers,  1/1 seqs), K (f16):    0.03 MiB, V (f16):    0.03 MiB
llama_kv_cache: attn_rot_k = 0, n_embd_head_k_all = 16
llama_kv_cache: attn_rot_v = 0, n_embd_head_k_all = 16
llama_context: enumerating backends
llama_context: backend_ptrs.size() = 2
sched_reserve: reserving ...
sched_reserve: max_nodes = 1024
sched_reserve: decode graph slots = 4 (n_tokens <= 4)
sched_reserve: reserving full memory module
sched_reserve: worst-case: n_tokens = 8, n_seqs = 1, n_outputs = 1
resolve_fused_ops: resolving fused Gated Delta Net support:
graph_reserve: reserving a graph for ubatch with n_tokens =    1, n_seqs =  1, n_outputs =    1
resolve_fused_ops: fused Gated Delta Net (autoregressive) enabled
graph_reserve: reserving a graph for ubatch with n_tokens =   16, n_seqs =  1, n_outputs =   16
resolve_fused_ops: fused Gated Delta Net (chunked) enabled
resolve_fused_ops: resolving fused Lightning Indexer support:
graph_reserve: reserving a graph for ubatch with n_tokens =    1, n_seqs =  1, n_outputs =    1
resolve_fused_ops: Lightning Indexer enabled
resolve_fused_ops: resolving fused DeepSeek V4 HC support:
graph_reserve: reserving a graph for ubatch with n_tokens =    1, n_seqs =  1, n_outputs =    1
resolve_fused_ops: fused DeepSeek V4 HC pre enabled
graph_reserve: reserving a graph for ubatch with n_tokens =    1, n_seqs =  1, n_outputs =    1
resolve_fused_ops: fused DeepSeek V4 HC comb enabled
graph_reserve: reserving a graph for ubatch with n_tokens =    1, n_seqs =  1, n_outputs =    1
resolve_fused_ops: fused DeepSeek V4 HC post enabled
graph_reserve: reserving a graph for ubatch with n_tokens =    8, n_seqs =  1, n_outputs =    8
graph_reserve: reserving a graph for ubatch with n_tokens =    1, n_seqs =  1, n_outputs =    1
graph_reserve: reserving a graph for ubatch with n_tokens =    8, n_seqs =  1, n_outputs =    8
sched_reserve:  CUDA_Host compute buffer size =     0.03 MiB
sched_reserve: graph nodes  = 110
sched_reserve: graph splits = 1
sched_reserve: reserve took 2.96 ms, sched copies = 1
llama_context: constructing llama_context
llama_context: n_seq_max             = 1
llama_context: n_ctx                 = 256
llama_context: n_ctx_seq             = 256
llama_context: n_batch               = 32
llama_context: n_ubatch              = 8
llama_context: causal_attn           = 1
llama_context: flash_attn            = disabled
llama_context: kv_unified            = false
llama_context: freq_base             = 10000.0
llama_context: freq_scale            = 1
llama_context: n_rs_seq              = 0
llama_context: n_outputs_max         = 32
llama_context: n_outputs_max_per_seq = 1
llama_context: n_ctx_seq (256) > n_ctx_train (128) -- possible training context overflow
set_abort_callback: call
llama_context:        CPU  output buffer size =     0.00 MiB
llama_kv_cache: layer   0: dev = CPU
llama_kv_cache: layer   1: dev = CPU
llama_kv_cache:        CPU KV buffer size =     0.06 MiB
llama_kv_cache: size =    0.06 MiB (   256 cells,   2 layers,  1/1 seqs), K (f16):    0.03 MiB, V (f16):    0.03 MiB
llama_kv_cache: attn_rot_k = 0, n_embd_head_k_all = 16
llama_kv_cache: attn_rot_v = 0, n_embd_head_k_all = 16
llama_context: enumerating backends
llama_context: backend_ptrs.size() = 2
sched_reserve: reserving ...
sched_reserve: max_nodes = 1024
sched_reserve: decode graph slots = 4 (n_tokens <= 4)
sched_reserve: reserving full memory module
sched_reserve: worst-case: n_tokens = 8, n_seqs = 1, n_outputs = 1
resolve_fused_ops: resolving fused Gated Delta Net support:
graph_reserve: reserving a graph for ubatch with n_tokens =    1, n_seqs =  1, n_outputs =    1
resolve_fused_ops: fused Gated Delta Net (autoregressive) enabled
graph_reserve: reserving a graph for ubatch with n_tokens =   16, n_seqs =  1, n_outputs =   16
resolve_fused_ops: fused Gated Delta Net (chunked) enabled
resolve_fused_ops: resolving fused Lightning Indexer support:
graph_reserve: reserving a graph for ubatch with n_tokens =    1, n_seqs =  1, n_outputs =    1
resolve_fused_ops: Lightning Indexer enabled
resolve_fused_ops: resolving fused DeepSeek V4 HC support:
graph_reserve: reserving a graph for ubatch with n_tokens =    1, n_seqs =  1, n_outputs =    1
resolve_fused_ops: fused DeepSeek V4 HC pre enabled
graph_reserve: reserving a graph for ubatch with n_tokens =    1, n_seqs =  1, n_outputs =    1
resolve_fused_ops: fused DeepSeek V4 HC comb enabled
graph_reserve: reserving a graph for ubatch with n_tokens =    1, n_seqs =  1, n_outputs =    1
resolve_fused_ops: fused DeepSeek V4 HC post enabled
graph_reserve: reserving a graph for ubatch with n_tokens =    8, n_seqs =  1, n_outputs =    8
graph_reserve: reserving a graph for ubatch with n_tokens =    1, n_seqs =  1, n_outputs =    1
graph_reserve: reserving a graph for ubatch with n_tokens =    8, n_seqs =  1, n_outputs =    8
sched_reserve:  CUDA_Host compute buffer size =     0.03 MiB
sched_reserve: graph nodes  = 100
sched_reserve: graph splits = 1
sched_reserve: reserve took 3.26 ms, sched copies = 1
graph_reserve: reserving a graph for ubatch with n_tokens =    4, n_seqs =  1, n_outputs =    4
set_abort_callback: call
graph_compute: ggml_backend_sched_graph_compute_async failed with error 1
process_ubatch: failed to compute graph, compute status: 1
decode: removing memory module entries for seq_id = 0, pos = [59, +inf)
llama_decode: failed to decode, ret = 2
set_abort_callback: call
host-bank MoE execution failed: MoE routing weight must be finite
host-bank MoE execution failed: MoE routing weight must be finite
process_ubatch: failed to compute graph, compute status: -1
decode: removing memory module entries for seq_id = 0, pos = [59, +inf)
llama_decode: failed to decode, ret = -3
llama_context: constructing llama_context
llama_init_from_model: failed to initialize the context: host-bank MoE requires one sequence, op_offload=false and offload_kqv=false
llama_context: constructing llama_context
llama_init_from_model: failed to initialize the context: host-bank MoE requires one sequence, op_offload=false and offload_kqv=false
llama_context: constructing llama_context
llama_init_from_model: failed to initialize the context: host-bank MoE requires one sequence, op_offload=false and offload_kqv=false
llama_context: constructing llama_context
llama_init_from_model: failed to initialize the context: moe cache: invalid uniform arena geometry
llama_context: constructing llama_context
llama_init_from_model: failed to initialize the context: host-bank MoE cache requires model.moe_cpu_tile_bytes host-bank setup
~llama_context:      CUDA0 compute buffer size is   0.0000 MiB, matches expectation of   0.0000 MiB
~llama_context:  CUDA_Host compute buffer size is   0.0304 MiB, matches expectation of   0.0304 MiB
~llama_context:      CUDA0 compute buffer size is   0.0000 MiB, matches expectation of   0.0000 MiB
~llama_context:  CUDA_Host compute buffer size is   0.0304 MiB, matches expectation of   0.0304 MiB
llama_context: constructing llama_context
llama_context: n_seq_max             = 1
llama_context: n_ctx                 = 256
llama_context: n_ctx_seq             = 256
llama_context: n_batch               = 32
llama_context: n_ubatch              = 8
llama_context: causal_attn           = 1
llama_context: flash_attn            = disabled
llama_context: kv_unified            = false
llama_context: freq_base             = 10000.0
llama_context: freq_scale            = 1
llama_context: n_rs_seq              = 0
llama_context: n_outputs_max         = 32
llama_context: n_outputs_max_per_seq = 1
llama_context: n_ctx_seq (256) > n_ctx_train (128) -- possible training context overflow
set_abort_callback: call
llama_context:        CPU  output buffer size =     0.00 MiB
llama_kv_cache: layer   0: dev = CPU
llama_kv_cache: layer   1: dev = CPU
llama_kv_cache:        CPU KV buffer size =     0.06 MiB
llama_kv_cache: size =    0.06 MiB (   256 cells,   2 layers,  1/1 seqs), K (f16):    0.03 MiB, V (f16):    0.03 MiB
llama_kv_cache: attn_rot_k = 0, n_embd_head_k_all = 16
llama_kv_cache: attn_rot_v = 0, n_embd_head_k_all = 16
llama_context: enumerating backends
llama_context: backend_ptrs.size() = 2
sched_reserve: reserving ...
sched_reserve: max_nodes = 1024
sched_reserve: decode graph slots = 4 (n_tokens <= 4)
sched_reserve: reserving full memory module
sched_reserve: worst-case: n_tokens = 8, n_seqs = 1, n_outputs = 1
resolve_fused_ops: resolving fused Gated Delta Net support:
graph_reserve: reserving a graph for ubatch with n_tokens =    1, n_seqs =  1, n_outputs =    1
resolve_fused_ops: fused Gated Delta Net (autoregressive) enabled
graph_reserve: reserving a graph for ubatch with n_tokens =   16, n_seqs =  1, n_outputs =   16
resolve_fused_ops: fused Gated Delta Net (chunked) enabled
resolve_fused_ops: resolving fused Lightning Indexer support:
graph_reserve: reserving a graph for ubatch with n_tokens =    1, n_seqs =  1, n_outputs =    1
resolve_fused_ops: Lightning Indexer enabled
resolve_fused_ops: resolving fused DeepSeek V4 HC support:
graph_reserve: reserving a graph for ubatch with n_tokens =    1, n_seqs =  1, n_outputs =    1
resolve_fused_ops: fused DeepSeek V4 HC pre enabled
graph_reserve: reserving a graph for ubatch with n_tokens =    1, n_seqs =  1, n_outputs =    1
resolve_fused_ops: fused DeepSeek V4 HC comb enabled
graph_reserve: reserving a graph for ubatch with n_tokens =    1, n_seqs =  1, n_outputs =    1
resolve_fused_ops: fused DeepSeek V4 HC post enabled
graph_reserve: reserving a graph for ubatch with n_tokens =    8, n_seqs =  1, n_outputs =    8
graph_reserve: reserving a graph for ubatch with n_tokens =    1, n_seqs =  1, n_outputs =    1
graph_reserve: reserving a graph for ubatch with n_tokens =    8, n_seqs =  1, n_outputs =    8
sched_reserve:  CUDA_Host compute buffer size =     0.03 MiB
sched_reserve: graph nodes  = 100
sched_reserve: graph splits = 1
sched_reserve: reserve took 1.73 ms, sched copies = 1
llama_context: constructing llama_context
llama_context: n_seq_max             = 1
llama_context: n_ctx                 = 256
llama_context: n_ctx_seq             = 256
llama_context: n_batch               = 32
llama_context: n_ubatch              = 8
llama_context: causal_attn           = 1
llama_context: flash_attn            = disabled
llama_context: kv_unified            = false
llama_context: freq_base             = 10000.0
llama_context: freq_scale            = 1
llama_context: n_rs_seq              = 0
llama_context: n_outputs_max         = 32
llama_context: n_outputs_max_per_seq = 1
llama_context: n_ctx_seq (256) > n_ctx_train (128) -- possible training context overflow
set_abort_callback: call
llama_context:        CPU  output buffer size =     0.00 MiB
llama_kv_cache: layer   0: dev = CPU
llama_kv_cache: layer   1: dev = CPU
llama_kv_cache:        CPU KV buffer size =     0.06 MiB
llama_kv_cache: size =    0.06 MiB (   256 cells,   2 layers,  1/1 seqs), K (f16):    0.03 MiB, V (f16):    0.03 MiB
llama_kv_cache: attn_rot_k = 0, n_embd_head_k_all = 16
llama_kv_cache: attn_rot_v = 0, n_embd_head_k_all = 16
llama_context: enumerating backends
llama_context: backend_ptrs.size() = 2
sched_reserve: reserving ...
sched_reserve: max_nodes = 1024
sched_reserve: decode graph slots = 4 (n_tokens <= 4)
sched_reserve: reserving full memory module
sched_reserve: worst-case: n_tokens = 8, n_seqs = 1, n_outputs = 1
resolve_fused_ops: resolving fused Gated Delta Net support:
graph_reserve: reserving a graph for ubatch with n_tokens =    1, n_seqs =  1, n_outputs =    1
resolve_fused_ops: fused Gated Delta Net (autoregressive) enabled
graph_reserve: reserving a graph for ubatch with n_tokens =   16, n_seqs =  1, n_outputs =   16
resolve_fused_ops: fused Gated Delta Net (chunked) enabled
resolve_fused_ops: resolving fused Lightning Indexer support:
graph_reserve: reserving a graph for ubatch with n_tokens =    1, n_seqs =  1, n_outputs =    1
resolve_fused_ops: Lightning Indexer enabled
resolve_fused_ops: resolving fused DeepSeek V4 HC support:
graph_reserve: reserving a graph for ubatch with n_tokens =    1, n_seqs =  1, n_outputs =    1
resolve_fused_ops: fused DeepSeek V4 HC pre enabled
graph_reserve: reserving a graph for ubatch with n_tokens =    1, n_seqs =  1, n_outputs =    1
resolve_fused_ops: fused DeepSeek V4 HC comb enabled
graph_reserve: reserving a graph for ubatch with n_tokens =    1, n_seqs =  1, n_outputs =    1
resolve_fused_ops: fused DeepSeek V4 HC post enabled
graph_reserve: reserving a graph for ubatch with n_tokens =    8, n_seqs =  1, n_outputs =    8
graph_reserve: reserving a graph for ubatch with n_tokens =    1, n_seqs =  1, n_outputs =    1
graph_reserve: reserving a graph for ubatch with n_tokens =    8, n_seqs =  1, n_outputs =    8
sched_reserve:  CUDA_Host compute buffer size =     0.03 MiB
sched_reserve: graph nodes  = 110
sched_reserve: graph splits = 1
sched_reserve: reserve took 2.35 ms, sched copies = 1
~llama_context:      CUDA0 compute buffer size is   0.0000 MiB, matches expectation of   0.0000 MiB
~llama_context:  CUDA_Host compute buffer size is   0.0304 MiB, matches expectation of   0.0304 MiB
~llama_context:      CUDA0 compute buffer size is   0.0000 MiB, matches expectation of   0.0000 MiB
~llama_context:  CUDA_Host compute buffer size is   0.0304 MiB, matches expectation of   0.0304 MiB
llama_model_loader: loaded meta data with 13 key-value pairs and 23 tensors from C:\Users\cadel\AppData\Local\Temp\moe-integration-24038.gguf (version GGUF V3 (latest))
llama_model_loader: Dumping metadata keys/values. Note: KV overrides do not apply in this output.
llama_model_loader: - kv   0:                       general.architecture str              = llama
llama_model_loader: - kv   1:                       tokenizer.ggml.model str              = no_vocab
llama_model_loader: - kv   2:                           llama.vocab_size u32              = 32
llama_model_loader: - kv   3:                       llama.context_length u32              = 128
llama_model_loader: - kv   4:                     llama.embedding_length u32              = 32
llama_model_loader: - kv   5:                          llama.block_count u32              = 2
llama_model_loader: - kv   6:                  llama.feed_forward_length u32              = 64
llama_model_loader: - kv   7:                 llama.attention.head_count u32              = 2
llama_model_loader: - kv   8:              llama.attention.head_count_kv u32              = 2
llama_model_loader: - kv   9:                 llama.rope.dimension_count u32              = 16
llama_model_loader: - kv  10:                         llama.expert_count u32              = 4
llama_model_loader: - kv  11:                    llama.expert_used_count u32              = 2
llama_model_loader: - kv  12:     llama.attention.layer_norm_rms_epsilon f32              = 0.000010
llama_model_loader: - type  f32:   17 tensors
llama_model_loader: - type  f16:    6 tensors
print_info: file format = GGUF V3 (latest)
print_info: file type   = (guessed) all F32
print_info: file size   = 0.13 MiB (18.85 BPW) 
llama_prepare_model_devices: using device CUDA0 (NVIDIA GeForce RTX 4060 Laptop GPU) (0000:01:00.0) - 7096 MiB free
load: adding 32 dummy tokens
print_info: arch                  = llama
print_info: vocab_only            = 0
print_info: no_alloc              = 0
print_info: n_ctx_train           = 128
print_info: n_embd_inp            = 32
print_info: n_embd                = 32
print_info: n_embd_out            = 32
print_info: n_layer               = 2
print_info: n_layer_all           = 2
print_info: n_head                = 2
print_info: n_head_kv             = 2
print_info: n_rot                 = 16
print_info: n_swa                 = 0
print_info: is_swa_any            = 0
print_info: n_embd_head_k         = 16
print_info: n_embd_head_v         = 16
print_info: n_gqa                 = 1
print_info: n_embd_k_gqa          = 32
print_info: n_embd_v_gqa          = 32
print_info: f_norm_eps            = 0.0e+00
print_info: f_norm_rms_eps        = 1.0e-05
print_info: f_clamp_kqv           = 0.0e+00
print_info: f_max_alibi_bias      = 0.0e+00
print_info: f_logit_scale         = 0.0e+00
print_info: f_attn_scale          = 0.0e+00
print_info: f_attn_value_scale    = 0.0000
print_info: n_ff                  = 64
print_info: n_expert              = 4
print_info: n_expert_used         = 2
print_info: n_expert_groups       = 0
print_info: n_group_used          = 0
print_info: causal attn           = 1
print_info: pooling type          = -1
print_info: rope type             = 0
print_info: rope scaling          = linear
print_info: freq_base_train       = 10000.0
print_info: freq_scale_train      = 1
print_info: n_ctx_orig_yarn       = 128
print_info: rope_yarn_log_mul     = 0.0000
print_info: rope_finetuned        = unknown
print_info: model type            = ?B
print_info: model params          = 59.81 K
print_info: general.name          = n/a
print_info: vocab type            = no vocab
print_info: n_vocab               = 32
print_info: n_merges              = 0
print_info: max token length      = 0
load_tensors: loading model tensors, this can take a while... (load_mode = none)
load_tensors: layer   0 assigned to device CPU, is_swa = 0
load_tensors: layer   1 assigned to device CPU, is_swa = 0
load_tensors: layer   2 assigned to device CPU, is_swa = 0
create_tensor: loading tensor token_embd.weight
create_tensor: loading tensor output_norm.weight
create_tensor: loading tensor output.weight
create_tensor: loading tensor blk.0.attn_norm.weight
create_tensor: loading tensor blk.0.attn_qkv.weight
create_tensor: loading tensor blk.0.attn_q.weight
create_tensor: loading tensor blk.0.attn_k.weight
create_tensor: loading tensor blk.0.attn_v.weight
create_tensor: loading tensor blk.0.attn_q.bias
create_tensor: loading tensor blk.0.attn_k.bias
create_tensor: loading tensor blk.0.attn_v.bias
create_tensor: loading tensor blk.0.attn_output.weight
create_tensor: loading tensor blk.0.attn_output.bias
create_tensor: loading tensor blk.0.ffn_norm.weight
create_tensor: loading tensor rope_freqs.weight
create_tensor: loading tensor blk.0.ffn_gate_inp.weight
create_tensor: loading tensor blk.0.ffn_gate_exps.weight
create_tensor: loading tensor blk.0.ffn_down_exps.weight
create_tensor: loading tensor blk.0.ffn_up_exps.weight
create_tensor: loading tensor blk.1.attn_norm.weight
create_tensor: loading tensor blk.1.attn_qkv.weight
create_tensor: loading tensor blk.1.attn_q.weight
create_tensor: loading tensor blk.1.attn_k.weight
create_tensor: loading tensor blk.1.attn_v.weight
create_tensor: loading tensor blk.1.attn_q.bias
create_tensor: loading tensor blk.1.attn_k.bias
create_tensor: loading tensor blk.1.attn_v.bias
create_tensor: loading tensor blk.1.attn_output.weight
create_tensor: loading tensor blk.1.attn_output.bias
create_tensor: loading tensor blk.1.ffn_norm.weight
create_tensor: loading tensor rope_freqs.weight
create_tensor: loading tensor blk.1.ffn_gate_inp.weight
create_tensor: loading tensor blk.1.ffn_gate_exps.weight
create_tensor: loading tensor blk.1.ffn_down_exps.weight
create_tensor: loading tensor blk.1.ffn_up_exps.weight
create_tensor: loading tensor blk.0.attn_q.scale
create_tensor: loading tensor blk.0.attn_k.scale
create_tensor: loading tensor blk.0.attn_v.scale
create_tensor: loading tensor blk.0.attn_output.scale
create_tensor: loading tensor blk.0.ffn_gate_exps.scale
create_tensor: loading tensor blk.0.ffn_down_exps.scale
create_tensor: loading tensor blk.0.ffn_up_exps.scale
create_tensor: loading tensor blk.0.attn_q.input_scale
create_tensor: loading tensor blk.0.attn_k.input_scale
create_tensor: loading tensor blk.0.attn_v.input_scale
create_tensor: loading tensor blk.0.attn_output.input_scale
create_tensor: loading tensor blk.0.ffn_gate_exps.input_scale
create_tensor: loading tensor blk.0.ffn_down_exps.input_scale
create_tensor: loading tensor blk.0.ffn_up_exps.input_scale
create_tensor: loading tensor blk.1.attn_q.scale
create_tensor: loading tensor blk.1.attn_k.scale
create_tensor: loading tensor blk.1.attn_v.scale
create_tensor: loading tensor blk.1.attn_output.scale
create_tensor: loading tensor blk.1.ffn_gate_exps.scale
create_tensor: loading tensor blk.1.ffn_down_exps.scale
create_tensor: loading tensor blk.1.ffn_up_exps.scale
create_tensor: loading tensor blk.1.attn_q.input_scale
create_tensor: loading tensor blk.1.attn_k.input_scale
create_tensor: loading tensor blk.1.attn_v.input_scale
create_tensor: loading tensor blk.1.attn_output.input_scale
create_tensor: loading tensor blk.1.ffn_gate_exps.input_scale
create_tensor: loading tensor blk.1.ffn_down_exps.input_scale
create_tensor: loading tensor blk.1.ffn_up_exps.input_scale
load_tensors: offloading 0 repeating layers to GPU
load_tensors: offloaded 0/3 layers to GPU
load_tensors:    CUDA_Host model buffer size =     0.13 MiB
load_all_data: buffer type CUDA_Host is not the default buffer type for device CUDA0 for async uploads
...................
llama_model_loader: loaded meta data with 13 key-value pairs and 23 tensors from C:\Users\cadel\AppData\Local\Temp\moe-integration-24038.gguf (version GGUF V3 (latest))
llama_model_loader: Dumping metadata keys/values. Note: KV overrides do not apply in this output.
llama_model_loader: - kv   0:                       general.architecture str              = llama
llama_model_loader: - kv   1:                       tokenizer.ggml.model str              = no_vocab
llama_model_loader: - kv   2:                           llama.vocab_size u32              = 32
llama_model_loader: - kv   3:                       llama.context_length u32              = 128
llama_model_loader: - kv   4:                     llama.embedding_length u32              = 32
llama_model_loader: - kv   5:                          llama.block_count u32              = 2
llama_model_loader: - kv   6:                  llama.feed_forward_length u32              = 64
llama_model_loader: - kv   7:                 llama.attention.head_count u32              = 2
llama_model_loader: - kv   8:              llama.attention.head_count_kv u32              = 2
llama_model_loader: - kv   9:                 llama.rope.dimension_count u32              = 16
llama_model_loader: - kv  10:                         llama.expert_count u32              = 4
llama_model_loader: - kv  11:                    llama.expert_used_count u32              = 2
llama_model_loader: - kv  12:     llama.attention.layer_norm_rms_epsilon f32              = 0.000010
llama_model_loader: - type  f32:   17 tensors
llama_model_loader: - type  f16:    6 tensors
print_info: file format = GGUF V3 (latest)
print_info: file type   = (guessed) all F32
print_info: file size   = 0.13 MiB (18.85 BPW) 
llama_prepare_model_devices: using device CUDA0 (NVIDIA GeForce RTX 4060 Laptop GPU) (0000:01:00.0) - 7096 MiB free
load: adding 32 dummy tokens
print_info: arch                  = llama
print_info: vocab_only            = 0
print_info: no_alloc              = 0
print_info: n_ctx_train           = 128
print_info: n_embd_inp            = 32
print_info: n_embd                = 32
print_info: n_embd_out            = 32
print_info: n_layer               = 2
print_info: n_layer_all           = 2
print_info: n_head                = 2
print_info: n_head_kv             = 2
print_info: n_rot                 = 16
print_info: n_swa                 = 0
print_info: is_swa_any            = 0
print_info: n_embd_head_k         = 16
print_info: n_embd_head_v         = 16
print_info: n_gqa                 = 1
print_info: n_embd_k_gqa          = 32
print_info: n_embd_v_gqa          = 32
print_info: f_norm_eps            = 0.0e+00
print_info: f_norm_rms_eps        = 1.0e-05
print_info: f_clamp_kqv           = 0.0e+00
print_info: f_max_alibi_bias      = 0.0e+00
print_info: f_logit_scale         = 0.0e+00
print_info: f_attn_scale          = 0.0e+00
print_info: f_attn_value_scale    = 0.0000
print_info: n_ff                  = 64
print_info: n_expert              = 4
print_info: n_expert_used         = 2
print_info: n_expert_groups       = 0
print_info: n_group_used          = 0
print_info: causal attn           = 1
print_info: pooling type          = -1
print_info: rope type             = 0
print_info: rope scaling          = linear
print_info: freq_base_train       = 10000.0
print_info: freq_scale_train      = 1
print_info: n_ctx_orig_yarn       = 128
print_info: rope_yarn_log_mul     = 0.0000
print_info: rope_finetuned        = unknown
print_info: model type            = ?B
print_info: model params          = 59.81 K
print_info: general.name          = n/a
print_info: vocab type            = no vocab
print_info: n_vocab               = 32
print_info: n_merges              = 0
print_info: max token length      = 0
load_tensors: loading model tensors, this can take a while... (load_mode = none)
load_tensors: layer   0 assigned to device CPU, is_swa = 0
load_tensors: layer   1 assigned to device CPU, is_swa = 0
load_tensors: layer   2 assigned to device CPU, is_swa = 0
create_tensor: loading tensor token_embd.weight
create_tensor: loading tensor output_norm.weight
create_tensor: loading tensor output.weight
create_tensor: loading tensor blk.0.attn_norm.weight
create_tensor: loading tensor blk.0.attn_qkv.weight
create_tensor: loading tensor blk.0.attn_q.weight
create_tensor: loading tensor blk.0.attn_k.weight
create_tensor: loading tensor blk.0.attn_v.weight
create_tensor: loading tensor blk.0.attn_q.bias
create_tensor: loading tensor blk.0.attn_k.bias
create_tensor: loading tensor blk.0.attn_v.bias
create_tensor: loading tensor blk.0.attn_output.weight
create_tensor: loading tensor blk.0.attn_output.bias
create_tensor: loading tensor blk.0.ffn_norm.weight
create_tensor: loading tensor rope_freqs.weight
create_tensor: loading tensor blk.0.ffn_gate_inp.weight
create_tensor: loading tensor blk.0.ffn_gate_exps.weight
create_tensor: loading tensor blk.0.ffn_down_exps.weight
create_tensor: loading tensor blk.0.ffn_up_exps.weight
create_tensor: loading tensor blk.1.attn_norm.weight
create_tensor: loading tensor blk.1.attn_qkv.weight
create_tensor: loading tensor blk.1.attn_q.weight
create_tensor: loading tensor blk.1.attn_k.weight
create_tensor: loading tensor blk.1.attn_v.weight
create_tensor: loading tensor blk.1.attn_q.bias
create_tensor: loading tensor blk.1.attn_k.bias
create_tensor: loading tensor blk.1.attn_v.bias
create_tensor: loading tensor blk.1.attn_output.weight
create_tensor: loading tensor blk.1.attn_output.bias
create_tensor: loading tensor blk.1.ffn_norm.weight
create_tensor: loading tensor rope_freqs.weight
create_tensor: loading tensor blk.1.ffn_gate_inp.weight
create_tensor: loading tensor blk.1.ffn_gate_exps.weight
create_tensor: loading tensor blk.1.ffn_down_exps.weight
create_tensor: loading tensor blk.1.ffn_up_exps.weight
create_tensor: loading tensor blk.0.attn_q.scale
create_tensor: loading tensor blk.0.attn_k.scale
create_tensor: loading tensor blk.0.attn_v.scale
create_tensor: loading tensor blk.0.attn_output.scale
create_tensor: loading tensor blk.0.ffn_gate_exps.scale
create_tensor: loading tensor blk.0.ffn_down_exps.scale
create_tensor: loading tensor blk.0.ffn_up_exps.scale
create_tensor: loading tensor blk.0.attn_q.input_scale
create_tensor: loading tensor blk.0.attn_k.input_scale
create_tensor: loading tensor blk.0.attn_v.input_scale
create_tensor: loading tensor blk.0.attn_output.input_scale
create_tensor: loading tensor blk.0.ffn_gate_exps.input_scale
create_tensor: loading tensor blk.0.ffn_down_exps.input_scale
create_tensor: loading tensor blk.0.ffn_up_exps.input_scale
create_tensor: loading tensor blk.1.attn_q.scale
create_tensor: loading tensor blk.1.attn_k.scale
create_tensor: loading tensor blk.1.attn_v.scale
create_tensor: loading tensor blk.1.attn_output.scale
create_tensor: loading tensor blk.1.ffn_gate_exps.scale
create_tensor: loading tensor blk.1.ffn_down_exps.scale
create_tensor: loading tensor blk.1.ffn_up_exps.scale
create_tensor: loading tensor blk.1.attn_q.input_scale
create_tensor: loading tensor blk.1.attn_k.input_scale
create_tensor: loading tensor blk.1.attn_v.input_scale
create_tensor: loading tensor blk.1.attn_output.input_scale
create_tensor: loading tensor blk.1.ffn_gate_exps.input_scale
create_tensor: loading tensor blk.1.ffn_down_exps.input_scale
create_tensor: loading tensor blk.1.ffn_up_exps.input_scale
load_tensors: offloading 0 repeating layers to GPU
load_tensors: offloaded 0/3 layers to GPU
load_tensors:          CPU model buffer size =     0.13 MiB
load_all_data: no device found for buffer type CPU for async uploads
...................
load_tensors: experimental host-bank MoE enabled, tile weights <= 50176 bytes; this is not a total memory limit
llama_context: constructing llama_context
llama_context: n_seq_max             = 1
llama_context: n_ctx                 = 256
llama_context: n_ctx_seq             = 256
llama_context: n_batch               = 32
llama_context: n_ubatch              = 8
llama_context: causal_attn           = 1
llama_context: flash_attn            = disabled
llama_context: kv_unified            = false
llama_context: freq_base             = 10000.0
llama_context: freq_scale            = 1
llama_context: n_rs_seq              = 0
llama_context: n_outputs_max         = 32
llama_context: n_outputs_max_per_seq = 1
llama_context: n_ctx_seq (256) > n_ctx_train (128) -- possible training context overflow
set_abort_callback: call
llama_context:        CPU  output buffer size =     0.00 MiB
llama_kv_cache: layer   0: dev = CPU
llama_kv_cache: layer   1: dev = CPU
llama_kv_cache:        CPU KV buffer size =     0.06 MiB
llama_kv_cache: size =    0.06 MiB (   256 cells,   2 layers,  1/1 seqs), K (f16):    0.03 MiB, V (f16):    0.03 MiB
llama_kv_cache: attn_rot_k = 0, n_embd_head_k_all = 16
llama_kv_cache: attn_rot_v = 0, n_embd_head_k_all = 16
llama_context: enumerating backends
llama_context: backend_ptrs.size() = 2
sched_reserve: reserving ...
sched_reserve: max_nodes = 1024
sched_reserve: decode graph slots = 4 (n_tokens <= 4)
sched_reserve: reserving full memory module
sched_reserve: worst-case: n_tokens = 8, n_seqs = 1, n_outputs = 1
resolve_fused_ops: resolving fused Gated Delta Net support:
graph_reserve: reserving a graph for ubatch with n_tokens =    1, n_seqs =  1, n_outputs =    1
resolve_fused_ops: fused Gated Delta Net (autoregressive) enabled
graph_reserve: reserving a graph for ubatch with n_tokens =   16, n_seqs =  1, n_outputs =   16
resolve_fused_ops: fused Gated Delta Net (chunked) enabled
resolve_fused_ops: resolving fused Lightning Indexer support:
graph_reserve: reserving a graph for ubatch with n_tokens =    1, n_seqs =  1, n_outputs =    1
resolve_fused_ops: Lightning Indexer enabled
resolve_fused_ops: resolving fused DeepSeek V4 HC support:
graph_reserve: reserving a graph for ubatch with n_tokens =    1, n_seqs =  1, n_outputs =    1
resolve_fused_ops: fused DeepSeek V4 HC pre enabled
graph_reserve: reserving a graph for ubatch with n_tokens =    1, n_seqs =  1, n_outputs =    1
resolve_fused_ops: fused DeepSeek V4 HC comb enabled
graph_reserve: reserving a graph for ubatch with n_tokens =    1, n_seqs =  1, n_outputs =    1
resolve_fused_ops: fused DeepSeek V4 HC post enabled
graph_reserve: reserving a graph for ubatch with n_tokens =    8, n_seqs =  1, n_outputs =    8
graph_reserve: reserving a graph for ubatch with n_tokens =    1, n_seqs =  1, n_outputs =    1
graph_reserve: reserving a graph for ubatch with n_tokens =    8, n_seqs =  1, n_outputs =    8
sched_reserve:  CUDA_Host compute buffer size =     0.03 MiB
sched_reserve: graph nodes  = 110
sched_reserve: graph splits = 1
sched_reserve: reserve took 2.28 ms, sched copies = 1
llama_context: constructing llama_context
llama_context: n_seq_max             = 1
llama_context: n_ctx                 = 256
llama_context: n_ctx_seq             = 256
llama_context: n_batch               = 32
llama_context: n_ubatch              = 8
llama_context: causal_attn           = 1
llama_context: flash_attn            = disabled
llama_context: kv_unified            = false
llama_context: freq_base             = 10000.0
llama_context: freq_scale            = 1
llama_context: n_rs_seq              = 0
llama_context: n_outputs_max         = 32
llama_context: n_outputs_max_per_seq = 1
llama_context: n_ctx_seq (256) > n_ctx_train (128) -- possible training context overflow
set_abort_callback: call
llama_context:        CPU  output buffer size =     0.00 MiB
llama_kv_cache: layer   0: dev = CPU
llama_kv_cache: layer   1: dev = CPU
llama_kv_cache:        CPU KV buffer size =     0.06 MiB
llama_kv_cache: size =    0.06 MiB (   256 cells,   2 layers,  1/1 seqs), K (f16):    0.03 MiB, V (f16):    0.03 MiB
llama_kv_cache: attn_rot_k = 0, n_embd_head_k_all = 16
llama_kv_cache: attn_rot_v = 0, n_embd_head_k_all = 16
llama_context: enumerating backends
llama_context: backend_ptrs.size() = 2
sched_reserve: reserving ...
sched_reserve: max_nodes = 1024
sched_reserve: decode graph slots = 4 (n_tokens <= 4)
sched_reserve: reserving full memory module
sched_reserve: worst-case: n_tokens = 8, n_seqs = 1, n_outputs = 1
resolve_fused_ops: resolving fused Gated Delta Net support:
graph_reserve: reserving a graph for ubatch with n_tokens =    1, n_seqs =  1, n_outputs =    1
resolve_fused_ops: fused Gated Delta Net (autoregressive) enabled
graph_reserve: reserving a graph for ubatch with n_tokens =   16, n_seqs =  1, n_outputs =   16
resolve_fused_ops: fused Gated Delta Net (chunked) enabled
resolve_fused_ops: resolving fused Lightning Indexer support:
graph_reserve: reserving a graph for ubatch with n_tokens =    1, n_seqs =  1, n_outputs =    1
resolve_fused_ops: Lightning Indexer enabled
resolve_fused_ops: resolving fused DeepSeek V4 HC support:
graph_reserve: reserving a graph for ubatch with n_tokens =    1, n_seqs =  1, n_outputs =    1
resolve_fused_ops: fused DeepSeek V4 HC pre enabled
graph_reserve: reserving a graph for ubatch with n_tokens =    1, n_seqs =  1, n_outputs =    1
resolve_fused_ops: fused DeepSeek V4 HC comb enabled
graph_reserve: reserving a graph for ubatch with n_tokens =    1, n_seqs =  1, n_outputs =    1
resolve_fused_ops: fused DeepSeek V4 HC post enabled
graph_reserve: reserving a graph for ubatch with n_tokens =    8, n_seqs =  1, n_outputs =    8
graph_reserve: reserving a graph for ubatch with n_tokens =    1, n_seqs =  1, n_outputs =    1
graph_reserve: reserving a graph for ubatch with n_tokens =    8, n_seqs =  1, n_outputs =    8
sched_reserve:  CUDA_Host compute buffer size =     0.03 MiB
sched_reserve: graph nodes  = 100
sched_reserve: graph splits = 1
sched_reserve: reserve took 2.20 ms, sched copies = 1
graph_reserve: reserving a graph for ubatch with n_tokens =    4, n_seqs =  1, n_outputs =    4
set_abort_callback: call
graph_compute: ggml_backend_sched_graph_compute_async failed with error 1
process_ubatch: failed to compute graph, compute status: 1
decode: removing memory module entries for seq_id = 0, pos = [59, +inf)
llama_decode: failed to decode, ret = 2
set_abort_callback: call
host-bank MoE execution failed: MoE routing weight must be finite
host-bank MoE execution failed: MoE routing weight must be finite
process_ubatch: failed to compute graph, compute status: -1
decode: removing memory module entries for seq_id = 0, pos = [59, +inf)
llama_decode: failed to decode, ret = -3
llama_context: constructing llama_context
llama_init_from_model: failed to initialize the context: host-bank MoE requires one sequence, op_offload=false and offload_kqv=false
llama_context: constructing llama_context
llama_init_from_model: failed to initialize the context: host-bank MoE requires one sequence, op_offload=false and offload_kqv=false
llama_context: constructing llama_context
llama_init_from_model: failed to initialize the context: host-bank MoE requires one sequence, op_offload=false and offload_kqv=false
llama_context: constructing llama_context
llama_init_from_model: failed to initialize the context: moe cache: invalid uniform arena geometry
llama_context: constructing llama_context
llama_init_from_model: failed to initialize the context: host-bank MoE cache requires model.moe_cpu_tile_bytes host-bank setup
~llama_context:      CUDA0 compute buffer size is   0.0000 MiB, matches expectation of   0.0000 MiB
~llama_context:  CUDA_Host compute buffer size is   0.0304 MiB, matches expectation of   0.0304 MiB
~llama_context:      CUDA0 compute buffer size is   0.0000 MiB, matches expectation of   0.0000 MiB
~llama_context:  CUDA_Host compute buffer size is   0.0304 MiB, matches expectation of   0.0304 MiB
llama_context: constructing llama_context
llama_context: n_seq_max             = 1
llama_context: n_ctx                 = 256
llama_context: n_ctx_seq             = 256
llama_context: n_batch               = 32
llama_context: n_ubatch              = 8
llama_context: causal_attn           = 1
llama_context: flash_attn            = disabled
llama_context: kv_unified            = false
llama_context: freq_base             = 10000.0
llama_context: freq_scale            = 1
llama_context: n_rs_seq              = 0
llama_context: n_outputs_max         = 32
llama_context: n_outputs_max_per_seq = 1
llama_context: n_ctx_seq (256) > n_ctx_train (128) -- possible training context overflow
set_abort_callback: call
llama_context:        CPU  output buffer size =     0.00 MiB
llama_kv_cache: layer   0: dev = CPU
llama_kv_cache: layer   1: dev = CPU
llama_kv_cache:        CPU KV buffer size =     0.06 MiB
llama_kv_cache: size =    0.06 MiB (   256 cells,   2 layers,  1/1 seqs), K (f16):    0.03 MiB, V (f16):    0.03 MiB
llama_kv_cache: attn_rot_k = 0, n_embd_head_k_all = 16
llama_kv_cache: attn_rot_v = 0, n_embd_head_k_all = 16
llama_context: enumerating backends
llama_context: backend_ptrs.size() = 2
sched_reserve: reserving ...
sched_reserve: max_nodes = 1024
sched_reserve: decode graph slots = 4 (n_tokens <= 4)
sched_reserve: reserving full memory module
sched_reserve: worst-case: n_tokens = 8, n_seqs = 1, n_outputs = 1
resolve_fused_ops: resolving fused Gated Delta Net support:
graph_reserve: reserving a graph for ubatch with n_tokens =    1, n_seqs =  1, n_outputs =    1
resolve_fused_ops: fused Gated Delta Net (autoregressive) enabled
graph_reserve: reserving a graph for ubatch with n_tokens =   16, n_seqs =  1, n_outputs =   16
resolve_fused_ops: fused Gated Delta Net (chunked) enabled
resolve_fused_ops: resolving fused Lightning Indexer support:
graph_reserve: reserving a graph for ubatch with n_tokens =    1, n_seqs =  1, n_outputs =    1
resolve_fused_ops: Lightning Indexer enabled
resolve_fused_ops: resolving fused DeepSeek V4 HC support:
graph_reserve: reserving a graph for ubatch with n_tokens =    1, n_seqs =  1, n_outputs =    1
resolve_fused_ops: fused DeepSeek V4 HC pre enabled
graph_reserve: reserving a graph for ubatch with n_tokens =    1, n_seqs =  1, n_outputs =    1
resolve_fused_ops: fused DeepSeek V4 HC comb enabled
graph_reserve: reserving a graph for ubatch with n_tokens =    1, n_seqs =  1, n_outputs =    1
resolve_fused_ops: fused DeepSeek V4 HC post enabled
graph_reserve: reserving a graph for ubatch with n_tokens =    8, n_seqs =  1, n_outputs =    8
graph_reserve: reserving a graph for ubatch with n_tokens =    1, n_seqs =  1, n_outputs =    1
graph_reserve: reserving a graph for ubatch with n_tokens =    8, n_seqs =  1, n_outputs =    8
sched_reserve:  CUDA_Host compute buffer size =     0.03 MiB
sched_reserve: graph nodes  = 100
sched_reserve: graph splits = 1
sched_reserve: reserve took 1.81 ms, sched copies = 1
llama_context: constructing llama_context
llama_context: n_seq_max             = 1
llama_context: n_ctx                 = 256
llama_context: n_ctx_seq             = 256
llama_context: n_batch               = 32
llama_context: n_ubatch              = 8
llama_context: causal_attn           = 1
llama_context: flash_attn            = disabled
llama_context: kv_unified            = false
llama_context: freq_base             = 10000.0
llama_context: freq_scale            = 1
llama_context: n_rs_seq              = 0
llama_context: n_outputs_max         = 32
llama_context: n_outputs_max_per_seq = 1
llama_context: n_ctx_seq (256) > n_ctx_train (128) -- possible training context overflow
set_abort_callback: call
llama_context:        CPU  output buffer size =     0.00 MiB
llama_kv_cache: layer   0: dev = CPU
llama_kv_cache: layer   1: dev = CPU
llama_kv_cache:        CPU KV buffer size =     0.06 MiB
llama_kv_cache: size =    0.06 MiB (   256 cells,   2 layers,  1/1 seqs), K (f16):    0.03 MiB, V (f16):    0.03 MiB
llama_kv_cache: attn_rot_k = 0, n_embd_head_k_all = 16
llama_kv_cache: attn_rot_v = 0, n_embd_head_k_all = 16
llama_context: enumerating backends
llama_context: backend_ptrs.size() = 2
sched_reserve: reserving ...
sched_reserve: max_nodes = 1024
sched_reserve: decode graph slots = 4 (n_tokens <= 4)
sched_reserve: reserving full memory module
sched_reserve: worst-case: n_tokens = 8, n_seqs = 1, n_outputs = 1
resolve_fused_ops: resolving fused Gated Delta Net support:
graph_reserve: reserving a graph for ubatch with n_tokens =    1, n_seqs =  1, n_outputs =    1
resolve_fused_ops: fused Gated Delta Net (autoregressive) enabled
graph_reserve: reserving a graph for ubatch with n_tokens =   16, n_seqs =  1, n_outputs =   16
resolve_fused_ops: fused Gated Delta Net (chunked) enabled
resolve_fused_ops: resolving fused Lightning Indexer support:
graph_reserve: reserving a graph for ubatch with n_tokens =    1, n_seqs =  1, n_outputs =    1
resolve_fused_ops: Lightning Indexer enabled
resolve_fused_ops: resolving fused DeepSeek V4 HC support:
graph_reserve: reserving a graph for ubatch with n_tokens =    1, n_seqs =  1, n_outputs =    1
resolve_fused_ops: fused DeepSeek V4 HC pre enabled
graph_reserve: reserving a graph for ubatch with n_tokens =    1, n_seqs =  1, n_outputs =    1
resolve_fused_ops: fused DeepSeek V4 HC comb enabled
graph_reserve: reserving a graph for ubatch with n_tokens =    1, n_seqs =  1, n_outputs =    1
resolve_fused_ops: fused DeepSeek V4 HC post enabled
graph_reserve: reserving a graph for ubatch with n_tokens =    8, n_seqs =  1, n_outputs =    8
graph_reserve: reserving a graph for ubatch with n_tokens =    1, n_seqs =  1, n_outputs =    1
graph_reserve: reserving a graph for ubatch with n_tokens =    8, n_seqs =  1, n_outputs =    8
sched_reserve:  CUDA_Host compute buffer size =     0.03 MiB
sched_reserve: graph nodes  = 110
sched_reserve: graph splits = 1
sched_reserve: reserve took 2.13 ms, sched copies = 1
~llama_context:      CUDA0 compute buffer size is   0.0000 MiB, matches expectation of   0.0000 MiB
~llama_context:  CUDA_Host compute buffer size is   0.0304 MiB, matches expectation of   0.0304 MiB
~llama_context:      CUDA0 compute buffer size is   0.0000 MiB, matches expectation of   0.0000 MiB
~llama_context:  CUDA_Host compute buffer size is   0.0304 MiB, matches expectation of   0.0304 MiB
llama_model_loader: loaded meta data with 13 key-value pairs and 23 tensors from C:\Users\cadel\AppData\Local\Temp\moe-integration-24038.gguf (version GGUF V3 (latest))
llama_model_loader: Dumping metadata keys/values. Note: KV overrides do not apply in this output.
llama_model_loader: - kv   0:                       general.architecture str              = llama
llama_model_loader: - kv   1:                       tokenizer.ggml.model str              = no_vocab
llama_model_loader: - kv   2:                           llama.vocab_size u32              = 32
llama_model_loader: - kv   3:                       llama.context_length u32              = 128
llama_model_loader: - kv   4:                     llama.embedding_length u32              = 32
llama_model_loader: - kv   5:                          llama.block_count u32              = 2
llama_model_loader: - kv   6:                  llama.feed_forward_length u32              = 64
llama_model_loader: - kv   7:                 llama.attention.head_count u32              = 2
llama_model_loader: - kv   8:              llama.attention.head_count_kv u32              = 2
llama_model_loader: - kv   9:                 llama.rope.dimension_count u32              = 16
llama_model_loader: - kv  10:                         llama.expert_count u32              = 4
llama_model_loader: - kv  11:                    llama.expert_used_count u32              = 2
llama_model_loader: - kv  12:     llama.attention.layer_norm_rms_epsilon f32              = 0.000010
llama_model_loader: - type  f32:   17 tensors
llama_model_loader: - type  f16:    6 tensors
print_info: file format = GGUF V3 (latest)
print_info: file type   = (guessed) all F32
print_info: file size   = 0.13 MiB (18.85 BPW) 
llama_prepare_model_devices: using device CUDA0 (NVIDIA GeForce RTX 4060 Laptop GPU) (0000:01:00.0) - 7096 MiB free
load: adding 32 dummy tokens
print_info: arch                  = llama
print_info: vocab_only            = 0
print_info: no_alloc              = 0
print_info: n_ctx_train           = 128
print_info: n_embd_inp            = 32
print_info: n_embd                = 32
print_info: n_embd_out            = 32
print_info: n_layer               = 2
print_info: n_layer_all           = 2
print_info: n_head                = 2
print_info: n_head_kv             = 2
print_info: n_rot                 = 16
print_info: n_swa                 = 0
print_info: is_swa_any            = 0
print_info: n_embd_head_k         = 16
print_info: n_embd_head_v         = 16
print_info: n_gqa                 = 1
print_info: n_embd_k_gqa          = 32
print_info: n_embd_v_gqa          = 32
print_info: f_norm_eps            = 0.0e+00
print_info: f_norm_rms_eps        = 1.0e-05
print_info: f_clamp_kqv           = 0.0e+00
print_info: f_max_alibi_bias      = 0.0e+00
print_info: f_logit_scale         = 0.0e+00
print_info: f_attn_scale          = 0.0e+00
print_info: f_attn_value_scale    = 0.0000
print_info: n_ff                  = 64
print_info: n_expert              = 4
print_info: n_expert_used         = 2
print_info: n_expert_groups       = 0
print_info: n_group_used          = 0
print_info: causal attn           = 1
print_info: pooling type          = -1
print_info: rope type             = 0
print_info: rope scaling          = linear
print_info: freq_base_train       = 10000.0
print_info: freq_scale_train      = 1
print_info: n_ctx_orig_yarn       = 128
print_info: rope_yarn_log_mul     = 0.0000
print_info: rope_finetuned        = unknown
print_info: model type            = ?B
print_info: model params          = 59.81 K
print_info: general.name          = n/a
print_info: vocab type            = no vocab
print_info: n_vocab               = 32
print_info: n_merges              = 0
print_info: max token length      = 0
load_tensors: loading model tensors, this can take a while... (load_mode = none)
load_tensors: layer   0 assigned to device CPU, is_swa = 0
load_tensors: layer   1 assigned to device CPU, is_swa = 0
load_tensors: layer   2 assigned to device CPU, is_swa = 0
create_tensor: loading tensor token_embd.weight
create_tensor: loading tensor output_norm.weight
create_tensor: loading tensor output.weight
create_tensor: loading tensor blk.0.attn_norm.weight
create_tensor: loading tensor blk.0.attn_qkv.weight
create_tensor: loading tensor blk.0.attn_q.weight
create_tensor: loading tensor blk.0.attn_k.weight
create_tensor: loading tensor blk.0.attn_v.weight
create_tensor: loading tensor blk.0.attn_q.bias
create_tensor: loading tensor blk.0.attn_k.bias
create_tensor: loading tensor blk.0.attn_v.bias
create_tensor: loading tensor blk.0.attn_output.weight
create_tensor: loading tensor blk.0.attn_output.bias
create_tensor: loading tensor blk.0.ffn_norm.weight
create_tensor: loading tensor rope_freqs.weight
create_tensor: loading tensor blk.0.ffn_gate_inp.weight
create_tensor: loading tensor blk.0.ffn_gate_exps.weight
create_tensor: loading tensor blk.0.ffn_down_exps.weight
create_tensor: loading tensor blk.0.ffn_up_exps.weight
create_tensor: loading tensor blk.1.attn_norm.weight
create_tensor: loading tensor blk.1.attn_qkv.weight
create_tensor: loading tensor blk.1.attn_q.weight
create_tensor: loading tensor blk.1.attn_k.weight
create_tensor: loading tensor blk.1.attn_v.weight
create_tensor: loading tensor blk.1.attn_q.bias
create_tensor: loading tensor blk.1.attn_k.bias
create_tensor: loading tensor blk.1.attn_v.bias
create_tensor: loading tensor blk.1.attn_output.weight
create_tensor: loading tensor blk.1.attn_output.bias
create_tensor: loading tensor blk.1.ffn_norm.weight
create_tensor: loading tensor rope_freqs.weight
create_tensor: loading tensor blk.1.ffn_gate_inp.weight
create_tensor: loading tensor blk.1.ffn_gate_exps.weight
create_tensor: loading tensor blk.1.ffn_down_exps.weight
create_tensor: loading tensor blk.1.ffn_up_exps.weight
create_tensor: loading tensor blk.0.attn_q.scale
create_tensor: loading tensor blk.0.attn_k.scale
create_tensor: loading tensor blk.0.attn_v.scale
create_tensor: loading tensor blk.0.attn_output.scale
create_tensor: loading tensor blk.0.ffn_gate_exps.scale
create_tensor: loading tensor blk.0.ffn_down_exps.scale
create_tensor: loading tensor blk.0.ffn_up_exps.scale
create_tensor: loading tensor blk.0.attn_q.input_scale
create_tensor: loading tensor blk.0.attn_k.input_scale
create_tensor: loading tensor blk.0.attn_v.input_scale
create_tensor: loading tensor blk.0.attn_output.input_scale
create_tensor: loading tensor blk.0.ffn_gate_exps.input_scale
create_tensor: loading tensor blk.0.ffn_down_exps.input_scale
create_tensor: loading tensor blk.0.ffn_up_exps.input_scale
create_tensor: loading tensor blk.1.attn_q.scale
create_tensor: loading tensor blk.1.attn_k.scale
create_tensor: loading tensor blk.1.attn_v.scale
create_tensor: loading tensor blk.1.attn_output.scale
create_tensor: loading tensor blk.1.ffn_gate_exps.scale
create_tensor: loading tensor blk.1.ffn_down_exps.scale
create_tensor: loading tensor blk.1.ffn_up_exps.scale
create_tensor: loading tensor blk.1.attn_q.input_scale
create_tensor: loading tensor blk.1.attn_k.input_scale
create_tensor: loading tensor blk.1.attn_v.input_scale
create_tensor: loading tensor blk.1.attn_output.input_scale
create_tensor: loading tensor blk.1.ffn_gate_exps.input_scale
create_tensor: loading tensor blk.1.ffn_down_exps.input_scale
create_tensor: loading tensor blk.1.ffn_up_exps.input_scale
load_tensors: offloading 0 repeating layers to GPU
load_tensors: offloaded 0/3 layers to GPU
load_tensors:    CUDA_Host model buffer size =     0.13 MiB
load_all_data: buffer type CUDA_Host is not the default buffer type for device CUDA0 for async uploads
...................
llama_model_loader: loaded meta data with 13 key-value pairs and 23 tensors from C:\Users\cadel\AppData\Local\Temp\moe-integration-24038.gguf (version GGUF V3 (latest))
llama_model_loader: Dumping metadata keys/values. Note: KV overrides do not apply in this output.
llama_model_loader: - kv   0:                       general.architecture str              = llama
llama_model_loader: - kv   1:                       tokenizer.ggml.model str              = no_vocab
llama_model_loader: - kv   2:                           llama.vocab_size u32              = 32
llama_model_loader: - kv   3:                       llama.context_length u32              = 128
llama_model_loader: - kv   4:                     llama.embedding_length u32              = 32
llama_model_loader: - kv   5:                          llama.block_count u32              = 2
llama_model_loader: - kv   6:                  llama.feed_forward_length u32              = 64
llama_model_loader: - kv   7:                 llama.attention.head_count u32              = 2
llama_model_loader: - kv   8:              llama.attention.head_count_kv u32              = 2
llama_model_loader: - kv   9:                 llama.rope.dimension_count u32              = 16
llama_model_loader: - kv  10:                         llama.expert_count u32              = 4
llama_model_loader: - kv  11:                    llama.expert_used_count u32              = 2
llama_model_loader: - kv  12:     llama.attention.layer_norm_rms_epsilon f32              = 0.000010
llama_model_loader: - type  f32:   17 tensors
llama_model_loader: - type  f16:    6 tensors
print_info: file format = GGUF V3 (latest)
print_info: file type   = (guessed) all F32
print_info: file size   = 0.13 MiB (18.85 BPW) 
llama_prepare_model_devices: using device CUDA0 (NVIDIA GeForce RTX 4060 Laptop GPU) (0000:01:00.0) - 7096 MiB free
load: adding 32 dummy tokens
print_info: arch                  = llama
print_info: vocab_only            = 0
print_info: no_alloc              = 0
print_info: n_ctx_train           = 128
print_info: n_embd_inp            = 32
print_info: n_embd                = 32
print_info: n_embd_out            = 32
print_info: n_layer               = 2
print_info: n_layer_all           = 2
print_info: n_head                = 2
print_info: n_head_kv             = 2
print_info: n_rot                 = 16
print_info: n_swa                 = 0
print_info: is_swa_any            = 0
print_info: n_embd_head_k         = 16
print_info: n_embd_head_v         = 16
print_info: n_gqa                 = 1
print_info: n_embd_k_gqa          = 32
print_info: n_embd_v_gqa          = 32
print_info: f_norm_eps            = 0.0e+00
print_info: f_norm_rms_eps        = 1.0e-05
print_info: f_clamp_kqv           = 0.0e+00
print_info: f_max_alibi_bias      = 0.0e+00
print_info: f_logit_scale         = 0.0e+00
print_info: f_attn_scale          = 0.0e+00
print_info: f_attn_value_scale    = 0.0000
print_info: n_ff                  = 64
print_info: n_expert              = 4
print_info: n_expert_used         = 2
print_info: n_expert_groups       = 0
print_info: n_group_used          = 0
print_info: causal attn           = 1
print_info: pooling type          = -1
print_info: rope type             = 0
print_info: rope scaling          = linear
print_info: freq_base_train       = 10000.0
print_info: freq_scale_train      = 1
print_info: n_ctx_orig_yarn       = 128
print_info: rope_yarn_log_mul     = 0.0000
print_info: rope_finetuned        = unknown
print_info: model type            = ?B
print_info: model params          = 59.81 K
print_info: general.name          = n/a
print_info: vocab type            = no vocab
print_info: n_vocab               = 32
print_info: n_merges              = 0
print_info: max token length      = 0
load_tensors: loading model tensors, this can take a while... (load_mode = none)
load_tensors: layer   0 assigned to device CPU, is_swa = 0
load_tensors: layer   1 assigned to device CPU, is_swa = 0
load_tensors: layer   2 assigned to device CPU, is_swa = 0
create_tensor: loading tensor token_embd.weight
create_tensor: loading tensor output_norm.weight
create_tensor: loading tensor output.weight
create_tensor: loading tensor blk.0.attn_norm.weight
create_tensor: loading tensor blk.0.attn_qkv.weight
create_tensor: loading tensor blk.0.attn_q.weight
create_tensor: loading tensor blk.0.attn_k.weight
create_tensor: loading tensor blk.0.attn_v.weight
create_tensor: loading tensor blk.0.attn_q.bias
create_tensor: loading tensor blk.0.attn_k.bias
create_tensor: loading tensor blk.0.attn_v.bias
create_tensor: loading tensor blk.0.attn_output.weight
create_tensor: loading tensor blk.0.attn_output.bias
create_tensor: loading tensor blk.0.ffn_norm.weight
create_tensor: loading tensor rope_freqs.weight
create_tensor: loading tensor blk.0.ffn_gate_inp.weight
create_tensor: loading tensor blk.0.ffn_gate_exps.weight
create_tensor: loading tensor blk.0.ffn_down_exps.weight
create_tensor: loading tensor blk.0.ffn_up_exps.weight
create_tensor: loading tensor blk.1.attn_norm.weight
create_tensor: loading tensor blk.1.attn_qkv.weight
create_tensor: loading tensor blk.1.attn_q.weight
create_tensor: loading tensor blk.1.attn_k.weight
create_tensor: loading tensor blk.1.attn_v.weight
create_tensor: loading tensor blk.1.attn_q.bias
create_tensor: loading tensor blk.1.attn_k.bias
create_tensor: loading tensor blk.1.attn_v.bias
create_tensor: loading tensor blk.1.attn_output.weight
create_tensor: loading tensor blk.1.attn_output.bias
create_tensor: loading tensor blk.1.ffn_norm.weight
create_tensor: loading tensor rope_freqs.weight
create_tensor: loading tensor blk.1.ffn_gate_inp.weight
create_tensor: loading tensor blk.1.ffn_gate_exps.weight
create_tensor: loading tensor blk.1.ffn_down_exps.weight
create_tensor: loading tensor blk.1.ffn_up_exps.weight
create_tensor: loading tensor blk.0.attn_q.scale
create_tensor: loading tensor blk.0.attn_k.scale
create_tensor: loading tensor blk.0.attn_v.scale
create_tensor: loading tensor blk.0.attn_output.scale
create_tensor: loading tensor blk.0.ffn_gate_exps.scale
create_tensor: loading tensor blk.0.ffn_down_exps.scale
create_tensor: loading tensor blk.0.ffn_up_exps.scale
create_tensor: loading tensor blk.0.attn_q.input_scale
create_tensor: loading tensor blk.0.attn_k.input_scale
create_tensor: loading tensor blk.0.attn_v.input_scale
create_tensor: loading tensor blk.0.attn_output.input_scale
create_tensor: loading tensor blk.0.ffn_gate_exps.input_scale
create_tensor: loading tensor blk.0.ffn_down_exps.input_scale
create_tensor: loading tensor blk.0.ffn_up_exps.input_scale
create_tensor: loading tensor blk.1.attn_q.scale
create_tensor: loading tensor blk.1.attn_k.scale
create_tensor: loading tensor blk.1.attn_v.scale
create_tensor: loading tensor blk.1.attn_output.scale
create_tensor: loading tensor blk.1.ffn_gate_exps.scale
create_tensor: loading tensor blk.1.ffn_down_exps.scale
create_tensor: loading tensor blk.1.ffn_up_exps.scale
create_tensor: loading tensor blk.1.attn_q.input_scale
create_tensor: loading tensor blk.1.attn_k.input_scale
create_tensor: loading tensor blk.1.attn_v.input_scale
create_tensor: loading tensor blk.1.attn_output.input_scale
create_tensor: loading tensor blk.1.ffn_gate_exps.input_scale
create_tensor: loading tensor blk.1.ffn_down_exps.input_scale
create_tensor: loading tensor blk.1.ffn_up_exps.input_scale
load_tensors: offloading 0 repeating layers to GPU
load_tensors: offloaded 0/3 layers to GPU
load_tensors:          CPU model buffer size =     0.13 MiB
load_all_data: no device found for buffer type CPU for async uploads
...................
load_tensors: experimental host-bank MoE enabled, tile weights <= 12544 bytes; this is not a total memory limit
llama_context: constructing llama_context
llama_context: n_seq_max             = 1
llama_context: n_ctx                 = 256
llama_context: n_ctx_seq             = 256
llama_context: n_batch               = 32
llama_context: n_ubatch              = 8
llama_context: causal_attn           = 1
llama_context: flash_attn            = disabled
llama_context: kv_unified            = false
llama_context: freq_base             = 10000.0
llama_context: freq_scale            = 1
llama_context: n_rs_seq              = 0
llama_context: n_outputs_max         = 32
llama_context: n_outputs_max_per_seq = 1
llama_context: n_ctx_seq (256) > n_ctx_train (128) -- possible training context overflow
set_abort_callback: call
llama_context:        CPU  output buffer size =     0.00 MiB
llama_kv_cache: layer   0: dev = CPU
llama_kv_cache: layer   1: dev = CPU
llama_kv_cache:        CPU KV buffer size =     0.06 MiB
llama_kv_cache: size =    0.06 MiB (   256 cells,   2 layers,  1/1 seqs), K (f16):    0.03 MiB, V (f16):    0.03 MiB
llama_kv_cache: attn_rot_k = 0, n_embd_head_k_all = 16
llama_kv_cache: attn_rot_v = 0, n_embd_head_k_all = 16
llama_context: enumerating backends
llama_context: backend_ptrs.size() = 2
sched_reserve: reserving ...
sched_reserve: max_nodes = 1024
sched_reserve: decode graph slots = 4 (n_tokens <= 4)
sched_reserve: reserving full memory module
sched_reserve: worst-case: n_tokens = 8, n_seqs = 1, n_outputs = 1
resolve_fused_ops: resolving fused Gated Delta Net support:
graph_reserve: reserving a graph for ubatch with n_tokens =    1, n_seqs =  1, n_outputs =    1
resolve_fused_ops: fused Gated Delta Net (autoregressive) enabled
graph_reserve: reserving a graph for ubatch with n_tokens =   16, n_seqs =  1, n_outputs =   16
resolve_fused_ops: fused Gated Delta Net (chunked) enabled
resolve_fused_ops: resolving fused Lightning Indexer support:
graph_reserve: reserving a graph for ubatch with n_tokens =    1, n_seqs =  1, n_outputs =    1
resolve_fused_ops: Lightning Indexer enabled
resolve_fused_ops: resolving fused DeepSeek V4 HC support:
graph_reserve: reserving a graph for ubatch with n_tokens =    1, n_seqs =  1, n_outputs =    1
resolve_fused_ops: fused DeepSeek V4 HC pre enabled
graph_reserve: reserving a graph for ubatch with n_tokens =    1, n_seqs =  1, n_outputs =    1
resolve_fused_ops: fused DeepSeek V4 HC comb enabled
graph_reserve: reserving a graph for ubatch with n_tokens =    1, n_seqs =  1, n_outputs =    1
resolve_fused_ops: fused DeepSeek V4 HC post enabled
graph_reserve: reserving a graph for ubatch with n_tokens =    8, n_seqs =  1, n_outputs =    8
graph_reserve: reserving a graph for ubatch with n_tokens =    1, n_seqs =  1, n_outputs =    1
graph_reserve: reserving a graph for ubatch with n_tokens =    8, n_seqs =  1, n_outputs =    8
sched_reserve:  CUDA_Host compute buffer size =     0.03 MiB
sched_reserve: graph nodes  = 110
sched_reserve: graph splits = 1
sched_reserve: reserve took 2.09 ms, sched copies = 1
llama_context: constructing llama_context
llama_context: MoE device=CUDA0 cache=100352 staging=1048576 compute-limit=67108864 bytes
llama_context: n_seq_max             = 1
llama_context: n_ctx                 = 256
llama_context: n_ctx_seq             = 256
llama_context: n_batch               = 32
llama_context: n_ubatch              = 8
llama_context: causal_attn           = 1
llama_context: flash_attn            = disabled
llama_context: kv_unified            = false
llama_context: freq_base             = 10000.0
llama_context: freq_scale            = 1
llama_context: n_rs_seq              = 0
llama_context: n_outputs_max         = 32
llama_context: n_outputs_max_per_seq = 1
llama_context: n_ctx_seq (256) > n_ctx_train (128) -- possible training context overflow
set_abort_callback: call
llama_context:        CPU  output buffer size =     0.00 MiB
llama_kv_cache: layer   0: dev = CPU
llama_kv_cache: layer   1: dev = CPU
llama_kv_cache:        CPU KV buffer size =     0.06 MiB
llama_kv_cache: size =    0.06 MiB (   256 cells,   2 layers,  1/1 seqs), K (f16):    0.03 MiB, V (f16):    0.03 MiB
llama_kv_cache: attn_rot_k = 0, n_embd_head_k_all = 16
llama_kv_cache: attn_rot_v = 0, n_embd_head_k_all = 16
llama_context: enumerating backends
llama_context: backend_ptrs.size() = 2
sched_reserve: reserving ...
sched_reserve: max_nodes = 1024
sched_reserve: decode graph slots = 4 (n_tokens <= 4)
sched_reserve: reserving full memory module
sched_reserve: worst-case: n_tokens = 8, n_seqs = 1, n_outputs = 1
resolve_fused_ops: resolving fused Gated Delta Net support:
graph_reserve: reserving a graph for ubatch with n_tokens =    1, n_seqs =  1, n_outputs =    1
resolve_fused_ops: fused Gated Delta Net (autoregressive) enabled
graph_reserve: reserving a graph for ubatch with n_tokens =   16, n_seqs =  1, n_outputs =   16
resolve_fused_ops: fused Gated Delta Net (chunked) enabled
resolve_fused_ops: resolving fused Lightning Indexer support:
graph_reserve: reserving a graph for ubatch with n_tokens =    1, n_seqs =  1, n_outputs =    1
resolve_fused_ops: Lightning Indexer enabled
resolve_fused_ops: resolving fused DeepSeek V4 HC support:
graph_reserve: reserving a graph for ubatch with n_tokens =    1, n_seqs =  1, n_outputs =    1
resolve_fused_ops: fused DeepSeek V4 HC pre enabled
graph_reserve: reserving a graph for ubatch with n_tokens =    1, n_seqs =  1, n_outputs =    1
resolve_fused_ops: fused DeepSeek V4 HC comb enabled
graph_reserve: reserving a graph for ubatch with n_tokens =    1, n_seqs =  1, n_outputs =    1
resolve_fused_ops: fused DeepSeek V4 HC post enabled
graph_reserve: reserving a graph for ubatch with n_tokens =    8, n_seqs =  1, n_outputs =    8
graph_reserve: reserving a graph for ubatch with n_tokens =    1, n_seqs =  1, n_outputs =    1
graph_reserve: reserving a graph for ubatch with n_tokens =    8, n_seqs =  1, n_outputs =    8
sched_reserve:  CUDA_Host compute buffer size =     0.03 MiB
sched_reserve: graph nodes  = 100
sched_reserve: graph splits = 1
sched_reserve: reserve took 2.09 ms, sched copies = 1
graph_reserve: reserving a graph for ubatch with n_tokens =    4, n_seqs =  1, n_outputs =    4
BOUNDARY layer=0 type=f16 tokens=4 max=0.000759259 rmse=0.00033758 ref_rms=0.122941
BOUNDARY layer=1 type=f16 tokens=4 max=0.000387357 rmse=0.000151198 ref_rms=0.0535626
BOUNDARY layer=0 type=f16 tokens=1 max=0.000246838 rmse=0.00013845 ref_rms=0.136696
BOUNDARY layer=1 type=f16 tokens=1 max=0.000232685 rmse=0.000134009 ref_rms=0.0327669
BOUNDARY layer=0 type=f16 tokens=1 max=0.000449762 rmse=0.000292398 ref_rms=0.0518092
BOUNDARY layer=1 type=f16 tokens=1 max=0.000266925 rmse=0.000171573 ref_rms=0.094759
BOUNDARY layer=0 type=f16 tokens=1 max=0.000897735 rmse=0.000468634 ref_rms=0.161499
BOUNDARY layer=1 type=f16 tokens=1 max=0.000112764 rmse=7.31482e-05 ref_rms=0.0187097
BOUNDARY layer=0 type=f16 tokens=8 max=0.00094372 rmse=0.000345333 ref_rms=0.179523
BOUNDARY layer=1 type=f16 tokens=8 max=0.000416417 rmse=0.000175538 ref_rms=0.0448242
BOUNDARY layer=0 type=f16 tokens=1 max=0.000602074 rmse=0.000341166 ref_rms=0.106106
BOUNDARY layer=1 type=f16 tokens=1 max=0.000142787 rmse=7.52131e-05 ref_rms=0.0407255
BOUNDARY layer=0 type=f16 tokens=2 max=0.000440866 rmse=0.000225882 ref_rms=0.237269
BOUNDARY layer=1 type=f16 tokens=2 max=0.000320286 rmse=0.000158334 ref_rms=0.0405805
BOUNDARY layer=0 type=f16 tokens=1 max=0.000448264 rmse=0.000297872 ref_rms=0.102369
BOUNDARY layer=1 type=f16 tokens=1 max=0.000217514 rmse=0.00011416 ref_rms=0.0200046
BOUNDARY layer=0 type=f16 tokens=1 max=0.000708215 rmse=0.000459964 ref_rms=0.0954669
BOUNDARY layer=1 type=f16 tokens=1 max=0.000368334 rmse=0.00024747 ref_rms=0.0535593
BOUNDARY layer=0 type=f16 tokens=1 max=0.000381574 rmse=0.000232894 ref_rms=0.233786
BOUNDARY layer=1 type=f16 tokens=1 max=0.000201001 rmse=0.000114436 ref_rms=0.0476732
BOUNDARY layer=0 type=f16 tokens=1 max=0.000947958 rmse=0.00059727 ref_rms=0.0491594
BOUNDARY layer=1 type=f16 tokens=1 max=0.000666291 rmse=0.000402133 ref_rms=0.116337
BOUNDARY layer=0 type=f16 tokens=1 max=0.000101991 rmse=5.71829e-05 ref_rms=0.0510941
BOUNDARY layer=1 type=f16 tokens=1 max=0.000365484 rmse=0.000227545 ref_rms=0.0368451
BOUNDARY layer=0 type=f16 tokens=1 max=0.000518039 rmse=0.000277016 ref_rms=0.134942
BOUNDARY layer=1 type=f16 tokens=1 max=7.49342e-05 rmse=5.13764e-05 ref_rms=0.0338545
BOUNDARY layer=0 type=f16 tokens=1 max=0.00022126 rmse=0.000116757 ref_rms=0.155703
BOUNDARY layer=1 type=f16 tokens=1 max=0.000355296 rmse=0.000217227 ref_rms=0.0199349
BOUNDARY layer=0 type=f16 tokens=1 max=0.0013208 rmse=0.000762261 ref_rms=0.0445894
BOUNDARY layer=1 type=f16 tokens=1 max=0.000634033 rmse=0.000416262 ref_rms=0.0419989
logit/value mismatch index=11 reference=0.00239375862 actual=-0.00117699942 limit=0.00311968802
~llama_context:      CUDA0 compute buffer size is   0.0000 MiB, matches expectation of   0.0000 MiB
~llama_context:  CUDA_Host compute buffer size is   0.0304 MiB, matches expectation of   0.0304 MiB
~llama_context:      CUDA0 compute buffer size is   0.0000 MiB, matches expectation of   0.0000 MiB
~llama_context:  CUDA_Host compute buffer size is   0.0304 MiB, matches expectation of   0.0304 MiB
model output differs from baseline
